[0.004s][info][gc] Using G1
[0.040s][debug][gc,age] GC(0) Desired survivor size 524288 bytes, new threshold 15 (max threshold 15)
[0.041s][trace][gc,age] GC(0) Age table with threshold 15 (max threshold 15)
[0.041s][trace][gc,age] GC(0) - age   1:    1007032 bytes,    1007032 total
[0.041s][info ][gc    ] GC(0) Pause Young (Normal) (G1 Evacuation Pause) 4M->2M(66M) 1.384ms
[0.044s][debug][gc,age] GC(1) Desired survivor size 524288 bytes, new threshold 1 (max threshold 15)
[0.045s][trace][gc,age] GC(1) Age table with threshold 1 (max threshold 15)
[0.045s][trace][gc,age] GC(1) - age   1:     614896 bytes,     614896 total
[0.045s][info ][gc    ] GC(1) Pause Young (Normal) (G1 Evacuation Pause) 3M->2M(66M) 1.130ms
[0.055s][debug][gc,age] GC(2) Desired survivor size 524288 bytes, new threshold 1 (max threshold 15)
[0.057s][trace][gc,age] GC(2) Age table with threshold 1 (max threshold 15)
[0.057s][trace][gc,age] GC(2) - age   1:    1025760 bytes,    1025760 total
[0.057s][info ][gc    ] GC(2) Pause Young (Normal) (G1 Evacuation Pause) 7M->3M(66M) 1.438ms
[0.058s][debug][gc,age] GC(3) Desired survivor size 524288 bytes, new threshold 1 (max threshold 15)
[0.060s][trace][gc,age] GC(3) Age table with threshold 1 (max threshold 15)
[0.060s][trace][gc,age] GC(3) - age   1:    1024912 bytes,    1024912 total
[0.060s][info ][gc    ] GC(3) Pause Young (Normal) (G1 Evacuation Pause) 9M->5M(66M) 1.958ms
[0.063s][debug][gc,age] GC(4) Desired survivor size 1048576 bytes, new threshold 15 (max threshold 15)
[0.066s][trace][gc,age] GC(4) Age table with threshold 15 (max threshold 15)
[0.066s][trace][gc,age] GC(4) - age   1:    1537568 bytes,    1537568 total
[0.066s][trace][gc,age] GC(4) - age   2:     512800 bytes,    2050368 total
[0.066s][info ][gc    ] GC(4) Pause Young (Normal) (G1 Evacuation Pause) 15M->8M(66M) 2.422ms
[0.068s][debug][gc,age] GC(5) Desired survivor size 1048576 bytes, new threshold 1 (max threshold 15)
[0.072s][trace][gc,age] GC(5) Age table with threshold 1 (max threshold 15)
[0.072s][trace][gc,age] GC(5) - age   1:    2050352 bytes,    2050352 total
[0.072s][info ][gc    ] GC(5) Pause Young (Normal) (G1 Evacuation Pause) 20M->12M(142M) 3.768ms
[0.084s][debug][gc,age] GC(6) Desired survivor size 1572864 bytes, new threshold 1 (max threshold 15)
[0.090s][trace][gc,age] GC(6) Age table with threshold 1 (max threshold 15)
[0.090s][trace][gc,age] GC(6) - age   1:    3074016 bytes,    3074016 total
[0.090s][info ][gc    ] GC(6) Pause Young (Normal) (G1 Evacuation Pause) 32M->17M(142M) 6.523ms
[0.112s][debug][gc,age] GC(7) Desired survivor size 2621440 bytes, new threshold 1 (max threshold 15)
[0.122s][trace][gc,age] GC(7) Age table with threshold 1 (max threshold 15)
[0.122s][trace][gc,age] GC(7) - age   1:    5124912 bytes,    5124912 total
[0.122s][info ][gc    ] GC(7) Pause Young (Normal) (G1 Evacuation Pause) 50M->26M(142M) 9.923ms
[0.133s][debug][gc,age] GC(8) Desired survivor size 2621440 bytes, new threshold 1 (max threshold 15)
[0.142s][trace][gc,age] GC(8) Age table with threshold 1 (max threshold 15)
[0.142s][trace][gc,age] GC(8) - age   1:    5121808 bytes,    5121808 total
[0.142s][info ][gc    ] GC(8) Pause Young (Normal) (G1 Evacuation Pause) 56M->33M(142M) 8.331ms
[0.164s][debug][gc,age] GC(9) Desired survivor size 3145728 bytes, new threshold 1 (max threshold 15)
[0.175s][trace][gc,age] GC(9) Age table with threshold 1 (max threshold 15)
[0.175s][trace][gc,age] GC(9) - age   1:    6146168 bytes,    6146168 total
[0.175s][info ][gc    ] GC(9) Pause Young (Normal) (G1 Evacuation Pause) 75M->41M(188M) 11.943ms
[0.218s][debug][gc,age] GC(10) Desired survivor size 4194304 bytes, new threshold 1 (max threshold 15)
[0.233s][trace][gc,age] GC(10) Age table with threshold 1 (max threshold 15)
[0.233s][trace][gc,age] GC(10) - age   1:    8195168 bytes,    8195168 total
[0.233s][info ][gc    ] GC(10) Pause Young (Normal) (G1 Evacuation Pause) 99M->61M(188M) 15.059ms
[0.244s][debug][gc,age] GC(11) Desired survivor size 4718592 bytes, new threshold 1 (max threshold 15)
[0.255s][trace][gc,age] GC(11) Age table with threshold 1 (max threshold 15)
[0.255s][trace][gc,age] GC(11) - age   1:    9217440 bytes,    9217440 total
[0.255s][info ][gc    ] GC(11) Pause Young (Normal) (G1 Evacuation Pause) 125M->80M(188M) 11.494ms
[0.271s][debug][gc,age] GC(12) Desired survivor size 4194304 bytes, new threshold 1 (max threshold 15)
[0.286s][trace][gc,age] GC(12) Age table with threshold 1 (max threshold 15)
[0.286s][trace][gc,age] GC(12) - age   1:    8193936 bytes,    8193936 total
[0.286s][info ][gc    ] GC(12) Pause Young (Normal) (G1 Evacuation Pause) 132M->95M(188M) 14.868ms
[0.296s][debug][gc,age] GC(13) Desired survivor size 3670016 bytes, new threshold 1 (max threshold 15)
[0.301s][trace][gc,age] GC(13) Age table with threshold 1 (max threshold 15)
[0.301s][trace][gc,age] GC(13) - age   1:    7169120 bytes,    7169120 total
[0.301s][info ][gc    ] GC(13) Pause Young (Concurrent Start) (G1 Evacuation Pause) 138M->103M(216M) 4.922ms
[0.301s][info ][gc    ] GC(14) Concurrent Mark Cycle
[0.307s][info ][gc    ] GC(14) Pause Remark 104M->63M(214M) 0.253ms
[0.319s][info ][gc    ] GC(14) Pause Cleanup 69M->69M(214M) 0.080ms
[0.322s][info ][gc    ] GC(14) Concurrent Mark Cycle 21.160ms
[0.345s][debug][gc,age] GC(15) Desired survivor size 4718592 bytes, new threshold 1 (max threshold 15)
[0.350s][trace][gc,age] GC(15) Age table with threshold 1 (max threshold 15)
[0.350s][trace][gc,age] GC(15) - age   1:    9217440 bytes,    9217440 total
[0.350s][info ][gc    ] GC(15) Pause Young (Prepare Mixed) (G1 Evacuation Pause) 120M->81M(214M) 5.542ms
[0.365s][debug][gc,age] GC(16) Desired survivor size 5242880 bytes, new threshold 1 (max threshold 15)
[0.372s][trace][gc,age] GC(16) Age table with threshold 1 (max threshold 15)
[0.372s][trace][gc,age] GC(16) - age   1:   10241600 bytes,   10241600 total
[0.372s][info ][gc    ] GC(16) Pause Young (Mixed) (G1 Evacuation Pause) 148M->79M(214M) 6.742ms
[0.386s][debug][gc,age] GC(17) Desired survivor size 5242880 bytes, new threshold 1 (max threshold 15)
[0.392s][trace][gc,age] GC(17) Age table with threshold 1 (max threshold 15)
[0.392s][trace][gc,age] GC(17) - age   1:   10241616 bytes,   10241616 total
[0.392s][info ][gc    ] GC(17) Pause Young (Mixed) (G1 Evacuation Pause) 147M->93M(214M) 6.033ms
[0.404s][debug][gc,age] GC(18) Desired survivor size 4718592 bytes, new threshold 1 (max threshold 15)
[0.410s][trace][gc,age] GC(18) Age table with threshold 1 (max threshold 15)
[0.410s][trace][gc,age] GC(18) - age   1:    9217456 bytes,    9217456 total
[0.410s][info ][gc    ] GC(18) Pause Young (Normal) (G1 Evacuation Pause) 151M->111M(214M) 5.920ms
[0.421s][debug][gc,age] GC(19) Desired survivor size 3670016 bytes, new threshold 1 (max threshold 15)
[0.427s][trace][gc,age] GC(19) Age table with threshold 1 (max threshold 15)
[0.427s][trace][gc,age] GC(19) - age   1:    7169136 bytes,    7169136 total
[0.427s][info ][gc    ] GC(19) Pause Young (Concurrent Start) (G1 Evacuation Pause) 157M->127M(228M) 5.864ms
[0.427s][info ][gc    ] GC(20) Concurrent Mark Cycle
[0.436s][info ][gc    ] GC(20) Pause Remark 131M->58M(184M) 0.256ms
[0.436s][info ][gc    ] GC(20) Pause Cleanup 58M->58M(184M) 0.097ms
[0.439s][info ][gc    ] GC(20) Concurrent Mark Cycle 11.887ms
[0.449s][debug][gc,age] GC(21) Desired survivor size 3670016 bytes, new threshold 1 (max threshold 15)
[0.457s][trace][gc,age] GC(21) Age table with threshold 1 (max threshold 15)
[0.457s][trace][gc,age] GC(21) - age   1:    7169136 bytes,    7169136 total
[0.457s][info ][gc    ] GC(21) Pause Young (Prepare Mixed) (G1 Evacuation Pause) 98M->72M(184M) 7.970ms
[0.468s][debug][gc,age] GC(22) Desired survivor size 4194304 bytes, new threshold 1 (max threshold 15)
[0.474s][trace][gc,age] GC(22) Age table with threshold 1 (max threshold 15)
[0.474s][trace][gc,age] GC(22) - age   1:    8193296 bytes,    8193296 total
[0.474s][info ][gc    ] GC(22) Pause Young (Mixed) (G1 Evacuation Pause) 122M->75M(184M) 5.674ms
[0.491s][debug][gc,age] GC(23) Desired survivor size 4194304 bytes, new threshold 1 (max threshold 15)
[0.496s][trace][gc,age] GC(23) Age table with threshold 1 (max threshold 15)
[0.496s][trace][gc,age] GC(23) - age   1:    8193296 bytes,    8193296 total
[0.496s][info ][gc    ] GC(23) Pause Young (Normal) (G1 Evacuation Pause) 124M->93M(184M) 5.126ms
[0.505s][debug][gc,age] GC(24) Desired survivor size 3145728 bytes, new threshold 1 (max threshold 15)
[0.509s][trace][gc,age] GC(24) Age table with threshold 1 (max threshold 15)
[0.509s][trace][gc,age] GC(24) - age   1:    6144976 bytes,    6144976 total
[0.509s][info ][gc    ] GC(24) Pause Young (Concurrent Start) (G1 Evacuation Pause) 130M->109M(184M) 4.962ms
[0.509s][info ][gc    ] GC(25) Concurrent Mark Cycle
[0.519s][info ][gc    ] GC(25) Pause Remark 116M->63M(184M) 0.205ms
[0.525s][debug][gc,age] GC(26) Desired survivor size 2621440 bytes, new threshold 1 (max threshold 15)
[0.529s][trace][gc,age] GC(26) Age table with threshold 1 (max threshold 15)
[0.529s][trace][gc,age] GC(26) - age   1:    5120800 bytes,    5120800 total
[0.529s][info ][gc    ] GC(26) Pause Young (Normal) (G1 Evacuation Pause) 85M->70M(184M) 3.826ms
[0.535s][info ][gc    ] GC(25) Pause Cleanup 98M->98M(184M) 0.074ms
[0.539s][info ][gc    ] GC(25) Concurrent Mark Cycle 29.461ms
[0.547s][debug][gc,age] GC(27) Desired survivor size 3670016 bytes, new threshold 1 (max threshold 15)
[0.552s][trace][gc,age] GC(27) Age table with threshold 1 (max threshold 15)
[0.552s][trace][gc,age] GC(27) - age   1:    7169136 bytes,    7169136 total
[0.552s][info ][gc    ] GC(27) Pause Young (Prepare Mixed) (G1 Evacuation Pause) 121M->92M(184M) 5.662ms
[0.561s][debug][gc,age] GC(28) Desired survivor size 3145728 bytes, new threshold 1 (max threshold 15)
[0.565s][trace][gc,age] GC(28) Age table with threshold 1 (max threshold 15)
[0.565s][trace][gc,age] GC(28) - age   1:    6144960 bytes,    6144960 total
[0.565s][info ][gc    ] GC(28) Pause Young (Mixed) (G1 Evacuation Pause) 130M->90M(211M) 4.703ms
[0.584s][debug][gc,age] GC(29) Desired survivor size 4194304 bytes, new threshold 1 (max threshold 15)
[0.589s][trace][gc,age] GC(29) Age table with threshold 1 (max threshold 15)
[0.589s][trace][gc,age] GC(29) - age   1:    8193280 bytes,    8193280 total
[0.589s][info ][gc    ] GC(29) Pause Young (Normal) (G1 Evacuation Pause) 144M->110M(211M) 5.480ms
[0.601s][debug][gc,age] GC(30) Desired survivor size 3670016 bytes, new threshold 1 (max threshold 15)
[0.607s][trace][gc,age] GC(30) Age table with threshold 1 (max threshold 15)
[0.607s][trace][gc,age] GC(30) - age   1:    7169136 bytes,    7169136 total
[0.607s][info ][gc    ] GC(30) Pause Young (Normal) (G1 Evacuation Pause) 153M->128M(211M) 5.920ms
[0.615s][debug][gc,age] GC(31) Desired survivor size 2621440 bytes, new threshold 1 (max threshold 15)
[0.620s][trace][gc,age] GC(31) Age table with threshold 1 (max threshold 15)
[0.620s][trace][gc,age] GC(31) - age   1:    5120816 bytes,    5120816 total
[0.620s][info ][gc    ] GC(31) Pause Young (Normal) (G1 Evacuation Pause) 161M->144M(211M) 5.225ms
[0.627s][debug][gc,age] GC(32) Desired survivor size 2097152 bytes, new threshold 1 (max threshold 15)
[0.631s][trace][gc,age] GC(32) Age table with threshold 1 (max threshold 15)
[0.631s][trace][gc,age] GC(32) - age   1:    4096656 bytes,    4096656 total
[0.631s][info ][gc    ] GC(32) Pause Young (Normal) (G1 Evacuation Pause) 169M->157M(228M) 3.982ms
[0.649s][debug][gc,age] GC(33) Desired survivor size 2097152 bytes, new threshold 1 (max threshold 15)
[0.652s][trace][gc,age] GC(33) Age table with threshold 1 (max threshold 15)
[0.653s][trace][gc,age] GC(33) - age   1:    4096656 bytes,    4096656 total
[0.653s][info ][gc    ] GC(33) Pause Young (Normal) (G1 Evacuation Pause) 183M->173M(228M) 4.013ms
[0.657s][debug][gc,age] GC(34) Desired survivor size 1572864 bytes, new threshold 1 (max threshold 15)
[0.660s][trace][gc,age] GC(34) Age table with threshold 1 (max threshold 15)
[0.660s][trace][gc,age] GC(34) - age   1:    3072480 bytes,    3072480 total
[0.660s][info ][gc    ] GC(34) Pause Young (Normal) (G1 Evacuation Pause) 192M->186M(228M) 2.999ms
[0.669s][debug][gc,age] GC(35) Desired survivor size 1048576 bytes, new threshold 1 (max threshold 15)
[0.671s][trace][gc,age] GC(35) Age table with threshold 1 (max threshold 15)
[0.671s][trace][gc,age] GC(35) - age   1:    2048336 bytes,    2048336 total
[0.671s][info ][gc    ] GC(35) Pause Young (Normal) (G1 Evacuation Pause) 199M->196M(228M) 2.463ms
[0.676s][debug][gc,age] GC(36) Desired survivor size 1048576 bytes, new threshold 1 (max threshold 15)
[0.678s][trace][gc,age] GC(36) Age table with threshold 1 (max threshold 15)
[0.678s][trace][gc,age] GC(36) - age   1:    2048336 bytes,    2048336 total
[0.678s][info ][gc    ] GC(36) Pause Young (Normal) (G1 Evacuation Pause) 205M->203M(238M) 2.056ms
[0.684s][debug][gc,age] GC(37) Desired survivor size 1048576 bytes, new threshold 1 (max threshold 15)
[0.686s][trace][gc,age] GC(37) Age table with threshold 1 (max threshold 15)
[0.686s][trace][gc,age] GC(37) - age   1:    2048336 bytes,    2048336 total
[0.686s][info ][gc    ] GC(37) Pause Young (Normal) (G1 Evacuation Pause) 214M->212M(238M) 1.874ms
[0.692s][debug][gc,age] GC(38) Desired survivor size 1048576 bytes, new threshold 1 (max threshold 15)
[0.693s][trace][gc,age] GC(38) Age table with threshold 1 (max threshold 15)
[0.693s][trace][gc,age] GC(38) - age   1:    2048320 bytes,    2048320 total
[0.693s][info ][gc    ] GC(38) Pause Young (Concurrent Start) (G1 Evacuation Pause) 221M->220M(238M) 1.693ms
[0.693s][info ][gc    ] GC(39) Concurrent Mark Cycle
[0.703s][debug][gc,age] GC(40) Desired survivor size 1048576 bytes, new threshold 1 (max threshold 15)
[0.704s][trace][gc,age] GC(40) Age table with threshold 1 (max threshold 15)
[0.704s][trace][gc,age] GC(40) - age   1:    2048336 bytes,    2048336 total
[0.704s][info ][gc    ] GC(40) Pause Young (Normal) (G1 Evacuation Pause) 229M->227M(239M) 1.672ms
[0.706s][debug][gc,age] GC(41) Desired survivor size 1048576 bytes, new threshold 1 (max threshold 15)
[0.713s][trace][gc,age] GC(41) Age table with threshold 1 (max threshold 15)
[0.713s][trace][gc,age] GC(41) - age   1:    2048320 bytes,    2048320 total
[0.713s][info ][gc    ] GC(41) Pause Young (Normal) (G1 Evacuation Pause) 236M->233M(248M) 7.098ms
[0.719s][info ][gc    ] GC(39) Pause Remark 237M->94M(248M) 0.310ms
[0.720s][info ][gc    ] GC(39) Pause Cleanup 94M->94M(248M) 0.088ms
[0.722s][info ][gc    ] GC(39) Concurrent Mark Cycle 28.444ms
[0.722s][debug][gc,age] GC(42) Desired survivor size 1048576 bytes, new threshold 1 (max threshold 15)
[0.724s][trace][gc,age] GC(42) Age table with threshold 1 (max threshold 15)
[0.724s][trace][gc,age] GC(42) - age   1:    2048336 bytes,    2048336 total
[0.724s][info ][gc    ] GC(42) Pause Young (Prepare Mixed) (G1 Evacuation Pause) 100M->98M(248M) 1.975ms
[0.733s][debug][gc,age] GC(43) Desired survivor size 4194304 bytes, new threshold 15 (max threshold 15)
[0.739s][trace][gc,age] GC(43) Age table with threshold 15 (max threshold 15)
[0.739s][trace][gc,age] GC(43) - age   1:    7886032 bytes,    7886032 total
[0.739s][trace][gc,age] GC(43) - age   2:     307248 bytes,    8193280 total
[0.739s][info ][gc    ] GC(43) Pause Young (Mixed) (G1 Evacuation Pause) 155M->97M(248M) 6.176ms
[0.752s][debug][gc,age] GC(44) Desired survivor size 4718592 bytes, new threshold 1 (max threshold 15)
[0.758s][trace][gc,age] GC(44) Age table with threshold 1 (max threshold 15)
[0.758s][trace][gc,age] GC(44) - age   1:    9217456 bytes,    9217456 total
[0.758s][info ][gc    ] GC(44) Pause Young (Mixed) (G1 Evacuation Pause) 157M->102M(248M) 6.365ms
[0.774s][debug][gc,age] GC(45) Desired survivor size 4718592 bytes, new threshold 1 (max threshold 15)
[0.780s][trace][gc,age] GC(45) Age table with threshold 1 (max threshold 15)
[0.780s][trace][gc,age] GC(45) - age   1:    9217440 bytes,    9217440 total
[0.780s][info ][gc    ] GC(45) Pause Young (Normal) (G1 Evacuation Pause) 162M->121M(248M) 6.431ms
[0.789s][debug][gc,age] GC(46) Desired survivor size 4194304 bytes, new threshold 1 (max threshold 15)
[0.795s][trace][gc,age] GC(46) Age table with threshold 1 (max threshold 15)
[0.795s][trace][gc,age] GC(46) - age   1:    8193280 bytes,    8193280 total
[0.795s][info ][gc    ] GC(46) Pause Young (Normal) (G1 Evacuation Pause) 174M->138M(252M) 5.590ms
[0.806s][debug][gc,age] GC(47) Desired survivor size 3670016 bytes, new threshold 1 (max threshold 15)
[0.811s][trace][gc,age] GC(47) Age table with threshold 1 (max threshold 15)
[0.811s][trace][gc,age] GC(47) - age   1:    7169120 bytes,    7169120 total
[0.812s][info ][gc    ] GC(47) Pause Young (Normal) (G1 Evacuation Pause) 186M->156M(252M) 5.495ms
[0.820s][debug][gc,age] GC(48) Desired survivor size 3145728 bytes, new threshold 1 (max threshold 15)
[0.825s][trace][gc,age] GC(48) Age table with threshold 1 (max threshold 15)
[0.825s][trace][gc,age] GC(48) - age   1:    6144960 bytes,    6144960 total
[0.825s][info ][gc    ] GC(48) Pause Young (Normal) (G1 Evacuation Pause) 195M->172M(252M) 4.912ms
[0.837s][debug][gc,age] GC(49) Desired survivor size 2621440 bytes, new threshold 1 (max threshold 15)
[0.841s][trace][gc,age] GC(49) Age table with threshold 1 (max threshold 15)
[0.841s][trace][gc,age] GC(49) - age   1:    5120800 bytes,    5120800 total
[0.841s][info ][gc    ] GC(49) Pause Young (Normal) (G1 Evacuation Pause) 203M->188M(252M) 4.429ms
[0.845s][debug][gc,age] GC(50) Desired survivor size 2097152 bytes, new threshold 1 (max threshold 15)
[0.849s][trace][gc,age] GC(50) Age table with threshold 1 (max threshold 15)
[0.849s][trace][gc,age] GC(50) - age   1:    4096640 bytes,    4096640 total
[0.849s][info ][gc    ] GC(50) Pause Young (Concurrent Start) (G1 Evacuation Pause) 211M->201M(254M) 4.103ms
[0.849s][info ][gc    ] GC(51) Concurrent Mark Cycle
[0.860s][info ][gc    ] GC(51) Pause Remark 203M->61M(200M) 0.577ms
[0.861s][info ][gc    ] GC(51) Pause Cleanup 61M->61M(200M) 0.079ms
[0.863s][info ][gc    ] GC(51) Concurrent Mark Cycle 14.243ms
[0.864s][debug][gc,age] GC(52) Desired survivor size 1572864 bytes, new threshold 1 (max threshold 15)
[0.868s][trace][gc,age] GC(52) Age table with threshold 1 (max threshold 15)
[0.868s][trace][gc,age] GC(52) - age   1:    3072480 bytes,    3072480 total
[0.868s][info ][gc    ] GC(52) Pause Young (Prepare Mixed) (G1 Evacuation Pause) 77M->72M(200M) 3.619ms
[0.882s][debug][gc,age] GC(53) Desired survivor size 4194304 bytes, new threshold 15 (max threshold 15)
[0.888s][trace][gc,age] GC(53) Age table with threshold 15 (max threshold 15)
[0.888s][trace][gc,age] GC(53) - age   1:    8090880 bytes,    8090880 total
[0.888s][trace][gc,age] GC(53) - age   2:     102416 bytes,    8193296 total
[0.888s][info ][gc    ] GC(53) Pause Young (Mixed) (G1 Evacuation Pause) 126M->74M(200M) 5.840ms
[0.899s][debug][gc,age] GC(54) Desired survivor size 4194304 bytes, new threshold 1 (max threshold 15)
[0.904s][trace][gc,age] GC(54) Age table with threshold 1 (max threshold 15)
[0.904s][trace][gc,age] GC(54) - age   1:    8193296 bytes,    8193296 total
[0.904s][info ][gc    ] GC(54) Pause Young (Mixed) (G1 Evacuation Pause) 129M->91M(200M) 5.748ms
[0.915s][debug][gc,age] GC(55) Desired survivor size 3670016 bytes, new threshold 1 (max threshold 15)
[0.924s][trace][gc,age] GC(55) Age table with threshold 1 (max threshold 15)
[0.924s][trace][gc,age] GC(55) - age   1:    7169136 bytes,    7169136 total
[0.924s][info ][gc    ] GC(55) Pause Young (Normal) (G1 Evacuation Pause) 138M->109M(200M) 8.789ms
[0.933s][debug][gc,age] GC(56) Desired survivor size 3145728 bytes, new threshold 1 (max threshold 15)
[0.938s][trace][gc,age] GC(56) Age table with threshold 1 (max threshold 15)
[0.938s][trace][gc,age] GC(56) - age   1:    6144976 bytes,    6144976 total
[0.938s][info ][gc    ] GC(56) Pause Young (Normal) (G1 Evacuation Pause) 147M->125M(223M) 5.195ms
[0.948s][debug][gc,age] GC(57) Desired survivor size 3145728 bytes, new threshold 1 (max threshold 15)
[0.953s][trace][gc,age] GC(57) Age table with threshold 1 (max threshold 15)
[0.953s][trace][gc,age] GC(57) - age   1:    6144976 bytes,    6144976 total
[0.953s][info ][gc    ] GC(57) Pause Young (Normal) (G1 Evacuation Pause) 166M->143M(223M) 5.027ms
[0.964s][debug][gc,age] GC(58) Desired survivor size 2621440 bytes, new threshold 1 (max threshold 15)
[0.968s][trace][gc,age] GC(58) Age table with threshold 1 (max threshold 15)
[0.968s][trace][gc,age] GC(58) - age   1:    5120800 bytes,    5120800 total
[0.968s][info ][gc    ] GC(58) Pause Young (Normal) (G1 Evacuation Pause) 175M->158M(223M) 4.405ms
[0.973s][debug][gc,age] GC(59) Desired survivor size 2097152 bytes, new threshold 1 (max threshold 15)
[0.976s][trace][gc,age] GC(59) Age table with threshold 1 (max threshold 15)
[0.976s][trace][gc,age] GC(59) - age   1:    4096640 bytes,    4096640 total
[0.976s][info ][gc    ] GC(59) Pause Young (Normal) (G1 Evacuation Pause) 182M->172M(223M) 3.807ms
[0.983s][debug][gc,age] GC(60) Desired survivor size 1572864 bytes, new threshold 1 (max threshold 15)
[0.986s][trace][gc,age] GC(60) Age table with threshold 1 (max threshold 15)
[0.986s][trace][gc,age] GC(60) - age   1:    3072480 bytes,    3072480 total
[0.986s][info ][gc    ] GC(60) Pause Young (Normal) (G1 Evacuation Pause) 189M->184M(237M) 3.413ms
[0.999s][debug][gc,age] GC(61) Desired survivor size 1572864 bytes, new threshold 1 (max threshold 15)
[1.002s][trace][gc,age] GC(61) Age table with threshold 1 (max threshold 15)
[1.002s][trace][gc,age] GC(61) - age   1:    3072496 bytes,    3072496 total
[1.002s][info ][gc    ] GC(61) Pause Young (Normal) (G1 Evacuation Pause) 202M->195M(237M) 3.107ms
[1.010s][debug][gc,age] GC(62) Desired survivor size 1048576 bytes, new threshold 1 (max threshold 15)
[1.012s][trace][gc,age] GC(62) Age table with threshold 1 (max threshold 15)
[1.012s][trace][gc,age] GC(62) - age   1:    2048336 bytes,    2048336 total
[1.012s][info ][gc    ] GC(62) Pause Young (Normal) (G1 Evacuation Pause) 208M->205M(237M) 2.478ms
[1.019s][debug][gc,age] GC(63) Desired survivor size 1048576 bytes, new threshold 1 (max threshold 15)
[1.020s][trace][gc,age] GC(63) Age table with threshold 1 (max threshold 15)
[1.020s][trace][gc,age] GC(63) - age   1:    2048320 bytes,    2048320 total
[1.020s][info ][gc    ] GC(63) Pause Young (Concurrent Start) (G1 Evacuation Pause) 214M->212M(237M) 1.842ms
[1.021s][info ][gc    ] GC(64) Concurrent Mark Cycle
[1.026s][info ][gc    ] GC(64) Pause Remark 221M->83M(237M) 0.218ms
[1.027s][debug][gc,age] GC(65) Desired survivor size 1048576 bytes, new threshold 1 (max threshold 15)
[1.029s][trace][gc,age] GC(65) Age table with threshold 1 (max threshold 15)
[1.029s][trace][gc,age] GC(65) - age   1:    2048336 bytes,    2048336 total
[1.029s][info ][gc    ] GC(65) Pause Young (Normal) (G1 Evacuation Pause) 83M->82M(237M) 2.279ms
[1.039s][info ][gc    ] GC(64) Pause Cleanup 112M->112M(237M) 0.062ms
[1.039s][info ][gc    ] GC(64) Concurrent Mark Cycle 18.879ms
[1.045s][debug][gc,age] GC(66) Desired survivor size 4718592 bytes, new threshold 15 (max threshold 15)
[1.051s][trace][gc,age] GC(66) Age table with threshold 15 (max threshold 15)
[1.051s][trace][gc,age] GC(66) - age   1:    9217456 bytes,    9217456 total
[1.051s][info ][gc    ] GC(66) Pause Young (Prepare Mixed) (G1 Evacuation Pause) 145M->107M(237M) 6.132ms
[1.061s][debug][gc,age] GC(67) Desired survivor size 4194304 bytes, new threshold 1 (max threshold 15)
[1.066s][trace][gc,age] GC(67) Age table with threshold 1 (max threshold 15)
[1.066s][trace][gc,age] GC(67) - age   1:    8193280 bytes,    8193280 total
[1.066s][info ][gc    ] GC(67) Pause Young (Mixed) (G1 Evacuation Pause) 160M->101M(244M) 5.604ms
[1.084s][debug][gc,age] GC(68) Desired survivor size 4718592 bytes, new threshold 1 (max threshold 15)
[1.090s][trace][gc,age] GC(68) Age table with threshold 1 (max threshold 15)
[1.090s][trace][gc,age] GC(68) - age   1:    9217456 bytes,    9217456 total
[1.090s][info ][gc    ] GC(68) Pause Young (Mixed) (G1 Evacuation Pause) 162M->106M(244M) 6.051ms
[1.100s][debug][gc,age] GC(69) Desired survivor size 4718592 bytes, new threshold 1 (max threshold 15)
[1.106s][trace][gc,age] GC(69) Age table with threshold 1 (max threshold 15)
[1.106s][trace][gc,age] GC(69) - age   1:    9217456 bytes,    9217456 total
[1.106s][info ][gc    ] GC(69) Pause Young (Normal) (G1 Evacuation Pause) 166M->124M(244M) 5.889ms
[1.118s][debug][gc,age] GC(70) Desired survivor size 4194304 bytes, new threshold 1 (max threshold 15)
[1.124s][trace][gc,age] GC(70) Age table with threshold 1 (max threshold 15)
[1.124s][trace][gc,age] GC(70) - age   1:    8193280 bytes,    8193280 total
[1.124s][info ][gc    ] GC(70) Pause Young (Normal) (G1 Evacuation Pause) 176M->142M(244M) 5.833ms
[1.131s][debug][gc,age] GC(71) Desired survivor size 3670016 bytes, new threshold 1 (max threshold 15)
[1.136s][trace][gc,age] GC(71) Age table with threshold 1 (max threshold 15)
[1.136s][trace][gc,age] GC(71) - age   1:    7169120 bytes,    7169120 total
[1.136s][info ][gc    ] GC(71) Pause Young (Normal) (G1 Evacuation Pause) 185M->159M(249M) 5.206ms
[1.145s][debug][gc,age] GC(72) Desired survivor size 3145728 bytes, new threshold 1 (max threshold 15)
[1.149s][trace][gc,age] GC(72) Age table with threshold 1 (max threshold 15)
[1.149s][trace][gc,age] GC(72) - age   1:    6144976 bytes,    6144976 total
[1.149s][info ][gc    ] GC(72) Pause Young (Normal) (G1 Evacuation Pause) 195M->175M(249M) 4.367ms
[1.160s][debug][gc,age] GC(73) Desired survivor size 2621440 bytes, new threshold 1 (max threshold 15)
[1.165s][trace][gc,age] GC(73) Age table with threshold 1 (max threshold 15)
[1.165s][trace][gc,age] GC(73) - age   1:    5120816 bytes,    5120816 total
[1.165s][info ][gc    ] GC(73) Pause Young (Normal) (G1 Evacuation Pause) 203M->190M(249M) 4.498ms
[1.168s][debug][gc,age] GC(74) Desired survivor size 2097152 bytes, new threshold 1 (max threshold 15)
[1.172s][trace][gc,age] GC(74) Age table with threshold 1 (max threshold 15)
[1.172s][trace][gc,age] GC(74) - age   1:    4096656 bytes,    4096656 total
[1.172s][info ][gc    ] GC(74) Pause Young (Concurrent Start) (G1 Evacuation Pause) 211M->202M(249M) 3.561ms
[1.172s][info ][gc    ] GC(75) Concurrent Mark Cycle
[1.179s][info ][gc    ] GC(75) Pause Remark 207M->73M(230M) 0.354ms
[1.182s][debug][gc,age] GC(76) Desired survivor size 1572864 bytes, new threshold 1 (max threshold 15)
[1.185s][trace][gc,age] GC(76) Age table with threshold 1 (max threshold 15)
[1.185s][trace][gc,age] GC(76) - age   1:    3072496 bytes,    3072496 total
[1.185s][info ][gc    ] GC(76) Pause Young (Normal) (G1 Evacuation Pause) 84M->78M(230M) 3.045ms
[1.192s][info ][gc    ] GC(75) Pause Cleanup 108M->108M(230M) 0.088ms
[1.195s][info ][gc    ] GC(75) Concurrent Mark Cycle 23.377ms
[1.201s][debug][gc,age] GC(77) Desired survivor size 5242880 bytes, new threshold 15 (max threshold 15)
[1.207s][trace][gc,age] GC(77) Age table with threshold 15 (max threshold 15)
[1.207s][trace][gc,age] GC(77) - age   1:    9627120 bytes,    9627120 total
[1.207s][trace][gc,age] GC(77) - age   2:     614496 bytes,   10241616 total
[1.207s][info ][gc    ] GC(77) Pause Young (Prepare Mixed) (G1 Evacuation Pause) 148M->103M(230M) 6.125ms
[1.219s][debug][gc,age] GC(78) Desired survivor size 4718592 bytes, new threshold 1 (max threshold 15)
[1.226s][trace][gc,age] GC(78) Age table with threshold 1 (max threshold 15)
[1.226s][trace][gc,age] GC(78) - age   1:    9217456 bytes,    9217456 total
[1.226s][info ][gc    ] GC(78) Pause Young (Mixed) (G1 Evacuation Pause) 161M->98M(241M) 6.750ms
[1.242s][debug][gc,age] GC(79) Desired survivor size 5242880 bytes, new threshold 1 (max threshold 15)
[1.248s][trace][gc,age] GC(79) Age table with threshold 1 (max threshold 15)
[1.248s][trace][gc,age] GC(79) - age   1:   10241616 bytes,   10241616 total
[1.248s][info ][gc    ] GC(79) Pause Young (Mixed) (G1 Evacuation Pause) 166M->109M(241M) 5.874ms
[1.258s][debug][gc,age] GC(80) Desired survivor size 4718592 bytes, new threshold 1 (max threshold 15)
[1.264s][trace][gc,age] GC(80) Age table with threshold 1 (max threshold 15)
[1.264s][trace][gc,age] GC(80) - age   1:    9217456 bytes,    9217456 total
[1.264s][info ][gc    ] GC(80) Pause Young (Normal) (G1 Evacuation Pause) 171M->127M(241M) 5.728ms
[1.272s][debug][gc,age] GC(81) Desired survivor size 4194304 bytes, new threshold 1 (max threshold 15)
[1.277s][trace][gc,age] GC(81) Age table with threshold 1 (max threshold 15)
[1.277s][trace][gc,age] GC(81) - age   1:    8193296 bytes,    8193296 total
[1.277s][info ][gc    ] GC(81) Pause Young (Normal) (G1 Evacuation Pause) 178M->144M(241M) 5.114ms
[1.286s][debug][gc,age] GC(82) Desired survivor size 3145728 bytes, new threshold 1 (max threshold 15)
[1.291s][trace][gc,age] GC(82) Age table with threshold 1 (max threshold 15)
[1.291s][trace][gc,age] GC(82) - age   1:    6144960 bytes,    6144960 total
[1.291s][info ][gc    ] GC(82) Pause Young (Normal) (G1 Evacuation Pause) 184M->161M(247M) 5.296ms
[1.299s][debug][gc,age] GC(83) Desired survivor size 2621440 bytes, new threshold 1 (max threshold 15)
[1.303s][trace][gc,age] GC(83) Age table with threshold 1 (max threshold 15)
[1.303s][trace][gc,age] GC(83) - age   1:    5120800 bytes,    5120800 total
[1.303s][info ][gc    ] GC(83) Pause Young (Normal) (G1 Evacuation Pause) 195M->176M(247M) 4.154ms
[1.315s][debug][gc,age] GC(84) Desired survivor size 2097152 bytes, new threshold 1 (max threshold 15)
[1.319s][trace][gc,age] GC(84) Age table with threshold 1 (max threshold 15)
[1.319s][trace][gc,age] GC(84) - age   1:    4096656 bytes,    4096656 total
[1.319s][info ][gc    ] GC(84) Pause Young (Normal) (G1 Evacuation Pause) 202M->192M(247M) 4.218ms
[1.327s][debug][gc,age] GC(85) Desired survivor size 1572864 bytes, new threshold 1 (max threshold 15)
[1.330s][trace][gc,age] GC(85) Age table with threshold 1 (max threshold 15)
[1.330s][trace][gc,age] GC(85) - age   1:    3072480 bytes,    3072480 total
[1.330s][info ][gc    ] GC(85) Pause Young (Concurrent Start) (G1 Evacuation Pause) 210M->204M(247M) 3.207ms
[1.330s][info ][gc    ] GC(86) Concurrent Mark Cycle
[1.339s][debug][gc,age] GC(87) Desired survivor size 1048576 bytes, new threshold 1 (max threshold 15)
[1.343s][trace][gc,age] GC(87) Age table with threshold 1 (max threshold 15)
[1.343s][trace][gc,age] GC(87) - age   1:    2048336 bytes,    2048336 total
[1.343s][info ][gc    ] GC(87) Pause Young (Normal) (G1 Evacuation Pause) 217M->213M(251M) 4.161ms
[1.350s][debug][gc,age] GC(88) Desired survivor size 1048576 bytes, new threshold 1 (max threshold 15)
[1.351s][trace][gc,age] GC(88) Age table with threshold 1 (max threshold 15)
[1.351s][trace][gc,age] GC(88) - age   1:    2048336 bytes,    2048336 total
[1.351s][info ][gc    ] GC(88) Pause Young (Normal) (G1 Evacuation Pause) 224M->222M(251M) 1.734ms
[1.352s][info ][gc    ] GC(86) Pause Remark 223M->82M(251M) 0.214ms
[1.353s][info ][gc    ] GC(86) Pause Cleanup 82M->82M(251M) 0.063ms
[1.353s][info ][gc    ] GC(86) Concurrent Mark Cycle 23.234ms
[1.354s][debug][gc,age] GC(89) Desired survivor size 1048576 bytes, new threshold 1 (max threshold 15)
[1.357s][trace][gc,age] GC(89) Age table with threshold 1 (max threshold 15)
[1.357s][trace][gc,age] GC(89) - age   1:    2048336 bytes,    2048336 total
[1.357s][info ][gc    ] GC(89) Pause Young (Prepare Mixed) (G1 Evacuation Pause) 91M->89M(251M) 2.552ms
[1.368s][debug][gc,age] GC(90) Desired survivor size 4718592 bytes, new threshold 15 (max threshold 15)
[1.375s][trace][gc,age] GC(90) Age table with threshold 15 (max threshold 15)
[1.375s][trace][gc,age] GC(90) - age   1:    9217456 bytes,    9217456 total
[1.375s][info ][gc    ] GC(90) Pause Young (Mixed) (G1 Evacuation Pause) 155M->91M(251M) 6.463ms
[1.389s][debug][gc,age] GC(91) Desired survivor size 5242880 bytes, new threshold 1 (max threshold 15)
[1.396s][trace][gc,age] GC(91) Age table with threshold 1 (max threshold 15)
[1.396s][trace][gc,age] GC(91) - age   1:   10241616 bytes,   10241616 total
[1.396s][info ][gc    ] GC(91) Pause Young (Normal) (G1 Evacuation Pause) 159M->110M(251M) 6.439ms
[1.405s][debug][gc,age] GC(92) Desired survivor size 4718592 bytes, new threshold 1 (max threshold 15)
[1.410s][trace][gc,age] GC(92) Age table with threshold 1 (max threshold 15)
[1.410s][trace][gc,age] GC(92) - age   1:    9217440 bytes,    9217440 total
[1.410s][info ][gc    ] GC(92) Pause Young (Normal) (G1 Evacuation Pause) 171M->127M(253M) 5.144ms
[1.423s][debug][gc,age] GC(93) Desired survivor size 4194304 bytes, new threshold 1 (max threshold 15)
[1.429s][trace][gc,age] GC(93) Age table with threshold 1 (max threshold 15)
[1.429s][trace][gc,age] GC(93) - age   1:    8193296 bytes,    8193296 total
[1.429s][info ][gc    ] GC(93) Pause Young (Normal) (G1 Evacuation Pause) 182M->145M(253M) 5.664ms
[1.441s][debug][gc,age] GC(94) Desired survivor size 3670016 bytes, new threshold 1 (max threshold 15)
[1.447s][trace][gc,age] GC(94) Age table with threshold 1 (max threshold 15)
[1.447s][trace][gc,age] GC(94) - age   1:    7169120 bytes,    7169120 total
[1.447s][info ][gc    ] GC(94) Pause Young (Normal) (G1 Evacuation Pause) 191M->162M(253M) 5.216ms
[1.452s][debug][gc,age] GC(95) Desired survivor size 3145728 bytes, new threshold 1 (max threshold 15)
[1.456s][trace][gc,age] GC(95) Age table with threshold 1 (max threshold 15)
[1.456s][trace][gc,age] GC(95) - age   1:    6144960 bytes,    6144960 total
[1.456s][info ][gc    ] GC(95) Pause Young (Normal) (G1 Evacuation Pause) 199M->179M(253M) 4.549ms
[1.467s][debug][gc,age] GC(96) Desired survivor size 2621440 bytes, new threshold 1 (max threshold 15)
[1.471s][trace][gc,age] GC(96) Age table with threshold 1 (max threshold 15)
[1.471s][trace][gc,age] GC(96) - age   1:    5120800 bytes,    5120800 total
[1.471s][info ][gc    ] GC(96) Pause Young (Concurrent Start) (G1 Evacuation Pause) 207M->194M(255M) 4.046ms
[1.471s][info ][gc    ] GC(97) Concurrent Mark Cycle
[1.483s][info ][gc    ] GC(97) Pause Remark 212M->79M(207M) 0.228ms
[1.484s][info ][gc    ] GC(97) Pause Cleanup 79M->79M(207M) 0.055ms
[1.484s][info ][gc    ] GC(97) Concurrent Mark Cycle 13.658ms
[1.485s][debug][gc,age] GC(98) Desired survivor size 2097152 bytes, new threshold 1 (max threshold 15)
[1.488s][trace][gc,age] GC(98) Age table with threshold 1 (max threshold 15)
[1.488s][trace][gc,age] GC(98) - age   1:    4096640 bytes,    4096640 total
[1.488s][info ][gc    ] GC(98) Pause Young (Prepare Mixed) (G1 Evacuation Pause) 83M->73M(207M) 3.355ms
[1.497s][debug][gc,age] GC(99) Desired survivor size 4194304 bytes, new threshold 15 (max threshold 15)
[1.502s][trace][gc,age] GC(99) Age table with threshold 15 (max threshold 15)
[1.502s][trace][gc,age] GC(99) - age   1:    7783632 bytes,    7783632 total
[1.502s][trace][gc,age] GC(99) - age   2:     409664 bytes,    8193296 total
[1.502s][info ][gc    ] GC(99) Pause Young (Mixed) (G1 Evacuation Pause) 131M->76M(207M) 5.874ms
[1.517s][debug][gc,age] GC(100) Desired survivor size 4718592 bytes, new threshold 1 (max threshold 15)
[1.523s][trace][gc,age] GC(100) Age table with threshold 1 (max threshold 15)
[1.523s][trace][gc,age] GC(100) - age   1:    9217440 bytes,    9217440 total
[1.523s][info ][gc    ] GC(100) Pause Young (Mixed) (G1 Evacuation Pause) 134M->92M(207M) 5.940ms
[1.532s][debug][gc,age] GC(101) Desired survivor size 4194304 bytes, new threshold 1 (max threshold 15)
[1.537s][trace][gc,age] GC(101) Age table with threshold 1 (max threshold 15)
[1.537s][trace][gc,age] GC(101) - age   1:    8193296 bytes,    8193296 total
[1.537s][info ][gc    ] GC(101) Pause Young (Normal) (G1 Evacuation Pause) 142M->109M(207M) 4.970ms
[1.542s][debug][gc,age] GC(102) Desired survivor size 3670016 bytes, new threshold 1 (max threshold 15)
[1.547s][trace][gc,age] GC(102) Age table with threshold 1 (max threshold 15)
[1.547s][trace][gc,age] GC(102) - age   1:    7169120 bytes,    7169120 total
[1.547s][info ][gc    ] GC(102) Pause Young (Normal) (G1 Evacuation Pause) 150M->125M(227M) 4.321ms
[1.556s][debug][gc,age] GC(103) Desired survivor size 3670016 bytes, new threshold 1 (max threshold 15)
[1.561s][trace][gc,age] GC(103) Age table with threshold 1 (max threshold 15)
[1.561s][trace][gc,age] GC(103) - age   1:    7169120 bytes,    7169120 total
[1.561s][info ][gc    ] GC(103) Pause Young (Normal) (G1 Evacuation Pause) 168M->143M(227M) 4.569ms
[1.565s][debug][gc,age] GC(104) Desired survivor size 3145728 bytes, new threshold 1 (max threshold 15)
[1.570s][trace][gc,age] GC(104) Age table with threshold 1 (max threshold 15)
[1.570s][trace][gc,age] GC(104) - age   1:    6144960 bytes,    6144960 total
[1.570s][info ][gc    ] GC(104) Pause Young (Normal) (G1 Evacuation Pause) 177M->159M(227M) 4.394ms
[1.579s][debug][gc,age] GC(105) Desired survivor size 2097152 bytes, new threshold 1 (max threshold 15)
[1.583s][trace][gc,age] GC(105) Age table with threshold 1 (max threshold 15)
[1.583s][trace][gc,age] GC(105) - age   1:    4096640 bytes,    4096640 total
[1.583s][info ][gc    ] GC(105) Pause Young (Normal) (G1 Evacuation Pause) 184M->172M(227M) 4.088ms
[1.591s][debug][gc,age] GC(106) Desired survivor size 1572864 bytes, new threshold 1 (max threshold 15)
[1.594s][trace][gc,age] GC(106) Age table with threshold 1 (max threshold 15)
[1.594s][trace][gc,age] GC(106) - age   1:    3072496 bytes,    3072496 total
[1.595s][info ][gc    ] GC(106) Pause Young (Normal) (G1 Evacuation Pause) 191M->185M(239M) 3.836ms
[1.597s][debug][gc,age] GC(107) Desired survivor size 1572864 bytes, new threshold 1 (max threshold 15)
[1.601s][trace][gc,age] GC(107) Age table with threshold 1 (max threshold 15)
[1.601s][trace][gc,age] GC(107) - age   1:    3072480 bytes,    3072480 total
[1.601s][info ][gc    ] GC(107) Pause Young (Normal) (G1 Evacuation Pause) 204M->198M(239M) 3.872ms
[1.607s][debug][gc,age] GC(108) Desired survivor size 1048576 bytes, new threshold 1 (max threshold 15)
[1.609s][trace][gc,age] GC(108) Age table with threshold 1 (max threshold 15)
[1.609s][trace][gc,age] GC(108) - age   1:    2048320 bytes,    2048320 total
[1.609s][info ][gc    ] GC(108) Pause Young (Concurrent Start) (G1 Evacuation Pause) 211M->207M(239M) 2.189ms
[1.609s][info ][gc    ] GC(109) Concurrent Mark Cycle
[1.612s][info ][gc    ] GC(109) Pause Remark 207M->73M(239M) 0.225ms
[1.617s][debug][gc,age] GC(110) Desired survivor size 1048576 bytes, new threshold 1 (max threshold 15)
[1.619s][trace][gc,age] GC(110) Age table with threshold 1 (max threshold 15)
[1.619s][trace][gc,age] GC(110) - age   1:    2048336 bytes,    2048336 total
[1.619s][info ][gc    ] GC(110) Pause Young (Normal) (G1 Evacuation Pause) 83M->81M(239M) 2.127ms
[1.627s][info ][gc    ] GC(109) Pause Cleanup 106M->106M(239M) 0.084ms
[1.628s][info ][gc    ] GC(109) Concurrent Mark Cycle 18.754ms
[1.635s][debug][gc,age] GC(111) Desired survivor size 4718592 bytes, new threshold 15 (max threshold 15)
[1.641s][trace][gc,age] GC(111) Age table with threshold 15 (max threshold 15)
[1.641s][trace][gc,age] GC(111) - age   1:    9012624 bytes,    9012624 total
[1.641s][trace][gc,age] GC(111) - age   2:     204832 bytes,    9217456 total
[1.641s][info ][gc    ] GC(111) Pause Young (Prepare Mixed) (G1 Evacuation Pause) 145M->105M(239M) 5.741ms
[1.649s][debug][gc,age] GC(112) Desired survivor size 4718592 bytes, new threshold 1 (max threshold 15)
[1.654s][trace][gc,age] GC(112) Age table with threshold 1 (max threshold 15)
[1.654s][trace][gc,age] GC(112) - age   1:    9217440 bytes,    9217440 total
[1.654s][info ][gc    ] GC(112) Pause Young (Mixed) (G1 Evacuation Pause) 161M->99M(239M) 5.095ms
[1.664s][debug][gc,age] GC(113) Desired survivor size 4718592 bytes, new threshold 1 (max threshold 15)
[1.669s][trace][gc,age] GC(113) Age table with threshold 1 (max threshold 15)
[1.669s][trace][gc,age] GC(113) - age   1:    9217440 bytes,    9217440 total
[1.669s][info ][gc    ] GC(113) Pause Young (Mixed) (G1 Evacuation Pause) 160M->105M(246M) 4.931ms
[1.686s][debug][gc,age] GC(114) Desired survivor size 4718592 bytes, new threshold 1 (max threshold 15)
[1.691s][trace][gc,age] GC(114) Age table with threshold 1 (max threshold 15)
[1.691s][trace][gc,age] GC(114) - age   1:    9217440 bytes,    9217440 total
[1.691s][info ][gc    ] GC(114) Pause Young (Normal) (G1 Evacuation Pause) 168M->123M(246M) 5.511ms
[1.702s][debug][gc,age] GC(115) Desired survivor size 4194304 bytes, new threshold 1 (max threshold 15)
[1.708s][trace][gc,age] GC(115) Age table with threshold 1 (max threshold 15)
[1.708s][trace][gc,age] GC(115) - age   1:    8193296 bytes,    8193296 total
[1.708s][info ][gc    ] GC(115) Pause Young (Normal) (G1 Evacuation Pause) 178M->140M(246M) 5.827ms
[1.718s][debug][gc,age] GC(116) Desired survivor size 3670016 bytes, new threshold 1 (max threshold 15)
[1.723s][trace][gc,age] GC(116) Age table with threshold 1 (max threshold 15)
[1.724s][trace][gc,age] GC(116) - age   1:    7169136 bytes,    7169136 total
[1.724s][info ][gc    ] GC(116) Pause Young (Normal) (G1 Evacuation Pause) 186M->159M(246M) 5.541ms
[1.732s][debug][gc,age] GC(117) Desired survivor size 3145728 bytes, new threshold 1 (max threshold 15)
[1.737s][trace][gc,age] GC(117) Age table with threshold 1 (max threshold 15)
[1.737s][trace][gc,age] GC(117) - age   1:    6144976 bytes,    6144976 total
[1.737s][info ][gc    ] GC(117) Pause Young (Normal) (G1 Evacuation Pause) 194M->175M(250M) 4.939ms
[1.742s][debug][gc,age] GC(118) Desired survivor size 2621440 bytes, new threshold 1 (max threshold 15)
[1.746s][trace][gc,age] GC(118) Age table with threshold 1 (max threshold 15)
[1.746s][trace][gc,age] GC(118) - age   1:    5120816 bytes,    5120816 total
[1.746s][info ][gc    ] GC(118) Pause Young (Normal) (G1 Evacuation Pause) 204M->190M(250M) 3.411ms
[1.755s][debug][gc,age] GC(119) Desired survivor size 2097152 bytes, new threshold 1 (max threshold 15)
[1.757s][trace][gc,age] GC(119) Age table with threshold 1 (max threshold 15)
[1.757s][trace][gc,age] GC(119) - age   1:    4096640 bytes,    4096640 total
[1.757s][info ][gc    ] GC(119) Pause Young (Concurrent Start) (G1 Evacuation Pause) 211M->202M(250M) 2.673ms
[1.757s][info ][gc    ] GC(120) Concurrent Mark Cycle
[1.762s][debug][gc,age] GC(121) Desired survivor size 1572864 bytes, new threshold 1 (max threshold 15)
[1.764s][trace][gc,age] GC(121) Age table with threshold 1 (max threshold 15)
[1.764s][trace][gc,age] GC(121) - age   1:    3072496 bytes,    3072496 total
[1.764s][info ][gc    ] GC(121) Pause Young (Normal) (G1 Evacuation Pause) 218M->213M(250M) 2.318ms
[1.764s][info ][gc    ] GC(120) Pause Remark 213M->75M(250M) 0.200ms
[1.769s][debug][gc,age] GC(122) Desired survivor size 1048576 bytes, new threshold 1 (max threshold 15)
[1.771s][trace][gc,age] GC(122) Age table with threshold 1 (max threshold 15)
[1.771s][trace][gc,age] GC(122) - age   1:    2048336 bytes,    2048336 total
[1.771s][info ][gc    ] GC(122) Pause Young (Normal) (G1 Evacuation Pause) 87M->84M(253M) 2.218ms
[1.779s][info ][gc    ] GC(120) Pause Cleanup 111M->111M(253M) 0.069ms
[1.783s][info ][gc    ] GC(120) Concurrent Mark Cycle 25.774ms
[1.791s][debug][gc,age] GC(123) Desired survivor size 5242880 bytes, new threshold 15 (max threshold 15)
[1.797s][trace][gc,age] GC(123) Age table with threshold 15 (max threshold 15)
[1.797s][trace][gc,age] GC(123) - age   1:   10036768 bytes,   10036768 total
[1.797s][trace][gc,age] GC(123) - age   2:     204832 bytes,   10241600 total
[1.797s][info ][gc    ] GC(123) Pause Young (Prepare Mixed) (G1 Evacuation Pause) 160M->110M(253M) 5.484ms
[1.807s][debug][gc,age] GC(124) Desired survivor size 5242880 bytes, new threshold 1 (max threshold 15)
[1.813s][trace][gc,age] GC(124) Age table with threshold 1 (max threshold 15)
[1.813s][trace][gc,age] GC(124) - age   1:   10241600 bytes,   10241600 total
[1.813s][info ][gc    ] GC(124) Pause Young (Mixed) (G1 Evacuation Pause) 175M->103M(253M) 5.555ms
[1.824s][debug][gc,age] GC(125) Desired survivor size 5242880 bytes, new threshold 1 (max threshold 15)
[1.830s][trace][gc,age] GC(125) Age table with threshold 1 (max threshold 15)
[1.830s][trace][gc,age] GC(125) - age   1:   10241600 bytes,   10241600 total
[1.830s][info ][gc    ] GC(125) Pause Young (Normal) (G1 Evacuation Pause) 173M->122M(253M) 5.828ms
[1.843s][debug][gc,age] GC(126) Desired survivor size 4718592 bytes, new threshold 1 (max threshold 15)
[1.849s][trace][gc,age] GC(126) Age table with threshold 1 (max threshold 15)
[1.849s][trace][gc,age] GC(126) - age   1:    9217456 bytes,    9217456 total
[1.849s][info ][gc    ] GC(126) Pause Young (Normal) (G1 Evacuation Pause) 183M->139M(253M) 5.322ms
[1.858s][debug][gc,age] GC(127) Desired survivor size 4194304 bytes, new threshold 1 (max threshold 15)
[1.863s][trace][gc,age] GC(127) Age table with threshold 1 (max threshold 15)
[1.863s][trace][gc,age] GC(127) - age   1:    8193296 bytes,    8193296 total
[1.863s][info ][gc    ] GC(127) Pause Young (Normal) (G1 Evacuation Pause) 190M->156M(255M) 5.084ms
[1.870s][debug][gc,age] GC(128) Desired survivor size 3670016 bytes, new threshold 1 (max threshold 15)
[1.874s][trace][gc,age] GC(128) Age table with threshold 1 (max threshold 15)
[1.874s][trace][gc,age] GC(128) - age   1:    7169120 bytes,    7169120 total
[1.874s][info ][gc    ] GC(128) Pause Young (Normal) (G1 Evacuation Pause) 198M->173M(255M) 3.936ms
[1.883s][debug][gc,age] GC(129) Desired survivor size 2621440 bytes, new threshold 1 (max threshold 15)
[1.888s][trace][gc,age] GC(129) Age table with threshold 1 (max threshold 15)
[1.888s][trace][gc,age] GC(129) - age   1:    5120816 bytes,    5120816 total
[1.888s][info ][gc    ] GC(129) Pause Young (Normal) (G1 Evacuation Pause) 206M->188M(255M) 4.642ms
[1.895s][debug][gc,age] GC(130) Desired survivor size 2097152 bytes, new threshold 1 (max threshold 15)
[1.898s][trace][gc,age] GC(130) Age table with threshold 1 (max threshold 15)
[1.898s][trace][gc,age] GC(130) - age   1:    4096656 bytes,    4096656 total
[1.899s][info ][gc    ] GC(130) Pause Young (Concurrent Start) (G1 Evacuation Pause) 212M->202M(255M) 3.813ms
[1.899s][info ][gc    ] GC(131) Concurrent Mark Cycle
[1.907s][info ][gc    ] GC(131) Pause Remark 214M->74M(210M) 0.233ms
[1.908s][info ][gc    ] GC(131) Pause Cleanup 74M->74M(210M) 0.057ms
[1.909s][info ][gc    ] GC(131) Concurrent Mark Cycle 10.636ms
[1.909s][debug][gc,age] GC(132) Desired survivor size 1572864 bytes, new threshold 1 (max threshold 15)
[1.912s][trace][gc,age] GC(132) Age table with threshold 1 (max threshold 15)
[1.912s][trace][gc,age] GC(132) - age   1:    3072480 bytes,    3072480 total
[1.912s][info ][gc    ] GC(132) Pause Young (Prepare Mixed) (G1 Evacuation Pause) 80M->73M(210M) 3.193ms
[1.923s][debug][gc,age] GC(133) Desired survivor size 4718592 bytes, new threshold 15 (max threshold 15)
[1.929s][trace][gc,age] GC(133) Age table with threshold 15 (max threshold 15)
[1.929s][trace][gc,age] GC(133) - age   1:    9115024 bytes,    9115024 total
[1.929s][trace][gc,age] GC(133) - age   2:     102416 bytes,    9217440 total
[1.929s][info ][gc    ] GC(133) Pause Young (Mixed) (G1 Evacuation Pause) 136M->76M(229M) 5.891ms
[1.945s][debug][gc,age] GC(134) Desired survivor size 5767168 bytes, new threshold 1 (max threshold 15)
[1.951s][trace][gc,age] GC(134) Age table with threshold 1 (max threshold 15)
[1.951s][trace][gc,age] GC(134) - age   1:   11265760 bytes,   11265760 total
[1.951s][info ][gc    ] GC(134) Pause Young (Mixed) (G1 Evacuation Pause) 149M->91M(229M) 5.964ms
[1.964s][debug][gc,age] GC(135) Desired survivor size 5242880 bytes, new threshold 1 (max threshold 15)
[1.970s][trace][gc,age] GC(135) Age table with threshold 1 (max threshold 15)
[1.970s][trace][gc,age] GC(135) - age   1:   10241616 bytes,   10241616 total
[1.970s][info ][gc    ] GC(135) Pause Young (Normal) (G1 Evacuation Pause) 156M->108M(229M) 5.891ms
[1.983s][debug][gc,age] GC(136) Desired survivor size 4718592 bytes, new threshold 1 (max threshold 15)
[1.989s][trace][gc,age] GC(136) Age table with threshold 1 (max threshold 15)
[1.989s][trace][gc,age] GC(136) - age   1:    9217440 bytes,    9217440 total
[1.989s][info ][gc    ] GC(136) Pause Young (Normal) (G1 Evacuation Pause) 165M->125M(229M) 5.708ms
[1.995s][debug][gc,age] GC(137) Desired survivor size 3670016 bytes, new threshold 1 (max threshold 15)
[2.001s][trace][gc,age] GC(137) Age table with threshold 1 (max threshold 15)
[2.001s][trace][gc,age] GC(137) - age   1:    7169120 bytes,    7169120 total
[2.001s][info ][gc    ] GC(137) Pause Young (Normal) (G1 Evacuation Pause) 170M->141M(239M) 5.380ms
[2.009s][debug][gc,age] GC(138) Desired survivor size 3145728 bytes, new threshold 1 (max threshold 15)
[2.014s][trace][gc,age] GC(138) Age table with threshold 1 (max threshold 15)
[2.014s][trace][gc,age] GC(138) - age   1:    6144960 bytes,    6144960 total
[2.014s][info ][gc    ] GC(138) Pause Young (Normal) (G1 Evacuation Pause) 182M->157M(239M) 4.560ms
[2.022s][debug][gc,age] GC(139) Desired survivor size 2621440 bytes, new threshold 1 (max threshold 15)
[2.027s][trace][gc,age] GC(139) Age table with threshold 1 (max threshold 15)
[2.027s][trace][gc,age] GC(139) - age   1:    5120816 bytes,    5120816 total
[2.027s][info ][gc    ] GC(139) Pause Young (Normal) (G1 Evacuation Pause) 189M->173M(239M) 4.672ms
[2.032s][debug][gc,age] GC(140) Desired survivor size 2097152 bytes, new threshold 1 (max threshold 15)
[2.036s][trace][gc,age] GC(140) Age table with threshold 1 (max threshold 15)
[2.036s][trace][gc,age] GC(140) - age   1:    4096640 bytes,    4096640 total
[2.036s][info ][gc    ] GC(140) Pause Young (Normal) (G1 Evacuation Pause) 197M->187M(239M) 3.745ms
[2.043s][debug][gc,age] GC(141) Desired survivor size 1572864 bytes, new threshold 1 (max threshold 15)
[2.045s][trace][gc,age] GC(141) Age table with threshold 1 (max threshold 15)
[2.045s][trace][gc,age] GC(141) - age   1:    3072496 bytes,    3072496 total
[2.045s][info ][gc    ] GC(141) Pause Young (Normal) (G1 Evacuation Pause) 205M->199M(246M) 2.603ms
[2.051s][debug][gc,age] GC(142) Desired survivor size 1572864 bytes, new threshold 1 (max threshold 15)
[2.053s][trace][gc,age] GC(142) Age table with threshold 1 (max threshold 15)
[2.053s][trace][gc,age] GC(142) - age   1:    3072480 bytes,    3072480 total
[2.053s][info ][gc    ] GC(142) Pause Young (Concurrent Start) (G1 Evacuation Pause) 215M->209M(246M) 2.501ms
[2.053s][info ][gc    ] GC(143) Concurrent Mark Cycle
[2.062s][debug][gc,age] GC(144) Desired survivor size 1048576 bytes, new threshold 1 (max threshold 15)
[2.063s][trace][gc,age] GC(144) Age table with threshold 1 (max threshold 15)
[2.063s][trace][gc,age] GC(144) - age   1:    2048336 bytes,    2048336 total
[2.063s][info ][gc    ] GC(144) Pause Young (Normal) (G1 Evacuation Pause) 220M->217M(246M) 1.913ms
[2.068s][debug][gc,age] GC(145) Desired survivor size 1048576 bytes, new threshold 1 (max threshold 15)
[2.070s][trace][gc,age] GC(145) Age table with threshold 1 (max threshold 15)
[2.070s][trace][gc,age] GC(145) - age   1:    2048336 bytes,    2048336 total
[2.070s][info ][gc    ] GC(145) Pause Young (Normal) (G1 Evacuation Pause) 227M->225M(246M) 2.363ms
[2.076s][debug][gc,age] GC(146) Desired survivor size 1048576 bytes, new threshold 1 (max threshold 15)
[2.079s][trace][gc,age] GC(146) Age table with threshold 1 (max threshold 15)
[2.079s][trace][gc,age] GC(146) - age   1:    2048320 bytes,    2048320 total
[2.079s][info ][gc    ] GC(146) Pause Young (Normal) (G1 Evacuation Pause) 235M->233M(250M) 3.126ms
[2.080s][debug][gc,age] GC(147) Desired survivor size 1048576 bytes, new threshold 1 (max threshold 15)
[2.085s][trace][gc,age] GC(147) Age table with threshold 1 (max threshold 15)
[2.085s][trace][gc,age] GC(147) - age   1:    2048320 bytes,    2048320 total
[2.085s][info ][gc    ] GC(147) Pause Young (Normal) (G1 Evacuation Pause) 243M->241M(254M) 4.816ms
[2.087s][info ][gc    ] GC(143) Pause Remark 242M->102M(254M) 0.213ms
[2.089s][debug][gc,age] GC(148) Desired survivor size 1048576 bytes, new threshold 1 (max threshold 15)
[2.090s][trace][gc,age] GC(148) Age table with threshold 1 (max threshold 15)
[2.090s][trace][gc,age] GC(148) - age   1:    2048320 bytes,    2048320 total
[2.090s][info ][gc    ] GC(148) Pause Young (Normal) (G1 Evacuation Pause) 111M->109M(254M) 1.526ms
[2.098s][info ][gc    ] GC(143) Pause Cleanup 142M->142M(254M) 0.073ms
[2.099s][info ][gc    ] GC(143) Concurrent Mark Cycle 45.948ms
[2.104s][debug][gc,age] GC(149) Desired survivor size 4194304 bytes, new threshold 15 (max threshold 15)
[2.110s][trace][gc,age] GC(149) Age table with threshold 15 (max threshold 15)
[2.110s][trace][gc,age] GC(149) - age   1:    8090880 bytes,    8090880 total
[2.110s][trace][gc,age] GC(149) - age   2:     102416 bytes,    8193296 total
[2.110s][info ][gc    ] GC(149) Pause Young (Prepare Mixed) (G1 Evacuation Pause) 171M->134M(254M) 6.042ms
[2.122s][debug][gc,age] GC(150) Desired survivor size 4194304 bytes, new threshold 1 (max threshold 15)
[2.128s][trace][gc,age] GC(150) Age table with threshold 1 (max threshold 15)
[2.128s][trace][gc,age] GC(150) - age   1:    8193296 bytes,    8193296 total
[2.128s][info ][gc    ] GC(150) Pause Young (Mixed) (G1 Evacuation Pause) 185M->126M(254M) 6.194ms
[2.140s][debug][gc,age] GC(151) Desired survivor size 4194304 bytes, new threshold 1 (max threshold 15)
[2.145s][trace][gc,age] GC(151) Age table with threshold 1 (max threshold 15)
[2.145s][trace][gc,age] GC(151) - age   1:    8193280 bytes,    8193280 total
[2.145s][info ][gc    ] GC(151) Pause Young (Mixed) (G1 Evacuation Pause) 182M->139M(255M) 4.957ms
[2.156s][debug][gc,age] GC(152) Desired survivor size 4194304 bytes, new threshold 1 (max threshold 15)
[2.161s][trace][gc,age] GC(152) Age table with threshold 1 (max threshold 15)
[2.161s][trace][gc,age] GC(152) - age   1:    8193280 bytes,    8193280 total
[2.161s][info ][gc    ] GC(152) Pause Young (Normal) (G1 Evacuation Pause) 189M->156M(255M) 5.517ms
[2.176s][debug][gc,age] GC(153) Desired survivor size 3670016 bytes, new threshold 1 (max threshold 15)
[2.181s][trace][gc,age] GC(153) Age table with threshold 1 (max threshold 15)
[2.181s][trace][gc,age] GC(153) - age   1:    7169120 bytes,    7169120 total
[2.181s][info ][gc    ] GC(153) Pause Young (Normal) (G1 Evacuation Pause) 198M->173M(255M) 4.420ms
[2.186s][debug][gc,age] GC(154) Desired survivor size 2621440 bytes, new threshold 1 (max threshold 15)
[2.190s][trace][gc,age] GC(154) Age table with threshold 1 (max threshold 15)
[2.190s][trace][gc,age] GC(154) - age   1:    5120800 bytes,    5120800 total
[2.190s][info ][gc    ] GC(154) Pause Young (Normal) (G1 Evacuation Pause) 205M->190M(255M) 4.386ms
[2.197s][debug][gc,age] GC(155) Desired survivor size 2097152 bytes, new threshold 1 (max threshold 15)
[2.201s][trace][gc,age] GC(155) Age table with threshold 1 (max threshold 15)
[2.201s][trace][gc,age] GC(155) - age   1:    4096656 bytes,    4096656 total
[2.201s][info ][gc    ] GC(155) Pause Young (Concurrent Start) (G1 Evacuation Pause) 213M->204M(256M) 3.904ms
[2.201s][info ][gc    ] GC(156) Concurrent Mark Cycle
[2.209s][debug][gc,age] GC(157) Desired survivor size 1572864 bytes, new threshold 1 (max threshold 15)
[2.212s][trace][gc,age] GC(157) Age table with threshold 1 (max threshold 15)
[2.212s][trace][gc,age] GC(157) - age   1:    3072480 bytes,    3072480 total
[2.212s][info ][gc    ] GC(157) Pause Young (Normal) (G1 Evacuation Pause) 221M->214M(256M) 2.635ms
[2.212s][info ][gc    ] GC(156) Pause Remark 215M->74M(247M) 0.220ms
[2.213s][info ][gc    ] GC(156) Pause Cleanup 74M->74M(247M) 0.079ms
[2.215s][info ][gc    ] GC(156) Concurrent Mark Cycle 14.266ms
[2.217s][debug][gc,age] GC(158) Desired survivor size 1572864 bytes, new threshold 1 (max threshold 15)
[2.220s][trace][gc,age] GC(158) Age table with threshold 1 (max threshold 15)
[2.220s][trace][gc,age] GC(158) - age   1:    3072480 bytes,    3072480 total
[2.220s][info ][gc    ] GC(158) Pause Young (Prepare Mixed) (G1 Evacuation Pause) 87M->84M(247M) 2.640ms
[2.234s][debug][gc,age] GC(159) Desired survivor size 4718592 bytes, new threshold 15 (max threshold 15)
[2.239s][trace][gc,age] GC(159) Age table with threshold 15 (max threshold 15)
[2.239s][trace][gc,age] GC(159) - age   1:    8910192 bytes,    8910192 total
[2.239s][trace][gc,age] GC(159) - age   2:     307248 bytes,    9217440 total
[2.239s][info ][gc    ] GC(159) Pause Young (Mixed) (G1 Evacuation Pause) 150M->84M(247M) 5.450ms
[2.252s][debug][gc,age] GC(160) Desired survivor size 5242880 bytes, new threshold 1 (max threshold 15)
[2.258s][trace][gc,age] GC(160) Age table with threshold 1 (max threshold 15)
[2.258s][trace][gc,age] GC(160) - age   1:   10241616 bytes,   10241616 total
[2.258s][info ][gc    ] GC(160) Pause Young (Normal) (G1 Evacuation Pause) 153M->104M(247M) 6.530ms
[2.273s][debug][gc,age] GC(161) Desired survivor size 4718592 bytes, new threshold 1 (max threshold 15)
[2.278s][trace][gc,age] GC(161) Age table with threshold 1 (max threshold 15)
[2.278s][trace][gc,age] GC(161) - age   1:    9217456 bytes,    9217456 total
[2.278s][info ][gc    ] GC(161) Pause Young (Normal) (G1 Evacuation Pause) 166M->121M(247M) 5.595ms
[2.288s][debug][gc,age] GC(162) Desired survivor size 4194304 bytes, new threshold 1 (max threshold 15)
[2.293s][trace][gc,age] GC(162) Age table with threshold 1 (max threshold 15)
[2.293s][trace][gc,age] GC(162) - age   1:    8193280 bytes,    8193280 total
[2.293s][info ][gc    ] GC(162) Pause Young (Normal) (G1 Evacuation Pause) 176M->138M(251M) 5.620ms
[2.301s][debug][gc,age] GC(163) Desired survivor size 3670016 bytes, new threshold 1 (max threshold 15)
[2.307s][trace][gc,age] GC(163) Age table with threshold 1 (max threshold 15)
[2.307s][trace][gc,age] GC(163) - age   1:    7169120 bytes,    7169120 total
[2.307s][info ][gc    ] GC(163) Pause Young (Normal) (G1 Evacuation Pause) 186M->157M(251M) 5.640ms
[2.316s][debug][gc,age] GC(164) Desired survivor size 3145728 bytes, new threshold 1 (max threshold 15)
[2.322s][trace][gc,age] GC(164) Age table with threshold 1 (max threshold 15)
[2.322s][trace][gc,age] GC(164) - age   1:    6144960 bytes,    6144960 total
[2.322s][info ][gc    ] GC(164) Pause Young (Normal) (G1 Evacuation Pause) 195M->174M(251M) 5.754ms
[2.331s][debug][gc,age] GC(165) Desired survivor size 2621440 bytes, new threshold 1 (max threshold 15)
[2.337s][trace][gc,age] GC(165) Age table with threshold 1 (max threshold 15)
[2.337s][trace][gc,age] GC(165) - age   1:    5120816 bytes,    5120816 total
[2.337s][info ][gc    ] GC(165) Pause Young (Normal) (G1 Evacuation Pause) 203M->190M(251M) 6.688ms
[2.347s][debug][gc,age] GC(166) Desired survivor size 2097152 bytes, new threshold 1 (max threshold 15)
[2.350s][trace][gc,age] GC(166) Age table with threshold 1 (max threshold 15)
[2.350s][trace][gc,age] GC(166) - age   1:    4096640 bytes,    4096640 total
[2.350s][info ][gc    ] GC(166) Pause Young (Concurrent Start) (G1 Evacuation Pause) 211M->201M(253M) 3.560ms
[2.350s][info ][gc    ] GC(167) Concurrent Mark Cycle
[2.359s][info ][gc    ] GC(167) Pause Remark 206M->66M(207M) 0.235ms
[2.362s][info ][gc    ] GC(167) Pause Cleanup 74M->74M(207M) 0.067ms
[2.362s][info ][gc    ] GC(167) Concurrent Mark Cycle 11.740ms
[2.363s][debug][gc,age] GC(168) Desired survivor size 1572864 bytes, new threshold 1 (max threshold 15)
[2.367s][trace][gc,age] GC(168) Age table with threshold 1 (max threshold 15)
[2.367s][trace][gc,age] GC(168) - age   1:    3072496 bytes,    3072496 total
[2.367s][info ][gc    ] GC(168) Pause Young (Prepare Mixed) (G1 Evacuation Pause) 78M->73M(207M) 4.087ms
[2.377s][debug][gc,age] GC(169) Desired survivor size 4194304 bytes, new threshold 15 (max threshold 15)
[2.383s][trace][gc,age] GC(169) Age table with threshold 15 (max threshold 15)
[2.383s][trace][gc,age] GC(169) - age   1:    8193296 bytes,    8193296 total
[2.383s][info ][gc    ] GC(169) Pause Young (Mixed) (G1 Evacuation Pause) 129M->75M(207M) 6.010ms
[2.396s][debug][gc,age] GC(170) Desired survivor size 4718592 bytes, new threshold 1 (max threshold 15)
[2.402s][trace][gc,age] GC(170) Age table with threshold 1 (max threshold 15)
[2.402s][trace][gc,age] GC(170) - age   1:    9217456 bytes,    9217456 total
[2.402s][info ][gc    ] GC(170) Pause Young (Mixed) (G1 Evacuation Pause) 132M->90M(207M) 5.643ms
[2.414s][debug][gc,age] GC(171) Desired survivor size 4194304 bytes, new threshold 1 (max threshold 15)
[2.419s][trace][gc,age] GC(171) Age table with threshold 1 (max threshold 15)
[2.419s][trace][gc,age] GC(171) - age   1:    8193296 bytes,    8193296 total
[2.419s][info ][gc    ] GC(171) Pause Young (Normal) (G1 Evacuation Pause) 140M->107M(207M) 5.104ms
[2.430s][debug][gc,age] GC(172) Desired survivor size 3670016 bytes, new threshold 1 (max threshold 15)
[2.435s][trace][gc,age] GC(172) Age table with threshold 1 (max threshold 15)
[2.435s][trace][gc,age] GC(172) - age   1:    7169120 bytes,    7169120 total
[2.435s][info ][gc    ] GC(172) Pause Young (Normal) (G1 Evacuation Pause) 148M->123M(227M) 5.437ms
[2.446s][debug][gc,age] GC(173) Desired survivor size 3670016 bytes, new threshold 1 (max threshold 15)
[2.451s][trace][gc,age] GC(173) Age table with threshold 1 (max threshold 15)
[2.451s][trace][gc,age] GC(173) - age   1:    7169136 bytes,    7169136 total
[2.451s][info ][gc    ] GC(173) Pause Young (Normal) (G1 Evacuation Pause) 167M->141M(227M) 5.402ms
[2.457s][debug][gc,age] GC(174) Desired survivor size 3145728 bytes, new threshold 1 (max threshold 15)
[2.461s][trace][gc,age] GC(174) Age table with threshold 1 (max threshold 15)
[2.461s][trace][gc,age] GC(174) - age   1:    6144960 bytes,    6144960 total
[2.461s][info ][gc    ] GC(174) Pause Young (Normal) (G1 Evacuation Pause) 175M->158M(227M) 4.724ms
[2.475s][debug][gc,age] GC(175) Desired survivor size 2097152 bytes, new threshold 1 (max threshold 15)
[2.479s][trace][gc,age] GC(175) Age table with threshold 1 (max threshold 15)
[2.479s][trace][gc,age] GC(175) - age   1:    4096656 bytes,    4096656 total
[2.479s][info ][gc    ] GC(175) Pause Young (Normal) (G1 Evacuation Pause) 183M->172M(227M) 4.129ms
[2.486s][debug][gc,age] GC(176) Desired survivor size 1572864 bytes, new threshold 1 (max threshold 15)
[2.490s][trace][gc,age] GC(176) Age table with threshold 1 (max threshold 15)
[2.490s][trace][gc,age] GC(176) - age   1:    3072496 bytes,    3072496 total
[2.490s][info ][gc    ] GC(176) Pause Young (Normal) (G1 Evacuation Pause) 191M->184M(239M) 4.019ms
[2.502s][debug][gc,age] GC(177) Desired survivor size 1572864 bytes, new threshold 1 (max threshold 15)
[2.506s][trace][gc,age] GC(177) Age table with threshold 1 (max threshold 15)
[2.506s][trace][gc,age] GC(177) - age   1:    3072496 bytes,    3072496 total
[2.506s][info ][gc    ] GC(177) Pause Young (Normal) (G1 Evacuation Pause) 203M->196M(239M) 3.731ms
[2.511s][debug][gc,age] GC(178) Desired survivor size 1572864 bytes, new threshold 1 (max threshold 15)
[2.513s][trace][gc,age] GC(178) Age table with threshold 1 (max threshold 15)
[2.513s][trace][gc,age] GC(178) - age   1:    3072480 bytes,    3072480 total
[2.513s][info ][gc    ] GC(178) Pause Young (Normal) (G1 Evacuation Pause) 210M->206M(239M) 2.668ms
[2.515s][debug][gc,age] GC(179) Desired survivor size 1048576 bytes, new threshold 1 (max threshold 15)
[2.517s][trace][gc,age] GC(179) Age table with threshold 1 (max threshold 15)
[2.517s][trace][gc,age] GC(179) - age   1:    2048320 bytes,    2048320 total
[2.517s][info ][gc    ] GC(179) Pause Young (Concurrent Start) (G1 Evacuation Pause) 216M->214M(239M) 2.337ms
[2.517s][info ][gc    ] GC(180) Concurrent Mark Cycle
[2.526s][debug][gc,age] GC(181) Desired survivor size 1048576 bytes, new threshold 1 (max threshold 15)
[2.527s][trace][gc,age] GC(181) Age table with threshold 1 (max threshold 15)
[2.527s][trace][gc,age] GC(181) - age   1:    2048320 bytes,    2048320 total
[2.527s][info ][gc    ] GC(181) Pause Young (Normal) (G1 Evacuation Pause) 223M->221M(246M) 1.575ms
[2.528s][info ][gc    ] GC(180) Pause Remark 221M->84M(246M) 0.192ms
[2.530s][info ][gc    ] GC(180) Pause Cleanup 85M->85M(246M) 0.062ms
[2.534s][info ][gc    ] GC(180) Concurrent Mark Cycle 16.192ms
[2.539s][debug][gc,age] GC(182) Desired survivor size 1048576 bytes, new threshold 1 (max threshold 15)
[2.542s][trace][gc,age] GC(182) Age table with threshold 1 (max threshold 15)
[2.542s][trace][gc,age] GC(182) - age   1:    2048336 bytes,    2048336 total
[2.542s][info ][gc    ] GC(182) Pause Young (Prepare Mixed) (G1 Evacuation Pause) 94M->91M(246M) 3.175ms
[2.554s][debug][gc,age] GC(183) Desired survivor size 4718592 bytes, new threshold 15 (max threshold 15)
[2.561s][trace][gc,age] GC(183) Age table with threshold 15 (max threshold 15)
[2.561s][trace][gc,age] GC(183) - age   1:    9217440 bytes,    9217440 total
[2.561s][info ][gc    ] GC(183) Pause Young (Mixed) (G1 Evacuation Pause) 156M->91M(246M) 6.847ms
[2.577s][debug][gc,age] GC(184) Desired survivor size 5242880 bytes, new threshold 1 (max threshold 15)
[2.583s][trace][gc,age] GC(184) Age table with threshold 1 (max threshold 15)
[2.583s][trace][gc,age] GC(184) - age   1:   10241600 bytes,   10241600 total
[2.583s][info ][gc    ] GC(184) Pause Young (Mixed) (G1 Evacuation Pause) 158M->95M(246M) 5.951ms
[2.597s][debug][gc,age] GC(185) Desired survivor size 5242880 bytes, new threshold 1 (max threshold 15)
[2.604s][trace][gc,age] GC(185) Age table with threshold 1 (max threshold 15)
[2.604s][trace][gc,age] GC(185) - age   1:   10241616 bytes,   10241616 total
[2.604s][info ][gc    ] GC(185) Pause Young (Normal) (G1 Evacuation Pause) 162M->113M(246M) 7.331ms
[2.620s][debug][gc,age] GC(186) Desired survivor size 4718592 bytes, new threshold 1 (max threshold 15)
[2.626s][trace][gc,age] GC(186) Age table with threshold 1 (max threshold 15)
[2.626s][trace][gc,age] GC(186) - age   1:    9217456 bytes,    9217456 total
[2.626s][info ][gc    ] GC(186) Pause Young (Normal) (G1 Evacuation Pause) 172M->130M(250M) 5.916ms
[2.636s][debug][gc,age] GC(187) Desired survivor size 4194304 bytes, new threshold 1 (max threshold 15)
[2.642s][trace][gc,age] GC(187) Age table with threshold 1 (max threshold 15)
[2.643s][trace][gc,age] GC(187) - age   1:    8193296 bytes,    8193296 total
[2.643s][info ][gc    ] GC(187) Pause Young (Normal) (G1 Evacuation Pause) 183M->148M(250M) 6.263ms
[2.653s][debug][gc,age] GC(188) Desired survivor size 3670016 bytes, new threshold 1 (max threshold 15)
[2.658s][trace][gc,age] GC(188) Age table with threshold 1 (max threshold 15)
[2.658s][trace][gc,age] GC(188) - age   1:    7169120 bytes,    7169120 total
[2.658s][info ][gc    ] GC(188) Pause Young (Normal) (G1 Evacuation Pause) 191M->165M(250M) 4.803ms
[2.664s][debug][gc,age] GC(189) Desired survivor size 3145728 bytes, new threshold 1 (max threshold 15)
[2.669s][trace][gc,age] GC(189) Age table with threshold 1 (max threshold 15)
[2.669s][trace][gc,age] GC(189) - age   1:    6144976 bytes,    6144976 total
[2.669s][info ][gc    ] GC(189) Pause Young (Normal) (G1 Evacuation Pause) 199M->181M(250M) 5.063ms
[2.677s][debug][gc,age] GC(190) Desired survivor size 2097152 bytes, new threshold 1 (max threshold 15)
[2.682s][trace][gc,age] GC(190) Age table with threshold 1 (max threshold 15)
[2.682s][trace][gc,age] GC(190) - age   1:    4096656 bytes,    4096656 total
[2.682s][info ][gc    ] GC(190) Pause Young (Normal) (G1 Evacuation Pause) 207M->196M(253M) 5.243ms
[2.691s][debug][gc,age] GC(191) Desired survivor size 1572864 bytes, new threshold 1 (max threshold 15)
[2.694s][trace][gc,age] GC(191) Age table with threshold 1 (max threshold 15)
[2.694s][trace][gc,age] GC(191) - age   1:    3072496 bytes,    3072496 total
[2.694s][info ][gc    ] GC(191) Pause Young (Concurrent Start) (G1 Evacuation Pause) 216M->209M(253M) 3.523ms
[2.694s][info ][gc    ] GC(192) Concurrent Mark Cycle
[2.703s][debug][gc,age] GC(193) Desired survivor size 1572864 bytes, new threshold 1 (max threshold 15)
[2.706s][trace][gc,age] GC(193) Age table with threshold 1 (max threshold 15)
[2.706s][trace][gc,age] GC(193) - age   1:    3072496 bytes,    3072496 total
[2.706s][info ][gc    ] GC(193) Pause Young (Normal) (G1 Evacuation Pause) 223M->218M(253M) 2.672ms
[2.708s][info ][gc    ] GC(192) Pause Remark 222M->78M(250M) 0.379ms
[2.712s][debug][gc,age] GC(194) Desired survivor size 1048576 bytes, new threshold 1 (max threshold 15)
[2.714s][trace][gc,age] GC(194) Age table with threshold 1 (max threshold 15)
[2.714s][trace][gc,age] GC(194) - age   1:    2048336 bytes,    2048336 total
[2.714s][info ][gc    ] GC(194) Pause Young (Normal) (G1 Evacuation Pause) 85M->82M(250M) 1.879ms
[2.715s][info ][gc    ] GC(192) Pause Cleanup 82M->82M(250M) 0.089ms
[2.719s][info ][gc    ] GC(192) Concurrent Mark Cycle 24.930ms
[2.733s][debug][gc,age] GC(195) Desired survivor size 5242880 bytes, new threshold 15 (max threshold 15)
[2.741s][trace][gc,age] GC(195) Age table with threshold 15 (max threshold 15)
[2.741s][trace][gc,age] GC(195) - age   1:    9934368 bytes,    9934368 total
[2.741s][trace][gc,age] GC(195) - age   2:     307248 bytes,   10241616 total
[2.741s][info ][gc    ] GC(195) Pause Young (Prepare Mixed) (G1 Evacuation Pause) 155M->108M(252M) 7.846ms
[2.753s][debug][gc,age] GC(196) Desired survivor size 5242880 bytes, new threshold 1 (max threshold 15)
[2.759s][trace][gc,age] GC(196) Age table with threshold 1 (max threshold 15)
[2.759s][trace][gc,age] GC(196) - age   1:   10241600 bytes,   10241600 total
[2.759s][info ][gc    ] GC(196) Pause Young (Mixed) (G1 Evacuation Pause) 171M->99M(252M) 6.038ms
[2.775s][debug][gc,age] GC(197) Desired survivor size 5242880 bytes, new threshold 1 (max threshold 15)
[2.783s][trace][gc,age] GC(197) Age table with threshold 1 (max threshold 15)
[2.783s][trace][gc,age] GC(197) - age   1:   10241600 bytes,   10241600 total
[2.783s][info ][gc    ] GC(197) Pause Young (Mixed) (G1 Evacuation Pause) 168M->116M(252M) 8.111ms
[2.793s][debug][gc,age] GC(198) Desired survivor size 4718592 bytes, new threshold 1 (max threshold 15)
[2.801s][trace][gc,age] GC(198) Age table with threshold 1 (max threshold 15)
[2.801s][trace][gc,age] GC(198) - age   1:    9217440 bytes,    9217440 total
[2.801s][info ][gc    ] GC(198) Pause Young (Normal) (G1 Evacuation Pause) 178M->134M(252M) 8.226ms
[2.815s][debug][gc,age] GC(199) Desired survivor size 4194304 bytes, new threshold 1 (max threshold 15)
[2.820s][trace][gc,age] GC(199) Age table with threshold 1 (max threshold 15)
[2.820s][trace][gc,age] GC(199) - age   1:    8193280 bytes,    8193280 total
[2.820s][info ][gc    ] GC(199) Pause Young (Normal) (G1 Evacuation Pause) 186M->152M(254M) 5.237ms
[2.831s][debug][gc,age] GC(200) Desired survivor size 3670016 bytes, new threshold 1 (max threshold 15)
[2.837s][trace][gc,age] GC(200) Age table with threshold 1 (max threshold 15)
[2.837s][trace][gc,age] GC(200) - age   1:    7169136 bytes,    7169136 total
[2.837s][info ][gc    ] GC(200) Pause Young (Normal) (G1 Evacuation Pause) 195M->168M(254M) 6.084ms
[2.847s][debug][gc,age] GC(201) Desired survivor size 3145728 bytes, new threshold 1 (max threshold 15)
[2.852s][trace][gc,age] GC(201) Age table with threshold 1 (max threshold 15)
[2.852s][trace][gc,age] GC(201) - age   1:    6144960 bytes,    6144960 total
[2.852s][info ][gc    ] GC(201) Pause Young (Normal) (G1 Evacuation Pause) 202M->183M(254M) 4.644ms
[2.859s][debug][gc,age] GC(202) Desired survivor size 2097152 bytes, new threshold 1 (max threshold 15)
[2.863s][trace][gc,age] GC(202) Age table with threshold 1 (max threshold 15)
[2.863s][trace][gc,age] GC(202) - age   1:    4096656 bytes,    4096656 total
[2.863s][info ][gc    ] GC(202) Pause Young (Concurrent Start) (G1 Evacuation Pause) 209M->196M(254M) 3.778ms
[2.863s][info ][gc    ] GC(203) Concurrent Mark Cycle
[2.871s][info ][gc    ] GC(203) Pause Remark 207M->72M(207M) 0.253ms
[2.873s][info ][gc    ] GC(203) Pause Cleanup 73M->73M(207M) 0.059ms
[2.873s][info ][gc    ] GC(203) Concurrent Mark Cycle 9.726ms
[2.874s][debug][gc,age] GC(204) Desired survivor size 1572864 bytes, new threshold 1 (max threshold 15)
[2.878s][trace][gc,age] GC(204) Age table with threshold 1 (max threshold 15)
[2.878s][trace][gc,age] GC(204) - age   1:    3072496 bytes,    3072496 total
[2.878s][info ][gc    ] GC(204) Pause Young (Prepare Mixed) (G1 Evacuation Pause) 81M->73M(207M) 3.632ms
[2.894s][debug][gc,age] GC(205) Desired survivor size 4718592 bytes, new threshold 15 (max threshold 15)
[2.901s][trace][gc,age] GC(205) Age table with threshold 15 (max threshold 15)
[2.901s][trace][gc,age] GC(205) - age   1:    9012624 bytes,    9012624 total
[2.901s][trace][gc,age] GC(205) - age   2:     204832 bytes,    9217456 total
[2.901s][info ][gc    ] GC(205) Pause Young (Mixed) (G1 Evacuation Pause) 136M->76M(227M) 7.443ms
[2.917s][debug][gc,age] GC(206) Desired survivor size 5767168 bytes, new threshold 1 (max threshold 15)
[2.924s][trace][gc,age] GC(206) Age table with threshold 1 (max threshold 15)
[2.924s][trace][gc,age] GC(206) - age   1:   11265776 bytes,   11265776 total
[2.924s][info ][gc    ] GC(206) Pause Young (Mixed) (G1 Evacuation Pause) 149M->91M(227M) 6.572ms
[2.937s][debug][gc,age] GC(207) Desired survivor size 5242880 bytes, new threshold 1 (max threshold 15)
[2.942s][trace][gc,age] GC(207) Age table with threshold 1 (max threshold 15)
[2.942s][trace][gc,age] GC(207) - age   1:   10241616 bytes,   10241616 total
[2.942s][info ][gc    ] GC(207) Pause Young (Normal) (G1 Evacuation Pause) 156M->108M(227M) 5.636ms
[2.955s][debug][gc,age] GC(208) Desired survivor size 4718592 bytes, new threshold 1 (max threshold 15)
[2.963s][trace][gc,age] GC(208) Age table with threshold 1 (max threshold 15)
[2.963s][trace][gc,age] GC(208) - age   1:    9217440 bytes,    9217440 total
[2.963s][info ][gc    ] GC(208) Pause Young (Normal) (G1 Evacuation Pause) 163M->124M(227M) 7.864ms
[2.974s][debug][gc,age] GC(209) Desired survivor size 3670016 bytes, new threshold 1 (max threshold 15)
[2.981s][trace][gc,age] GC(209) Age table with threshold 1 (max threshold 15)
[2.981s][trace][gc,age] GC(209) - age   1:    7169136 bytes,    7169136 total
[2.982s][info ][gc    ] GC(209) Pause Young (Normal) (G1 Evacuation Pause) 168M->141M(238M) 7.836ms
[2.994s][debug][gc,age] GC(210) Desired survivor size 3145728 bytes, new threshold 1 (max threshold 15)
[2.999s][trace][gc,age] GC(210) Age table with threshold 1 (max threshold 15)
[2.999s][trace][gc,age] GC(210) - age   1:    6144960 bytes,    6144960 total
[2.999s][info ][gc    ] GC(210) Pause Young (Normal) (G1 Evacuation Pause) 181M->158M(238M) 5.070ms
[3.008s][debug][gc,age] GC(211) Desired survivor size 2621440 bytes, new threshold 1 (max threshold 15)
[3.012s][trace][gc,age] GC(211) Age table with threshold 1 (max threshold 15)
[3.012s][trace][gc,age] GC(211) - age   1:    5120816 bytes,    5120816 total
[3.012s][info ][gc    ] GC(211) Pause Young (Normal) (G1 Evacuation Pause) 189M->174M(238M) 4.467ms
[3.023s][debug][gc,age] GC(212) Desired survivor size 2097152 bytes, new threshold 1 (max threshold 15)
[3.027s][trace][gc,age] GC(212) Age table with threshold 1 (max threshold 15)
[3.027s][trace][gc,age] GC(212) - age   1:    4096640 bytes,    4096640 total
[3.027s][info ][gc    ] GC(212) Pause Young (Normal) (G1 Evacuation Pause) 197M->187M(238M) 4.288ms
[3.035s][debug][gc,age] GC(213) Desired survivor size 1572864 bytes, new threshold 1 (max threshold 15)
[3.038s][trace][gc,age] GC(213) Age table with threshold 1 (max threshold 15)
[3.038s][trace][gc,age] GC(213) - age   1:    3072496 bytes,    3072496 total
[3.038s][info ][gc    ] GC(213) Pause Young (Normal) (G1 Evacuation Pause) 204M->198M(245M) 3.492ms
[3.046s][debug][gc,age] GC(214) Desired survivor size 1572864 bytes, new threshold 1 (max threshold 15)
[3.049s][trace][gc,age] GC(214) Age table with threshold 1 (max threshold 15)
[3.049s][trace][gc,age] GC(214) - age   1:    3072496 bytes,    3072496 total
[3.049s][info ][gc    ] GC(214) Pause Young (Concurrent Start) (G1 Evacuation Pause) 213M->209M(245M) 3.550ms
[3.049s][info ][gc    ] GC(215) Concurrent Mark Cycle
[3.059s][debug][gc,age] GC(216) Desired survivor size 1048576 bytes, new threshold 1 (max threshold 15)
[3.061s][trace][gc,age] GC(216) Age table with threshold 1 (max threshold 15)
[3.061s][trace][gc,age] GC(216) - age   1:    2048320 bytes,    2048320 total
[3.061s][info ][gc    ] GC(216) Pause Young (Normal) (G1 Evacuation Pause) 220M->217M(245M) 2.396ms
[3.062s][debug][gc,age] GC(217) Desired survivor size 1048576 bytes, new threshold 1 (max threshold 15)
[3.065s][trace][gc,age] GC(217) Age table with threshold 1 (max threshold 15)
[3.065s][trace][gc,age] GC(217) - age   1:    2048336 bytes,    2048336 total
[3.065s][info ][gc    ] GC(217) Pause Young (Normal) (G1 Evacuation Pause) 227M->224M(245M) 2.352ms
[3.068s][debug][gc,age] GC(218) Desired survivor size 1048576 bytes, new threshold 1 (max threshold 15)
[3.070s][trace][gc,age] GC(218) Age table with threshold 1 (max threshold 15)
[3.070s][trace][gc,age] GC(218) - age   1:    2048336 bytes,    2048336 total
[3.070s][info ][gc    ] GC(218) Pause Young (Normal) (G1 Evacuation Pause) 234M->232M(250M) 2.454ms
[3.076s][debug][gc,age] GC(219) Desired survivor size 1048576 bytes, new threshold 1 (max threshold 15)
[3.080s][trace][gc,age] GC(219) Age table with threshold 1 (max threshold 15)
[3.080s][trace][gc,age] GC(219) - age   1:    2048336 bytes,    2048336 total
[3.080s][info ][gc    ] GC(219) Pause Young (Normal) (G1 Evacuation Pause) 242M->240M(254M) 4.716ms
[3.083s][debug][gc,age] GC(220) Desired survivor size 1048576 bytes, new threshold 1 (max threshold 15)
[3.085s][trace][gc,age] GC(220) Age table with threshold 1 (max threshold 15)
[3.085s][trace][gc,age] GC(220) - age   1:    2048320 bytes,    2048320 total
[3.085s][info ][gc    ] GC(220) Pause Young (Normal) (G1 Evacuation Pause) (Evacuation Failure) 250M->255M(256M) 2.182ms
[3.095s][trace][gc,age] GC(221) Age table with threshold 1 (max threshold 15)
[3.095s][trace][gc,age] GC(221) - age   1:    2048320 bytes,    2048320 total
[3.095s][info ][gc    ] GC(221) Pause Full (G1 Compaction Pause) 255M->30M(107M) 9.795ms
[3.101s][info ][gc    ] GC(215) Pause Remark 43M->43M(107M) 0.008ms
[3.101s][info ][gc    ] GC(215) Concurrent Mark Cycle 51.443ms
[3.107s][debug][gc,age] GC(222) Desired survivor size 2097152 bytes, new threshold 15 (max threshold 15)
[3.110s][trace][gc,age] GC(222) Age table with threshold 15 (max threshold 15)
[3.110s][trace][gc,age] GC(222) - age   1:    4096640 bytes,    4096640 total
[3.110s][info ][gc    ] GC(222) Pause Young (Normal) (G1 Evacuation Pause) 59M->48M(107M) 3.813ms
[3.119s][debug][gc,age] GC(223) Desired survivor size 1572864 bytes, new threshold 1 (max threshold 15)
[3.123s][trace][gc,age] GC(223) Age table with threshold 1 (max threshold 15)
[3.123s][trace][gc,age] GC(223) - age   1:    3072480 bytes,    3072480 total
[3.123s][info ][gc    ] GC(223) Pause Young (Normal) (G1 Evacuation Pause) 68M->61M(107M) 4.203ms
[3.129s][debug][gc,age] GC(224) Desired survivor size 1572864 bytes, new threshold 1 (max threshold 15)
[3.132s][trace][gc,age] GC(224) Age table with threshold 1 (max threshold 15)
[3.132s][trace][gc,age] GC(224) - age   1:    3072496 bytes,    3072496 total
[3.132s][info ][gc    ] GC(224) Pause Young (Concurrent Start) (G1 Evacuation Pause) 76M->73M(107M) 2.946ms
[3.132s][info ][gc    ] GC(225) Concurrent Mark Cycle
[3.140s][debug][gc,age] GC(226) Desired survivor size 1048576 bytes, new threshold 1 (max threshold 15)
[3.142s][trace][gc,age] GC(226) Age table with threshold 1 (max threshold 15)
[3.142s][trace][gc,age] GC(226) - age   1:    2048320 bytes,    2048320 total
[3.142s][info ][gc    ] GC(226) Pause Young (Normal) (G1 Evacuation Pause) 83M->81M(167M) 2.337ms
[3.143s][info ][gc    ] GC(225) Pause Remark 81M->74M(167M) 0.154ms
[3.148s][info ][gc    ] GC(225) Pause Cleanup 75M->75M(167M) 0.061ms
[3.151s][info ][gc    ] GC(225) Concurrent Mark Cycle 18.405ms
[3.159s][debug][gc,age] GC(227) Desired survivor size 2621440 bytes, new threshold 15 (max threshold 15)
[3.163s][trace][gc,age] GC(227) Age table with threshold 15 (max threshold 15)
[3.163s][trace][gc,age] GC(227) - age   1:    4915968 bytes,    4915968 total
[3.163s][trace][gc,age] GC(227) - age   2:     204832 bytes,    5120800 total
[3.163s][info ][gc    ] GC(227) Pause Young (Prepare Mixed) (G1 Evacuation Pause) 106M->92M(167M) 4.464ms
[3.168s][debug][gc,age] GC(228) Desired survivor size 2621440 bytes, new threshold 1 (max threshold 15)
[3.172s][trace][gc,age] GC(228) Age table with threshold 1 (max threshold 15)
[3.172s][trace][gc,age] GC(228) - age   1:    5120800 bytes,    5120800 total
[3.172s][info ][gc    ] GC(228) Pause Young (Mixed) (G1 Evacuation Pause) 120M->91M(167M) 4.442ms
[3.179s][debug][gc,age] GC(229) Desired survivor size 2621440 bytes, new threshold 1 (max threshold 15)
[3.183s][trace][gc,age] GC(229) Age table with threshold 1 (max threshold 15)
[3.183s][trace][gc,age] GC(229) - age   1:    5120816 bytes,    5120816 total
[3.183s][info ][gc    ] GC(229) Pause Young (Mixed) (G1 Evacuation Pause) 120M->90M(167M) 3.917ms
[3.199s][debug][gc,age] GC(230) Desired survivor size 2621440 bytes, new threshold 1 (max threshold 15)
[3.205s][trace][gc,age] GC(230) Age table with threshold 1 (max threshold 15)
[3.205s][trace][gc,age] GC(230) - age   1:    5120800 bytes,    5120800 total
[3.205s][info ][gc    ] GC(230) Pause Young (Mixed) (G1 Evacuation Pause) 118M->104M(167M) 5.589ms
[3.208s][debug][gc,age] GC(231) Desired survivor size 2097152 bytes, new threshold 1 (max threshold 15)
[3.212s][trace][gc,age] GC(231) Age table with threshold 1 (max threshold 15)
[3.212s][trace][gc,age] GC(231) - age   1:    4096656 bytes,    4096656 total
[3.212s][info ][gc    ] GC(231) Pause Young (Concurrent Start) (G1 Evacuation Pause) 127M->118M(203M) 3.615ms
[3.212s][info ][gc    ] GC(232) Concurrent Mark Cycle
[3.223s][info ][gc    ] GC(232) Pause Remark 130M->77M(203M) 0.182ms
[3.228s][info ][gc    ] GC(232) Pause Cleanup 77M->77M(203M) 0.065ms
[3.231s][info ][gc    ] GC(232) Concurrent Mark Cycle 18.957ms
[3.240s][debug][gc,age] GC(233) Desired survivor size 2621440 bytes, new threshold 1 (max threshold 15)
[3.247s][trace][gc,age] GC(233) Age table with threshold 1 (max threshold 15)
[3.247s][trace][gc,age] GC(233) - age   1:    5120800 bytes,    5120800 total
[3.247s][info ][gc    ] GC(233) Pause Young (Prepare Mixed) (G1 Evacuation Pause) 98M->82M(203M) 6.478ms
[3.257s][debug][gc,age] GC(234) Desired survivor size 3670016 bytes, new threshold 1 (max threshold 15)
[3.262s][trace][gc,age] GC(234) Age table with threshold 1 (max threshold 15)
[3.262s][trace][gc,age] GC(234) - age   1:    7169120 bytes,    7169120 total
[3.262s][info ][gc    ] GC(234) Pause Young (Mixed) (G1 Evacuation Pause) 133M->81M(203M) 5.232ms
[3.274s][debug][gc,age] GC(235) Desired survivor size 4194304 bytes, new threshold 1 (max threshold 15)
[3.280s][trace][gc,age] GC(235) Age table with threshold 1 (max threshold 15)
[3.280s][trace][gc,age] GC(235) - age   1:    8193280 bytes,    8193280 total
[3.280s][info ][gc    ] GC(235) Pause Young (Mixed) (G1 Evacuation Pause) 133M->93M(203M) 5.456ms
[3.290s][debug][gc,age] GC(236) Desired survivor size 3670016 bytes, new threshold 1 (max threshold 15)
[3.295s][trace][gc,age] GC(236) Age table with threshold 1 (max threshold 15)
[3.295s][trace][gc,age] GC(236) - age   1:    7169136 bytes,    7169136 total
[3.295s][info ][gc    ] GC(236) Pause Young (Normal) (G1 Evacuation Pause) 140M->110M(203M) 5.144ms
[3.306s][debug][gc,age] GC(237) Desired survivor size 3145728 bytes, new threshold 1 (max threshold 15)
[3.311s][trace][gc,age] GC(237) Age table with threshold 1 (max threshold 15)
[3.311s][trace][gc,age] GC(237) - age   1:    6144960 bytes,    6144960 total
[3.311s][info ][gc    ] GC(237) Pause Young (Normal) (G1 Evacuation Pause) 148M->126M(224M) 5.139ms
[3.325s][debug][gc,age] GC(238) Desired survivor size 3145728 bytes, new threshold 1 (max threshold 15)
[3.330s][trace][gc,age] GC(238) Age table with threshold 1 (max threshold 15)
[3.330s][trace][gc,age] GC(238) - age   1:    6144976 bytes,    6144976 total
[3.330s][info ][gc    ] GC(238) Pause Young (Normal) (G1 Evacuation Pause) 167M->146M(224M) 5.032ms
[3.339s][debug][gc,age] GC(239) Desired survivor size 2621440 bytes, new threshold 1 (max threshold 15)
[3.344s][trace][gc,age] GC(239) Age table with threshold 1 (max threshold 15)
[3.344s][trace][gc,age] GC(239) - age   1:    5120816 bytes,    5120816 total
[3.344s][info ][gc    ] GC(239) Pause Young (Concurrent Start) (G1 Evacuation Pause) 176M->161M(224M) 4.512ms
[3.344s][info ][gc    ] GC(240) Concurrent Mark Cycle
[3.351s][info ][gc    ] GC(240) Pause Remark 162M->54M(180M) 0.197ms
[3.352s][info ][gc    ] GC(240) Pause Cleanup 54M->54M(180M) 0.049ms
[3.352s][info ][gc    ] GC(240) Concurrent Mark Cycle 8.294ms
[3.359s][debug][gc,age] GC(241) Desired survivor size 2097152 bytes, new threshold 1 (max threshold 15)
[3.362s][trace][gc,age] GC(241) Age table with threshold 1 (max threshold 15)
[3.362s][trace][gc,age] GC(241) - age   1:    4096656 bytes,    4096656 total
[3.362s][info ][gc    ] GC(241) Pause Young (Prepare Mixed) (G1 Evacuation Pause) 75M->65M(180M) 3.154ms
[3.369s][debug][gc,age] GC(242) Desired survivor size 3670016 bytes, new threshold 1 (max threshold 15)
[3.374s][trace][gc,age] GC(242) Age table with threshold 1 (max threshold 15)
[3.374s][trace][gc,age] GC(242) - age   1:    7169136 bytes,    7169136 total
[3.374s][info ][gc    ] GC(242) Pause Young (Mixed) (G1 Evacuation Pause) 114M->69M(180M) 4.639ms
[3.386s][debug][gc,age] GC(243) Desired survivor size 3670016 bytes, new threshold 1 (max threshold 15)
[3.391s][trace][gc,age] GC(243) Age table with threshold 1 (max threshold 15)
[3.391s][trace][gc,age] GC(243) - age   1:    7169120 bytes,    7169120 total
[3.391s][info ][gc    ] GC(243) Pause Young (Normal) (G1 Evacuation Pause) 117M->87M(208M) 5.046ms
[3.404s][debug][gc,age] GC(244) Desired survivor size 4194304 bytes, new threshold 1 (max threshold 15)
[3.409s][trace][gc,age] GC(244) Age table with threshold 1 (max threshold 15)
[3.409s][trace][gc,age] GC(244) - age   1:    8193296 bytes,    8193296 total
[3.409s][info ][gc    ] GC(244) Pause Young (Normal) (G1 Evacuation Pause) 140M->106M(208M) 4.705ms
[3.416s][debug][gc,age] GC(245) Desired survivor size 3670016 bytes, new threshold 1 (max threshold 15)
[3.420s][trace][gc,age] GC(245) Age table with threshold 1 (max threshold 15)
[3.420s][trace][gc,age] GC(245) - age   1:    7169120 bytes,    7169120 total
[3.420s][info ][gc    ] GC(245) Pause Young (Normal) (G1 Evacuation Pause) 149M->123M(208M) 4.157ms
[3.428s][debug][gc,age] GC(246) Desired survivor size 3145728 bytes, new threshold 1 (max threshold 15)
[3.432s][trace][gc,age] GC(246) Age table with threshold 1 (max threshold 15)
[3.432s][trace][gc,age] GC(246) - age   1:    6144960 bytes,    6144960 total
[3.432s][info ][gc    ] GC(246) Pause Young (Normal) (G1 Evacuation Pause) 157M->139M(208M) 4.008ms
[3.443s][debug][gc,age] GC(247) Desired survivor size 2097152 bytes, new threshold 1 (max threshold 15)
[3.447s][trace][gc,age] GC(247) Age table with threshold 1 (max threshold 15)
[3.447s][trace][gc,age] GC(247) - age   1:    4096640 bytes,    4096640 total
[3.447s][info ][gc    ] GC(247) Pause Young (Concurrent Start) (G1 Evacuation Pause) 164M->152M(226M) 4.288ms
[3.447s][info ][gc    ] GC(248) Concurrent Mark Cycle
[3.450s][info ][gc    ] GC(248) Pause Remark 152M->59M(200M) 0.212ms
[3.453s][info ][gc    ] GC(248) Pause Cleanup 60M->60M(200M) 0.062ms
[3.455s][info ][gc    ] GC(248) Concurrent Mark Cycle 8.121ms
[3.463s][debug][gc,age] GC(249) Desired survivor size 2097152 bytes, new threshold 1 (max threshold 15)
[3.467s][trace][gc,age] GC(249) Age table with threshold 1 (max threshold 15)
[3.467s][trace][gc,age] GC(249) - age   1:    4096640 bytes,    4096640 total
[3.467s][info ][gc    ] GC(249) Pause Young (Prepare Mixed) (G1 Evacuation Pause) 86M->75M(200M) 3.853ms
[3.476s][debug][gc,age] GC(250) Desired survivor size 4194304 bytes, new threshold 15 (max threshold 15)
[3.482s][trace][gc,age] GC(250) Age table with threshold 15 (max threshold 15)
[3.482s][trace][gc,age] GC(250) - age   1:    7783616 bytes,    7783616 total
[3.482s][trace][gc,age] GC(250) - age   2:     409664 bytes,    8193280 total
[3.482s][info ][gc    ] GC(250) Pause Young (Mixed) (G1 Evacuation Pause) 130M->77M(200M) 5.533ms
[3.495s][debug][gc,age] GC(251) Desired survivor size 4194304 bytes, new threshold 1 (max threshold 15)
[3.501s][trace][gc,age] GC(251) Age table with threshold 1 (max threshold 15)
[3.501s][trace][gc,age] GC(251) - age   1:    8193296 bytes,    8193296 total
[3.501s][info ][gc    ] GC(251) Pause Young (Mixed) (G1 Evacuation Pause) 132M->93M(200M) 5.781ms
[3.513s][debug][gc,age] GC(252) Desired survivor size 3670016 bytes, new threshold 1 (max threshold 15)
[3.519s][trace][gc,age] GC(252) Age table with threshold 1 (max threshold 15)
[3.519s][trace][gc,age] GC(252) - age   1:    7169136 bytes,    7169136 total
[3.519s][info ][gc    ] GC(252) Pause Young (Normal) (G1 Evacuation Pause) 140M->110M(200M) 5.771ms
[3.524s][debug][gc,age] GC(253) Desired survivor size 3145728 bytes, new threshold 1 (max threshold 15)
[3.529s][trace][gc,age] GC(253) Age table with threshold 1 (max threshold 15)
[3.529s][trace][gc,age] GC(253) - age   1:    6144960 bytes,    6144960 total
[3.529s][info ][gc    ] GC(253) Pause Young (Normal) (G1 Evacuation Pause) 147M->127M(220M) 4.429ms
[3.550s][debug][gc,age] GC(254) Desired survivor size 3145728 bytes, new threshold 1 (max threshold 15)
[3.555s][trace][gc,age] GC(254) Age table with threshold 1 (max threshold 15)
[3.555s][trace][gc,age] GC(254) - age   1:    6144976 bytes,    6144976 total
[3.555s][info ][gc    ] GC(254) Pause Young (Normal) (G1 Evacuation Pause) 166M->145M(220M) 5.268ms
[3.560s][debug][gc,age] GC(255) Desired survivor size 2621440 bytes, new threshold 1 (max threshold 15)
[3.565s][trace][gc,age] GC(255) Age table with threshold 1 (max threshold 15)
[3.565s][trace][gc,age] GC(255) - age   1:    5120800 bytes,    5120800 total
[3.565s][info ][gc    ] GC(255) Pause Young (Normal) (G1 Evacuation Pause) 174M->160M(220M) 4.769ms
[3.575s][debug][gc,age] GC(256) Desired survivor size 2097152 bytes, new threshold 1 (max threshold 15)
[3.578s][trace][gc,age] GC(256) Age table with threshold 1 (max threshold 15)
[3.579s][trace][gc,age] GC(256) - age   1:    4096656 bytes,    4096656 total
[3.579s][info ][gc    ] GC(256) Pause Young (Concurrent Start) (G1 Evacuation Pause) 181M->172M(220M) 3.890ms
[3.579s][info ][gc    ] GC(257) Concurrent Mark Cycle
[3.588s][debug][gc,age] GC(258) Desired survivor size 1572864 bytes, new threshold 1 (max threshold 15)
[3.591s][trace][gc,age] GC(258) Age table with threshold 1 (max threshold 15)
[3.591s][trace][gc,age] GC(258) - age   1:    3072496 bytes,    3072496 total
[3.591s][info ][gc    ] GC(258) Pause Young (Normal) (G1 Evacuation Pause) 188M->183M(235M) 3.239ms
[3.599s][info ][gc    ] GC(257) Pause Remark 191M->78M(235M) 0.258ms
[3.600s][info ][gc    ] GC(257) Pause Cleanup 78M->78M(235M) 0.070ms
[3.603s][info ][gc    ] GC(257) Concurrent Mark Cycle 24.865ms
[3.611s][debug][gc,age] GC(259) Desired survivor size 1572864 bytes, new threshold 1 (max threshold 15)
[3.613s][trace][gc,age] GC(259) Age table with threshold 1 (max threshold 15)
[3.613s][trace][gc,age] GC(259) - age   1:    3072496 bytes,    3072496 total
[3.613s][info ][gc    ] GC(259) Pause Young (Prepare Mixed) (G1 Evacuation Pause) 88M->81M(235M) 2.792ms
[3.626s][debug][gc,age] GC(260) Desired survivor size 5767168 bytes, new threshold 15 (max threshold 15)
[3.632s][trace][gc,age] GC(260) Age table with threshold 15 (max threshold 15)
[3.632s][trace][gc,age] GC(260) - age   1:   11265760 bytes,   11265760 total
[3.632s][info ][gc    ] GC(260) Pause Young (Mixed) (G1 Evacuation Pause) 159M->87M(235M) 6.197ms
[3.648s][debug][gc,age] GC(261) Desired survivor size 5767168 bytes, new threshold 1 (max threshold 15)
[3.654s][trace][gc,age] GC(261) Age table with threshold 1 (max threshold 15)
[3.654s][trace][gc,age] GC(261) - age   1:   11265776 bytes,   11265776 total
[3.654s][info ][gc    ] GC(261) Pause Young (Normal) (G1 Evacuation Pause) 161M->104M(235M) 6.168ms
[3.669s][debug][gc,age] GC(262) Desired survivor size 5242880 bytes, new threshold 1 (max threshold 15)
[3.675s][trace][gc,age] GC(262) Age table with threshold 1 (max threshold 15)
[3.675s][trace][gc,age] GC(262) - age   1:   10241600 bytes,   10241600 total
[3.675s][info ][gc    ] GC(262) Pause Young (Normal) (G1 Evacuation Pause) 168M->121M(235M) 5.936ms
[3.684s][debug][gc,age] GC(263) Desired survivor size 4194304 bytes, new threshold 1 (max threshold 15)
[3.689s][trace][gc,age] GC(263) Age table with threshold 1 (max threshold 15)
[3.689s][trace][gc,age] GC(263) - age   1:    8193280 bytes,    8193280 total
[3.689s][info ][gc    ] GC(263) Pause Young (Normal) (G1 Evacuation Pause) 174M->138M(242M) 5.587ms
[3.708s][debug][gc,age] GC(264) Desired survivor size 3670016 bytes, new threshold 1 (max threshold 15)
[3.712s][trace][gc,age] GC(264) Age table with threshold 1 (max threshold 15)
[3.712s][trace][gc,age] GC(264) - age   1:    7169120 bytes,    7169120 total
[3.713s][info ][gc    ] GC(264) Pause Young (Normal) (G1 Evacuation Pause) 184M->155M(242M) 4.866ms
[3.720s][debug][gc,age] GC(265) Desired survivor size 3145728 bytes, new threshold 1 (max threshold 15)
[3.724s][trace][gc,age] GC(265) Age table with threshold 1 (max threshold 15)
[3.724s][trace][gc,age] GC(265) - age   1:    6144976 bytes,    6144976 total
[3.724s][info ][gc    ] GC(265) Pause Young (Concurrent Start) (G1 Evacuation Pause) 191M->171M(242M) 4.501ms
[3.724s][info ][gc    ] GC(266) Concurrent Mark Cycle
[3.734s][info ][gc    ] GC(266) Pause Remark 188M->70M(180M) 0.227ms
[3.740s][info ][gc    ] GC(266) Pause Cleanup 70M->70M(180M) 0.058ms
[3.740s][info ][gc    ] GC(266) Concurrent Mark Cycle 15.865ms
[3.742s][debug][gc,age] GC(267) Desired survivor size 2621440 bytes, new threshold 1 (max threshold 15)
[3.746s][trace][gc,age] GC(267) Age table with threshold 1 (max threshold 15)
[3.746s][trace][gc,age] GC(267) - age   1:    5120800 bytes,    5120800 total
[3.746s][info ][gc    ] GC(267) Pause Young (Prepare Mixed) (G1 Evacuation Pause) 80M->67M(180M) 4.324ms
[3.758s][debug][gc,age] GC(268) Desired survivor size 3670016 bytes, new threshold 1 (max threshold 15)
[3.764s][trace][gc,age] GC(268) Age table with threshold 1 (max threshold 15)
[3.764s][trace][gc,age] GC(268) - age   1:    7169136 bytes,    7169136 total
[3.764s][info ][gc    ] GC(268) Pause Young (Mixed) (G1 Evacuation Pause) 115M->71M(180M) 5.740ms
[3.771s][debug][gc,age] GC(269) Desired survivor size 3670016 bytes, new threshold 1 (max threshold 15)
[3.777s][trace][gc,age] GC(269) Age table with threshold 1 (max threshold 15)
[3.777s][trace][gc,age] GC(269) - age   1:    7169120 bytes,    7169120 total
[3.777s][info ][gc    ] GC(269) Pause Young (Normal) (G1 Evacuation Pause) 118M->89M(211M) 5.482ms
[3.787s][debug][gc,age] GC(270) Desired survivor size 4194304 bytes, new threshold 1 (max threshold 15)
[3.792s][trace][gc,age] GC(270) Age table with threshold 1 (max threshold 15)
[3.792s][trace][gc,age] GC(270) - age   1:    8193280 bytes,    8193280 total
[3.792s][info ][gc    ] GC(270) Pause Young (Normal) (G1 Evacuation Pause) 143M->108M(211M) 5.562ms
[3.803s][debug][gc,age] GC(271) Desired survivor size 3670016 bytes, new threshold 1 (max threshold 15)
[3.808s][trace][gc,age] GC(271) Age table with threshold 1 (max threshold 15)
[3.808s][trace][gc,age] GC(271) - age   1:    7169120 bytes,    7169120 total
[3.808s][info ][gc    ] GC(271) Pause Young (Normal) (G1 Evacuation Pause) 152M->124M(211M) 5.361ms
[3.820s][debug][gc,age] GC(272) Desired survivor size 3145728 bytes, new threshold 1 (max threshold 15)
[3.824s][trace][gc,age] GC(272) Age table with threshold 1 (max threshold 15)
[3.824s][trace][gc,age] GC(272) - age   1:    6144960 bytes,    6144960 total
[3.824s][info ][gc    ] GC(272) Pause Young (Normal) (G1 Evacuation Pause) 159M->140M(211M) 4.405ms
[3.835s][debug][gc,age] GC(273) Desired survivor size 2621440 bytes, new threshold 1 (max threshold 15)
[3.839s][trace][gc,age] GC(273) Age table with threshold 1 (max threshold 15)
[3.839s][trace][gc,age] GC(273) - age   1:    5120816 bytes,    5120816 total
[3.839s][info ][gc    ] GC(273) Pause Young (Normal) (G1 Evacuation Pause) 167M->155M(229M) 4.152ms
[3.844s][debug][gc,age] GC(274) Desired survivor size 2621440 bytes, new threshold 1 (max threshold 15)
[3.848s][trace][gc,age] GC(274) Age table with threshold 1 (max threshold 15)
[3.848s][trace][gc,age] GC(274) - age   1:    5120800 bytes,    5120800 total
[3.848s][info ][gc    ] GC(274) Pause Young (Normal) (G1 Evacuation Pause) 183M->170M(229M) 3.974ms
[3.857s][debug][gc,age] GC(275) Desired survivor size 2097152 bytes, new threshold 1 (max threshold 15)
[3.861s][trace][gc,age] GC(275) Age table with threshold 1 (max threshold 15)
[3.861s][trace][gc,age] GC(275) - age   1:    4096640 bytes,    4096640 total
[3.861s][info ][gc    ] GC(275) Pause Young (Normal) (G1 Evacuation Pause) 191M->183M(229M) 3.907ms
[3.867s][debug][gc,age] GC(276) Desired survivor size 1572864 bytes, new threshold 1 (max threshold 15)
[3.869s][trace][gc,age] GC(276) Age table with threshold 1 (max threshold 15)
[3.869s][trace][gc,age] GC(276) - age   1:    3072480 bytes,    3072480 total
[3.869s][info ][gc    ] GC(276) Pause Young (Normal) (G1 Evacuation Pause) 198M->193M(229M) 2.595ms
[3.872s][debug][gc,age] GC(277) Desired survivor size 1048576 bytes, new threshold 1 (max threshold 15)
[3.874s][trace][gc,age] GC(277) Age table with threshold 1 (max threshold 15)
[3.874s][trace][gc,age] GC(277) - age   1:    2048336 bytes,    2048336 total
[3.874s][info ][gc    ] GC(277) Pause Young (Concurrent Start) (G1 Evacuation Pause) 204M->200M(240M) 2.236ms
[3.874s][info ][gc    ] GC(278) Concurrent Mark Cycle
[3.884s][debug][gc,age] GC(279) Desired survivor size 1048576 bytes, new threshold 1 (max threshold 15)
[3.886s][trace][gc,age] GC(279) Age table with threshold 1 (max threshold 15)
[3.886s][trace][gc,age] GC(279) - age   1:    2048336 bytes,    2048336 total
[3.886s][info ][gc    ] GC(279) Pause Young (Normal) (G1 Evacuation Pause) 213M->210M(240M) 2.326ms
[3.887s][info ][gc    ] GC(278) Pause Remark 211M->79M(240M) 0.191ms
[3.892s][info ][gc    ] GC(278) Pause Cleanup 79M->79M(240M) 0.067ms
[3.893s][info ][gc    ] GC(278) Concurrent Mark Cycle 19.100ms
[3.893s][debug][gc,age] GC(280) Desired survivor size 1048576 bytes, new threshold 1 (max threshold 15)
[3.895s][trace][gc,age] GC(280) Age table with threshold 1 (max threshold 15)
[3.895s][trace][gc,age] GC(280) - age   1:    2048320 bytes,    2048320 total
[3.895s][info ][gc    ] GC(280) Pause Young (Prepare Mixed) (G1 Evacuation Pause) 88M->87M(240M) 1.977ms
[3.909s][debug][gc,age] GC(281) Desired survivor size 4718592 bytes, new threshold 15 (max threshold 15)
[3.914s][trace][gc,age] GC(281) Age table with threshold 15 (max threshold 15)
[3.914s][trace][gc,age] GC(281) - age   1:    9217456 bytes,    9217456 total
[3.914s][info ][gc    ] GC(281) Pause Young (Mixed) (G1 Evacuation Pause) 151M->88M(240M) 5.564ms
[3.929s][debug][gc,age] GC(282) Desired survivor size 5242880 bytes, new threshold 1 (max threshold 15)
[3.935s][trace][gc,age] GC(282) Age table with threshold 1 (max threshold 15)
[3.935s][trace][gc,age] GC(282) - age   1:   10241600 bytes,   10241600 total
[3.935s][info ][gc    ] GC(282) Pause Young (Mixed) (G1 Evacuation Pause) 154M->100M(240M) 5.906ms
[3.946s][debug][gc,age] GC(283) Desired survivor size 4718592 bytes, new threshold 1 (max threshold 15)
[3.952s][trace][gc,age] GC(283) Age table with threshold 1 (max threshold 15)
[3.952s][trace][gc,age] GC(283) - age   1:    9217456 bytes,    9217456 total
[3.952s][info ][gc    ] GC(283) Pause Young (Normal) (G1 Evacuation Pause) 162M->117M(247M) 5.781ms
[3.970s][debug][gc,age] GC(284) Desired survivor size 4718592 bytes, new threshold 1 (max threshold 15)
[3.976s][trace][gc,age] GC(284) Age table with threshold 1 (max threshold 15)
[3.976s][trace][gc,age] GC(284) - age   1:    9217440 bytes,    9217440 total
[3.976s][info ][gc    ] GC(284) Pause Young (Normal) (G1 Evacuation Pause) 175M->135M(247M) 5.518ms
[3.983s][debug][gc,age] GC(285) Desired survivor size 4194304 bytes, new threshold 1 (max threshold 15)
[3.988s][trace][gc,age] GC(285) Age table with threshold 1 (max threshold 15)
[3.988s][trace][gc,age] GC(285) - age   1:    8193280 bytes,    8193280 total
[3.988s][info ][gc    ] GC(285) Pause Young (Normal) (G1 Evacuation Pause) 184M->151M(247M) 5.337ms
[3.997s][debug][gc,age] GC(286) Desired survivor size 3145728 bytes, new threshold 1 (max threshold 15)
[4.001s][trace][gc,age] GC(286) Age table with threshold 1 (max threshold 15)
[4.001s][trace][gc,age] GC(286) - age   1:    6144976 bytes,    6144976 total
[4.001s][info ][gc    ] GC(286) Pause Young (Normal) (G1 Evacuation Pause) 191M->167M(247M) 4.272ms
[4.009s][debug][gc,age] GC(287) Desired survivor size 2621440 bytes, new threshold 1 (max threshold 15)
[4.013s][trace][gc,age] GC(287) Age table with threshold 1 (max threshold 15)
[4.013s][trace][gc,age] GC(287) - age   1:    5120800 bytes,    5120800 total
[4.013s][info ][gc    ] GC(287) Pause Young (Concurrent Start) (G1 Evacuation Pause) 198M->182M(251M) 4.201ms
[4.013s][info ][gc    ] GC(288) Concurrent Mark Cycle
[4.025s][info ][gc    ] GC(288) Pause Remark 186M->64M(204M) 0.286ms
[4.026s][info ][gc    ] GC(288) Pause Cleanup 64M->64M(204M) 0.056ms
[4.027s][info ][gc    ] GC(288) Concurrent Mark Cycle 13.986ms
[4.031s][debug][gc,age] GC(289) Desired survivor size 2097152 bytes, new threshold 1 (max threshold 15)
[4.035s][trace][gc,age] GC(289) Age table with threshold 1 (max threshold 15)
[4.035s][trace][gc,age] GC(289) - age   1:    4096656 bytes,    4096656 total
[4.035s][info ][gc    ] GC(289) Pause Young (Prepare Mixed) (G1 Evacuation Pause) 86M->74M(204M) 3.947ms
[4.044s][debug][gc,age] GC(290) Desired survivor size 4194304 bytes, new threshold 15 (max threshold 15)
[4.049s][trace][gc,age] GC(290) Age table with threshold 15 (max threshold 15)
[4.049s][trace][gc,age] GC(290) - age   1:    7886032 bytes,    7886032 total
[4.049s][trace][gc,age] GC(290) - age   2:     307248 bytes,    8193280 total
[4.049s][info ][gc    ] GC(290) Pause Young (Mixed) (G1 Evacuation Pause) 130M->75M(204M) 5.227ms
[4.063s][debug][gc,age] GC(291) Desired survivor size 4718592 bytes, new threshold 1 (max threshold 15)
[4.068s][trace][gc,age] GC(291) Age table with threshold 1 (max threshold 15)
[4.068s][trace][gc,age] GC(291) - age   1:    9217440 bytes,    9217440 total
[4.068s][info ][gc    ] GC(291) Pause Young (Mixed) (G1 Evacuation Pause) 132M->91M(204M) 5.178ms
[4.078s][debug][gc,age] GC(292) Desired survivor size 4194304 bytes, new threshold 1 (max threshold 15)
[4.083s][trace][gc,age] GC(292) Age table with threshold 1 (max threshold 15)
[4.083s][trace][gc,age] GC(292) - age   1:    8193296 bytes,    8193296 total
[4.083s][info ][gc    ] GC(292) Pause Young (Normal) (G1 Evacuation Pause) 140M->108M(204M) 5.161ms
[4.094s][debug][gc,age] GC(293) Desired survivor size 3145728 bytes, new threshold 1 (max threshold 15)
[4.099s][trace][gc,age] GC(293) Age table with threshold 1 (max threshold 15)
[4.099s][trace][gc,age] GC(293) - age   1:    6144976 bytes,    6144976 total
[4.099s][info ][gc    ] GC(293) Pause Young (Normal) (G1 Evacuation Pause) 147M->124M(225M) 5.163ms
[4.110s][debug][gc,age] GC(294) Desired survivor size 3145728 bytes, new threshold 1 (max threshold 15)
[4.115s][trace][gc,age] GC(294) Age table with threshold 1 (max threshold 15)
[4.115s][trace][gc,age] GC(294) - age   1:    6144960 bytes,    6144960 total
[4.115s][info ][gc    ] GC(294) Pause Young (Normal) (G1 Evacuation Pause) 166M->142M(225M) 4.766ms
[4.120s][debug][gc,age] GC(295) Desired survivor size 2621440 bytes, new threshold 1 (max threshold 15)
[4.124s][trace][gc,age] GC(295) Age table with threshold 1 (max threshold 15)
[4.124s][trace][gc,age] GC(295) - age   1:    5120800 bytes,    5120800 total
[4.124s][info ][gc    ] GC(295) Pause Young (Normal) (G1 Evacuation Pause) 175M->158M(225M) 4.198ms
[4.132s][debug][gc,age] GC(296) Desired survivor size 2097152 bytes, new threshold 1 (max threshold 15)
[4.135s][trace][gc,age] GC(296) Age table with threshold 1 (max threshold 15)
[4.135s][trace][gc,age] GC(296) - age   1:    4096640 bytes,    4096640 total
[4.135s][info ][gc    ] GC(296) Pause Young (Normal) (G1 Evacuation Pause) 183M->172M(225M) 3.774ms
[4.143s][debug][gc,age] GC(297) Desired survivor size 1572864 bytes, new threshold 1 (max threshold 15)
[4.146s][trace][gc,age] GC(297) Age table with threshold 1 (max threshold 15)
[4.146s][trace][gc,age] GC(297) - age   1:    3072496 bytes,    3072496 total
[4.146s][info ][gc    ] GC(297) Pause Young (Normal) (G1 Evacuation Pause) 190M->183M(238M) 3.424ms
[4.158s][debug][gc,age] GC(298) Desired survivor size 1572864 bytes, new threshold 1 (max threshold 15)
[4.162s][trace][gc,age] GC(298) Age table with threshold 1 (max threshold 15)
[4.162s][trace][gc,age] GC(298) - age   1:    3072480 bytes,    3072480 total
[4.162s][info ][gc    ] GC(298) Pause Young (Normal) (G1 Evacuation Pause) 202M->196M(238M) 3.483ms
[4.168s][debug][gc,age] GC(299) Desired survivor size 1048576 bytes, new threshold 1 (max threshold 15)
[4.171s][trace][gc,age] GC(299) Age table with threshold 1 (max threshold 15)
[4.171s][trace][gc,age] GC(299) - age   1:    2048320 bytes,    2048320 total
[4.171s][info ][gc    ] GC(299) Pause Young (Concurrent Start) (G1 Evacuation Pause) 209M->205M(238M) 2.556ms
[4.171s][info ][gc    ] GC(300) Concurrent Mark Cycle
[4.179s][info ][gc    ] GC(300) Pause Remark 214M->83M(238M) 0.212ms
[4.180s][debug][gc,age] GC(301) Desired survivor size 1048576 bytes, new threshold 1 (max threshold 15)
[4.182s][trace][gc,age] GC(301) Age table with threshold 1 (max threshold 15)
[4.182s][trace][gc,age] GC(301) - age   1:    2048336 bytes,    2048336 total
[4.182s][info ][gc    ] GC(301) Pause Young (Normal) (G1 Evacuation Pause) 84M->82M(238M) 1.917ms
[4.185s][info ][gc    ] GC(300) Pause Cleanup 100M->100M(238M) 0.060ms
[4.185s][info ][gc    ] GC(300) Concurrent Mark Cycle 14.092ms
[4.194s][debug][gc,age] GC(302) Desired survivor size 4718592 bytes, new threshold 15 (max threshold 15)
[4.199s][trace][gc,age] GC(302) Age table with threshold 15 (max threshold 15)
[4.199s][trace][gc,age] GC(302) - age   1:    9217456 bytes,    9217456 total
[4.199s][info ][gc    ] GC(302) Pause Young (Prepare Mixed) (G1 Evacuation Pause) 149M->107M(238M) 5.743ms
[4.208s][debug][gc,age] GC(303) Desired survivor size 4718592 bytes, new threshold 1 (max threshold 15)
[4.213s][trace][gc,age] GC(303) Age table with threshold 1 (max threshold 15)
[4.213s][trace][gc,age] GC(303) - age   1:    9217456 bytes,    9217456 total
[4.213s][info ][gc    ] GC(303) Pause Young (Mixed) (G1 Evacuation Pause) 163M->101M(238M) 5.377ms
[4.227s][debug][gc,age] GC(304) Desired survivor size 4718592 bytes, new threshold 1 (max threshold 15)
[4.233s][trace][gc,age] GC(304) Age table with threshold 1 (max threshold 15)
[4.233s][trace][gc,age] GC(304) - age   1:    9217440 bytes,    9217440 total
[4.233s][info ][gc    ] GC(304) Pause Young (Mixed) (G1 Evacuation Pause) 161M->106M(245M) 5.486ms
[4.248s][debug][gc,age] GC(305) Desired survivor size 4718592 bytes, new threshold 1 (max threshold 15)
[4.253s][trace][gc,age] GC(305) Age table with threshold 1 (max threshold 15)
[4.253s][trace][gc,age] GC(305) - age   1:    9217456 bytes,    9217456 total
[4.253s][info ][gc    ] GC(305) Pause Young (Normal) (G1 Evacuation Pause) 168M->125M(245M) 5.533ms
[4.266s][debug][gc,age] GC(306) Desired survivor size 4194304 bytes, new threshold 1 (max threshold 15)
[4.272s][trace][gc,age] GC(306) Age table with threshold 1 (max threshold 15)
[4.272s][trace][gc,age] GC(306) - age   1:    8193296 bytes,    8193296 total
[4.272s][info ][gc    ] GC(306) Pause Young (Normal) (G1 Evacuation Pause) 178M->143M(245M) 5.372ms
[4.281s][debug][gc,age] GC(307) Desired survivor size 3670016 bytes, new threshold 1 (max threshold 15)
[4.287s][trace][gc,age] GC(307) Age table with threshold 1 (max threshold 15)
[4.287s][trace][gc,age] GC(307) - age   1:    7169136 bytes,    7169136 total
[4.287s][info ][gc    ] GC(307) Pause Young (Normal) (G1 Evacuation Pause) 186M->160M(245M) 5.841ms
[4.292s][debug][gc,age] GC(308) Desired survivor size 3145728 bytes, new threshold 1 (max threshold 15)
[4.297s][trace][gc,age] GC(308) Age table with threshold 1 (max threshold 15)
[4.297s][trace][gc,age] GC(308) - age   1:    6144960 bytes,    6144960 total
[4.297s][info ][gc    ] GC(308) Pause Young (Normal) (G1 Evacuation Pause) 194M->176M(249M) 4.396ms
[4.304s][debug][gc,age] GC(309) Desired survivor size 2621440 bytes, new threshold 1 (max threshold 15)
[4.308s][trace][gc,age] GC(309) Age table with threshold 1 (max threshold 15)
[4.308s][trace][gc,age] GC(309) - age   1:    5120800 bytes,    5120800 total
[4.308s][info ][gc    ] GC(309) Pause Young (Normal) (G1 Evacuation Pause) 204M->189M(249M) 3.866ms
[4.315s][debug][gc,age] GC(310) Desired survivor size 2097152 bytes, new threshold 1 (max threshold 15)
[4.318s][trace][gc,age] GC(310) Age table with threshold 1 (max threshold 15)
[4.318s][trace][gc,age] GC(310) - age   1:    4096640 bytes,    4096640 total
[4.318s][info ][gc    ] GC(310) Pause Young (Concurrent Start) (G1 Evacuation Pause) 210M->201M(249M) 3.037ms
[4.318s][info ][gc    ] GC(311) Concurrent Mark Cycle
[4.331s][debug][gc,age] GC(312) Desired survivor size 1572864 bytes, new threshold 1 (max threshold 15)
[4.334s][trace][gc,age] GC(312) Age table with threshold 1 (max threshold 15)
[4.334s][trace][gc,age] GC(312) - age   1:    3072496 bytes,    3072496 total
[4.334s][info ][gc    ] GC(312) Pause Young (Normal) (G1 Evacuation Pause) 217M->212M(249M) 2.879ms
[4.335s][info ][gc    ] GC(311) Pause Remark 221M->81M(244M) 0.238ms
[4.340s][info ][gc    ] GC(311) Pause Cleanup 81M->81M(244M) 0.070ms
[4.341s][info ][gc    ] GC(311) Concurrent Mark Cycle 23.303ms
[4.341s][debug][gc,age] GC(313) Desired survivor size 1048576 bytes, new threshold 1 (max threshold 15)
[4.344s][trace][gc,age] GC(313) Age table with threshold 1 (max threshold 15)
[4.344s][trace][gc,age] GC(313) - age   1:    2048320 bytes,    2048320 total
[4.344s][info ][gc    ] GC(313) Pause Young (Prepare Mixed) (G1 Evacuation Pause) 84M->81M(244M) 3.348ms
[4.356s][debug][gc,age] GC(314) Desired survivor size 5242880 bytes, new threshold 15 (max threshold 15)
[4.362s][trace][gc,age] GC(314) Age table with threshold 15 (max threshold 15)
[4.362s][trace][gc,age] GC(314) - age   1:   10241616 bytes,   10241616 total
[4.363s][info ][gc    ] GC(314) Pause Young (Mixed) (G1 Evacuation Pause) 155M->84M(249M) 6.901ms
[4.378s][debug][gc,age] GC(315) Desired survivor size 5767168 bytes, new threshold 1 (max threshold 15)
[4.385s][trace][gc,age] GC(315) Age table with threshold 1 (max threshold 15)
[4.385s][trace][gc,age] GC(315) - age   1:   11265776 bytes,   11265776 total
[4.385s][info ][gc    ] GC(315) Pause Young (Normal) (G1 Evacuation Pause) 161M->102M(249M) 6.111ms
[4.398s][debug][gc,age] GC(316) Desired survivor size 5242880 bytes, new threshold 1 (max threshold 15)
[4.404s][trace][gc,age] GC(316) Age table with threshold 1 (max threshold 15)
[4.404s][trace][gc,age] GC(316) - age   1:   10241616 bytes,   10241616 total
[4.404s][info ][gc    ] GC(316) Pause Young (Normal) (G1 Evacuation Pause) 171M->119M(249M) 6.614ms
[4.414s][debug][gc,age] GC(317) Desired survivor size 4718592 bytes, new threshold 1 (max threshold 15)
[4.420s][trace][gc,age] GC(317) Age table with threshold 1 (max threshold 15)
[4.420s][trace][gc,age] GC(317) - age   1:    9217456 bytes,    9217456 total
[4.420s][info ][gc    ] GC(317) Pause Young (Normal) (G1 Evacuation Pause) 179M->136M(249M) 6.365ms
[4.430s][debug][gc,age] GC(318) Desired survivor size 4194304 bytes, new threshold 1 (max threshold 15)
[4.436s][trace][gc,age] GC(318) Age table with threshold 1 (max threshold 15)
[4.436s][trace][gc,age] GC(318) - age   1:    8193296 bytes,    8193296 total
[4.436s][info ][gc    ] GC(318) Pause Young (Normal) (G1 Evacuation Pause) 186M->154M(252M) 6.234ms
[4.447s][debug][gc,age] GC(319) Desired survivor size 3670016 bytes, new threshold 1 (max threshold 15)
[4.452s][trace][gc,age] GC(319) Age table with threshold 1 (max threshold 15)
[4.452s][trace][gc,age] GC(319) - age   1:    7169120 bytes,    7169120 total
[4.452s][info ][gc    ] GC(319) Pause Young (Normal) (G1 Evacuation Pause) 196M->171M(252M) 5.312ms
[4.459s][debug][gc,age] GC(320) Desired survivor size 2621440 bytes, new threshold 1 (max threshold 15)
[4.463s][trace][gc,age] GC(320) Age table with threshold 1 (max threshold 15)
[4.463s][trace][gc,age] GC(320) - age   1:    5120816 bytes,    5120816 total
[4.463s][info ][gc    ] GC(320) Pause Young (Concurrent Start) (G1 Evacuation Pause) 203M->185M(252M) 4.244ms
[4.466s][info ][gc    ] GC(321) Concurrent Mark Cycle
[4.475s][debug][gc,age] GC(322) Desired survivor size 2097152 bytes, new threshold 1 (max threshold 15)
[4.479s][trace][gc,age] GC(322) Age table with threshold 1 (max threshold 15)
[4.479s][trace][gc,age] GC(322) - age   1:    4096656 bytes,    4096656 total
[4.479s][info ][gc    ] GC(322) Pause Young (Normal) (G1 Evacuation Pause) 210M->200M(252M) 4.147ms
[4.481s][debug][gc,age] GC(323) Desired survivor size 1572864 bytes, new threshold 1 (max threshold 15)
[4.485s][trace][gc,age] GC(323) Age table with threshold 1 (max threshold 15)
[4.485s][trace][gc,age] GC(323) - age   1:    3072480 bytes,    3072480 total
[4.485s][info ][gc    ] GC(323) Pause Young (Normal) (G1 Evacuation Pause) 218M->211M(254M) 3.150ms
[4.491s][debug][gc,age] GC(324) Desired survivor size 1572864 bytes, new threshold 1 (max threshold 15)
[4.493s][trace][gc,age] GC(324) Age table with threshold 1 (max threshold 15)
[4.493s][trace][gc,age] GC(324) - age   1:    3072480 bytes,    3072480 total
[4.493s][info ][gc    ] GC(324) Pause Young (Normal) (G1 Evacuation Pause) 225M->221M(254M) 2.774ms
[4.499s][debug][gc,age] GC(325) Desired survivor size 1048576 bytes, new threshold 1 (max threshold 15)
[4.501s][trace][gc,age] GC(325) Age table with threshold 1 (max threshold 15)
[4.501s][trace][gc,age] GC(325) - age   1:    2048320 bytes,    2048320 total
[4.501s][info ][gc    ] GC(325) Pause Young (Normal) (G1 Evacuation Pause) 231M->229M(254M) 2.134ms
[4.501s][info ][gc    ] GC(321) Pause Remark 229M->101M(254M) 0.216ms
[4.508s][info ][gc    ] GC(321) Pause Cleanup 102M->102M(254M) 0.076ms
[4.510s][info ][gc    ] GC(321) Concurrent Mark Cycle 43.214ms
[4.510s][debug][gc,age] GC(326) Desired survivor size 1048576 bytes, new threshold 1 (max threshold 15)
[4.512s][trace][gc,age] GC(326) Age table with threshold 1 (max threshold 15)
[4.512s][trace][gc,age] GC(326) - age   1:    2048336 bytes,    2048336 total
[4.512s][info ][gc    ] GC(326) Pause Young (Prepare Mixed) (G1 Evacuation Pause) 111M->109M(254M) 2.034ms
[4.521s][debug][gc,age] GC(327) Desired survivor size 4194304 bytes, new threshold 15 (max threshold 15)
[4.527s][trace][gc,age] GC(327) Age table with threshold 15 (max threshold 15)
[4.527s][trace][gc,age] GC(327) - age   1:    8193296 bytes,    8193296 total
[4.527s][info ][gc    ] GC(327) Pause Young (Mixed) (G1 Evacuation Pause) 170M->116M(254M) 6.037ms
[4.538s][debug][gc,age] GC(328) Desired survivor size 4718592 bytes, new threshold 1 (max threshold 15)
[4.543s][trace][gc,age] GC(328) Age table with threshold 1 (max threshold 15)
[4.543s][trace][gc,age] GC(328) - age   1:    9217456 bytes,    9217456 total
[4.543s][info ][gc    ] GC(328) Pause Young (Normal) (G1 Evacuation Pause) 176M->135M(255M) 5.722ms
[4.554s][debug][gc,age] GC(329) Desired survivor size 4194304 bytes, new threshold 1 (max threshold 15)
[4.559s][trace][gc,age] GC(329) Age table with threshold 1 (max threshold 15)
[4.559s][trace][gc,age] GC(329) - age   1:    8193296 bytes,    8193296 total
[4.559s][info ][gc    ] GC(329) Pause Young (Normal) (G1 Evacuation Pause) 186M->153M(255M) 5.216ms
[4.575s][debug][gc,age] GC(330) Desired survivor size 3670016 bytes, new threshold 1 (max threshold 15)
[4.580s][trace][gc,age] GC(330) Age table with threshold 1 (max threshold 15)
[4.580s][trace][gc,age] GC(330) - age   1:    7169136 bytes,    7169136 total
[4.580s][info ][gc    ] GC(330) Pause Young (Normal) (G1 Evacuation Pause) 195M->170M(255M) 5.207ms
[4.585s][debug][gc,age] GC(331) Desired survivor size 2621440 bytes, new threshold 1 (max threshold 15)
[4.589s][trace][gc,age] GC(331) Age table with threshold 1 (max threshold 15)
[4.589s][trace][gc,age] GC(331) - age   1:    5120816 bytes,    5120816 total
[4.589s][info ][gc    ] GC(331) Pause Young (Normal) (G1 Evacuation Pause) 203M->185M(255M) 4.271ms
[4.599s][debug][gc,age] GC(332) Desired survivor size 2097152 bytes, new threshold 1 (max threshold 15)
[4.603s][trace][gc,age] GC(332) Age table with threshold 1 (max threshold 15)
[4.603s][trace][gc,age] GC(332) - age   1:    4096640 bytes,    4096640 total
[4.603s][info ][gc    ] GC(332) Pause Young (Concurrent Start) (G1 Evacuation Pause) 211M->199M(256M) 4.433ms
[4.603s][info ][gc    ] GC(333) Concurrent Mark Cycle
[4.610s][info ][gc    ] GC(333) Pause Remark 211M->78M(224M) 0.223ms
[4.611s][info ][gc    ] GC(333) Pause Cleanup 78M->78M(224M) 0.060ms
[4.612s][info ][gc    ] GC(333) Concurrent Mark Cycle 9.311ms
[4.612s][debug][gc,age] GC(334) Desired survivor size 1572864 bytes, new threshold 1 (max threshold 15)
[4.616s][trace][gc,age] GC(334) Age table with threshold 1 (max threshold 15)
[4.616s][trace][gc,age] GC(334) - age   1:    3072480 bytes,    3072480 total
[4.616s][info ][gc    ] GC(334) Pause Young (Prepare Mixed) (G1 Evacuation Pause) 86M->78M(224M) 3.287ms
[4.629s][debug][gc,age] GC(335) Desired survivor size 4718592 bytes, new threshold 15 (max threshold 15)
[4.634s][trace][gc,age] GC(335) Age table with threshold 15 (max threshold 15)
[4.634s][trace][gc,age] GC(335) - age   1:    9217440 bytes,    9217440 total
[4.634s][info ][gc    ] GC(335) Pause Young (Mixed) (G1 Evacuation Pause) 144M->78M(224M) 5.163ms
[4.649s][debug][gc,age] GC(336) Desired survivor size 5242880 bytes, new threshold 1 (max threshold 15)
[4.654s][trace][gc,age] GC(336) Age table with threshold 1 (max threshold 15)
[4.654s][trace][gc,age] GC(336) - age   1:   10241616 bytes,   10241616 total
[4.654s][info ][gc    ] GC(336) Pause Young (Mixed) (G1 Evacuation Pause) 146M->91M(224M) 5.280ms
[4.669s][debug][gc,age] GC(337) Desired survivor size 4718592 bytes, new threshold 1 (max threshold 15)
[4.675s][trace][gc,age] GC(337) Age table with threshold 1 (max threshold 15)
[4.675s][trace][gc,age] GC(337) - age   1:    9217456 bytes,    9217456 total
[4.675s][info ][gc    ] GC(337) Pause Young (Normal) (G1 Evacuation Pause) 153M->108M(224M) 5.896ms
[4.686s][debug][gc,age] GC(338) Desired survivor size 4194304 bytes, new threshold 1 (max threshold 15)
[4.691s][trace][gc,age] GC(338) Age table with threshold 1 (max threshold 15)
[4.691s][trace][gc,age] GC(338) - age   1:    8193280 bytes,    8193280 total
[4.691s][info ][gc    ] GC(338) Pause Young (Normal) (G1 Evacuation Pause) 160M->125M(237M) 5.073ms
[4.702s][debug][gc,age] GC(339) Desired survivor size 4194304 bytes, new threshold 1 (max threshold 15)
[4.708s][trace][gc,age] GC(339) Age table with threshold 1 (max threshold 15)
[4.708s][trace][gc,age] GC(339) - age   1:    8193280 bytes,    8193280 total
[4.708s][info ][gc    ] GC(339) Pause Young (Normal) (G1 Evacuation Pause) 175M->143M(237M) 5.548ms
[4.714s][debug][gc,age] GC(340) Desired survivor size 3145728 bytes, new threshold 1 (max threshold 15)
[4.720s][trace][gc,age] GC(340) Age table with threshold 1 (max threshold 15)
[4.720s][trace][gc,age] GC(340) - age   1:    6144960 bytes,    6144960 total
[4.720s][info ][gc    ] GC(340) Pause Young (Normal) (G1 Evacuation Pause) 182M->159M(237M) 5.493ms
[4.723s][debug][gc,age] GC(341) Desired survivor size 2621440 bytes, new threshold 1 (max threshold 15)
[4.727s][trace][gc,age] GC(341) Age table with threshold 1 (max threshold 15)
[4.727s][trace][gc,age] GC(341) - age   1:    5120816 bytes,    5120816 total
[4.727s][info ][gc    ] GC(341) Pause Young (Normal) (G1 Evacuation Pause) 189M->173M(237M) 3.796ms
[4.739s][debug][gc,age] GC(342) Desired survivor size 2097152 bytes, new threshold 1 (max threshold 15)
[4.742s][trace][gc,age] GC(342) Age table with threshold 1 (max threshold 15)
[4.742s][trace][gc,age] GC(342) - age   1:    4096656 bytes,    4096656 total
[4.742s][info ][gc    ] GC(342) Pause Young (Normal) (G1 Evacuation Pause) 196M->187M(245M) 3.621ms
[4.753s][debug][gc,age] GC(343) Desired survivor size 1572864 bytes, new threshold 1 (max threshold 15)
[4.757s][trace][gc,age] GC(343) Age table with threshold 1 (max threshold 15)
[4.757s][trace][gc,age] GC(343) - age   1:    3072496 bytes,    3072496 total
[4.757s][info ][gc    ] GC(343) Pause Young (Normal) (G1 Evacuation Pause) 207M->199M(245M) 4.029ms
[4.758s][debug][gc,age] GC(344) Desired survivor size 1572864 bytes, new threshold 1 (max threshold 15)
[4.765s][trace][gc,age] GC(344) Age table with threshold 1 (max threshold 15)
[4.765s][trace][gc,age] GC(344) - age   1:    3072496 bytes,    3072496 total
[4.765s][info ][gc    ] GC(344) Pause Young (Concurrent Start) (G1 Evacuation Pause) 213M->210M(245M) 6.693ms
[4.765s][info ][gc    ] GC(345) Concurrent Mark Cycle
[4.780s][info ][gc    ] GC(345) Pause Remark 217M->78M(237M) 0.223ms
[4.784s][info ][gc    ] GC(345) Pause Cleanup 78M->78M(237M) 0.060ms
[4.784s][info ][gc    ] GC(345) Concurrent Mark Cycle 19.009ms
[4.785s][debug][gc,age] GC(346) Desired survivor size 1048576 bytes, new threshold 1 (max threshold 15)
[4.787s][trace][gc,age] GC(346) Age table with threshold 1 (max threshold 15)
[4.787s][trace][gc,age] GC(346) - age   1:    2048320 bytes,    2048320 total
[4.787s][info ][gc    ] GC(346) Pause Young (Prepare Mixed) (G1 Evacuation Pause) 81M->78M(237M) 2.166ms
[4.800s][debug][gc,age] GC(347) Desired survivor size 4718592 bytes, new threshold 15 (max threshold 15)
[4.805s][trace][gc,age] GC(347) Age table with threshold 15 (max threshold 15)
[4.805s][trace][gc,age] GC(347) - age   1:    8705360 bytes,    8705360 total
[4.805s][trace][gc,age] GC(347) - age   2:     512080 bytes,    9217440 total
[4.805s][info ][gc    ] GC(347) Pause Young (Mixed) (G1 Evacuation Pause) 143M->79M(237M) 5.597ms
[4.817s][debug][gc,age] GC(348) Desired survivor size 5242880 bytes, new threshold 1 (max threshold 15)
[4.823s][trace][gc,age] GC(348) Age table with threshold 1 (max threshold 15)
[4.823s][trace][gc,age] GC(348) - age   1:   10241616 bytes,   10241616 total
[4.823s][info ][gc    ] GC(348) Pause Young (Mixed) (G1 Evacuation Pause) 146M->89M(245M) 5.499ms
[4.839s][debug][gc,age] GC(349) Desired survivor size 5242880 bytes, new threshold 1 (max threshold 15)
[4.845s][trace][gc,age] GC(349) Age table with threshold 1 (max threshold 15)
[4.845s][trace][gc,age] GC(349) - age   1:   10241616 bytes,   10241616 total
[4.845s][info ][gc    ] GC(349) Pause Young (Normal) (G1 Evacuation Pause) 158M->106M(245M) 5.983ms
[4.856s][debug][gc,age] GC(350) Desired survivor size 5242880 bytes, new threshold 1 (max threshold 15)
[4.862s][trace][gc,age] GC(350) Age table with threshold 1 (max threshold 15)
[4.862s][trace][gc,age] GC(350) - age   1:   10241600 bytes,   10241600 total
[4.862s][info ][gc    ] GC(350) Pause Young (Normal) (G1 Evacuation Pause) 169M->123M(245M) 5.481ms
[4.874s][debug][gc,age] GC(351) Desired survivor size 4194304 bytes, new threshold 1 (max threshold 15)
[4.881s][trace][gc,age] GC(351) Age table with threshold 1 (max threshold 15)
[4.881s][trace][gc,age] GC(351) - age   1:    8193296 bytes,    8193296 total
[4.881s][info ][gc    ] GC(351) Pause Young (Normal) (G1 Evacuation Pause) 177M->139M(245M) 6.252ms
[4.891s][debug][gc,age] GC(352) Desired survivor size 3670016 bytes, new threshold 1 (max threshold 15)
[4.898s][trace][gc,age] GC(352) Age table with threshold 1 (max threshold 15)
[4.898s][trace][gc,age] GC(352) - age   1:    7169120 bytes,    7169120 total
[4.898s][info ][gc    ] GC(352) Pause Young (Normal) (G1 Evacuation Pause) 185M->156M(249M) 7.693ms
[4.910s][debug][gc,age] GC(353) Desired survivor size 3145728 bytes, new threshold 1 (max threshold 15)
[4.915s][trace][gc,age] GC(353) Age table with threshold 1 (max threshold 15)
[4.915s][trace][gc,age] GC(353) - age   1:    6144976 bytes,    6144976 total
[4.915s][info ][gc    ] GC(353) Pause Young (Normal) (G1 Evacuation Pause) 194M->173M(249M) 5.073ms
[4.922s][debug][gc,age] GC(354) Desired survivor size 2621440 bytes, new threshold 1 (max threshold 15)
[4.927s][trace][gc,age] GC(354) Age table with threshold 1 (max threshold 15)
[4.927s][trace][gc,age] GC(354) - age   1:    5120816 bytes,    5120816 total
[4.927s][info ][gc    ] GC(354) Pause Young (Normal) (G1 Evacuation Pause) 202M->188M(249M) 5.084ms
[4.939s][debug][gc,age] GC(355) Desired survivor size 2097152 bytes, new threshold 1 (max threshold 15)
[4.942s][trace][gc,age] GC(355) Age table with threshold 1 (max threshold 15)
[4.942s][trace][gc,age] GC(355) - age   1:    4096656 bytes,    4096656 total
[4.942s][info ][gc    ] GC(355) Pause Young (Concurrent Start) (G1 Evacuation Pause) 210M->201M(249M) 3.373ms
[4.942s][info ][gc    ] GC(356) Concurrent Mark Cycle
[4.951s][info ][gc    ] GC(356) Pause Remark 215M->78M(217M) 0.254ms
[4.952s][debug][gc,age] GC(357) Desired survivor size 1572864 bytes, new threshold 1 (max threshold 15)
[4.955s][trace][gc,age] GC(357) Age table with threshold 1 (max threshold 15)
[4.955s][trace][gc,age] GC(357) - age   1:    3072480 bytes,    3072480 total
[4.955s][info ][gc    ] GC(357) Pause Young (Normal) (G1 Evacuation Pause) 80M->75M(217M) 3.006ms
[4.959s][info ][gc    ] GC(356) Pause Cleanup 99M->99M(217M) 0.066ms
[4.963s][info ][gc    ] GC(356) Concurrent Mark Cycle 21.026ms
[4.970s][debug][gc,age] GC(358) Desired survivor size 4718592 bytes, new threshold 15 (max threshold 15)
[4.976s][trace][gc,age] GC(358) Age table with threshold 15 (max threshold 15)
[4.976s][trace][gc,age] GC(358) - age   1:    8090880 bytes,    8090880 total
[4.976s][trace][gc,age] GC(358) - age   2:    1126576 bytes,    9217456 total
[4.976s][info ][gc    ] GC(358) Pause Young (Prepare Mixed) (G1 Evacuation Pause) 138M->99M(217M) 6.016ms
[4.987s][debug][gc,age] GC(359) Desired survivor size 4194304 bytes, new threshold 1 (max threshold 15)
[4.993s][trace][gc,age] GC(359) Age table with threshold 1 (max threshold 15)
[4.993s][trace][gc,age] GC(359) - age   1:    8193296 bytes,    8193296 total
[4.993s][info ][gc    ] GC(359) Pause Young (Mixed) (G1 Evacuation Pause) 151M->94M(233M) 5.745ms
[5.005s][debug][gc,age] GC(360) Desired survivor size 4718592 bytes, new threshold 1 (max threshold 15)
[5.010s][trace][gc,age] GC(360) Age table with threshold 1 (max threshold 15)
[5.010s][trace][gc,age] GC(360) - age   1:    9217440 bytes,    9217440 total
[5.010s][info ][gc    ] GC(360) Pause Young (Mixed) (G1 Evacuation Pause) 158M->108M(233M) 5.074ms
[5.022s][debug][gc,age] GC(361) Desired survivor size 4718592 bytes, new threshold 1 (max threshold 15)
[5.029s][trace][gc,age] GC(361) Age table with threshold 1 (max threshold 15)
[5.029s][trace][gc,age] GC(361) - age   1:    9217440 bytes,    9217440 total
[5.029s][info ][gc    ] GC(361) Pause Young (Normal) (G1 Evacuation Pause) 166M->127M(233M) 6.093ms
[5.038s][debug][gc,age] GC(362) Desired survivor size 3670016 bytes, new threshold 1 (max threshold 15)
[5.043s][trace][gc,age] GC(362) Age table with threshold 1 (max threshold 15)
[5.043s][trace][gc,age] GC(362) - age   1:    7169120 bytes,    7169120 total
[5.043s][info ][gc    ] GC(362) Pause Young (Normal) (G1 Evacuation Pause) 174M->144M(233M) 5.040ms
[5.053s][debug][gc,age] GC(363) Desired survivor size 3145728 bytes, new threshold 1 (max threshold 15)
[5.058s][trace][gc,age] GC(363) Age table with threshold 1 (max threshold 15)
[5.058s][trace][gc,age] GC(363) - age   1:    6144960 bytes,    6144960 total
[5.058s][info ][gc    ] GC(363) Pause Young (Normal) (G1 Evacuation Pause) 181M->160M(242M) 4.548ms
[5.066s][debug][gc,age] GC(364) Desired survivor size 2621440 bytes, new threshold 1 (max threshold 15)
[5.071s][trace][gc,age] GC(364) Age table with threshold 1 (max threshold 15)
[5.071s][trace][gc,age] GC(364) - age   1:    5120800 bytes,    5120800 total
[5.071s][info ][gc    ] GC(364) Pause Young (Normal) (G1 Evacuation Pause) 193M->176M(242M) 4.378ms
[5.083s][debug][gc,age] GC(365) Desired survivor size 2097152 bytes, new threshold 1 (max threshold 15)
[5.086s][trace][gc,age] GC(365) Age table with threshold 1 (max threshold 15)
[5.086s][trace][gc,age] GC(365) - age   1:    4096640 bytes,    4096640 total
[5.086s][info ][gc    ] GC(365) Pause Young (Normal) (G1 Evacuation Pause) 200M->191M(242M) 3.566ms
[5.091s][debug][gc,age] GC(366) Desired survivor size 1572864 bytes, new threshold 1 (max threshold 15)
[5.093s][trace][gc,age] GC(366) Age table with threshold 1 (max threshold 15)
[5.093s][trace][gc,age] GC(366) - age   1:    3072480 bytes,    3072480 total
[5.093s][info ][gc    ] GC(366) Pause Young (Concurrent Start) (G1 Evacuation Pause) 208M->202M(242M) 2.794ms
[5.094s][info ][gc    ] GC(367) Concurrent Mark Cycle
[5.099s][debug][gc,age] GC(368) Desired survivor size 1048576 bytes, new threshold 1 (max threshold 15)
[5.101s][trace][gc,age] GC(368) Age table with threshold 1 (max threshold 15)
[5.101s][trace][gc,age] GC(368) - age   1:    2048320 bytes,    2048320 total
[5.101s][info ][gc    ] GC(368) Pause Young (Normal) (G1 Evacuation Pause) 215M->211M(247M) 2.196ms
[5.101s][info ][gc    ] GC(367) Pause Remark 211M->76M(247M) 0.202ms
[5.105s][debug][gc,age] GC(369) Desired survivor size 1048576 bytes, new threshold 1 (max threshold 15)
[5.107s][trace][gc,age] GC(369) Age table with threshold 1 (max threshold 15)
[5.107s][trace][gc,age] GC(369) - age   1:    2048336 bytes,    2048336 total
[5.107s][info ][gc    ] GC(369) Pause Young (Normal) (G1 Evacuation Pause) 87M->84M(247M) 2.000ms
[5.111s][info ][gc    ] GC(367) Pause Cleanup 85M->85M(247M) 0.057ms
[5.111s][info ][gc    ] GC(367) Concurrent Mark Cycle 17.878ms
[5.123s][debug][gc,age] GC(370) Desired survivor size 4718592 bytes, new threshold 15 (max threshold 15)
[5.129s][trace][gc,age] GC(370) Age table with threshold 15 (max threshold 15)
[5.129s][trace][gc,age] GC(370) - age   1:    8807776 bytes,    8807776 total
[5.129s][trace][gc,age] GC(370) - age   2:     409664 bytes,    9217440 total
[5.129s][info ][gc    ] GC(370) Pause Young (Prepare Mixed) (G1 Evacuation Pause) 153M->109M(247M) 6.157ms
[5.141s][debug][gc,age] GC(371) Desired survivor size 4718592 bytes, new threshold 1 (max threshold 15)
[5.146s][trace][gc,age] GC(371) Age table with threshold 1 (max threshold 15)
[5.146s][trace][gc,age] GC(371) - age   1:    9217440 bytes,    9217440 total
[5.146s][info ][gc    ] GC(371) Pause Young (Mixed) (G1 Evacuation Pause) 169M->103M(247M) 5.529ms
[5.156s][debug][gc,age] GC(372) Desired survivor size 5242880 bytes, new threshold 1 (max threshold 15)
[5.162s][trace][gc,age] GC(372) Age table with threshold 1 (max threshold 15)
[5.162s][trace][gc,age] GC(372) - age   1:   10241616 bytes,   10241616 total
[5.162s][info ][gc    ] GC(372) Pause Young (Mixed) (G1 Evacuation Pause) 167M->118M(247M) 5.509ms
[5.172s][debug][gc,age] GC(373) Desired survivor size 4718592 bytes, new threshold 1 (max threshold 15)
[5.178s][trace][gc,age] GC(373) Age table with threshold 1 (max threshold 15)
[5.178s][trace][gc,age] GC(373) - age   1:    9217456 bytes,    9217456 total
[5.178s][info ][gc    ] GC(373) Pause Young (Normal) (G1 Evacuation Pause) 176M->135M(251M) 5.996ms
[5.193s][debug][gc,age] GC(374) Desired survivor size 4194304 bytes, new threshold 1 (max threshold 15)
[5.199s][trace][gc,age] GC(374) Age table with threshold 1 (max threshold 15)
[5.199s][trace][gc,age] GC(374) - age   1:    8193280 bytes,    8193280 total
[5.199s][info ][gc    ] GC(374) Pause Young (Normal) (G1 Evacuation Pause) 186M->152M(251M) 6.043ms
[5.205s][debug][gc,age] GC(375) Desired survivor size 3670016 bytes, new threshold 1 (max threshold 15)
[5.210s][trace][gc,age] GC(375) Age table with threshold 1 (max threshold 15)
[5.210s][trace][gc,age] GC(375) - age   1:    7169120 bytes,    7169120 total
[5.210s][info ][gc    ] GC(375) Pause Young (Normal) (G1 Evacuation Pause) 193M->168M(251M) 4.981ms
[5.223s][debug][gc,age] GC(376) Desired survivor size 2621440 bytes, new threshold 1 (max threshold 15)
[5.228s][trace][gc,age] GC(376) Age table with threshold 1 (max threshold 15)
[5.228s][trace][gc,age] GC(376) - age   1:    5120816 bytes,    5120816 total
[5.228s][info ][gc    ] GC(376) Pause Young (Normal) (G1 Evacuation Pause) 201M->183M(251M) 5.118ms
[5.231s][debug][gc,age] GC(377) Desired survivor size 2097152 bytes, new threshold 1 (max threshold 15)
[5.235s][trace][gc,age] GC(377) Age table with threshold 1 (max threshold 15)
[5.235s][trace][gc,age] GC(377) - age   1:    4096656 bytes,    4096656 total
[5.235s][info ][gc    ] GC(377) Pause Young (Concurrent Start) (G1 Evacuation Pause) 208M->197M(253M) 3.796ms
[5.235s][info ][gc    ] GC(378) Concurrent Mark Cycle
[5.242s][info ][gc    ] GC(378) Pause Remark 198M->64M(214M) 0.345ms
[5.243s][info ][gc    ] GC(378) Pause Cleanup 64M->64M(214M) 0.065ms
[5.243s][info ][gc    ] GC(378) Concurrent Mark Cycle 8.104ms
[5.247s][debug][gc,age] GC(379) Desired survivor size 1572864 bytes, new threshold 1 (max threshold 15)
[5.250s][trace][gc,age] GC(379) Age table with threshold 1 (max threshold 15)
[5.250s][trace][gc,age] GC(379) - age   1:    3072480 bytes,    3072480 total
[5.250s][info ][gc    ] GC(379) Pause Young (Prepare Mixed) (G1 Evacuation Pause) 83M->76M(214M) 3.422ms
[5.266s][debug][gc,age] GC(380) Desired survivor size 4718592 bytes, new threshold 15 (max threshold 15)
[5.272s][trace][gc,age] GC(380) Age table with threshold 15 (max threshold 15)
[5.272s][trace][gc,age] GC(380) - age   1:    9012608 bytes,    9012608 total
[5.272s][trace][gc,age] GC(380) - age   2:     204832 bytes,    9217440 total
[5.272s][info ][gc    ] GC(380) Pause Young (Mixed) (G1 Evacuation Pause) 138M->77M(214M) 5.490ms
[5.284s][debug][gc,age] GC(381) Desired survivor size 4718592 bytes, new threshold 1 (max threshold 15)
[5.290s][trace][gc,age] GC(381) Age table with threshold 1 (max threshold 15)
[5.290s][trace][gc,age] GC(381) - age   1:    9217440 bytes,    9217440 total
[5.290s][info ][gc    ] GC(381) Pause Young (Mixed) (G1 Evacuation Pause) 139M->91M(214M) 5.870ms
[5.307s][debug][gc,age] GC(382) Desired survivor size 4718592 bytes, new threshold 1 (max threshold 15)
[5.312s][trace][gc,age] GC(382) Age table with threshold 1 (max threshold 15)
[5.312s][trace][gc,age] GC(382) - age   1:    9217440 bytes,    9217440 total
[5.312s][info ][gc    ] GC(382) Pause Young (Normal) (G1 Evacuation Pause) 147M->108M(214M) 5.443ms
[5.322s][debug][gc,age] GC(383) Desired survivor size 3670016 bytes, new threshold 1 (max threshold 15)
[5.327s][trace][gc,age] GC(383) Age table with threshold 1 (max threshold 15)
[5.327s][trace][gc,age] GC(383) - age   1:    7169120 bytes,    7169120 total
[5.327s][info ][gc    ] GC(383) Pause Young (Normal) (G1 Evacuation Pause) 154M->125M(230M) 5.410ms
[5.339s][debug][gc,age] GC(384) Desired survivor size 3670016 bytes, new threshold 1 (max threshold 15)
[5.344s][trace][gc,age] GC(384) Age table with threshold 1 (max threshold 15)
[5.344s][trace][gc,age] GC(384) - age   1:    7169136 bytes,    7169136 total
[5.344s][info ][gc    ] GC(384) Pause Young (Normal) (G1 Evacuation Pause) 171M->143M(230M) 5.367ms
[5.352s][debug][gc,age] GC(385) Desired survivor size 3145728 bytes, new threshold 1 (max threshold 15)
[5.357s][trace][gc,age] GC(385) Age table with threshold 1 (max threshold 15)
[5.357s][trace][gc,age] GC(385) - age   1:    6144976 bytes,    6144976 total
[5.357s][info ][gc    ] GC(385) Pause Young (Normal) (G1 Evacuation Pause) 178M->158M(230M) 4.780ms
[5.367s][debug][gc,age] GC(386) Desired survivor size 2621440 bytes, new threshold 1 (max threshold 15)
[5.371s][trace][gc,age] GC(386) Age table with threshold 1 (max threshold 15)
[5.371s][trace][gc,age] GC(386) - age   1:    5120816 bytes,    5120816 total
[5.371s][info ][gc    ] GC(386) Pause Young (Normal) (G1 Evacuation Pause) 185M->173M(230M) 4.190ms
[5.383s][debug][gc,age] GC(387) Desired survivor size 2097152 bytes, new threshold 1 (max threshold 15)
[5.386s][trace][gc,age] GC(387) Age table with threshold 1 (max threshold 15)
[5.386s][trace][gc,age] GC(387) - age   1:    4096640 bytes,    4096640 total
[5.386s][info ][gc    ] GC(387) Pause Young (Normal) (G1 Evacuation Pause) 193M->185M(240M) 3.443ms
[5.393s][debug][gc,age] GC(388) Desired survivor size 1572864 bytes, new threshold 1 (max threshold 15)
[5.396s][trace][gc,age] GC(388) Age table with threshold 1 (max threshold 15)
[5.396s][trace][gc,age] GC(388) - age   1:    3072496 bytes,    3072496 total
[5.396s][info ][gc    ] GC(388) Pause Young (Normal) (G1 Evacuation Pause) 204M->197M(240M) 3.566ms
[5.405s][debug][gc,age] GC(389) Desired survivor size 1572864 bytes, new threshold 1 (max threshold 15)
[5.408s][trace][gc,age] GC(389) Age table with threshold 1 (max threshold 15)
[5.408s][trace][gc,age] GC(389) - age   1:    3072480 bytes,    3072480 total
[5.408s][info ][gc    ] GC(389) Pause Young (Concurrent Start) (G1 Evacuation Pause) 211M->208M(240M) 3.184ms
[5.408s][info ][gc    ] GC(390) Concurrent Mark Cycle
[5.416s][debug][gc,age] GC(391) Desired survivor size 1048576 bytes, new threshold 1 (max threshold 15)
[5.418s][trace][gc,age] GC(391) Age table with threshold 1 (max threshold 15)
[5.418s][trace][gc,age] GC(391) - age   1:    2048336 bytes,    2048336 total
[5.418s][info ][gc    ] GC(391) Pause Young (Normal) (G1 Evacuation Pause) 217M->215M(240M) 2.255ms
[5.419s][info ][gc    ] GC(390) Pause Remark 215M->77M(240M) 0.257ms
[5.424s][info ][gc    ] GC(390) Pause Cleanup 78M->78M(240M) 0.070ms
[5.425s][info ][gc    ] GC(390) Concurrent Mark Cycle 16.912ms
[5.426s][debug][gc,age] GC(392) Desired survivor size 1048576 bytes, new threshold 1 (max threshold 15)
[5.428s][trace][gc,age] GC(392) Age table with threshold 1 (max threshold 15)
[5.428s][trace][gc,age] GC(392) - age   1:    2048336 bytes,    2048336 total
[5.428s][info ][gc    ] GC(392) Pause Young (Prepare Mixed) (G1 Evacuation Pause) 87M->85M(240M) 1.944ms
[5.440s][debug][gc,age] GC(393) Desired survivor size 4718592 bytes, new threshold 15 (max threshold 15)
[5.446s][trace][gc,age] GC(393) Age table with threshold 15 (max threshold 15)
[5.446s][trace][gc,age] GC(393) - age   1:    9217456 bytes,    9217456 total
[5.446s][info ][gc    ] GC(393) Pause Young (Mixed) (G1 Evacuation Pause) 149M->86M(247M) 5.827ms
[5.464s][debug][gc,age] GC(394) Desired survivor size 5242880 bytes, new threshold 1 (max threshold 15)
[5.471s][trace][gc,age] GC(394) Age table with threshold 1 (max threshold 15)
[5.471s][trace][gc,age] GC(394) - age   1:   10241616 bytes,   10241616 total
[5.471s][info ][gc    ] GC(394) Pause Young (Mixed) (G1 Evacuation Pause) 155M->96M(247M) 6.824ms
[5.486s][debug][gc,age] GC(395) Desired survivor size 5242880 bytes, new threshold 1 (max threshold 15)
[5.492s][trace][gc,age] GC(395) Age table with threshold 1 (max threshold 15)
[5.492s][trace][gc,age] GC(395) - age   1:   10241616 bytes,   10241616 total
[5.492s][info ][gc    ] GC(395) Pause Young (Normal) (G1 Evacuation Pause) 163M->114M(247M) 6.743ms
[5.503s][debug][gc,age] GC(396) Desired survivor size 4718592 bytes, new threshold 1 (max threshold 15)
[5.508s][trace][gc,age] GC(396) Age table with threshold 1 (max threshold 15)
[5.508s][trace][gc,age] GC(396) - age   1:    9217440 bytes,    9217440 total
[5.508s][info ][gc    ] GC(396) Pause Young (Normal) (G1 Evacuation Pause) 173M->132M(247M) 5.296ms
[5.518s][debug][gc,age] GC(397) Desired survivor size 4194304 bytes, new threshold 1 (max threshold 15)
[5.523s][trace][gc,age] GC(397) Age table with threshold 1 (max threshold 15)
[5.523s][trace][gc,age] GC(397) - age   1:    8193296 bytes,    8193296 total
[5.523s][info ][gc    ] GC(397) Pause Young (Normal) (G1 Evacuation Pause) 182M->148M(251M) 5.432ms
[5.534s][debug][gc,age] GC(398) Desired survivor size 3670016 bytes, new threshold 1 (max threshold 15)
[5.539s][trace][gc,age] GC(398) Age table with threshold 1 (max threshold 15)
[5.539s][trace][gc,age] GC(398) - age   1:    7169136 bytes,    7169136 total
[5.539s][info ][gc    ] GC(398) Pause Young (Normal) (G1 Evacuation Pause) 192M->164M(251M) 5.018ms
[5.548s][debug][gc,age] GC(399) Desired survivor size 3145728 bytes, new threshold 1 (max threshold 15)
[5.552s][trace][gc,age] GC(399) Age table with threshold 1 (max threshold 15)
[5.552s][trace][gc,age] GC(399) - age   1:    6144976 bytes,    6144976 total
[5.552s][info ][gc    ] GC(399) Pause Young (Normal) (G1 Evacuation Pause) 200M->181M(251M) 4.105ms
[5.563s][debug][gc,age] GC(400) Desired survivor size 2097152 bytes, new threshold 1 (max threshold 15)
[5.566s][trace][gc,age] GC(400) Age table with threshold 1 (max threshold 15)
[5.566s][trace][gc,age] GC(400) - age   1:    4096640 bytes,    4096640 total
[5.566s][info ][gc    ] GC(400) Pause Young (Concurrent Start) (G1 Evacuation Pause) 207M->195M(251M) 3.628ms
[5.566s][info ][gc    ] GC(401) Concurrent Mark Cycle
[5.575s][debug][gc,age] GC(402) Desired survivor size 1572864 bytes, new threshold 1 (max threshold 15)
[5.578s][trace][gc,age] GC(402) Age table with threshold 1 (max threshold 15)
[5.578s][trace][gc,age] GC(402) - age   1:    3072496 bytes,    3072496 total
[5.578s][info ][gc    ] GC(402) Pause Young (Normal) (G1 Evacuation Pause) 215M->208M(253M) 3.129ms
[5.582s][info ][gc    ] GC(401) Pause Remark 217M->83M(250M) 0.205ms
[5.583s][info ][gc    ] GC(401) Pause Cleanup 83M->83M(250M) 0.071ms
[5.587s][info ][gc    ] GC(401) Concurrent Mark Cycle 20.852ms
[5.588s][debug][gc,age] GC(403) Desired survivor size 1572864 bytes, new threshold 1 (max threshold 15)
[5.591s][trace][gc,age] GC(403) Age table with threshold 1 (max threshold 15)
[5.591s][trace][gc,age] GC(403) - age   1:    3072496 bytes,    3072496 total
[5.591s][info ][gc    ] GC(403) Pause Young (Prepare Mixed) (G1 Evacuation Pause) 89M->85M(250M) 3.031ms
[5.602s][debug][gc,age] GC(404) Desired survivor size 4718592 bytes, new threshold 15 (max threshold 15)
[5.608s][trace][gc,age] GC(404) Age table with threshold 15 (max threshold 15)
[5.608s][trace][gc,age] GC(404) - age   1:    9115024 bytes,    9115024 total
[5.608s][trace][gc,age] GC(404) - age   2:     102416 bytes,    9217440 total
[5.608s][info ][gc    ] GC(404) Pause Young (Mixed) (G1 Evacuation Pause) 154M->88M(250M) 6.079ms
[5.621s][debug][gc,age] GC(405) Desired survivor size 5242880 bytes, new threshold 1 (max threshold 15)
[5.626s][trace][gc,age] GC(405) Age table with threshold 1 (max threshold 15)
[5.626s][trace][gc,age] GC(405) - age   1:   10241616 bytes,   10241616 total
[5.626s][info ][gc    ] GC(405) Pause Young (Normal) (G1 Evacuation Pause) 158M->108M(250M) 5.903ms
[5.641s][debug][gc,age] GC(406) Desired survivor size 5242880 bytes, new threshold 1 (max threshold 15)
[5.646s][trace][gc,age] GC(406) Age table with threshold 1 (max threshold 15)
[5.646s][trace][gc,age] GC(406) - age   1:   10241616 bytes,   10241616 total
[5.646s][info ][gc    ] GC(406) Pause Young (Normal) (G1 Evacuation Pause) 171M->125M(250M) 5.004ms
[5.659s][debug][gc,age] GC(407) Desired survivor size 4718592 bytes, new threshold 1 (max threshold 15)
[5.665s][trace][gc,age] GC(407) Age table with threshold 1 (max threshold 15)
[5.665s][trace][gc,age] GC(407) - age   1:    9217456 bytes,    9217456 total
[5.665s][info ][gc    ] GC(407) Pause Young (Normal) (G1 Evacuation Pause) 180M->141M(253M) 6.072ms
[5.674s][debug][gc,age] GC(408) Desired survivor size 4194304 bytes, new threshold 1 (max threshold 15)
[5.680s][trace][gc,age] GC(408) Age table with threshold 1 (max threshold 15)
[5.680s][trace][gc,age] GC(408) - age   1:    8193280 bytes,    8193280 total
[5.680s][info ][gc    ] GC(408) Pause Young (Normal) (G1 Evacuation Pause) 190M->158M(253M) 6.108ms
[5.688s][debug][gc,age] GC(409) Desired survivor size 3145728 bytes, new threshold 1 (max threshold 15)
[5.693s][trace][gc,age] GC(409) Age table with threshold 1 (max threshold 15)
[5.693s][trace][gc,age] GC(409) - age   1:    6144976 bytes,    6144976 total
[5.693s][info ][gc    ] GC(409) Pause Young (Normal) (G1 Evacuation Pause) 197M->174M(253M) 4.499ms
[5.703s][debug][gc,age] GC(410) Desired survivor size 2621440 bytes, new threshold 1 (max threshold 15)
[5.706s][trace][gc,age] GC(410) Age table with threshold 1 (max threshold 15)
[5.706s][trace][gc,age] GC(410) - age   1:    5120816 bytes,    5120816 total
[5.706s][info ][gc    ] GC(410) Pause Young (Normal) (G1 Evacuation Pause) 204M->189M(253M) 3.575ms
[5.711s][debug][gc,age] GC(411) Desired survivor size 2097152 bytes, new threshold 1 (max threshold 15)
[5.714s][trace][gc,age] GC(411) Age table with threshold 1 (max threshold 15)
[5.714s][trace][gc,age] GC(411) - age   1:    4096640 bytes,    4096640 total
[5.714s][info ][gc    ] GC(411) Pause Young (Concurrent Start) (G1 Evacuation Pause) 212M->202M(255M) 3.762ms
[5.714s][info ][gc    ] GC(412) Concurrent Mark Cycle
[5.722s][info ][gc    ] GC(412) Pause Remark 211M->71M(210M) 0.242ms
[5.727s][debug][gc,age] GC(413) Desired survivor size 1572864 bytes, new threshold 1 (max threshold 15)
[5.730s][trace][gc,age] GC(413) Age table with threshold 1 (max threshold 15)
[5.730s][trace][gc,age] GC(413) - age   1:    3072480 bytes,    3072480 total
[5.730s][info ][gc    ] GC(413) Pause Young (Normal) (G1 Evacuation Pause) 80M->74M(210M) 2.981ms
[5.739s][info ][gc    ] GC(412) Pause Cleanup 102M->102M(210M) 0.079ms
[5.743s][info ][gc    ] GC(412) Concurrent Mark Cycle 28.599ms
[5.748s][debug][gc,age] GC(414) Desired survivor size 4194304 bytes, new threshold 15 (max threshold 15)
[5.754s][trace][gc,age] GC(414) Age table with threshold 15 (max threshold 15)
[5.754s][trace][gc,age] GC(414) - age   1:    7886048 bytes,    7886048 total
[5.754s][trace][gc,age] GC(414) - age   2:     307248 bytes,    8193296 total
[5.754s][info ][gc    ] GC(414) Pause Young (Prepare Mixed) (G1 Evacuation Pause) 134M->97M(210M) 5.585ms
[5.766s][debug][gc,age] GC(415) Desired survivor size 3670016 bytes, new threshold 1 (max threshold 15)
[5.771s][trace][gc,age] GC(415) Age table with threshold 1 (max threshold 15)
[5.771s][trace][gc,age] GC(415) - age   1:    7169136 bytes,    7169136 total
[5.771s][info ][gc    ] GC(415) Pause Young (Mixed) (G1 Evacuation Pause) 145M->94M(210M) 5.688ms
[5.783s][debug][gc,age] GC(416) Desired survivor size 4194304 bytes, new threshold 1 (max threshold 15)
[5.789s][trace][gc,age] GC(416) Age table with threshold 1 (max threshold 15)
[5.789s][trace][gc,age] GC(416) - age   1:    8193280 bytes,    8193280 total
[5.789s][info ][gc    ] GC(416) Pause Young (Mixed) (G1 Evacuation Pause) 145M->109M(210M) 5.659ms
[5.798s][debug][gc,age] GC(417) Desired survivor size 3670016 bytes, new threshold 1 (max threshold 15)
[5.804s][trace][gc,age] GC(417) Age table with threshold 1 (max threshold 15)
[5.804s][trace][gc,age] GC(417) - age   1:    7169136 bytes,    7169136 total
[5.804s][info ][gc    ] GC(417) Pause Young (Normal) (G1 Evacuation Pause) 152M->126M(210M) 5.465ms
[5.809s][debug][gc,age] GC(418) Desired survivor size 3145728 bytes, new threshold 1 (max threshold 15)
[5.813s][trace][gc,age] GC(418) Age table with threshold 1 (max threshold 15)
[5.814s][trace][gc,age] GC(418) - age   1:    6144976 bytes,    6144976 total
[5.814s][info ][gc    ] GC(418) Pause Young (Normal) (G1 Evacuation Pause) 160M->141M(229M) 4.452ms
[5.825s][debug][gc,age] GC(419) Desired survivor size 3145728 bytes, new threshold 1 (max threshold 15)
[5.829s][trace][gc,age] GC(419) Age table with threshold 1 (max threshold 15)
[5.829s][trace][gc,age] GC(419) - age   1:    6144960 bytes,    6144960 total
[5.829s][info ][gc    ] GC(419) Pause Young (Normal) (G1 Evacuation Pause) 177M->157M(229M) 4.700ms
[5.833s][debug][gc,age] GC(420) Desired survivor size 2621440 bytes, new threshold 1 (max threshold 15)
[5.837s][trace][gc,age] GC(420) Age table with threshold 1 (max threshold 15)
[5.837s][trace][gc,age] GC(420) - age   1:    5120816 bytes,    5120816 total
[5.837s][info ][gc    ] GC(420) Pause Young (Normal) (G1 Evacuation Pause) 184M->171M(229M) 3.859ms
[5.847s][debug][gc,age] GC(421) Desired survivor size 2097152 bytes, new threshold 1 (max threshold 15)
[5.850s][trace][gc,age] GC(421) Age table with threshold 1 (max threshold 15)
[5.850s][trace][gc,age] GC(421) - age   1:    4096640 bytes,    4096640 total
[5.850s][info ][gc    ] GC(421) Pause Young (Normal) (G1 Evacuation Pause) 191M->183M(229M) 3.312ms
[5.855s][debug][gc,age] GC(422) Desired survivor size 1572864 bytes, new threshold 1 (max threshold 15)
[5.857s][trace][gc,age] GC(422) Age table with threshold 1 (max threshold 15)
[5.857s][trace][gc,age] GC(422) - age   1:    3072496 bytes,    3072496 total
[5.857s][info ][gc    ] GC(422) Pause Young (Normal) (G1 Evacuation Pause) 198M->194M(240M) 2.650ms
[5.860s][debug][gc,age] GC(423) Desired survivor size 1572864 bytes, new threshold 1 (max threshold 15)
[5.864s][trace][gc,age] GC(423) Age table with threshold 1 (max threshold 15)
[5.864s][trace][gc,age] GC(423) - age   1:    3072480 bytes,    3072480 total
[5.864s][info ][gc    ] GC(423) Pause Young (Normal) (G1 Evacuation Pause) 209M->205M(240M) 3.688ms
[5.868s][debug][gc,age] GC(424) Desired survivor size 1048576 bytes, new threshold 1 (max threshold 15)
[5.870s][trace][gc,age] GC(424) Age table with threshold 1 (max threshold 15)
[5.870s][trace][gc,age] GC(424) - age   1:    2048320 bytes,    2048320 total
[5.870s][info ][gc    ] GC(424) Pause Young (Concurrent Start) (G1 Evacuation Pause) 216M->213M(240M) 1.849ms
[5.870s][info ][gc    ] GC(425) Concurrent Mark Cycle
[5.875s][info ][gc    ] GC(425) Pause Remark 214M->69M(230M) 0.232ms
[5.876s][info ][gc    ] GC(425) Pause Cleanup 69M->69M(230M) 0.062ms
[5.879s][info ][gc    ] GC(425) Concurrent Mark Cycle 9.408ms
[5.879s][debug][gc,age] GC(426) Desired survivor size 1048576 bytes, new threshold 1 (max threshold 15)
[5.882s][trace][gc,age] GC(426) Age table with threshold 1 (max threshold 15)
[5.882s][trace][gc,age] GC(426) - age   1:    2048336 bytes,    2048336 total
[5.882s][info ][gc    ] GC(426) Pause Young (Prepare Mixed) (G1 Evacuation Pause) 78M->75M(230M) 2.479ms
[5.893s][debug][gc,age] GC(427) Desired survivor size 4718592 bytes, new threshold 15 (max threshold 15)
[5.899s][trace][gc,age] GC(427) Age table with threshold 15 (max threshold 15)
[5.899s][trace][gc,age] GC(427) - age   1:    8705376 bytes,    8705376 total
[5.899s][trace][gc,age] GC(427) - age   2:     512080 bytes,    9217456 total
[5.899s][info ][gc    ] GC(427) Pause Young (Mixed) (G1 Evacuation Pause) 139M->77M(230M) 5.916ms
[5.913s][debug][gc,age] GC(428) Desired survivor size 5242880 bytes, new threshold 1 (max threshold 15)
[5.920s][trace][gc,age] GC(428) Age table with threshold 1 (max threshold 15)
[5.920s][trace][gc,age] GC(428) - age   1:   10241616 bytes,   10241616 total
[5.920s][info ][gc    ] GC(428) Pause Young (Mixed) (G1 Evacuation Pause) 143M->86M(241M) 6.797ms
[5.932s][debug][gc,age] GC(429) Desired survivor size 5242880 bytes, new threshold 1 (max threshold 15)
[5.938s][trace][gc,age] GC(429) Age table with threshold 1 (max threshold 15)
[5.938s][trace][gc,age] GC(429) - age   1:   10241600 bytes,   10241600 total
[5.938s][info ][gc    ] GC(429) Pause Young (Normal) (G1 Evacuation Pause) 154M->104M(241M) 5.888ms
[5.952s][debug][gc,age] GC(430) Desired survivor size 4718592 bytes, new threshold 1 (max threshold 15)
[5.958s][trace][gc,age] GC(430) Age table with threshold 1 (max threshold 15)
[5.958s][trace][gc,age] GC(430) - age   1:    9217440 bytes,    9217440 total
[5.958s][info ][gc    ] GC(430) Pause Young (Normal) (G1 Evacuation Pause) 165M->123M(241M) 6.050ms
[5.975s][debug][gc,age] GC(431) Desired survivor size 4194304 bytes, new threshold 1 (max threshold 15)
[5.980s][trace][gc,age] GC(431) Age table with threshold 1 (max threshold 15)
[5.980s][trace][gc,age] GC(431) - age   1:    8193296 bytes,    8193296 total
[5.980s][info ][gc    ] GC(431) Pause Young (Normal) (G1 Evacuation Pause) 175M->139M(241M) 5.361ms
[5.989s][debug][gc,age] GC(432) Desired survivor size 3670016 bytes, new threshold 1 (max threshold 15)
[5.994s][trace][gc,age] GC(432) Age table with threshold 1 (max threshold 15)
[5.994s][trace][gc,age] GC(432) - age   1:    7169136 bytes,    7169136 total
[5.994s][info ][gc    ] GC(432) Pause Young (Normal) (G1 Evacuation Pause) 182M->155M(246M) 5.077ms
[6.005s][debug][gc,age] GC(433) Desired survivor size 3145728 bytes, new threshold 1 (max threshold 15)
[6.010s][trace][gc,age] GC(433) Age table with threshold 1 (max threshold 15)
[6.010s][trace][gc,age] GC(433) - age   1:    6144976 bytes,    6144976 total
[6.010s][info ][gc    ] GC(433) Pause Young (Normal) (G1 Evacuation Pause) 192M->172M(246M) 4.376ms
[6.016s][debug][gc,age] GC(434) Desired survivor size 2621440 bytes, new threshold 1 (max threshold 15)
[6.020s][trace][gc,age] GC(434) Age table with threshold 1 (max threshold 15)
[6.020s][trace][gc,age] GC(434) - age   1:    5120816 bytes,    5120816 total
[6.020s][info ][gc    ] GC(434) Pause Young (Normal) (G1 Evacuation Pause) 200M->187M(246M) 4.296ms
[6.025s][debug][gc,age] GC(435) Desired survivor size 2097152 bytes, new threshold 1 (max threshold 15)
[6.028s][trace][gc,age] GC(435) Age table with threshold 1 (max threshold 15)
[6.028s][trace][gc,age] GC(435) - age   1:    4096656 bytes,    4096656 total
[6.028s][info ][gc    ] GC(435) Pause Young (Concurrent Start) (G1 Evacuation Pause) 208M->201M(246M) 3.760ms
[6.028s][info ][gc    ] GC(436) Concurrent Mark Cycle
[6.036s][info ][gc    ] GC(436) Pause Remark 214M->76M(214M) 0.200ms
[6.037s][info ][gc    ] GC(436) Pause Cleanup 76M->76M(214M) 0.053ms
[6.037s][info ][gc    ] GC(436) Concurrent Mark Cycle 8.818ms
[6.037s][debug][gc,age] GC(437) Desired survivor size 1572864 bytes, new threshold 1 (max threshold 15)
[6.040s][trace][gc,age] GC(437) Age table with threshold 1 (max threshold 15)
[6.040s][trace][gc,age] GC(437) - age   1:    3072480 bytes,    3072480 total
[6.040s][info ][gc    ] GC(437) Pause Young (Prepare Mixed) (G1 Evacuation Pause) 78M->74M(214M) 2.939ms
[6.052s][debug][gc,age] GC(438) Desired survivor size 4718592 bytes, new threshold 15 (max threshold 15)
[6.057s][trace][gc,age] GC(438) Age table with threshold 15 (max threshold 15)
[6.057s][trace][gc,age] GC(438) - age   1:    9217456 bytes,    9217456 total
[6.057s][info ][gc    ] GC(438) Pause Young (Mixed) (G1 Evacuation Pause) 137M->76M(231M) 5.485ms
[6.069s][debug][gc,age] GC(439) Desired survivor size 5767168 bytes, new threshold 1 (max threshold 15)
[6.075s][trace][gc,age] GC(439) Age table with threshold 1 (max threshold 15)
[6.075s][trace][gc,age] GC(439) - age   1:   11265776 bytes,   11265776 total
[6.075s][info ][gc    ] GC(439) Pause Young (Mixed) (G1 Evacuation Pause) 148M->91M(231M) 5.542ms
[6.089s][debug][gc,age] GC(440) Desired survivor size 5242880 bytes, new threshold 1 (max threshold 15)
[6.095s][trace][gc,age] GC(440) Age table with threshold 1 (max threshold 15)
[6.095s][trace][gc,age] GC(440) - age   1:   10241600 bytes,   10241600 total
[6.095s][info ][gc    ] GC(440) Pause Young (Normal) (G1 Evacuation Pause) 157M->107M(231M) 5.377ms
[6.103s][debug][gc,age] GC(441) Desired survivor size 4718592 bytes, new threshold 1 (max threshold 15)
[6.109s][trace][gc,age] GC(441) Age table with threshold 1 (max threshold 15)
[6.109s][trace][gc,age] GC(441) - age   1:    9217440 bytes,    9217440 total
[6.109s][info ][gc    ] GC(441) Pause Young (Normal) (G1 Evacuation Pause) 164M->125M(231M) 5.797ms
[6.121s][debug][gc,age] GC(442) Desired survivor size 3670016 bytes, new threshold 1 (max threshold 15)
[6.126s][trace][gc,age] GC(442) Age table with threshold 1 (max threshold 15)
[6.126s][trace][gc,age] GC(442) - age   1:    7169136 bytes,    7169136 total
[6.126s][info ][gc    ] GC(442) Pause Young (Normal) (G1 Evacuation Pause) 171M->141M(241M) 4.697ms
[6.133s][debug][gc,age] GC(443) Desired survivor size 3670016 bytes, new threshold 1 (max threshold 15)
[6.138s][trace][gc,age] GC(443) Age table with threshold 1 (max threshold 15)
[6.138s][trace][gc,age] GC(443) - age   1:    7169136 bytes,    7169136 total
[6.138s][info ][gc    ] GC(443) Pause Young (Normal) (G1 Evacuation Pause) 184M->158M(241M) 4.652ms
[6.149s][debug][gc,age] GC(444) Desired survivor size 2621440 bytes, new threshold 1 (max threshold 15)
[6.153s][trace][gc,age] GC(444) Age table with threshold 1 (max threshold 15)
[6.153s][trace][gc,age] GC(444) - age   1:    5120800 bytes,    5120800 total
[6.153s][info ][gc    ] GC(444) Pause Young (Normal) (G1 Evacuation Pause) 191M->174M(241M) 4.292ms
[6.157s][debug][gc,age] GC(445) Desired survivor size 2097152 bytes, new threshold 1 (max threshold 15)
[6.161s][trace][gc,age] GC(445) Age table with threshold 1 (max threshold 15)
[6.161s][trace][gc,age] GC(445) - age   1:    4096656 bytes,    4096656 total
[6.161s][info ][gc    ] GC(445) Pause Young (Normal) (G1 Evacuation Pause) 198M->188M(241M) 3.873ms
[6.164s][debug][gc,age] GC(446) Desired survivor size 1572864 bytes, new threshold 1 (max threshold 15)
[6.167s][trace][gc,age] GC(446) Age table with threshold 1 (max threshold 15)
[6.167s][trace][gc,age] GC(446) - age   1:    3072496 bytes,    3072496 total
[6.167s][info ][gc    ] GC(446) Pause Young (Normal) (G1 Evacuation Pause) 206M->199M(247M) 3.001ms
[6.174s][debug][gc,age] GC(447) Desired survivor size 1572864 bytes, new threshold 1 (max threshold 15)
[6.178s][trace][gc,age] GC(447) Age table with threshold 1 (max threshold 15)
[6.178s][trace][gc,age] GC(447) - age   1:    3072480 bytes,    3072480 total
[6.178s][info ][gc    ] GC(447) Pause Young (Concurrent Start) (G1 Evacuation Pause) 215M->211M(247M) 4.139ms
[6.178s][info ][gc    ] GC(448) Concurrent Mark Cycle
[6.187s][debug][gc,age] GC(449) Desired survivor size 1048576 bytes, new threshold 1 (max threshold 15)
[6.188s][trace][gc,age] GC(449) Age table with threshold 1 (max threshold 15)
[6.188s][trace][gc,age] GC(449) - age   1:    2048336 bytes,    2048336 total
[6.188s][info ][gc    ] GC(449) Pause Young (Normal) (G1 Evacuation Pause) 222M->219M(247M) 1.888ms
[6.190s][debug][gc,age] GC(450) Desired survivor size 1048576 bytes, new threshold 1 (max threshold 15)
[6.192s][trace][gc,age] GC(450) Age table with threshold 1 (max threshold 15)
[6.192s][trace][gc,age] GC(450) - age   1:    2048336 bytes,    2048336 total
[6.192s][info ][gc    ] GC(450) Pause Young (Normal) (G1 Evacuation Pause) 229M->227M(247M) 1.787ms
[6.195s][debug][gc,age] GC(451) Desired survivor size 1048576 bytes, new threshold 1 (max threshold 15)
[6.196s][trace][gc,age] GC(451) Age table with threshold 1 (max threshold 15)
[6.196s][trace][gc,age] GC(451) - age   1:    2048320 bytes,    2048320 total
[6.197s][info ][gc    ] GC(451) Pause Young (Normal) (G1 Evacuation Pause) 237M->235M(252M) 1.874ms
[6.200s][debug][gc,age] GC(452) Desired survivor size 1048576 bytes, new threshold 1 (max threshold 15)
[6.206s][trace][gc,age] GC(452) Age table with threshold 1 (max threshold 15)
[6.206s][trace][gc,age] GC(452) - age   1:    2048320 bytes,    2048320 total
[6.206s][info ][gc    ] GC(452) Pause Young (Normal) (G1 Evacuation Pause) (Evacuation Failure) 245M->244M(256M) 6.275ms
[6.207s][info ][gc    ] GC(448) Pause Remark 244M->99M(256M) 0.256ms
[6.212s][info ][gc    ] GC(448) Pause Cleanup 99M->99M(256M) 0.067ms
[6.213s][info ][gc    ] GC(448) Concurrent Mark Cycle 34.900ms
[6.213s][debug][gc,age] GC(453) Desired survivor size 1048576 bytes, new threshold 1 (max threshold 15)
[6.215s][trace][gc,age] GC(453) Age table with threshold 1 (max threshold 15)
[6.215s][trace][gc,age] GC(453) - age   1:    2048336 bytes,    2048336 total
[6.215s][info ][gc    ] GC(453) Pause Young (Prepare Mixed) (G1 Evacuation Pause) 108M->107M(256M) 1.626ms
[6.223s][debug][gc,age] GC(454) Desired survivor size 4194304 bytes, new threshold 15 (max threshold 15)
[6.229s][trace][gc,age] GC(454) Age table with threshold 15 (max threshold 15)
[6.229s][trace][gc,age] GC(454) - age   1:    8193280 bytes,    8193280 total
[6.229s][info ][gc    ] GC(454) Pause Young (Mixed) (G1 Evacuation Pause) 166M->105M(256M) 5.921ms
[6.241s][debug][gc,age] GC(455) Desired survivor size 4718592 bytes, new threshold 1 (max threshold 15)
[6.247s][trace][gc,age] GC(455) Age table with threshold 1 (max threshold 15)
[6.247s][trace][gc,age] GC(455) - age   1:    9217440 bytes,    9217440 total
[6.247s][info ][gc    ] GC(455) Pause Young (Normal) (G1 Evacuation Pause) 168M->124M(256M) 5.596ms
[6.258s][debug][gc,age] GC(456) Desired survivor size 4718592 bytes, new threshold 1 (max threshold 15)
[6.264s][trace][gc,age] GC(456) Age table with threshold 1 (max threshold 15)
[6.264s][trace][gc,age] GC(456) - age   1:    9217440 bytes,    9217440 total
[6.264s][info ][gc    ] GC(456) Pause Young (Normal) (G1 Evacuation Pause) 180M->142M(256M) 5.999ms
[6.273s][debug][gc,age] GC(457) Desired survivor size 4194304 bytes, new threshold 1 (max threshold 15)
[6.279s][trace][gc,age] GC(457) Age table with threshold 1 (max threshold 15)
[6.279s][trace][gc,age] GC(457) - age   1:    8193280 bytes,    8193280 total
[6.280s][info ][gc    ] GC(457) Pause Young (Normal) (G1 Evacuation Pause) 190M->159M(256M) 6.149ms
[6.291s][debug][gc,age] GC(458) Desired survivor size 3145728 bytes, new threshold 1 (max threshold 15)
[6.296s][trace][gc,age] GC(458) Age table with threshold 1 (max threshold 15)
[6.296s][trace][gc,age] GC(458) - age   1:    6144976 bytes,    6144976 total
[6.296s][info ][gc    ] GC(458) Pause Young (Normal) (G1 Evacuation Pause) 198M->174M(256M) 4.966ms
[6.303s][debug][gc,age] GC(459) Desired survivor size 2621440 bytes, new threshold 1 (max threshold 15)
[6.308s][trace][gc,age] GC(459) Age table with threshold 1 (max threshold 15)
[6.308s][trace][gc,age] GC(459) - age   1:    5120816 bytes,    5120816 total
[6.308s][info ][gc    ] GC(459) Pause Young (Concurrent Start) (G1 Evacuation Pause) 206M->190M(256M) 4.905ms
[6.308s][info ][gc    ] GC(460) Concurrent Mark Cycle
[6.315s][info ][gc    ] GC(460) Pause Remark 205M->76M(207M) 0.246ms
[6.319s][debug][gc,age] GC(461) Desired survivor size 2097152 bytes, new threshold 1 (max threshold 15)
[6.323s][trace][gc,age] GC(461) Age table with threshold 1 (max threshold 15)
[6.323s][trace][gc,age] GC(461) - age   1:    4096656 bytes,    4096656 total
[6.323s][info ][gc    ] GC(461) Pause Young (Normal) (G1 Evacuation Pause) 85M->75M(207M) 4.614ms
[6.331s][info ][gc    ] GC(460) Pause Cleanup 105M->105M(207M) 0.059ms
[6.335s][info ][gc    ] GC(460) Concurrent Mark Cycle 27.054ms
[6.339s][debug][gc,age] GC(462) Desired survivor size 4194304 bytes, new threshold 15 (max threshold 15)
[6.345s][trace][gc,age] GC(462) Age table with threshold 15 (max threshold 15)
[6.345s][trace][gc,age] GC(462) - age   1:    7373952 bytes,    7373952 total
[6.345s][trace][gc,age] GC(462) - age   2:     819328 bytes,    8193280 total
[6.345s][info ][gc    ] GC(462) Pause Young (Prepare Mixed) (G1 Evacuation Pause) 132M->96M(207M) 5.253ms
[6.354s][debug][gc,age] GC(463) Desired survivor size 3670016 bytes, new threshold 1 (max threshold 15)
[6.359s][trace][gc,age] GC(463) Age table with threshold 1 (max threshold 15)
[6.359s][trace][gc,age] GC(463) - age   1:    7169136 bytes,    7169136 total
[6.359s][info ][gc    ] GC(463) Pause Young (Mixed) (G1 Evacuation Pause) 143M->93M(207M) 5.385ms
[6.368s][debug][gc,age] GC(464) Desired survivor size 4194304 bytes, new threshold 1 (max threshold 15)
[6.373s][trace][gc,age] GC(464) Age table with threshold 1 (max threshold 15)
[6.373s][trace][gc,age] GC(464) - age   1:    8193280 bytes,    8193280 total
[6.373s][info ][gc    ] GC(464) Pause Young (Mixed) (G1 Evacuation Pause) 143M->108M(207M) 5.109ms
[6.384s][debug][gc,age] GC(465) Desired survivor size 3670016 bytes, new threshold 1 (max threshold 15)
[6.389s][trace][gc,age] GC(465) Age table with threshold 1 (max threshold 15)
[6.389s][trace][gc,age] GC(465) - age   1:    7169120 bytes,    7169120 total
[6.389s][info ][gc    ] GC(465) Pause Young (Normal) (G1 Evacuation Pause) 149M->125M(207M) 4.921ms
[6.393s][debug][gc,age] GC(466) Desired survivor size 2621440 bytes, new threshold 1 (max threshold 15)
[6.398s][trace][gc,age] GC(466) Age table with threshold 1 (max threshold 15)
[6.398s][trace][gc,age] GC(466) - age   1:    5120816 bytes,    5120816 total
[6.398s][info ][gc    ] GC(466) Pause Young (Normal) (G1 Evacuation Pause) 156M->141M(227M) 4.918ms
[6.407s][debug][gc,age] GC(467) Desired survivor size 2621440 bytes, new threshold 1 (max threshold 15)
[6.412s][trace][gc,age] GC(467) Age table with threshold 1 (max threshold 15)
[6.412s][trace][gc,age] GC(467) - age   1:    5120816 bytes,    5120816 total
[6.412s][info ][gc    ] GC(467) Pause Young (Normal) (G1 Evacuation Pause) 175M->157M(227M) 5.006ms
[6.419s][debug][gc,age] GC(468) Desired survivor size 2097152 bytes, new threshold 1 (max threshold 15)
[6.422s][trace][gc,age] GC(468) Age table with threshold 1 (max threshold 15)
[6.423s][trace][gc,age] GC(468) - age   1:    4096640 bytes,    4096640 total
[6.423s][info ][gc    ] GC(468) Pause Young (Normal) (G1 Evacuation Pause) 182M->172M(227M) 3.677ms
[6.427s][debug][gc,age] GC(469) Desired survivor size 1572864 bytes, new threshold 1 (max threshold 15)
[6.430s][trace][gc,age] GC(469) Age table with threshold 1 (max threshold 15)
[6.430s][trace][gc,age] GC(469) - age   1:    3072496 bytes,    3072496 total
[6.430s][info ][gc    ] GC(469) Pause Young (Normal) (G1 Evacuation Pause) 190M->183M(227M) 2.816ms
[6.435s][debug][gc,age] GC(470) Desired survivor size 1572864 bytes, new threshold 1 (max threshold 15)
[6.437s][trace][gc,age] GC(470) Age table with threshold 1 (max threshold 15)
[6.437s][trace][gc,age] GC(470) - age   1:    3072480 bytes,    3072480 total
[6.437s][info ][gc    ] GC(470) Pause Young (Normal) (G1 Evacuation Pause) 197M->193M(239M) 2.493ms
[6.440s][debug][gc,age] GC(471) Desired survivor size 1572864 bytes, new threshold 1 (max threshold 15)
[6.444s][trace][gc,age] GC(471) Age table with threshold 1 (max threshold 15)
[6.444s][trace][gc,age] GC(471) - age   1:    3072480 bytes,    3072480 total
[6.444s][info ][gc    ] GC(471) Pause Young (Normal) (G1 Evacuation Pause) 208M->203M(239M) 3.772ms
[6.448s][debug][gc,age] GC(472) Desired survivor size 1048576 bytes, new threshold 1 (max threshold 15)
[6.450s][trace][gc,age] GC(472) Age table with threshold 1 (max threshold 15)
[6.450s][trace][gc,age] GC(472) - age   1:    2048336 bytes,    2048336 total
[6.450s][info ][gc    ] GC(472) Pause Young (Concurrent Start) (G1 Evacuation Pause) 214M->211M(239M) 2.155ms
[6.450s][info ][gc    ] GC(473) Concurrent Mark Cycle
[6.455s][debug][gc,age] GC(474) Desired survivor size 1048576 bytes, new threshold 1 (max threshold 15)
[6.458s][trace][gc,age] GC(474) Age table with threshold 1 (max threshold 15)
[6.458s][trace][gc,age] GC(474) - age   1:    2048336 bytes,    2048336 total
[6.458s][info ][gc    ] GC(474) Pause Young (Normal) (G1 Evacuation Pause) 220M->219M(239M) 3.458ms
[6.464s][debug][gc,age] GC(475) Desired survivor size 1048576 bytes, new threshold 1 (max threshold 15)
[6.467s][trace][gc,age] GC(475) Age table with threshold 1 (max threshold 15)
[6.467s][trace][gc,age] GC(475) - age   1:    2048320 bytes,    2048320 total
[6.467s][info ][gc    ] GC(475) Pause Young (Normal) (G1 Evacuation Pause) 228M->226M(246M) 2.605ms
[6.468s][debug][gc,age] GC(476) Desired survivor size 1048576 bytes, new threshold 1 (max threshold 15)
[6.472s][trace][gc,age] GC(476) Age table with threshold 1 (max threshold 15)
[6.472s][trace][gc,age] GC(476) - age   1:    2048336 bytes,    2048336 total
[6.472s][info ][gc    ] GC(476) Pause Young (Normal) (G1 Evacuation Pause) 236M->233M(247M) 4.352ms
[6.475s][info ][gc    ] GC(473) Pause Remark 234M->96M(247M) 0.259ms
[6.476s][info ][gc    ] GC(473) Pause Cleanup 96M->96M(247M) 0.068ms
[6.477s][info ][gc    ] GC(473) Concurrent Mark Cycle 26.901ms
[6.477s][debug][gc,age] GC(477) Desired survivor size 1048576 bytes, new threshold 1 (max threshold 15)
[6.479s][trace][gc,age] GC(477) Age table with threshold 1 (max threshold 15)
[6.479s][trace][gc,age] GC(477) - age   1:    2048320 bytes,    2048320 total
[6.479s][info ][gc    ] GC(477) Pause Young (Prepare Mixed) (G1 Evacuation Pause) 105M->102M(247M) 1.865ms
[6.488s][debug][gc,age] GC(478) Desired survivor size 4194304 bytes, new threshold 15 (max threshold 15)
[6.494s][trace][gc,age] GC(478) Age table with threshold 15 (max threshold 15)
[6.494s][trace][gc,age] GC(478) - age   1:    7681216 bytes,    7681216 total
[6.494s][trace][gc,age] GC(478) - age   2:     512080 bytes,    8193296 total
[6.494s][info ][gc    ] GC(478) Pause Young (Mixed) (G1 Evacuation Pause) 158M->102M(247M) 5.685ms
[6.507s][debug][gc,age] GC(479) Desired survivor size 4718592 bytes, new threshold 1 (max threshold 15)
[6.512s][trace][gc,age] GC(479) Age table with threshold 1 (max threshold 15)
[6.512s][trace][gc,age] GC(479) - age   1:    9217440 bytes,    9217440 total
[6.512s][info ][gc    ] GC(479) Pause Young (Mixed) (G1 Evacuation Pause) 160M->110M(247M) 5.659ms
[6.528s][debug][gc,age] GC(480) Desired survivor size 4718592 bytes, new threshold 1 (max threshold 15)
[6.534s][trace][gc,age] GC(480) Age table with threshold 1 (max threshold 15)
[6.535s][trace][gc,age] GC(480) - age   1:    9217456 bytes,    9217456 total
[6.535s][info ][gc    ] GC(480) Pause Young (Normal) (G1 Evacuation Pause) 167M->129M(251M) 6.219ms
[6.543s][debug][gc,age] GC(481) Desired survivor size 4194304 bytes, new threshold 1 (max threshold 15)
[6.549s][trace][gc,age] GC(481) Age table with threshold 1 (max threshold 15)
[6.549s][trace][gc,age] GC(481) - age   1:    8193296 bytes,    8193296 total
[6.549s][info ][gc    ] GC(481) Pause Young (Normal) (G1 Evacuation Pause) 180M->146M(251M) 5.750ms
[6.557s][debug][gc,age] GC(482) Desired survivor size 3670016 bytes, new threshold 1 (max threshold 15)
[6.562s][trace][gc,age] GC(482) Age table with threshold 1 (max threshold 15)
[6.562s][trace][gc,age] GC(482) - age   1:    7169136 bytes,    7169136 total
[6.562s][info ][gc    ] GC(482) Pause Young (Normal) (G1 Evacuation Pause) 189M->163M(251M) 5.149ms
[6.571s][debug][gc,age] GC(483) Desired survivor size 3145728 bytes, new threshold 1 (max threshold 15)
[6.575s][trace][gc,age] GC(483) Age table with threshold 1 (max threshold 15)
[6.575s][trace][gc,age] GC(483) - age   1:    6144960 bytes,    6144960 total
[6.575s][info ][gc    ] GC(483) Pause Young (Normal) (G1 Evacuation Pause) 198M->179M(251M) 4.402ms
[6.586s][debug][gc,age] GC(484) Desired survivor size 2621440 bytes, new threshold 1 (max threshold 15)
[6.589s][trace][gc,age] GC(484) Age table with threshold 1 (max threshold 15)
[6.589s][trace][gc,age] GC(484) - age   1:    5120800 bytes,    5120800 total
[6.590s][info ][gc    ] GC(484) Pause Young (Normal) (G1 Evacuation Pause) 206M->193M(253M) 3.910ms
[6.599s][debug][gc,age] GC(485) Desired survivor size 2097152 bytes, new threshold 1 (max threshold 15)
[6.602s][trace][gc,age] GC(485) Age table with threshold 1 (max threshold 15)
[6.602s][trace][gc,age] GC(485) - age   1:    4096656 bytes,    4096656 total
[6.602s][info ][gc    ] GC(485) Pause Young (Concurrent Start) (G1 Evacuation Pause) 214M->205M(253M) 3.268ms
[6.602s][info ][gc    ] GC(486) Concurrent Mark Cycle
[6.610s][info ][gc    ] GC(486) Pause Remark 221M->75M(200M) 0.234ms
[6.610s][debug][gc,age] GC(487) Desired survivor size 1572864 bytes, new threshold 1 (max threshold 15)
[6.613s][trace][gc,age] GC(487) Age table with threshold 1 (max threshold 15)
[6.613s][trace][gc,age] GC(487) - age   1:    3072480 bytes,    3072480 total
[6.613s][info ][gc    ] GC(487) Pause Young (Normal) (G1 Evacuation Pause) 75M->70M(200M) 2.621ms
[6.619s][info ][gc    ] GC(486) Pause Cleanup 101M->101M(200M) 0.069ms
[6.623s][info ][gc    ] GC(486) Concurrent Mark Cycle 21.113ms
[6.627s][debug][gc,age] GC(488) Desired survivor size 4194304 bytes, new threshold 15 (max threshold 15)
[6.632s][trace][gc,age] GC(488) Age table with threshold 15 (max threshold 15)
[6.632s][trace][gc,age] GC(488) - age   1:    8193296 bytes,    8193296 total
[6.632s][info ][gc    ] GC(488) Pause Young (Prepare Mixed) (G1 Evacuation Pause) 125M->92M(200M) 4.939ms
[6.638s][debug][gc,age] GC(489) Desired survivor size 3670016 bytes, new threshold 1 (max threshold 15)
[6.643s][trace][gc,age] GC(489) Age table with threshold 1 (max threshold 15)
[6.643s][trace][gc,age] GC(489) - age   1:    7169120 bytes,    7169120 total
[6.643s][info ][gc    ] GC(489) Pause Young (Mixed) (G1 Evacuation Pause) 137M->90M(200M) 5.142ms
[6.653s][debug][gc,age] GC(490) Desired survivor size 3670016 bytes, new threshold 1 (max threshold 15)
[6.658s][trace][gc,age] GC(490) Age table with threshold 1 (max threshold 15)
[6.658s][trace][gc,age] GC(490) - age   1:    7169120 bytes,    7169120 total
[6.658s][info ][gc    ] GC(490) Pause Young (Mixed) (G1 Evacuation Pause) 137M->105M(200M) 5.170ms
[6.664s][debug][gc,age] GC(491) Desired survivor size 3145728 bytes, new threshold 1 (max threshold 15)
[6.668s][trace][gc,age] GC(491) Age table with threshold 1 (max threshold 15)
[6.668s][trace][gc,age] GC(491) - age   1:    6144976 bytes,    6144976 total
[6.668s][info ][gc    ] GC(491) Pause Young (Normal) (G1 Evacuation Pause) 144M->122M(223M) 4.438ms
[6.677s][debug][gc,age] GC(492) Desired survivor size 3670016 bytes, new threshold 1 (max threshold 15)
[6.682s][trace][gc,age] GC(492) Age table with threshold 1 (max threshold 15)
[6.682s][trace][gc,age] GC(492) - age   1:    7169136 bytes,    7169136 total
[6.682s][info ][gc    ] GC(492) Pause Young (Normal) (G1 Evacuation Pause) 165M->140M(223M) 4.937ms
[6.687s][debug][gc,age] GC(493) Desired survivor size 2621440 bytes, new threshold 1 (max threshold 15)
[6.691s][trace][gc,age] GC(493) Age table with threshold 1 (max threshold 15)
[6.691s][trace][gc,age] GC(493) - age   1:    5120800 bytes,    5120800 total
[6.691s][info ][gc    ] GC(493) Pause Young (Normal) (G1 Evacuation Pause) 172M->156M(223M) 4.168ms
[6.703s][debug][gc,age] GC(494) Desired survivor size 2097152 bytes, new threshold 1 (max threshold 15)
[6.706s][trace][gc,age] GC(494) Age table with threshold 1 (max threshold 15)
[6.706s][trace][gc,age] GC(494) - age   1:    4096640 bytes,    4096640 total
[6.706s][info ][gc    ] GC(494) Pause Young (Normal) (G1 Evacuation Pause) 181M->170M(223M) 3.332ms
[6.708s][debug][gc,age] GC(495) Desired survivor size 1572864 bytes, new threshold 1 (max threshold 15)
[6.710s][trace][gc,age] GC(495) Age table with threshold 1 (max threshold 15)
[6.710s][trace][gc,age] GC(495) - age   1:    3072496 bytes,    3072496 total
[6.710s][info ][gc    ] GC(495) Pause Young (Normal) (G1 Evacuation Pause) 188M->182M(237M) 2.513ms
[6.719s][debug][gc,age] GC(496) Desired survivor size 1572864 bytes, new threshold 1 (max threshold 15)
[6.721s][trace][gc,age] GC(496) Age table with threshold 1 (max threshold 15)
[6.721s][trace][gc,age] GC(496) - age   1:    3072480 bytes,    3072480 total
[6.721s][info ][gc    ] GC(496) Pause Young (Normal) (G1 Evacuation Pause) 200M->195M(237M) 2.584ms
[6.724s][debug][gc,age] GC(497) Desired survivor size 1048576 bytes, new threshold 1 (max threshold 15)
[6.726s][trace][gc,age] GC(497) Age table with threshold 1 (max threshold 15)
[6.726s][trace][gc,age] GC(497) - age   1:    2048336 bytes,    2048336 total
[6.726s][info ][gc    ] GC(497) Pause Young (Normal) (G1 Evacuation Pause) 208M->204M(237M) 1.833ms
[6.731s][debug][gc,age] GC(498) Desired survivor size 1048576 bytes, new threshold 1 (max threshold 15)
[6.732s][trace][gc,age] GC(498) Age table with threshold 1 (max threshold 15)
[6.732s][trace][gc,age] GC(498) - age   1:    2048336 bytes,    2048336 total
[6.732s][info ][gc    ] GC(498) Pause Young (Concurrent Start) (G1 Evacuation Pause) 214M->212M(237M) 1.474ms
[6.732s][info ][gc    ] GC(499) Concurrent Mark Cycle
[6.735s][debug][gc,age] GC(500) Desired survivor size 1048576 bytes, new threshold 1 (max threshold 15)
[6.737s][trace][gc,age] GC(500) Age table with threshold 1 (max threshold 15)
[6.737s][trace][gc,age] GC(500) - age   1:    2048320 bytes,    2048320 total
[6.737s][info ][gc    ] GC(500) Pause Young (Normal) (G1 Evacuation Pause) 221M->219M(245M) 1.421ms
[6.738s][debug][gc,age] GC(501) Desired survivor size 1048576 bytes, new threshold 1 (max threshold 15)
[6.741s][trace][gc,age] GC(501) Age table with threshold 1 (max threshold 15)
[6.741s][trace][gc,age] GC(501) - age   1:    2048336 bytes,    2048336 total
[6.741s][info ][gc    ] GC(501) Pause Young (Normal) (G1 Evacuation Pause) 229M->227M(245M) 3.352ms
[6.743s][info ][gc    ] GC(499) Pause Remark 228M->85M(245M) 0.227ms
[6.745s][debug][gc,age] GC(502) Desired survivor size 1048576 bytes, new threshold 1 (max threshold 15)
[6.747s][trace][gc,age] GC(502) Age table with threshold 1 (max threshold 15)
[6.747s][trace][gc,age] GC(502) - age   1:    2048320 bytes,    2048320 total
[6.747s][info ][gc    ] GC(502) Pause Young (Normal) (G1 Evacuation Pause) 94M->92M(245M) 1.692ms
[6.755s][info ][gc    ] GC(499) Pause Cleanup 118M->118M(245M) 0.124ms
[6.755s][info ][gc    ] GC(499) Concurrent Mark Cycle 23.073ms
[6.762s][debug][gc,age] GC(503) Desired survivor size 4194304 bytes, new threshold 15 (max threshold 15)
[6.767s][trace][gc,age] GC(503) Age table with threshold 15 (max threshold 15)
[6.767s][trace][gc,age] GC(503) - age   1:    8193280 bytes,    8193280 total
[6.767s][info ][gc    ] GC(503) Pause Young (Prepare Mixed) (G1 Evacuation Pause) 152M->116M(245M) 5.813ms
[6.775s][debug][gc,age] GC(504) Desired survivor size 4194304 bytes, new threshold 1 (max threshold 15)
[6.780s][trace][gc,age] GC(504) Age table with threshold 1 (max threshold 15)
[6.780s][trace][gc,age] GC(504) - age   1:    8193280 bytes,    8193280 total
[6.780s][info ][gc    ] GC(504) Pause Young (Mixed) (G1 Evacuation Pause) 168M->109M(245M) 4.878ms
[6.790s][debug][gc,age] GC(505) Desired survivor size 4718592 bytes, new threshold 1 (max threshold 15)
[6.796s][trace][gc,age] GC(505) Age table with threshold 1 (max threshold 15)
[6.796s][trace][gc,age] GC(505) - age   1:    9217440 bytes,    9217440 total
[6.796s][info ][gc    ] GC(505) Pause Young (Mixed) (G1 Evacuation Pause) 166M->121M(249M) 5.657ms
[6.808s][debug][gc,age] GC(506) Desired survivor size 4194304 bytes, new threshold 1 (max threshold 15)
[6.813s][trace][gc,age] GC(506) Age table with threshold 1 (max threshold 15)
[6.813s][trace][gc,age] GC(506) - age   1:    8193280 bytes,    8193280 total
[6.813s][info ][gc    ] GC(506) Pause Young (Normal) (G1 Evacuation Pause) 176M->138M(249M) 5.574ms
[6.827s][debug][gc,age] GC(507) Desired survivor size 3670016 bytes, new threshold 1 (max threshold 15)
[6.832s][trace][gc,age] GC(507) Age table with threshold 1 (max threshold 15)
[6.832s][trace][gc,age] GC(507) - age   1:    7169136 bytes,    7169136 total
[6.832s][info ][gc    ] GC(507) Pause Young (Normal) (G1 Evacuation Pause) 185M->155M(249M) 4.930ms
[6.837s][debug][gc,age] GC(508) Desired survivor size 3145728 bytes, new threshold 1 (max threshold 15)
[6.842s][trace][gc,age] GC(508) Age table with threshold 1 (max threshold 15)
[6.842s][trace][gc,age] GC(508) - age   1:    6144960 bytes,    6144960 total
[6.842s][info ][gc    ] GC(508) Pause Young (Normal) (G1 Evacuation Pause) 194M->172M(249M) 4.524ms
[6.851s][debug][gc,age] GC(509) Desired survivor size 2621440 bytes, new threshold 1 (max threshold 15)
[6.855s][trace][gc,age] GC(509) Age table with threshold 1 (max threshold 15)
[6.855s][trace][gc,age] GC(509) - age   1:    5120800 bytes,    5120800 total
[6.855s][info ][gc    ] GC(509) Pause Young (Normal) (G1 Evacuation Pause) 202M->187M(252M) 4.102ms
[6.862s][debug][gc,age] GC(510) Desired survivor size 2097152 bytes, new threshold 1 (max threshold 15)
[6.866s][trace][gc,age] GC(510) Age table with threshold 1 (max threshold 15)
[6.866s][trace][gc,age] GC(510) - age   1:    4096656 bytes,    4096656 total
[6.866s][info ][gc    ] GC(510) Pause Young (Concurrent Start) (G1 Evacuation Pause) 211M->202M(252M) 3.622ms
[6.866s][info ][gc    ] GC(511) Concurrent Mark Cycle
[6.872s][debug][gc,age] GC(512) Desired survivor size 1572864 bytes, new threshold 1 (max threshold 15)
[6.875s][trace][gc,age] GC(512) Age table with threshold 1 (max threshold 15)
[6.875s][trace][gc,age] GC(512) - age   1:    3072496 bytes,    3072496 total
[6.875s][info ][gc    ] GC(512) Pause Young (Normal) (G1 Evacuation Pause) 218M->213M(252M) 3.029ms
[6.879s][info ][gc    ] GC(511) Pause Remark 214M->75M(250M) 0.246ms
[6.880s][info ][gc    ] GC(511) Pause Cleanup 75M->75M(250M) 0.069ms
[6.882s][info ][gc    ] GC(511) Concurrent Mark Cycle 15.889ms
[6.882s][debug][gc,age] GC(513) Desired survivor size 1048576 bytes, new threshold 1 (max threshold 15)
[6.884s][trace][gc,age] GC(513) Age table with threshold 1 (max threshold 15)
[6.884s][trace][gc,age] GC(513) - age   1:    2048320 bytes,    2048320 total
[6.884s][info ][gc    ] GC(513) Pause Young (Prepare Mixed) (G1 Evacuation Pause) 86M->82M(250M) 2.064ms
[6.897s][debug][gc,age] GC(514) Desired survivor size 5242880 bytes, new threshold 15 (max threshold 15)
[6.902s][trace][gc,age] GC(514) Age table with threshold 15 (max threshold 15)
[6.902s][trace][gc,age] GC(514) - age   1:   10241600 bytes,   10241600 total
[6.902s][info ][gc    ] GC(514) Pause Young (Mixed) (G1 Evacuation Pause) 160M->83M(250M) 5.943ms
[6.919s][debug][gc,age] GC(515) Desired survivor size 6291456 bytes, new threshold 1 (max threshold 15)
[6.926s][trace][gc,age] GC(515) Age table with threshold 1 (max threshold 15)
[6.926s][trace][gc,age] GC(515) - age   1:   12289936 bytes,   12289936 total
[6.926s][info ][gc    ] GC(515) Pause Young (Normal) (G1 Evacuation Pause) 163M->101M(253M) 7.691ms
[6.943s][debug][gc,age] GC(516) Desired survivor size 5767168 bytes, new threshold 1 (max threshold 15)
[6.948s][trace][gc,age] GC(516) Age table with threshold 1 (max threshold 15)
[6.948s][trace][gc,age] GC(516) - age   1:   11265776 bytes,   11265776 total
[6.948s][info ][gc    ] GC(516) Pause Young (Normal) (G1 Evacuation Pause) 173M->117M(253M) 5.574ms
[6.959s][debug][gc,age] GC(517) Desired survivor size 5242880 bytes, new threshold 1 (max threshold 15)
[6.965s][trace][gc,age] GC(517) Age table with threshold 1 (max threshold 15)
[6.965s][trace][gc,age] GC(517) - age   1:   10241616 bytes,   10241616 total
[6.965s][info ][gc    ] GC(517) Pause Young (Normal) (G1 Evacuation Pause) 181M->134M(253M) 5.687ms
[6.975s][debug][gc,age] GC(518) Desired survivor size 4194304 bytes, new threshold 1 (max threshold 15)
[6.980s][trace][gc,age] GC(518) Age table with threshold 1 (max threshold 15)
[6.980s][trace][gc,age] GC(518) - age   1:    8193280 bytes,    8193280 total
[6.980s][info ][gc    ] GC(518) Pause Young (Normal) (G1 Evacuation Pause) 188M->151M(253M) 5.560ms
[6.989s][debug][gc,age] GC(519) Desired survivor size 3670016 bytes, new threshold 1 (max threshold 15)
[6.995s][trace][gc,age] GC(519) Age table with threshold 1 (max threshold 15)
[6.995s][trace][gc,age] GC(519) - age   1:    7169136 bytes,    7169136 total
[6.995s][info ][gc    ] GC(519) Pause Young (Normal) (G1 Evacuation Pause) 195M->169M(255M) 5.771ms
[7.004s][debug][gc,age] GC(520) Desired survivor size 3145728 bytes, new threshold 1 (max threshold 15)
[7.008s][trace][gc,age] GC(520) Age table with threshold 1 (max threshold 15)
[7.008s][trace][gc,age] GC(520) - age   1:    6144960 bytes,    6144960 total
[7.008s][info ][gc    ] GC(520) Pause Young (Normal) (G1 Evacuation Pause) 203M->184M(255M) 4.225ms
[7.015s][debug][gc,age] GC(521) Desired survivor size 2097152 bytes, new threshold 1 (max threshold 15)
[7.019s][trace][gc,age] GC(521) Age table with threshold 1 (max threshold 15)
[7.019s][trace][gc,age] GC(521) - age   1:    4096640 bytes,    4096640 total
[7.019s][info ][gc    ] GC(521) Pause Young (Concurrent Start) (G1 Evacuation Pause) 210M->198M(255M) 3.813ms
[7.019s][info ][gc    ] GC(522) Concurrent Mark Cycle
[7.023s][info ][gc    ] GC(522) Pause Remark 204M->67M(210M) 0.246ms
[7.028s][info ][gc    ] GC(522) Pause Cleanup 76M->76M(210M) 0.060ms
[7.029s][info ][gc    ] GC(522) Concurrent Mark Cycle 9.666ms
[7.030s][debug][gc,age] GC(523) Desired survivor size 1572864 bytes, new threshold 1 (max threshold 15)
[7.033s][trace][gc,age] GC(523) Age table with threshold 1 (max threshold 15)
[7.033s][trace][gc,age] GC(523) - age   1:    3072480 bytes,    3072480 total
[7.033s][info ][gc    ] GC(523) Pause Young (Prepare Mixed) (G1 Evacuation Pause) 82M->74M(210M) 3.468ms
[7.045s][debug][gc,age] GC(524) Desired survivor size 4718592 bytes, new threshold 15 (max threshold 15)
[7.050s][trace][gc,age] GC(524) Age table with threshold 15 (max threshold 15)
[7.050s][trace][gc,age] GC(524) - age   1:    8910208 bytes,    8910208 total
[7.050s][trace][gc,age] GC(524) - age   2:     307248 bytes,    9217456 total
[7.050s][info ][gc    ] GC(524) Pause Young (Mixed) (G1 Evacuation Pause) 136M->77M(210M) 5.316ms
[7.064s][debug][gc,age] GC(525) Desired survivor size 4718592 bytes, new threshold 1 (max threshold 15)
[7.070s][trace][gc,age] GC(525) Age table with threshold 1 (max threshold 15)
[7.070s][trace][gc,age] GC(525) - age   1:    9217440 bytes,    9217440 total
[7.070s][info ][gc    ] GC(525) Pause Young (Mixed) (G1 Evacuation Pause) 139M->91M(229M) 5.771ms
[7.087s][debug][gc,age] GC(526) Desired survivor size 5242880 bytes, new threshold 1 (max threshold 15)
[7.093s][trace][gc,age] GC(526) Age table with threshold 1 (max threshold 15)
[7.093s][trace][gc,age] GC(526) - age   1:   10241600 bytes,   10241600 total
[7.093s][info ][gc    ] GC(526) Pause Young (Normal) (G1 Evacuation Pause) 157M->110M(229M) 6.162ms
[7.103s][debug][gc,age] GC(527) Desired survivor size 4718592 bytes, new threshold 1 (max threshold 15)
[7.109s][trace][gc,age] GC(527) Age table with threshold 1 (max threshold 15)
[7.109s][trace][gc,age] GC(527) - age   1:    9217456 bytes,    9217456 total
[7.109s][info ][gc    ] GC(527) Pause Young (Normal) (G1 Evacuation Pause) 165M->127M(229M) 5.759ms
[7.117s][debug][gc,age] GC(528) Desired survivor size 3670016 bytes, new threshold 1 (max threshold 15)
[7.122s][trace][gc,age] GC(528) Age table with threshold 1 (max threshold 15)
[7.122s][trace][gc,age] GC(528) - age   1:    7169136 bytes,    7169136 total
[7.122s][info ][gc    ] GC(528) Pause Young (Normal) (G1 Evacuation Pause) 171M->143M(229M) 5.305ms
[7.132s][debug][gc,age] GC(529) Desired survivor size 3145728 bytes, new threshold 1 (max threshold 15)
[7.137s][trace][gc,age] GC(529) Age table with threshold 1 (max threshold 15)
[7.137s][trace][gc,age] GC(529) - age   1:    6144960 bytes,    6144960 total
[7.137s][info ][gc    ] GC(529) Pause Young (Normal) (G1 Evacuation Pause) 177M->159M(239M) 5.469ms
[7.147s][debug][gc,age] GC(530) Desired survivor size 2621440 bytes, new threshold 1 (max threshold 15)
[7.152s][trace][gc,age] GC(530) Age table with threshold 1 (max threshold 15)
[7.152s][trace][gc,age] GC(530) - age   1:    5120800 bytes,    5120800 total
[7.152s][info ][gc    ] GC(530) Pause Young (Normal) (G1 Evacuation Pause) 190M->174M(239M) 4.920ms
[7.160s][debug][gc,age] GC(531) Desired survivor size 2097152 bytes, new threshold 1 (max threshold 15)
[7.164s][trace][gc,age] GC(531) Age table with threshold 1 (max threshold 15)
[7.164s][trace][gc,age] GC(531) - age   1:    4096640 bytes,    4096640 total
[7.164s][info ][gc    ] GC(531) Pause Young (Normal) (G1 Evacuation Pause) 198M->188M(239M) 4.248ms
[7.166s][debug][gc,age] GC(532) Desired survivor size 1572864 bytes, new threshold 1 (max threshold 15)
[7.169s][trace][gc,age] GC(532) Age table with threshold 1 (max threshold 15)
[7.169s][trace][gc,age] GC(532) - age   1:    3072496 bytes,    3072496 total
[7.169s][info ][gc    ] GC(532) Pause Young (Normal) (G1 Evacuation Pause) 205M->200M(239M) 3.023ms
[7.175s][debug][gc,age] GC(533) Desired survivor size 1048576 bytes, new threshold 1 (max threshold 15)
[7.177s][trace][gc,age] GC(533) Age table with threshold 1 (max threshold 15)
[7.177s][trace][gc,age] GC(533) - age   1:    2048320 bytes,    2048320 total
[7.177s][info ][gc    ] GC(533) Pause Young (Concurrent Start) (G1 Evacuation Pause) 212M->208M(246M) 2.428ms
[7.177s][info ][gc    ] GC(534) Concurrent Mark Cycle
[7.182s][info ][gc    ] GC(534) Pause Remark 216M->74M(224M) 0.249ms
[7.183s][debug][gc,age] GC(535) Desired survivor size 1048576 bytes, new threshold 1 (max threshold 15)
[7.185s][trace][gc,age] GC(535) Age table with threshold 1 (max threshold 15)
[7.185s][trace][gc,age] GC(535) - age   1:    2048320 bytes,    2048320 total
[7.185s][info ][gc    ] GC(535) Pause Young (Normal) (G1 Evacuation Pause) 78M->76M(224M) 2.391ms
[7.195s][info ][gc    ] GC(534) Pause Cleanup 104M->104M(224M) 0.070ms
[7.199s][info ][gc    ] GC(534) Concurrent Mark Cycle 21.920ms
[7.205s][debug][gc,age] GC(536) Desired survivor size 4194304 bytes, new threshold 15 (max threshold 15)
[7.211s][trace][gc,age] GC(536) Age table with threshold 15 (max threshold 15)
[7.211s][trace][gc,age] GC(536) - age   1:    8193296 bytes,    8193296 total
[7.211s][info ][gc    ] GC(536) Pause Young (Prepare Mixed) (G1 Evacuation Pause) 137M->101M(224M) 6.406ms
[7.223s][debug][gc,age] GC(537) Desired survivor size 4194304 bytes, new threshold 1 (max threshold 15)
[7.229s][trace][gc,age] GC(537) Age table with threshold 1 (max threshold 15)
[7.229s][trace][gc,age] GC(537) - age   1:    8193296 bytes,    8193296 total
[7.229s][info ][gc    ] GC(537) Pause Young (Mixed) (G1 Evacuation Pause) 152M->96M(224M) 5.868ms
[7.242s][debug][gc,age] GC(538) Desired survivor size 4194304 bytes, new threshold 1 (max threshold 15)
[7.247s][trace][gc,age] GC(538) Age table with threshold 1 (max threshold 15)
[7.247s][trace][gc,age] GC(538) - age   1:    8193296 bytes,    8193296 total
[7.247s][info ][gc    ] GC(538) Pause Young (Mixed) (G1 Evacuation Pause) 150M->106M(224M) 5.182ms
[7.259s][debug][gc,age] GC(539) Desired survivor size 4194304 bytes, new threshold 1 (max threshold 15)
[7.264s][trace][gc,age] GC(539) Age table with threshold 1 (max threshold 15)
[7.264s][trace][gc,age] GC(539) - age   1:    8193296 bytes,    8193296 total
[7.264s][info ][gc    ] GC(539) Pause Young (Normal) (G1 Evacuation Pause) 157M->125M(224M) 5.538ms
[7.273s][debug][gc,age] GC(540) Desired survivor size 3670016 bytes, new threshold 1 (max threshold 15)
[7.278s][trace][gc,age] GC(540) Age table with threshold 1 (max threshold 15)
[7.278s][trace][gc,age] GC(540) - age   1:    7169120 bytes,    7169120 total
[7.278s][info ][gc    ] GC(540) Pause Young (Normal) (G1 Evacuation Pause) 166M->142M(237M) 5.025ms
[7.288s][debug][gc,age] GC(541) Desired survivor size 3145728 bytes, new threshold 1 (max threshold 15)
[7.293s][trace][gc,age] GC(541) Age table with threshold 1 (max threshold 15)
[7.293s][trace][gc,age] GC(541) - age   1:    6144960 bytes,    6144960 total
[7.293s][info ][gc    ] GC(541) Pause Young (Normal) (G1 Evacuation Pause) 181M->159M(237M) 4.716ms
[7.300s][debug][gc,age] GC(542) Desired survivor size 2621440 bytes, new threshold 1 (max threshold 15)
[7.304s][trace][gc,age] GC(542) Age table with threshold 1 (max threshold 15)
[7.304s][trace][gc,age] GC(542) - age   1:    5120816 bytes,    5120816 total
[7.304s][info ][gc    ] GC(542) Pause Young (Normal) (G1 Evacuation Pause) 189M->174M(237M) 4.117ms
[7.316s][debug][gc,age] GC(543) Desired survivor size 2097152 bytes, new threshold 1 (max threshold 15)
[7.319s][trace][gc,age] GC(543) Age table with threshold 1 (max threshold 15)
[7.319s][trace][gc,age] GC(543) - age   1:    4096640 bytes,    4096640 total
[7.319s][info ][gc    ] GC(543) Pause Young (Normal) (G1 Evacuation Pause) 197M->188M(237M) 3.439ms
[7.327s][debug][gc,age] GC(544) Desired survivor size 1572864 bytes, new threshold 1 (max threshold 15)
[7.329s][trace][gc,age] GC(544) Age table with threshold 1 (max threshold 15)
[7.329s][trace][gc,age] GC(544) - age   1:    3072480 bytes,    3072480 total
[7.329s][info ][gc    ] GC(544) Pause Young (Normal) (G1 Evacuation Pause) 204M->198M(244M) 2.756ms
[7.335s][debug][gc,age] GC(545) Desired survivor size 1572864 bytes, new threshold 1 (max threshold 15)
[7.338s][trace][gc,age] GC(545) Age table with threshold 1 (max threshold 15)
[7.338s][trace][gc,age] GC(545) - age   1:    3072496 bytes,    3072496 total
[7.338s][info ][gc    ] GC(545) Pause Young (Normal) (G1 Evacuation Pause) 213M->209M(244M) 2.927ms
[7.344s][debug][gc,age] GC(546) Desired survivor size 1048576 bytes, new threshold 1 (max threshold 15)
[7.346s][trace][gc,age] GC(546) Age table with threshold 1 (max threshold 15)
[7.346s][trace][gc,age] GC(546) - age   1:    2048336 bytes,    2048336 total
[7.346s][info ][gc    ] GC(546) Pause Young (Concurrent Start) (G1 Evacuation Pause) 220M->217M(244M) 2.405ms
[7.346s][info ][gc    ] GC(547) Concurrent Mark Cycle
[7.352s][debug][gc,age] GC(548) Desired survivor size 1048576 bytes, new threshold 1 (max threshold 15)
[7.354s][trace][gc,age] GC(548) Age table with threshold 1 (max threshold 15)
[7.354s][trace][gc,age] GC(548) - age   1:    2048336 bytes,    2048336 total
[7.354s][info ][gc    ] GC(548) Pause Young (Normal) (G1 Evacuation Pause) 227M->225M(244M) 2.290ms
[7.358s][info ][gc    ] GC(547) Pause Remark 226M->73M(244M) 0.360ms
[7.359s][info ][gc    ] GC(547) Pause Cleanup 73M->73M(244M) 0.067ms
[7.360s][debug][gc,age] GC(549) Desired survivor size 1048576 bytes, new threshold 1 (max threshold 15)
[7.362s][trace][gc,age] GC(549) Age table with threshold 1 (max threshold 15)
[7.362s][trace][gc,age] GC(549) - age   1:    2048336 bytes,    2048336 total
[7.362s][info ][gc    ] GC(549) Pause Young (Prepare Mixed) (G1 Evacuation Pause) 82M->80M(244M) 2.135ms
[7.363s][info ][gc    ] GC(547) Concurrent Mark Cycle 16.468ms
[7.373s][debug][gc,age] GC(550) Desired survivor size 4718592 bytes, new threshold 15 (max threshold 15)
[7.379s][trace][gc,age] GC(550) Age table with threshold 15 (max threshold 15)
[7.379s][trace][gc,age] GC(550) - age   1:    9115040 bytes,    9115040 total
[7.379s][trace][gc,age] GC(550) - age   2:     102416 bytes,    9217456 total
[7.379s][info ][gc    ] GC(550) Pause Young (Mixed) (G1 Evacuation Pause) 143M->79M(249M) 6.052ms
[7.395s][debug][gc,age] GC(551) Desired survivor size 5242880 bytes, new threshold 1 (max threshold 15)
[7.401s][trace][gc,age] GC(551) Age table with threshold 1 (max threshold 15)
[7.401s][trace][gc,age] GC(551) - age   1:   10241600 bytes,   10241600 total
[7.401s][info ][gc    ] GC(551) Pause Young (Mixed) (G1 Evacuation Pause) 147M->97M(249M) 6.160ms
[7.417s][debug][gc,age] GC(552) Desired survivor size 5242880 bytes, new threshold 1 (max threshold 15)
[7.423s][trace][gc,age] GC(552) Age table with threshold 1 (max threshold 15)
[7.423s][trace][gc,age] GC(552) - age   1:   10241616 bytes,   10241616 total
[7.423s][info ][gc    ] GC(552) Pause Young (Normal) (G1 Evacuation Pause) 161M->114M(249M) 5.649ms
[7.431s][debug][gc,age] GC(553) Desired survivor size 4718592 bytes, new threshold 1 (max threshold 15)
[7.437s][trace][gc,age] GC(553) Age table with threshold 1 (max threshold 15)
[7.437s][trace][gc,age] GC(553) - age   1:    9217456 bytes,    9217456 total
[7.437s][info ][gc    ] GC(553) Pause Young (Normal) (G1 Evacuation Pause) 172M->131M(249M) 5.728ms
[7.450s][debug][gc,age] GC(554) Desired survivor size 4194304 bytes, new threshold 1 (max threshold 15)
[7.457s][trace][gc,age] GC(554) Age table with threshold 1 (max threshold 15)
[7.457s][trace][gc,age] GC(554) - age   1:    8193296 bytes,    8193296 total
[7.457s][info ][gc    ] GC(554) Pause Young (Normal) (G1 Evacuation Pause) 181M->148M(252M) 7.021ms
[7.467s][debug][gc,age] GC(555) Desired survivor size 3670016 bytes, new threshold 1 (max threshold 15)
[7.472s][trace][gc,age] GC(555) Age table with threshold 1 (max threshold 15)
[7.472s][trace][gc,age] GC(555) - age   1:    7169136 bytes,    7169136 total
[7.472s][info ][gc    ] GC(555) Pause Young (Normal) (G1 Evacuation Pause) 191M->166M(252M) 5.303ms
[7.479s][debug][gc,age] GC(556) Desired survivor size 3145728 bytes, new threshold 1 (max threshold 15)
[7.484s][trace][gc,age] GC(556) Age table with threshold 1 (max threshold 15)
[7.484s][trace][gc,age] GC(556) - age   1:    6144976 bytes,    6144976 total
[7.484s][info ][gc    ] GC(556) Pause Young (Normal) (G1 Evacuation Pause) 200M->181M(252M) 4.563ms
[7.491s][debug][gc,age] GC(557) Desired survivor size 2621440 bytes, new threshold 1 (max threshold 15)
[7.495s][trace][gc,age] GC(557) Age table with threshold 1 (max threshold 15)
[7.495s][trace][gc,age] GC(557) - age   1:    5120800 bytes,    5120800 total
[7.495s][info ][gc    ] GC(557) Pause Young (Normal) (G1 Evacuation Pause) 208M->196M(252M) 4.056ms
[7.503s][debug][gc,age] GC(558) Desired survivor size 1572864 bytes, new threshold 1 (max threshold 15)
[7.506s][trace][gc,age] GC(558) Age table with threshold 1 (max threshold 15)
[7.506s][trace][gc,age] GC(558) - age   1:    3072480 bytes,    3072480 total
[7.506s][info ][gc    ] GC(558) Pause Young (Concurrent Start) (G1 Evacuation Pause) 215M->208M(254M) 3.062ms
[7.506s][info ][gc    ] GC(559) Concurrent Mark Cycle
[7.515s][debug][gc,age] GC(560) Desired survivor size 1572864 bytes, new threshold 1 (max threshold 15)
[7.517s][trace][gc,age] GC(560) Age table with threshold 1 (max threshold 15)
[7.517s][trace][gc,age] GC(560) - age   1:    3072496 bytes,    3072496 total
[7.518s][info ][gc    ] GC(560) Pause Young (Normal) (G1 Evacuation Pause) 223M->219M(254M) 2.866ms
[7.523s][debug][gc,age] GC(561) Desired survivor size 1048576 bytes, new threshold 1 (max threshold 15)
[7.525s][trace][gc,age] GC(561) Age table with threshold 1 (max threshold 15)
[7.525s][trace][gc,age] GC(561) - age   1:    2048320 bytes,    2048320 total
[7.525s][info ][gc    ] GC(561) Pause Young (Normal) (G1 Evacuation Pause) 230M->227M(254M) 2.342ms
[7.531s][debug][gc,age] GC(562) Desired survivor size 1048576 bytes, new threshold 1 (max threshold 15)
[7.532s][trace][gc,age] GC(562) Age table with threshold 1 (max threshold 15)
[7.532s][trace][gc,age] GC(562) - age   1:    2048320 bytes,    2048320 total
[7.532s][info ][gc    ] GC(562) Pause Young (Normal) (G1 Evacuation Pause) 237M->235M(254M) 1.599ms
[7.533s][debug][gc,age] GC(563) Desired survivor size 1048576 bytes, new threshold 1 (max threshold 15)
[7.536s][trace][gc,age] GC(563) Age table with threshold 1 (max threshold 15)
[7.536s][trace][gc,age] GC(563) - age   1:    2048336 bytes,    2048336 total
[7.536s][info ][gc    ] GC(563) Pause Young (Normal) (G1 Evacuation Pause) 245M->242M(256M) 2.380ms
[7.537s][debug][gc,age] GC(564) Desired survivor size 1048576 bytes, new threshold 1 (max threshold 15)
[7.538s][trace][gc,age] GC(564) Age table with threshold 1 (max threshold 15)
[7.538s][trace][gc,age] GC(564) - age   1:    2048336 bytes,    2048336 total
[7.538s][info ][gc    ] GC(564) Pause Young (Normal) (G1 Evacuation Pause) (Evacuation Failure) 252M->254M(256M) 0.920ms
[7.538s][debug][gc,age] GC(565) Desired survivor size 524288 bytes, new threshold 1 (max threshold 15)
[7.539s][trace][gc,age] GC(565) Age table with threshold 1 (max threshold 15)
[7.539s][info ][gc    ] GC(565) Pause Young (Normal) (G1 Evacuation Pause) (Evacuation Failure) 255M->255M(256M) 0.260ms
[7.550s][trace][gc,age] GC(566) Age table with threshold 1 (max threshold 15)
[7.550s][info ][gc    ] GC(566) Pause Full (G1 Compaction Pause) 255M->30M(107M) 11.221ms
[7.555s][info ][gc    ] GC(559) Pause Remark 31M->31M(107M) 0.009ms
[7.555s][info ][gc    ] GC(559) Concurrent Mark Cycle 49.129ms
[7.560s][debug][gc,age] GC(567) Desired survivor size 2097152 bytes, new threshold 15 (max threshold 15)
[7.564s][trace][gc,age] GC(567) Age table with threshold 15 (max threshold 15)
[7.564s][trace][gc,age] GC(567) - age   1:    4096640 bytes,    4096640 total
[7.564s][info ][gc    ] GC(567) Pause Young (Normal) (G1 Evacuation Pause) 61M->49M(107M) 4.003ms
[7.568s][debug][gc,age] GC(568) Desired survivor size 1572864 bytes, new threshold 1 (max threshold 15)
[7.571s][trace][gc,age] GC(568) Age table with threshold 1 (max threshold 15)
[7.571s][trace][gc,age] GC(568) - age   1:    3072496 bytes,    3072496 total
[7.571s][info ][gc    ] GC(568) Pause Young (Concurrent Start) (G1 Evacuation Pause) 69M->61M(107M) 3.280ms
[7.571s][info ][gc    ] GC(569) Concurrent Mark Cycle
[7.579s][info ][gc    ] GC(569) Pause Remark 74M->73M(107M) 0.113ms
[7.580s][info ][gc    ] GC(569) Pause Cleanup 73M->73M(107M) 0.047ms
[7.580s][info ][gc    ] GC(569) Concurrent Mark Cycle 8.934ms
[7.581s][debug][gc,age] GC(570) Desired survivor size 1572864 bytes, new threshold 1 (max threshold 15)
[7.584s][trace][gc,age] GC(570) Age table with threshold 1 (max threshold 15)
[7.584s][trace][gc,age] GC(570) - age   1:    3072496 bytes,    3072496 total
[7.584s][info ][gc    ] GC(570) Pause Young (Prepare Mixed) (G1 Evacuation Pause) 75M->71M(107M) 3.027ms
[7.588s][debug][gc,age] GC(571) Desired survivor size 1048576 bytes, new threshold 1 (max threshold 15)
[7.590s][trace][gc,age] GC(571) Age table with threshold 1 (max threshold 15)
[7.590s][trace][gc,age] GC(571) - age   1:    2048336 bytes,    2048336 total
[7.590s][info ][gc    ] GC(571) Pause Young (Mixed) (G1 Evacuation Pause) 81M->69M(107M) 2.086ms
[7.595s][debug][gc,age] GC(572) Desired survivor size 1048576 bytes, new threshold 1 (max threshold 15)
[7.597s][trace][gc,age] GC(572) Age table with threshold 1 (max threshold 15)
[7.597s][trace][gc,age] GC(572) - age   1:    2048336 bytes,    2048336 total
[7.597s][info ][gc    ] GC(572) Pause Young (Mixed) (G1 Evacuation Pause) 81M->69M(167M) 2.482ms
[7.604s][debug][gc,age] GC(573) Desired survivor size 3145728 bytes, new threshold 15 (max threshold 15)
[7.608s][trace][gc,age] GC(573) Age table with threshold 15 (max threshold 15)
[7.608s][trace][gc,age] GC(573) - age   1:    6144960 bytes,    6144960 total
[7.608s][info ][gc    ] GC(573) Pause Young (Mixed) (G1 Evacuation Pause) 109M->79M(167M) 4.274ms
[7.617s][debug][gc,age] GC(574) Desired survivor size 3145728 bytes, new threshold 1 (max threshold 15)
[7.620s][trace][gc,age] GC(574) Age table with threshold 1 (max threshold 15)
[7.620s][trace][gc,age] GC(574) - age   1:    6144976 bytes,    6144976 total
[7.620s][info ][gc    ] GC(574) Pause Young (Normal) (G1 Evacuation Pause) 115M->95M(167M) 3.981ms
[7.627s][debug][gc,age] GC(575) Desired survivor size 2621440 bytes, new threshold 1 (max threshold 15)
[7.630s][trace][gc,age] GC(575) Age table with threshold 1 (max threshold 15)
[7.630s][trace][gc,age] GC(575) - age   1:    5120816 bytes,    5120816 total
[7.630s][info ][gc    ] GC(575) Pause Young (Normal) (G1 Evacuation Pause) 123M->109M(167M) 3.346ms
[7.643s][debug][gc,age] GC(576) Desired survivor size 2097152 bytes, new threshold 1 (max threshold 15)
[7.646s][trace][gc,age] GC(576) Age table with threshold 1 (max threshold 15)
[7.646s][trace][gc,age] GC(576) - age   1:    4096656 bytes,    4096656 total
[7.646s][info ][gc    ] GC(576) Pause Young (Concurrent Start) (G1 Evacuation Pause) 129M->122M(203M) 3.514ms
[7.646s][info ][gc    ] GC(577) Concurrent Mark Cycle
[7.656s][info ][gc    ] GC(577) Pause Remark 149M->85M(197M) 0.305ms
[7.657s][info ][gc    ] GC(577) Pause Cleanup 86M->86M(197M) 0.059ms
[7.657s][info ][gc    ] GC(577) Concurrent Mark Cycle 10.770ms
[7.657s][debug][gc,age] GC(578) Desired survivor size 2621440 bytes, new threshold 1 (max threshold 15)
[7.662s][trace][gc,age] GC(578) Age table with threshold 1 (max threshold 15)
[7.662s][trace][gc,age] GC(578) - age   1:    5120816 bytes,    5120816 total
[7.662s][info ][gc    ] GC(578) Pause Young (Prepare Mixed) (G1 Evacuation Pause) 89M->74M(197M) 4.452ms
[7.676s][debug][gc,age] GC(579) Desired survivor size 3670016 bytes, new threshold 1 (max threshold 15)
[7.682s][trace][gc,age] GC(579) Age table with threshold 1 (max threshold 15)
[7.682s][trace][gc,age] GC(579) - age   1:    7169136 bytes,    7169136 total
[7.682s][info ][gc    ] GC(579) Pause Young (Mixed) (G1 Evacuation Pause) 123M->76M(197M) 5.730ms
[7.690s][debug][gc,age] GC(580) Desired survivor size 4194304 bytes, new threshold 1 (max threshold 15)
[7.696s][trace][gc,age] GC(580) Age table with threshold 1 (max threshold 15)
[7.696s][trace][gc,age] GC(580) - age   1:    8193280 bytes,    8193280 total
[7.696s][info ][gc    ] GC(580) Pause Young (Mixed) (G1 Evacuation Pause) 126M->92M(197M) 6.076ms
[7.706s][debug][gc,age] GC(581) Desired survivor size 3670016 bytes, new threshold 1 (max threshold 15)
[7.711s][trace][gc,age] GC(581) Age table with threshold 1 (max threshold 15)
[7.711s][trace][gc,age] GC(581) - age   1:    7169136 bytes,    7169136 total
[7.711s][info ][gc    ] GC(581) Pause Young (Normal) (G1 Evacuation Pause) 135M->109M(197M) 4.875ms
[7.720s][debug][gc,age] GC(582) Desired survivor size 3145728 bytes, new threshold 1 (max threshold 15)
[7.725s][trace][gc,age] GC(582) Age table with threshold 1 (max threshold 15)
[7.725s][trace][gc,age] GC(582) - age   1:    6144960 bytes,    6144960 total
[7.725s][info ][gc    ] GC(582) Pause Young (Concurrent Start) (G1 Evacuation Pause) 144M->126M(221M) 5.071ms
[7.725s][info ][gc    ] GC(583) Concurrent Mark Cycle
[7.733s][info ][gc    ] GC(583) Pause Remark 135M->63M(184M) 0.179ms
[7.735s][info ][gc    ] GC(583) Pause Cleanup 63M->63M(184M) 0.081ms
[7.735s][info ][gc    ] GC(583) Concurrent Mark Cycle 9.755ms
[7.740s][debug][gc,age] GC(584) Desired survivor size 3145728 bytes, new threshold 1 (max threshold 15)
[7.745s][trace][gc,age] GC(584) Age table with threshold 1 (max threshold 15)
[7.745s][trace][gc,age] GC(584) - age   1:    6144976 bytes,    6144976 total
[7.745s][info ][gc    ] GC(584) Pause Young (Prepare Mixed) (G1 Evacuation Pause) 91M->71M(184M) 4.701ms
[7.754s][debug][gc,age] GC(585) Desired survivor size 3670016 bytes, new threshold 1 (max threshold 15)
[7.759s][trace][gc,age] GC(585) Age table with threshold 1 (max threshold 15)
[7.760s][trace][gc,age] GC(585) - age   1:    7169120 bytes,    7169120 total
[7.760s][info ][gc    ] GC(585) Pause Young (Mixed) (G1 Evacuation Pause) 119M->74M(184M) 5.078ms
[7.770s][debug][gc,age] GC(586) Desired survivor size 3670016 bytes, new threshold 1 (max threshold 15)
[7.775s][trace][gc,age] GC(586) Age table with threshold 1 (max threshold 15)
[7.775s][trace][gc,age] GC(586) - age   1:    7169136 bytes,    7169136 total
[7.775s][info ][gc    ] GC(586) Pause Young (Normal) (G1 Evacuation Pause) 121M->93M(184M) 5.303ms
[7.785s][debug][gc,age] GC(587) Desired survivor size 3145728 bytes, new threshold 1 (max threshold 15)
[7.789s][trace][gc,age] GC(587) Age table with threshold 1 (max threshold 15)
[7.789s][trace][gc,age] GC(587) - age   1:    6144960 bytes,    6144960 total
[7.789s][info ][gc    ] GC(587) Pause Young (Normal) (G1 Evacuation Pause) 130M->110M(184M) 4.533ms
[7.796s][debug][gc,age] GC(588) Desired survivor size 2621440 bytes, new threshold 1 (max threshold 15)
[7.800s][trace][gc,age] GC(588) Age table with threshold 1 (max threshold 15)
[7.800s][trace][gc,age] GC(588) - age   1:    5120800 bytes,    5120800 total
[7.800s][info ][gc    ] GC(588) Pause Young (Concurrent Start) (G1 Evacuation Pause) 138M->125M(213M) 4.646ms
[7.800s][info ][gc    ] GC(589) Concurrent Mark Cycle
[7.807s][info ][gc    ] GC(589) Pause Remark 135M->65M(187M) 0.186ms
[7.815s][info ][gc    ] GC(589) Pause Cleanup 85M->85M(187M) 0.054ms
[7.816s][info ][gc    ] GC(589) Concurrent Mark Cycle 15.674ms
[7.817s][debug][gc,age] GC(590) Desired survivor size 2621440 bytes, new threshold 1 (max threshold 15)
[7.821s][trace][gc,age] GC(590) Age table with threshold 1 (max threshold 15)
[7.821s][trace][gc,age] GC(590) - age   1:    5120816 bytes,    5120816 total
[7.821s][info ][gc    ] GC(590) Pause Young (Prepare Mixed) (G1 Evacuation Pause) 90M->72M(187M) 4.842ms
[7.830s][debug][gc,age] GC(591) Desired survivor size 3670016 bytes, new threshold 1 (max threshold 15)
[7.838s][trace][gc,age] GC(591) Age table with threshold 1 (max threshold 15)
[7.838s][trace][gc,age] GC(591) - age   1:    7169136 bytes,    7169136 total
[7.838s][info ][gc    ] GC(591) Pause Young (Mixed) (G1 Evacuation Pause) 122M->73M(187M) 7.483ms
[7.850s][debug][gc,age] GC(592) Desired survivor size 4194304 bytes, new threshold 1 (max threshold 15)
[7.855s][trace][gc,age] GC(592) Age table with threshold 1 (max threshold 15)
[7.855s][trace][gc,age] GC(592) - age   1:    8193296 bytes,    8193296 total
[7.855s][info ][gc    ] GC(592) Pause Young (Normal) (G1 Evacuation Pause) 123M->92M(187M) 5.472ms
[7.862s][debug][gc,age] GC(593) Desired survivor size 3145728 bytes, new threshold 1 (max threshold 15)
[7.867s][trace][gc,age] GC(593) Age table with threshold 1 (max threshold 15)
[7.867s][trace][gc,age] GC(593) - age   1:    6144960 bytes,    6144960 total
[7.867s][info ][gc    ] GC(593) Pause Young (Normal) (G1 Evacuation Pause) 132M->108M(187M) 4.901ms
[7.875s][debug][gc,age] GC(594) Desired survivor size 2621440 bytes, new threshold 1 (max threshold 15)
[7.880s][trace][gc,age] GC(594) Age table with threshold 1 (max threshold 15)
[7.880s][trace][gc,age] GC(594) - age   1:    5120800 bytes,    5120800 total
[7.880s][info ][gc    ] GC(594) Pause Young (Concurrent Start) (G1 Evacuation Pause) 138M->123M(215M) 4.865ms
[7.881s][info ][gc    ] GC(595) Concurrent Mark Cycle
[7.887s][info ][gc    ] GC(595) Pause Remark 135M->62M(174M) 0.206ms
[7.891s][info ][gc    ] GC(595) Pause Cleanup 76M->76M(174M) 0.052ms
[7.891s][info ][gc    ] GC(595) Concurrent Mark Cycle 10.248ms
[7.893s][debug][gc,age] GC(596) Desired survivor size 3145728 bytes, new threshold 1 (max threshold 15)
[7.900s][trace][gc,age] GC(596) Age table with threshold 1 (max threshold 15)
[7.900s][trace][gc,age] GC(596) - age   1:    6144960 bytes,    6144960 total
[7.900s][info ][gc    ] GC(596) Pause Young (Prepare Mixed) (G1 Evacuation Pause) 87M->69M(174M) 6.844ms
[7.908s][debug][gc,age] GC(597) Desired survivor size 3670016 bytes, new threshold 1 (max threshold 15)
[7.915s][trace][gc,age] GC(597) Age table with threshold 1 (max threshold 15)
[7.915s][trace][gc,age] GC(597) - age   1:    7169136 bytes,    7169136 total
[7.915s][info ][gc    ] GC(597) Pause Young (Mixed) (G1 Evacuation Pause) 114M->74M(174M) 7.117ms
[7.938s][debug][gc,age] GC(598) Desired survivor size 3670016 bytes, new threshold 1 (max threshold 15)
[7.945s][trace][gc,age] GC(598) Age table with threshold 1 (max threshold 15)
[7.945s][trace][gc,age] GC(598) - age   1:    7169136 bytes,    7169136 total
[7.945s][info ][gc    ] GC(598) Pause Young (Normal) (G1 Evacuation Pause) 117M->92M(174M) 6.340ms
[7.955s][debug][gc,age] GC(599) Desired survivor size 2621440 bytes, new threshold 1 (max threshold 15)
[7.959s][trace][gc,age] GC(599) Age table with threshold 1 (max threshold 15)
[7.959s][trace][gc,age] GC(599) - age   1:    5120816 bytes,    5120816 total
[7.959s][info ][gc    ] GC(599) Pause Young (Normal) (G1 Evacuation Pause) 124M->107M(174M) 4.227ms
[7.965s][debug][gc,age] GC(600) Desired survivor size 2097152 bytes, new threshold 1 (max threshold 15)
[7.969s][trace][gc,age] GC(600) Age table with threshold 1 (max threshold 15)
[7.969s][trace][gc,age] GC(600) - age   1:    4096656 bytes,    4096656 total
[7.969s][info ][gc    ] GC(600) Pause Young (Concurrent Start) (G1 Evacuation Pause) 131M->121M(207M) 3.887ms
[7.969s][info ][gc    ] GC(601) Concurrent Mark Cycle
[7.979s][info ][gc    ] GC(601) Pause Remark 135M->72M(197M) 0.207ms
[7.982s][info ][gc    ] GC(601) Pause Cleanup 73M->73M(197M) 0.058ms
[7.983s][info ][gc    ] GC(601) Concurrent Mark Cycle 13.500ms
[7.993s][debug][gc,age] GC(602) Desired survivor size 2621440 bytes, new threshold 1 (max threshold 15)
[7.999s][trace][gc,age] GC(602) Age table with threshold 1 (max threshold 15)
[7.999s][trace][gc,age] GC(602) - age   1:    5120816 bytes,    5120816 total
[7.999s][info ][gc    ] GC(602) Pause Young (Prepare Mixed) (G1 Evacuation Pause) 91M->75M(197M) 5.697ms
[8.012s][debug][gc,age] GC(603) Desired survivor size 3670016 bytes, new threshold 1 (max threshold 15)
[8.018s][trace][gc,age] GC(603) Age table with threshold 1 (max threshold 15)
[8.018s][trace][gc,age] GC(603) - age   1:    7169136 bytes,    7169136 total
[8.018s][info ][gc    ] GC(603) Pause Young (Mixed) (G1 Evacuation Pause) 126M->77M(197M) 5.490ms
[8.026s][debug][gc,age] GC(604) Desired survivor size 4194304 bytes, new threshold 1 (max threshold 15)
[8.031s][trace][gc,age] GC(604) Age table with threshold 1 (max threshold 15)
[8.031s][trace][gc,age] GC(604) - age   1:    8193280 bytes,    8193280 total
[8.031s][info ][gc    ] GC(604) Pause Young (Mixed) (G1 Evacuation Pause) 128M->93M(197M) 5.577ms
