[0.006s][info][gc] Using G1
[0.048s][info][gc] GC(0) Pause Young (Normal) (G1 Evacuation Pause) 3M->1M(66M) 1.347ms
[0.048s][info][gc,cpu] GC(0) User=0.00s Sys=0.00s Real=0.00s
[0.048s][info][safepoint] Safepoint "G1CollectForAllocation", Time since last: 22115462 ns, Reaching safepoint: 3009 ns, Cleanup: 3359 ns, At safepoint: 1386902 ns, Leaving safepoint: 1399 ns, Total: 1394669 ns
[0.054s][info][gc       ] GC(1) Pause Young (Normal) (G1 Evacuation Pause) 3M->2M(66M) 1.163ms
[0.054s][info][gc,cpu   ] GC(1) User=0.00s Sys=0.00s Real=0.00s
[0.054s][info][safepoint] Safepoint "G1CollectForAllocation", Time since last: 4959304 ns, Reaching safepoint: 7542 ns, Cleanup: 2283 ns, At safepoint: 1239172 ns, Leaving safepoint: 15165 ns, Total: 1264162 ns
[0.059s][info][gc       ] GC(2) Pause Young (Normal) (G1 Evacuation Pause) 7M->4M(66M) 1.535ms
[0.059s][info][gc,cpu   ] GC(2) User=0.00s Sys=0.00s Real=0.00s
[0.059s][info][safepoint] Safepoint "G1CollectForAllocation", Time since last: 2707223 ns, Reaching safepoint: 2109 ns, Cleanup: 1688 ns, At safepoint: 1563467 ns, Leaving safepoint: 1870 ns, Total: 1569134 ns
[0.065s][info][gc       ] GC(3) Pause Young (Normal) (G1 Evacuation Pause) 10M->6M(66M) 2.136ms
[0.065s][info][gc,cpu   ] GC(3) User=0.00s Sys=0.00s Real=0.00s
[0.066s][info][safepoint] Safepoint "G1CollectForAllocation", Time since last: 4545819 ns, Reaching safepoint: 7824 ns, Cleanup: 1700 ns, At safepoint: 2166152 ns, Leaving safepoint: 104324 ns, Total: 2280000 ns
[0.073s][info][gc       ] GC(4) Pause Young (Normal) (G1 Evacuation Pause) 15M->9M(66M) 2.779ms
[0.073s][info][gc,cpu   ] GC(4) User=0.00s Sys=0.01s Real=0.00s
[0.077s][info][safepoint] Safepoint "G1CollectForAllocation", Time since last: 4646006 ns, Reaching safepoint: 7981 ns, Cleanup: 2157 ns, At safepoint: 2806743 ns, Leaving safepoint: 3678727 ns, Total: 6495608 ns
[0.086s][info][gc       ] GC(5) Pause Young (Normal) (G1 Evacuation Pause) 22M->13M(140M) 5.339ms
[0.086s][info][gc,cpu   ] GC(5) User=0.00s Sys=0.00s Real=0.00s
[0.087s][info][safepoint] Safepoint "G1CollectForAllocation", Time since last: 4186263 ns, Reaching safepoint: 1637 ns, Cleanup: 1923 ns, At safepoint: 5365575 ns, Leaving safepoint: 959471 ns, Total: 6328606 ns
[0.101s][info][gc       ] GC(6) Pause Young (Normal) (G1 Evacuation Pause) 27M->17M(140M) 4.292ms
[0.101s][info][gc,cpu   ] GC(6) User=0.01s Sys=0.00s Real=0.00s
[0.101s][info][safepoint] Safepoint "G1CollectForAllocation", Time since last: 9940271 ns, Reaching safepoint: 1890 ns, Cleanup: 1959 ns, At safepoint: 4320511 ns, Leaving safepoint: 1872 ns, Total: 4326232 ns
[0.119s][info][gc       ] GC(7) Pause Young (Normal) (G1 Evacuation Pause) 38M->25M(140M) 5.884ms
[0.119s][info][gc,cpu   ] GC(7) User=0.00s Sys=0.00s Real=0.01s
[0.119s][info][safepoint] Safepoint "G1CollectForAllocation", Time since last: 11657155 ns, Reaching safepoint: 1846 ns, Cleanup: 7549 ns, At safepoint: 5914263 ns, Leaving safepoint: 1171 ns, Total: 5924829 ns
[0.137s][info][gc       ] GC(8) Pause Young (Normal) (G1 Evacuation Pause) 51M->33M(140M) 7.668ms
[0.137s][info][gc,cpu   ] GC(8) User=0.00s Sys=0.00s Real=0.01s
[0.137s][info][safepoint] Safepoint "G1CollectForAllocation", Time since last: 10261114 ns, Reaching safepoint: 2528 ns, Cleanup: 7397 ns, At safepoint: 7697191 ns, Leaving safepoint: 5984 ns, Total: 7713100 ns
[0.161s][info][gc       ] GC(9) Pause Young (Normal) (G1 Evacuation Pause) 68M->44M(187M) 9.904ms
[0.161s][info][gc,cpu   ] GC(9) User=0.00s Sys=0.01s Real=0.01s
[0.161s][info][safepoint] Safepoint "G1CollectForAllocation", Time since last: 14168694 ns, Reaching safepoint: 2280 ns, Cleanup: 1893 ns, At safepoint: 9936174 ns, Leaving safepoint: 1184 ns, Total: 9941531 ns
[0.208s][info][gc       ] GC(10) Pause Young (Normal) (G1 Evacuation Pause) 88M->64M(187M) 12.632ms
[0.208s][info][gc,cpu   ] GC(10) User=0.01s Sys=0.01s Real=0.01s
[0.208s][info][safepoint] Safepoint "G1CollectForAllocation", Time since last: 33864003 ns, Reaching safepoint: 4123 ns, Cleanup: 4791 ns, At safepoint: 12676375 ns, Leaving safepoint: 2835 ns, Total: 12688124 ns
[0.250s][info][gc       ] GC(11) Pause Young (Normal) (G1 Evacuation Pause) 111M->100M(187M) 28.549ms
[0.250s][info][gc,cpu   ] GC(11) User=0.00s Sys=0.03s Real=0.03s
[0.250s][info][safepoint] Safepoint "G1CollectForAllocation", Time since last: 13397066 ns, Reaching safepoint: 3309 ns, Cleanup: 9729 ns, At safepoint: 28607922 ns, Leaving safepoint: 15572 ns, Total: 28636532 ns
[0.264s][info][gc       ] GC(12) Pause Young (Concurrent Start) (G1 Evacuation Pause) 133M->126M(187M) 8.450ms
[0.264s][info][gc,cpu   ] GC(12) User=0.00s Sys=0.00s Real=0.01s
[0.264s][info][gc       ] GC(13) Concurrent Mark Cycle
[0.269s][info][safepoint] Safepoint "G1CollectForAllocation", Time since last: 5497487 ns, Reaching safepoint: 4240 ns, Cleanup: 4596 ns, At safepoint: 8509529 ns, Leaving safepoint: 4972116 ns, Total: 13490481 ns
[0.278s][info][gc       ] GC(13) Pause Remark 146M->146M(214M) 0.948ms
[0.278s][info][gc,cpu   ] GC(13) User=0.00s Sys=0.00s Real=0.01s
[0.278s][info][safepoint] Safepoint "G1PauseRemark", Time since last: 7898469 ns, Reaching safepoint: 9908 ns, Cleanup: 4982 ns, At safepoint: 986078 ns, Leaving safepoint: 6897 ns, Total: 1007865 ns
[0.290s][info][gc       ] GC(14) Pause Young (Normal) (G1 Evacuation Pause) 146M->143M(214M) 9.145ms
[0.290s][info][gc,cpu   ] GC(14) User=0.01s Sys=0.00s Real=0.01s
[0.290s][info][safepoint] Safepoint "G1CollectForAllocation", Time since last: 3085947 ns, Reaching safepoint: 16019 ns, Cleanup: 2161 ns, At safepoint: 9179166 ns, Leaving safepoint: 99724 ns, Total: 9297070 ns
[0.301s][info][gc       ] GC(13) Pause Cleanup 150M->150M(214M) 0.155ms
[0.301s][info][gc,cpu   ] GC(13) User=0.00s Sys=0.00s Real=0.00s
[0.301s][info][safepoint] Safepoint "G1PauseCleanup", Time since last: 10725646 ns, Reaching safepoint: 119751 ns, Cleanup: 3212 ns, At safepoint: 185011 ns, Leaving safepoint: 5494 ns, Total: 313468 ns
[0.303s][info][gc       ] GC(13) Concurrent Mark Cycle 39.577ms
[0.319s][info][gc       ] GC(15) Pause Young (Prepare Mixed) (G1 Evacuation Pause) 166M->163M(214M) 5.709ms
[0.319s][info][gc,cpu   ] GC(15) User=0.01s Sys=0.00s Real=0.01s
[0.319s][info][safepoint] Safepoint "G1CollectForAllocation", Time since last: 12466573 ns, Reaching safepoint: 2491 ns, Cleanup: 2522 ns, At safepoint: 5744906 ns, Leaving safepoint: 1694 ns, Total: 5751613 ns
[0.331s][info][gc       ] GC(16) Pause Young (Mixed) (G1 Evacuation Pause) 178M->155M(231M) 5.102ms
[0.331s][info][gc,cpu   ] GC(16) User=0.01s Sys=0.00s Real=0.01s
[0.337s][info][safepoint] Safepoint "G1CollectForAllocation", Time since last: 6746692 ns, Reaching safepoint: 1938 ns, Cleanup: 2492 ns, At safepoint: 5142097 ns, Leaving safepoint: 5582180 ns, Total: 10728707 ns
[0.360s][info][gc       ] GC(17) Pause Young (Mixed) (G1 Evacuation Pause) 180M->144M(231M) 3.912ms
[0.360s][info][gc,cpu   ] GC(17) User=0.00s Sys=0.00s Real=0.01s
[0.360s][info][safepoint] Safepoint "G1CollectForAllocation", Time since last: 18881842 ns, Reaching safepoint: 3028 ns, Cleanup: 3772 ns, At safepoint: 3951774 ns, Leaving safepoint: 1689 ns, Total: 3960263 ns
[0.371s][info][gc       ] GC(18) Pause Young (Mixed) (G1 Evacuation Pause) 176M->150M(231M) 3.773ms
[0.371s][info][gc,cpu   ] GC(18) User=0.00s Sys=0.00s Real=0.01s
[0.377s][info][safepoint] Safepoint "G1CollectForAllocation", Time since last: 7591088 ns, Reaching safepoint: 2265 ns, Cleanup: 3493 ns, At safepoint: 3804330 ns, Leaving safepoint: 5708166 ns, Total: 9518254 ns
[0.394s][info][gc       ] GC(19) Pause Young (Concurrent Start) (G1 Evacuation Pause) 182M->160M(231M) 4.732ms
[0.394s][info][gc,cpu   ] GC(19) User=0.00s Sys=0.00s Real=0.00s
[0.394s][info][gc       ] GC(20) Concurrent Mark Cycle
[0.397s][info][safepoint] Safepoint "G1CollectForAllocation", Time since last: 12670476 ns, Reaching safepoint: 2443 ns, Cleanup: 3848 ns, At safepoint: 4782089 ns, Leaving safepoint: 2572384 ns, Total: 7360764 ns
[0.407s][info][gc       ] GC(20) Pause Remark 166M->165M(256M) 0.542ms
[0.408s][info][gc,cpu   ] GC(20) User=0.00s Sys=0.00s Real=0.00s
[0.408s][info][safepoint] Safepoint "G1PauseRemark", Time since last: 8008650 ns, Reaching safepoint: 2220671 ns, Cleanup: 4113 ns, At safepoint: 570163 ns, Leaving safepoint: 3409 ns, Total: 2798356 ns
[0.414s][info][gc       ] GC(20) Pause Cleanup 171M->171M(256M) 0.124ms
[0.414s][info][gc,cpu   ] GC(20) User=0.00s Sys=0.00s Real=0.00s
[0.414s][info][safepoint] Safepoint "G1PauseCleanup", Time since last: 5808979 ns, Reaching safepoint: 100683 ns, Cleanup: 2438 ns, At safepoint: 149620 ns, Leaving safepoint: 1532 ns, Total: 254273 ns
[0.415s][info][gc       ] GC(20) Concurrent Mark Cycle 20.964ms
[0.432s][info][gc       ] GC(21) Pause Young (Prepare Mixed) (G1 Evacuation Pause) 189M->177M(256M) 5.258ms
[0.432s][info][gc,cpu   ] GC(21) User=0.01s Sys=0.00s Real=0.01s
[0.437s][info][safepoint] Safepoint "G1CollectForAllocation", Time since last: 13335337 ns, Reaching safepoint: 2609 ns, Cleanup: 2614 ns, At safepoint: 5289830 ns, Leaving safepoint: 4495285 ns, Total: 9790338 ns
[0.448s][info][gc       ] GC(22) Pause Young (Mixed) (G1 Evacuation Pause) 209M->181M(256M) 7.491ms
[0.448s][info][gc,cpu   ] GC(22) User=0.01s Sys=0.00s Real=0.00s
[0.453s][info][safepoint] Safepoint "G1CollectForAllocation", Time since last: 4051905 ns, Reaching safepoint: 2304 ns, Cleanup: 2500 ns, At safepoint: 7520683 ns, Leaving safepoint: 4443303 ns, Total: 11968790 ns
[0.463s][info][gc       ] GC(23) Pause Young (Mixed) (G1 Evacuation Pause) 208M->183M(256M) 5.916ms
[0.463s][info][gc,cpu   ] GC(23) User=0.01s Sys=0.00s Real=0.00s
[0.463s][info][safepoint] Safepoint "G1CollectForAllocation", Time since last: 3977019 ns, Reaching safepoint: 6787 ns, Cleanup: 2629 ns, At safepoint: 5945678 ns, Leaving safepoint: 2410 ns, Total: 5957504 ns
[0.471s][info][gc       ] GC(24) Pause Young (Mixed) (G1 Evacuation Pause) 208M->184M(256M) 5.468ms
[0.471s][info][gc,cpu   ] GC(24) User=0.00s Sys=0.00s Real=0.01s
[0.473s][info][safepoint] Safepoint "G1CollectForAllocation", Time since last: 2521646 ns, Reaching safepoint: 1821 ns, Cleanup: 2319 ns, At safepoint: 5491818 ns, Leaving safepoint: 2024571 ns, Total: 7520529 ns
[0.485s][info][gc       ] GC(25) Pause Young (Mixed) (G1 Evacuation Pause) 207M->204M(256M) 3.943ms
[0.485s][info][gc,cpu   ] GC(25) User=0.01s Sys=0.00s Real=0.00s
[0.485s][info][safepoint] Safepoint "G1CollectForAllocation", Time since last: 7984988 ns, Reaching safepoint: 5283 ns, Cleanup: 2280 ns, At safepoint: 3964585 ns, Leaving safepoint: 1880 ns, Total: 3974028 ns
[0.493s][info][gc       ] GC(26) Pause Young (Concurrent Start) (G1 Evacuation Pause) 220M->218M(256M) 3.302ms
[0.493s][info][gc,cpu   ] GC(26) User=0.01s Sys=0.00s Real=0.00s
[0.493s][info][safepoint] Safepoint "G1CollectForAllocation", Time since last: 5230733 ns, Reaching safepoint: 7112 ns, Cleanup: 2562 ns, At safepoint: 3329337 ns, Leaving safepoint: 1711 ns, Total: 3340722 ns
[0.493s][info][gc       ] GC(27) Concurrent Mark Cycle
[0.503s][info][gc       ] GC(28) Pause Young (Normal) (G1 Evacuation Pause) 229M->228M(256M) 2.118ms
[0.503s][info][gc,cpu   ] GC(28) User=0.01s Sys=0.00s Real=0.00s
[0.503s][info][safepoint] Safepoint "G1CollectForAllocation", Time since last: 7487124 ns, Reaching safepoint: 26632 ns, Cleanup: 2000 ns, At safepoint: 2146624 ns, Leaving safepoint: 26351 ns, Total: 2201607 ns
[0.507s][info][gc       ] GC(29) Pause Young (Normal) (G1 Evacuation Pause) 238M->238M(256M) 1.738ms
[0.507s][info][gc,cpu   ] GC(29) User=0.00s Sys=0.00s Real=0.00s
[0.507s][info][safepoint] Safepoint "G1CollectForAllocation", Time since last: 2637408 ns, Reaching safepoint: 1712 ns, Cleanup: 1999 ns, At safepoint: 1762836 ns, Leaving safepoint: 1674 ns, Total: 1768221 ns
[0.509s][info][gc       ] GC(27) Pause Remark 241M->236M(256M) 0.209ms
[0.509s][info][gc,cpu   ] GC(27) User=0.00s Sys=0.00s Real=0.00s
[0.509s][info][safepoint] Safepoint "G1PauseRemark", Time since last: 1364740 ns, Reaching safepoint: 4770 ns, Cleanup: 2004 ns, At safepoint: 225952 ns, Leaving safepoint: 1978 ns, Total: 234704 ns
[0.513s][info][gc       ] GC(27) Pause Cleanup 237M->237M(256M) 0.123ms
[0.513s][info][gc,cpu   ] GC(27) User=0.00s Sys=0.00s Real=0.00s
[0.513s][info][safepoint] Safepoint "G1PauseCleanup", Time since last: 3770560 ns, Reaching safepoint: 67039 ns, Cleanup: 1760 ns, At safepoint: 161051 ns, Leaving safepoint: 3574 ns, Total: 233424 ns
[0.514s][info][gc       ] GC(27) Concurrent Mark Cycle 20.724ms
[0.516s][info][gc       ] GC(30) Pause Young (Prepare Mixed) (G1 Evacuation Pause) 243M->241M(256M) 2.172ms
[0.516s][info][gc,cpu   ] GC(30) User=0.00s Sys=0.00s Real=0.00s
[0.516s][info][safepoint] Safepoint "G1CollectForAllocation", Time since last: 1063224 ns, Reaching safepoint: 1455 ns, Cleanup: 1863 ns, At safepoint: 2195503 ns, Leaving safepoint: 1812 ns, Total: 2200633 ns
[0.522s][info][gc       ] GC(31) Pause Young (Mixed) (G1 Evacuation Pause) (Evacuation Failure) 251M->243M(256M) 1.504ms
[0.522s][info][gc,cpu   ] GC(31) User=0.01s Sys=0.00s Real=0.00s
[0.522s][info][safepoint] Safepoint "G1CollectForAllocation", Time since last: 4520988 ns, Reaching safepoint: 8080 ns, Cleanup: 2049 ns, At safepoint: 1531273 ns, Leaving safepoint: 30556 ns, Total: 1571958 ns
[0.526s][info][gc       ] GC(32) Pause Young (Mixed) (G1 Evacuation Pause) (Evacuation Failure) 253M->251M(256M) 1.535ms
[0.526s][info][gc,cpu   ] GC(32) User=0.00s Sys=0.00s Real=0.00s
[0.529s][info][safepoint] Safepoint "G1CollectForAllocation", Time since last: 2409603 ns, Reaching safepoint: 4248 ns, Cleanup: 1833 ns, At safepoint: 1557172 ns, Leaving safepoint: 2435752 ns, Total: 3999005 ns
[0.530s][info][gc       ] GC(33) Pause Young (Mixed) (G1 Evacuation Pause) (Evacuation Failure) 255M->255M(256M) 1.167ms
[0.530s][info][gc,cpu   ] GC(33) User=0.00s Sys=0.00s Real=0.00s
[0.556s][info][gc       ] GC(34) Pause Full (G1 Compaction Pause) 255M->106M(256M) 25.100ms
[0.556s][info][gc,cpu   ] GC(34) User=0.03s Sys=0.00s Real=0.02s
[0.561s][info][safepoint] Safepoint "G1CollectForAllocation", Time since last: 586729 ns, Reaching safepoint: 8085 ns, Cleanup: 3856 ns, At safepoint: 26321166 ns, Leaving safepoint: 5091167 ns, Total: 31424274 ns
[0.579s][info][gc       ] GC(35) Pause Young (Normal) (G1 Evacuation Pause) 161M->150M(256M) 9.012ms
[0.579s][info][gc,cpu   ] GC(35) User=0.01s Sys=0.00s Real=0.01s
[0.579s][info][safepoint] Safepoint "G1CollectForAllocation", Time since last: 9028182 ns, Reaching safepoint: 2251 ns, Cleanup: 2604 ns, At safepoint: 9046154 ns, Leaving safepoint: 1570 ns, Total: 9052579 ns
[0.593s][info][gc       ] GC(36) Pause Young (Normal) (G1 Evacuation Pause) 186M->179M(256M) 7.181ms
[0.593s][info][gc,cpu   ] GC(36) User=0.01s Sys=0.00s Real=0.01s
[0.597s][info][safepoint] Safepoint "G1CollectForAllocation", Time since last: 7031174 ns, Reaching safepoint: 1831 ns, Cleanup: 2575 ns, At safepoint: 7210389 ns, Leaving safepoint: 3652227 ns, Total: 10867022 ns
[0.610s][info][gc       ] GC(37) Pause Young (Concurrent Start) (G1 Evacuation Pause) 203M->198M(256M) 4.844ms
[0.610s][info][gc,cpu   ] GC(37) User=0.00s Sys=0.00s Real=0.01s
[0.610s][info][safepoint] Safepoint "G1CollectForAllocation", Time since last: 8002960 ns, Reaching safepoint: 6925 ns, Cleanup: 2398 ns, At safepoint: 4879425 ns, Leaving safepoint: 2003 ns, Total: 4890751 ns
[0.617s][info][gc       ] GC(38) Concurrent Mark Cycle
[0.620s][info][gc       ] GC(39) Pause Young (Normal) (G1 Evacuation Pause) 215M->213M(256M) 3.357ms
[0.620s][info][gc,cpu   ] GC(39) User=0.00s Sys=0.00s Real=0.00s
[0.620s][info][safepoint] Safepoint "G1CollectForAllocation", Time since last: 7131594 ns, Reaching safepoint: 100846 ns, Cleanup: 1988 ns, At safepoint: 3379676 ns, Leaving safepoint: 2880 ns, Total: 3485390 ns
[0.631s][info][gc       ] GC(40) Pause Young (Normal) (G1 Evacuation Pause) 225M->223M(256M) 2.785ms
[0.632s][info][gc,cpu   ] GC(40) User=0.01s Sys=0.00s Real=0.00s
[0.632s][info][safepoint] Safepoint "G1CollectForAllocation", Time since last: 8491490 ns, Reaching safepoint: 11595 ns, Cleanup: 2442 ns, At safepoint: 2813754 ns, Leaving safepoint: 13899 ns, Total: 2841690 ns
[0.633s][info][gc       ] GC(38) Pause Remark 233M->232M(256M) 0.188ms
[0.633s][info][gc,cpu   ] GC(38) User=0.00s Sys=0.00s Real=0.00s
[0.633s][info][safepoint] Safepoint "G1PauseRemark", Time since last: 1221865 ns, Reaching safepoint: 2175 ns, Cleanup: 2149 ns, At safepoint: 218651 ns, Leaving safepoint: 649 ns, Total: 223624 ns
[0.635s][info][gc       ] GC(38) Pause Cleanup 232M->232M(256M) 0.124ms
[0.635s][info][gc,cpu   ] GC(38) User=0.00s Sys=0.00s Real=0.00s
[0.635s][info][safepoint] Safepoint "G1PauseCleanup", Time since last: 1854377 ns, Reaching safepoint: 2049 ns, Cleanup: 1983 ns, At safepoint: 145958 ns, Leaving safepoint: 888 ns, Total: 150878 ns
[0.635s][info][gc       ] GC(38) Concurrent Mark Cycle 18.776ms
[0.638s][info][gc       ] GC(41) Pause Young (Prepare Mixed) (G1 Evacuation Pause) 232M->232M(256M) 2.495ms
[0.638s][info][gc,cpu   ] GC(41) User=0.00s Sys=0.00s Real=0.01s
[0.638s][info][safepoint] Safepoint "G1CollectForAllocation", Time since last: 493212 ns, Reaching safepoint: 1754 ns, Cleanup: 1180 ns, At safepoint: 2522474 ns, Leaving safepoint: 1820 ns, Total: 2527228 ns
[0.644s][info][gc       ] GC(42) Pause Young (Mixed) (G1 Evacuation Pause) (Evacuation Failure) 242M->232M(256M) 2.622ms
[0.644s][info][gc,cpu   ] GC(42) User=0.00s Sys=0.00s Real=0.00s
[0.644s][info][safepoint] Safepoint "G1CollectForAllocation", Time since last: 3775855 ns, Reaching safepoint: 9191 ns, Cleanup: 2303 ns, At safepoint: 2650918 ns, Leaving safepoint: 2506 ns, Total: 2664918 ns
[0.651s][info][gc       ] GC(43) Pause Young (Mixed) (G1 Evacuation Pause) (Evacuation Failure) 242M->234M(256M) 3.799ms
[0.651s][info][gc,cpu   ] GC(43) User=0.00s Sys=0.00s Real=0.01s
[0.653s][info][safepoint] Safepoint "G1CollectForAllocation", Time since last: 2780844 ns, Reaching safepoint: 1788 ns, Cleanup: 2117 ns, At safepoint: 3826167 ns, Leaving safepoint: 1710083 ns, Total: 5540155 ns
[0.658s][info][gc       ] GC(44) Pause Young (Mixed) (G1 Evacuation Pause) (Evacuation Failure) 244M->242M(256M) 3.303ms
[0.658s][info][gc,cpu   ] GC(44) User=0.00s Sys=0.00s Real=0.01s
[0.658s][info][safepoint] Safepoint "G1CollectForAllocation", Time since last: 1517667 ns, Reaching safepoint: 14261 ns, Cleanup: 2536 ns, At safepoint: 3330495 ns, Leaving safepoint: 23102 ns, Total: 3370394 ns
[0.664s][info][gc       ] GC(45) Pause Young (Mixed) (G1 Evacuation Pause) (Evacuation Failure) 252M->252M(256M) 1.535ms
[0.664s][info][gc,cpu   ] GC(45) User=0.01s Sys=0.00s Real=0.00s
[0.664s][info][safepoint] Safepoint "G1CollectForAllocation", Time since last: 4476583 ns, Reaching safepoint: 7003 ns, Cleanup: 2047 ns, At safepoint: 1560056 ns, Leaving safepoint: 6806 ns, Total: 1575912 ns
[0.665s][info][gc       ] GC(46) Pause Young (Mixed) (G1 Evacuation Pause) (Evacuation Failure) 254M->254M(256M) 0.621ms
[0.665s][info][gc,cpu   ] GC(46) User=0.00s Sys=0.00s Real=0.00s
[0.689s][info][gc       ] GC(47) Pause Full (G1 Compaction Pause) 254M->108M(256M) 24.409ms
[0.689s][info][gc,cpu   ] GC(47) User=0.02s Sys=0.00s Real=0.03s
[0.693s][info][safepoint] Safepoint "G1CollectForAllocation", Time since last: 291223 ns, Reaching safepoint: 720 ns, Cleanup: 1386 ns, At safepoint: 25077220 ns, Leaving safepoint: 3616485 ns, Total: 28695811 ns
[0.718s][info][gc       ] GC(48) Pause Young (Normal) (G1 Evacuation Pause) 158M->149M(256M) 8.732ms
[0.718s][info][gc,cpu   ] GC(48) User=0.01s Sys=0.00s Real=0.01s
[0.721s][info][safepoint] Safepoint "G1CollectForAllocation", Time since last: 16374920 ns, Reaching safepoint: 2455 ns, Cleanup: 3011 ns, At safepoint: 8790765 ns, Leaving safepoint: 2832881 ns, Total: 11629112 ns
[0.733s][info][gc       ] GC(49) Pause Young (Normal) (G1 Evacuation Pause) 184M->177M(256M) 7.332ms
[0.733s][info][gc,cpu   ] GC(49) User=0.01s Sys=0.00s Real=0.01s
[0.737s][info][safepoint] Safepoint "G1CollectForAllocation", Time since last: 5362068 ns, Reaching safepoint: 16178 ns, Cleanup: 3206 ns, At safepoint: 7367329 ns, Leaving safepoint: 3270940 ns, Total: 10657653 ns
[0.747s][info][gc       ] GC(50) Pause Young (Normal) (G1 Evacuation Pause) 202M->198M(256M) 6.324ms
[0.747s][info][gc,cpu   ] GC(50) User=0.01s Sys=0.00s Real=0.00s
[0.749s][info][safepoint] Safepoint "G1CollectForAllocation", Time since last: 3860274 ns, Reaching safepoint: 19245 ns, Cleanup: 3930 ns, At safepoint: 6359730 ns, Leaving safepoint: 1758812 ns, Total: 8141717 ns
[0.760s][info][gc       ] GC(51) Pause Young (Concurrent Start) (G1 Evacuation Pause) 215M->213M(256M) 4.711ms
[0.760s][info][gc,cpu   ] GC(51) User=0.00s Sys=0.00s Real=0.01s
[0.760s][info][gc       ] GC(52) Concurrent Mark Cycle
[0.768s][info][safepoint] Safepoint "G1CollectForAllocation", Time since last: 6526912 ns, Reaching safepoint: 10065 ns, Cleanup: 2515 ns, At safepoint: 4750177 ns, Leaving safepoint: 7590095 ns, Total: 12352852 ns
[0.769s][info][gc       ] GC(52) Pause Remark 220M->216M(256M) 0.174ms
[0.769s][info][gc,cpu   ] GC(52) User=0.00s Sys=0.00s Real=0.00s
[0.769s][info][safepoint] Safepoint "G1PauseRemark", Time since last: 1114635 ns, Reaching safepoint: 32141 ns, Cleanup: 2846 ns, At safepoint: 193638 ns, Leaving safepoint: 4216 ns, Total: 232841 ns
[0.775s][info][gc       ] GC(53) Pause Young (Normal) (G1 Evacuation Pause) 220M->219M(256M) 3.288ms
[0.775s][info][gc,cpu   ] GC(53) User=0.01s Sys=0.00s Real=0.00s
[0.775s][info][safepoint] Safepoint "G1CollectForAllocation", Time since last: 2695297 ns, Reaching safepoint: 1874 ns, Cleanup: 2288 ns, At safepoint: 3322475 ns, Leaving safepoint: 17904 ns, Total: 3344541 ns
[0.783s][info][gc       ] GC(54) Pause Young (Normal) (G1 Evacuation Pause) 229M->229M(256M) 2.427ms
[0.783s][info][gc,cpu   ] GC(54) User=0.01s Sys=0.00s Real=0.00s
[0.783s][info][safepoint] Safepoint "G1CollectForAllocation", Time since last: 5742783 ns, Reaching safepoint: 6663 ns, Cleanup: 2027 ns, At safepoint: 2457964 ns, Leaving safepoint: 2231 ns, Total: 2468885 ns
[0.791s][info][gc       ] GC(55) Pause Young (Normal) (G1 Evacuation Pause) 239M->238M(256M) 2.176ms
[0.791s][info][gc,cpu   ] GC(55) User=0.00s Sys=0.00s Real=0.00s
[0.791s][info][safepoint] Safepoint "G1CollectForAllocation", Time since last: 5521681 ns, Reaching safepoint: 8218 ns, Cleanup: 1835 ns, At safepoint: 2203163 ns, Leaving safepoint: 12544 ns, Total: 2225760 ns
[0.793s][info][gc       ] GC(56) Pause Young (Normal) (G1 Evacuation Pause) (Evacuation Failure) 248M->253M(256M) 1.272ms
[0.793s][info][gc,cpu   ] GC(56) User=0.01s Sys=0.00s Real=0.00s
[0.820s][info][gc       ] GC(57) Pause Full (G1 Compaction Pause) 253M->108M(256M) 26.295ms
[0.820s][info][gc,cpu   ] GC(57) User=0.02s Sys=0.00s Real=0.03s
[0.820s][info][safepoint] Safepoint "G1CollectForAllocation", Time since last: 1151864 ns, Reaching safepoint: 1353 ns, Cleanup: 2205 ns, At safepoint: 27671891 ns, Leaving safepoint: 94782 ns, Total: 27770231 ns
[0.821s][info][gc       ] GC(52) Pause Cleanup 109M->109M(256M) 0.007ms
[0.821s][info][gc,cpu   ] GC(52) User=0.00s Sys=0.00s Real=0.00s
[0.821s][info][safepoint] Safepoint "G1PauseCleanup", Time since last: 846774 ns, Reaching safepoint: 122863 ns, Cleanup: 7101 ns, At safepoint: 22420 ns, Leaving safepoint: 3359 ns, Total: 155743 ns
[0.821s][info][gc       ] GC(52) Concurrent Mark Cycle 60.864ms
[0.837s][info][gc       ] GC(58) Pause Young (Normal) (G1 Evacuation Pause) 154M->145M(256M) 8.153ms
[0.837s][info][gc,cpu   ] GC(58) User=0.01s Sys=0.00s Real=0.01s
[0.837s][info][safepoint] Safepoint "G1CollectForAllocation", Time since last: 8206799 ns, Reaching safepoint: 2681 ns, Cleanup: 2590 ns, At safepoint: 8185483 ns, Leaving safepoint: 9812 ns, Total: 8200566 ns
[0.850s][info][gc       ] GC(59) Pause Young (Concurrent Start) (G1 Evacuation Pause) 180M->174M(256M) 7.206ms
[0.850s][info][gc       ] GC(60) Concurrent Mark Cycle
[0.851s][info][gc,cpu   ] GC(59) User=0.01s Sys=0.00s Real=0.01s
[0.857s][info][safepoint] Safepoint "G1CollectForAllocation", Time since last: 5936300 ns, Reaching safepoint: 2163 ns, Cleanup: 2576 ns, At safepoint: 7331224 ns, Leaving safepoint: 6160193 ns, Total: 13496156 ns
[0.870s][info][gc       ] GC(61) Pause Young (Normal) (G1 Evacuation Pause) 199M->196M(256M) 5.765ms
[0.871s][info][gc,cpu   ] GC(61) User=0.00s Sys=0.00s Real=0.01s
[0.871s][info][safepoint] Safepoint "G1CollectForAllocation", Time since last: 7997376 ns, Reaching safepoint: 7389 ns, Cleanup: 2191 ns, At safepoint: 5796414 ns, Leaving safepoint: 2769 ns, Total: 5808763 ns
[0.877s][info][gc       ] GC(60) Pause Remark 209M->208M(256M) 0.175ms
[0.877s][info][gc,cpu   ] GC(60) User=0.00s Sys=0.00s Real=0.00s
[0.877s][info][safepoint] Safepoint "G1PauseRemark", Time since last: 6185393 ns, Reaching safepoint: 82939 ns, Cleanup: 2317 ns, At safepoint: 197737 ns, Leaving safepoint: 4176 ns, Total: 287169 ns
[0.883s][info][gc       ] GC(62) Pause Young (Normal) (G1 Evacuation Pause) 212M->210M(256M) 3.540ms
[0.883s][info][gc,cpu   ] GC(62) User=0.00s Sys=0.00s Real=0.00s
[0.883s][info][safepoint] Safepoint "G1CollectForAllocation", Time since last: 2180672 ns, Reaching safepoint: 1407 ns, Cleanup: 1541 ns, At safepoint: 3568382 ns, Leaving safepoint: 2126 ns, Total: 3573456 ns
[0.891s][info][gc       ] GC(63) Pause Young (Normal) (G1 Evacuation Pause) 222M->220M(256M) 2.779ms
[0.892s][info][gc,cpu   ] GC(63) User=0.00s Sys=0.00s Real=0.00s
[0.892s][info][safepoint] Safepoint "G1CollectForAllocation", Time since last: 5951425 ns, Reaching safepoint: 7295 ns, Cleanup: 1893 ns, At safepoint: 2806455 ns, Leaving safepoint: 16294 ns, Total: 2831937 ns
[0.895s][info][gc       ] GC(64) Pause Young (Normal) (G1 Evacuation Pause) 230M->230M(256M) 2.432ms
[0.895s][info][gc,cpu   ] GC(64) User=0.01s Sys=0.00s Real=0.00s
[0.895s][info][safepoint] Safepoint "G1CollectForAllocation", Time since last: 1105464 ns, Reaching safepoint: 1255 ns, Cleanup: 1588 ns, At safepoint: 2458242 ns, Leaving safepoint: 2112 ns, Total: 2463197 ns
[0.901s][info][gc       ] GC(65) Pause Young (Normal) (G1 Evacuation Pause) 240M->240M(256M) 1.888ms
[0.901s][info][gc,cpu   ] GC(65) User=0.00s Sys=0.00s Real=0.00s
[0.901s][info][safepoint] Safepoint "G1CollectForAllocation", Time since last: 3920905 ns, Reaching safepoint: 6265 ns, Cleanup: 1840 ns, At safepoint: 1910029 ns, Leaving safepoint: 9469 ns, Total: 1927603 ns
[0.903s][info][gc       ] GC(66) Pause Young (Normal) (G1 Evacuation Pause) (Evacuation Failure) 250M->252M(256M) 0.922ms
[0.903s][info][gc,cpu   ] GC(66) User=0.00s Sys=0.00s Real=0.00s
[0.929s][info][gc       ] GC(67) Pause Full (G1 Compaction Pause) 252M->108M(256M) 25.627ms
[0.929s][info][gc,cpu   ] GC(67) User=0.03s Sys=0.00s Real=0.02s
[0.933s][info][safepoint] Safepoint "G1CollectForAllocation", Time since last: 1047868 ns, Reaching safepoint: 1232 ns, Cleanup: 1523 ns, At safepoint: 26619386 ns, Leaving safepoint: 4117015 ns, Total: 30739156 ns
[0.933s][info][gc       ] GC(60) Pause Cleanup 109M->109M(256M) 0.012ms
[0.933s][info][gc,cpu   ] GC(60) User=0.00s Sys=0.00s Real=0.00s
[0.933s][info][safepoint] Safepoint "G1PauseCleanup", Time since last: 65465 ns, Reaching safepoint: 149443 ns, Cleanup: 3600 ns, At safepoint: 36043 ns, Leaving safepoint: 6752 ns, Total: 195838 ns
[0.933s][info][gc       ] GC(60) Concurrent Mark Cycle 82.555ms
[0.949s][info][gc       ] GC(68) Pause Young (Normal) (G1 Evacuation Pause) 157M->147M(256M) 8.241ms
[0.949s][info][gc,cpu   ] GC(68) User=0.01s Sys=0.00s Real=0.01s
[0.953s][info][safepoint] Safepoint "G1CollectForAllocation", Time since last: 8230921 ns, Reaching safepoint: 2703 ns, Cleanup: 2694 ns, At safepoint: 8277270 ns, Leaving safepoint: 3222393 ns, Total: 11505060 ns
[0.965s][info][gc       ] GC(69) Pause Young (Concurrent Start) (G1 Evacuation Pause) 181M->175M(256M) 7.287ms
[0.965s][info][gc       ] GC(70) Concurrent Mark Cycle
[0.965s][info][gc,cpu   ] GC(69) User=0.01s Sys=0.00s Real=0.00s
[0.973s][info][safepoint] Safepoint "G1CollectForAllocation", Time since last: 4602943 ns, Reaching safepoint: 2137 ns, Cleanup: 2404 ns, At safepoint: 7452842 ns, Leaving safepoint: 7895909 ns, Total: 15353292 ns
[0.982s][info][gc       ] GC(71) Pause Young (Normal) (G1 Evacuation Pause) 199M->195M(256M) 5.741ms
[0.982s][info][gc,cpu   ] GC(71) User=0.00s Sys=0.00s Real=0.00s
[0.982s][info][safepoint] Safepoint "G1CollectForAllocation", Time since last: 4024835 ns, Reaching safepoint: 8490 ns, Cleanup: 2737 ns, At safepoint: 5771815 ns, Leaving safepoint: 2265 ns, Total: 5785307 ns
[0.992s][info][gc       ] GC(72) Pause Young (Normal) (G1 Evacuation Pause) 212M->210M(256M) 3.345ms
[0.992s][info][gc,cpu   ] GC(72) User=0.00s Sys=0.00s Real=0.00s
[0.992s][info][safepoint] Safepoint "G1CollectForAllocation", Time since last: 6206088 ns, Reaching safepoint: 7192 ns, Cleanup: 2052 ns, At safepoint: 3372100 ns, Leaving safepoint: 2068 ns, Total: 3383412 ns
[0.997s][info][gc       ] GC(70) Pause Remark 211M->210M(256M) 0.155ms
[0.997s][info][gc,cpu   ] GC(70) User=0.00s Sys=0.00s Real=0.00s
[0.997s][info][safepoint] Safepoint "G1PauseRemark", Time since last: 4629357 ns, Reaching safepoint: 11552 ns, Cleanup: 2366 ns, At safepoint: 176130 ns, Leaving safepoint: 4461 ns, Total: 194509 ns
[0.999s][info][gc       ] GC(70) Pause Cleanup 210M->210M(256M) 0.105ms
[0.999s][info][gc,cpu   ] GC(70) User=0.00s Sys=0.00s Real=0.00s
[0.999s][info][safepoint] Safepoint "G1PauseCleanup", Time since last: 1572466 ns, Reaching safepoint: 1748 ns, Cleanup: 1548 ns, At safepoint: 124126 ns, Leaving safepoint: 796 ns, Total: 128218 ns
[1.000s][info][gc       ] GC(70) Concurrent Mark Cycle 35.703ms
[1.003s][info][gc       ] GC(73) Pause Young (Prepare Mixed) (G1 Evacuation Pause) 222M->221M(256M) 2.552ms
[1.003s][info][gc,cpu   ] GC(73) User=0.00s Sys=0.00s Real=0.00s
[1.003s][info][safepoint] Safepoint "G1CollectForAllocation", Time since last: 1763604 ns, Reaching safepoint: 1561 ns, Cleanup: 1123 ns, At safepoint: 2608989 ns, Leaving safepoint: 1361 ns, Total: 2613034 ns
[1.007s][info][gc       ] GC(74) Pause Young (Mixed) (G1 Evacuation Pause) 231M->208M(256M) 2.816ms
[1.007s][info][gc,cpu   ] GC(74) User=0.01s Sys=0.00s Real=0.00s
[1.007s][info][safepoint] Safepoint "G1CollectForAllocation", Time since last: 975772 ns, Reaching safepoint: 1479 ns, Cleanup: 1830 ns, At safepoint: 2843147 ns, Leaving safepoint: 2860 ns, Total: 2849316 ns
[1.014s][info][gc       ] GC(75) Pause Young (Mixed) (G1 Evacuation Pause) 221M->200M(256M) 3.915ms
[1.014s][info][gc,cpu   ] GC(75) User=0.00s Sys=0.00s Real=0.00s
[1.014s][info][safepoint] Safepoint "G1CollectForAllocation", Time since last: 3364074 ns, Reaching safepoint: 10289 ns, Cleanup: 2878 ns, At safepoint: 3946119 ns, Leaving safepoint: 28209 ns, Total: 3987495 ns
[1.025s][info][gc       ] GC(76) Pause Young (Mixed) (G1 Evacuation Pause) 217M->197M(256M) 4.711ms
[1.025s][info][gc,cpu   ] GC(76) User=0.01s Sys=0.00s Real=0.00s
[1.025s][info][safepoint] Safepoint "G1CollectForAllocation", Time since last: 6553497 ns, Reaching safepoint: 5456 ns, Cleanup: 2101 ns, At safepoint: 4739048 ns, Leaving safepoint: 2268 ns, Total: 4748873 ns
[1.037s][info][gc       ] GC(77) Pause Young (Mixed) (G1 Evacuation Pause) 215M->201M(256M) 4.713ms
[1.037s][info][gc,cpu   ] GC(77) User=0.01s Sys=0.00s Real=0.01s
[1.038s][info][safepoint] Safepoint "G1CollectForAllocation", Time since last: 7252328 ns, Reaching safepoint: 5916 ns, Cleanup: 2240 ns, At safepoint: 4897773 ns, Leaving safepoint: 16541 ns, Total: 4922470 ns
[1.044s][info][gc       ] GC(78) Pause Young (Concurrent Start) (G1 Evacuation Pause) 217M->215M(256M) 2.793ms
[1.044s][info][gc       ] GC(79) Concurrent Mark Cycle
[1.044s][info][gc,cpu   ] GC(78) User=0.00s Sys=0.00s Real=0.00s
[1.044s][info][safepoint] Safepoint "G1CollectForAllocation", Time since last: 3085949 ns, Reaching safepoint: 7546 ns, Cleanup: 1909 ns, At safepoint: 2929385 ns, Leaving safepoint: 10265 ns, Total: 2949105 ns
[1.048s][info][gc       ] GC(79) Pause Remark 225M->219M(256M) 0.155ms
[1.048s][info][gc,cpu   ] GC(79) User=0.00s Sys=0.00s Real=0.00s
[1.048s][info][safepoint] Safepoint "G1PauseRemark", Time since last: 3908985 ns, Reaching safepoint: 1218 ns, Cleanup: 1560 ns, At safepoint: 175081 ns, Leaving safepoint: 1314 ns, Total: 179173 ns
[1.051s][info][gc       ] GC(80) Pause Young (Normal) (G1 Evacuation Pause) 220M->219M(256M) 2.493ms
[1.051s][info][gc,cpu   ] GC(80) User=0.00s Sys=0.00s Real=0.00s
[1.051s][info][safepoint] Safepoint "G1CollectForAllocation", Time since last: 1035131 ns, Reaching safepoint: 3956 ns, Cleanup: 1108 ns, At safepoint: 2514342 ns, Leaving safepoint: 11783 ns, Total: 2531189 ns
[1.054s][info][gc       ] GC(81) Pause Young (Normal) (G1 Evacuation Pause) 229M->228M(256M) 1.794ms
[1.054s][info][gc,cpu   ] GC(81) User=0.00s Sys=0.00s Real=0.00s
[1.057s][info][safepoint] Safepoint "G1CollectForAllocation", Time since last: 1140012 ns, Reaching safepoint: 1623 ns, Cleanup: 1867 ns, At safepoint: 1815229 ns, Leaving safepoint: 2404661 ns, Total: 4223380 ns
[1.057s][info][gc       ] GC(79) Pause Cleanup 229M->229M(256M) 0.106ms
[1.057s][info][gc,cpu   ] GC(79) User=0.00s Sys=0.00s Real=0.00s
[1.057s][info][safepoint] Safepoint "G1PauseCleanup", Time since last: 25946 ns, Reaching safepoint: 83638 ns, Cleanup: 1531 ns, At safepoint: 119165 ns, Leaving safepoint: 1225 ns, Total: 205559 ns
[1.061s][info][gc       ] GC(82) Pause Young (Prepare Mixed) (G1 Evacuation Pause) 238M->237M(256M) 1.596ms
[1.061s][info][gc,cpu   ] GC(82) User=0.00s Sys=0.00s Real=0.00s
[1.062s][info][gc       ] GC(79) Concurrent Mark Cycle 18.004ms
[1.065s][info][safepoint] Safepoint "G1CollectForAllocation", Time since last: 2530026 ns, Reaching safepoint: 33141 ns, Cleanup: 1840 ns, At safepoint: 1619706 ns, Leaving safepoint: 3586411 ns, Total: 5241098 ns
[1.069s][info][gc       ] GC(83) Pause Young (Mixed) (G1 Evacuation Pause) (Evacuation Failure) 247M->239M(256M) 1.842ms
[1.069s][info][gc,cpu   ] GC(83) User=0.00s Sys=0.00s Real=0.00s
[1.069s][info][safepoint] Safepoint "G1CollectForAllocation", Time since last: 2028288 ns, Reaching safepoint: 1813 ns, Cleanup: 1886 ns, At safepoint: 1866040 ns, Leaving safepoint: 935 ns, Total: 1870674 ns
[1.077s][info][gc       ] GC(84) Pause Young (Mixed) (G1 Evacuation Pause) (Evacuation Failure) 249M->244M(256M) 2.240ms
[1.077s][info][gc,cpu   ] GC(84) User=0.01s Sys=0.00s Real=0.00s
[1.077s][info][safepoint] Safepoint "G1CollectForAllocation", Time since last: 5723537 ns, Reaching safepoint: 10246 ns, Cleanup: 2349 ns, At safepoint: 2267431 ns, Leaving safepoint: 8076 ns, Total: 2288102 ns
[1.080s][info][gc       ] GC(85) Pause Young (Mixed) (G1 Evacuation Pause) (Evacuation Failure) 254M->253M(256M) 1.502ms
[1.080s][info][gc,cpu   ] GC(85) User=0.00s Sys=0.00s Real=0.00s
[1.080s][info][safepoint] Safepoint "G1CollectForAllocation", Time since last: 1404405 ns, Reaching safepoint: 1532 ns, Cleanup: 1906 ns, At safepoint: 1524628 ns, Leaving safepoint: 21340 ns, Total: 1549406 ns
[1.082s][info][gc       ] GC(86) Pause Young (Mixed) (G1 Evacuation Pause) (Evacuation Failure) 255M->254M(256M) 0.901ms
[1.082s][info][gc,cpu   ] GC(86) User=0.00s Sys=0.00s Real=0.00s
[1.082s][info][safepoint] Safepoint "G1CollectForAllocation", Time since last: 1152127 ns, Reaching safepoint: 4884 ns, Cleanup: 1849 ns, At safepoint: 925050 ns, Leaving safepoint: 24156 ns, Total: 955939 ns
[1.083s][info][gc       ] GC(87) Pause Young (Mixed) (G1 Evacuation Pause) (Evacuation Failure) 255M->255M(256M) 1.506ms
[1.083s][info][gc,cpu   ] GC(87) User=0.00s Sys=0.00s Real=0.00s
[1.110s][info][gc       ] GC(88) Pause Full (G1 Compaction Pause) 255M->108M(256M) 26.427ms
[1.110s][info][gc,cpu   ] GC(88) User=0.03s Sys=0.00s Real=0.03s
[1.110s][info][safepoint] Safepoint "G1CollectForAllocation", Time since last: 117262 ns, Reaching safepoint: 609 ns, Cleanup: 867 ns, At safepoint: 28009984 ns, Leaving safepoint: 5753 ns, Total: 28017213 ns
[1.130s][info][gc       ] GC(89) Pause Young (Normal) (G1 Evacuation Pause) 161M->150M(256M) 9.211ms
[1.130s][info][gc,cpu   ] GC(89) User=0.01s Sys=0.00s Real=0.01s
[1.130s][info][safepoint] Safepoint "G1CollectForAllocation", Time since last: 10628239 ns, Reaching safepoint: 2692 ns, Cleanup: 3642 ns, At safepoint: 9254851 ns, Leaving safepoint: 1721 ns, Total: 9262906 ns
[1.145s][info][gc       ] GC(90) Pause Young (Concurrent Start) (G1 Evacuation Pause) 185M->178M(256M) 7.417ms
[1.145s][info][gc       ] GC(91) Concurrent Mark Cycle
[1.145s][info][gc,cpu   ] GC(90) User=0.00s Sys=0.00s Real=0.00s
[1.150s][info][safepoint] Safepoint "G1CollectForAllocation", Time since last: 7975553 ns, Reaching safepoint: 2321 ns, Cleanup: 3338 ns, At safepoint: 7568091 ns, Leaving safepoint: 4968690 ns, Total: 12542440 ns
[1.154s][info][gc       ] GC(91) Pause Remark 196M->195M(256M) 0.157ms
[1.154s][info][gc,cpu   ] GC(91) User=0.00s Sys=0.00s Real=0.00s
[1.157s][info][safepoint] Safepoint "G1PauseRemark", Time since last: 3593419 ns, Reaching safepoint: 136880 ns, Cleanup: 3830 ns, At safepoint: 179690 ns, Leaving safepoint: 2565684 ns, Total: 2886084 ns
[1.158s][info][gc       ] GC(91) Pause Cleanup 196M->196M(256M) 0.096ms
[1.158s][info][gc,cpu   ] GC(91) User=0.00s Sys=0.00s Real=0.00s
[1.158s][info][safepoint] Safepoint "G1PauseCleanup", Time since last: 1419486 ns, Reaching safepoint: 10586 ns, Cleanup: 2460 ns, At safepoint: 113683 ns, Leaving safepoint: 4014 ns, Total: 130743 ns
[1.159s][info][gc       ] GC(91) Concurrent Mark Cycle 14.296ms
[1.165s][info][gc       ] GC(92) Pause Young (Prepare Mixed) (G1 Evacuation Pause) 201M->197M(256M) 5.219ms
[1.165s][info][gc,cpu   ] GC(92) User=0.00s Sys=0.00s Real=0.00s
[1.165s][info][safepoint] Safepoint "G1CollectForAllocation", Time since last: 1199867 ns, Reaching safepoint: 1530 ns, Cleanup: 1306 ns, At safepoint: 5277436 ns, Leaving safepoint: 9657 ns, Total: 5289929 ns
[1.175s][info][gc       ] GC(93) Pause Young (Mixed) (G1 Evacuation Pause) 214M->192M(256M) 4.242ms
[1.175s][info][gc,cpu   ] GC(93) User=0.00s Sys=0.00s Real=0.00s
[1.181s][info][safepoint] Safepoint "G1CollectForAllocation", Time since last: 6260851 ns, Reaching safepoint: 12686 ns, Cleanup: 2974 ns, At safepoint: 4269478 ns, Leaving safepoint: 5428466 ns, Total: 9713604 ns
[1.188s][info][gc       ] GC(94) Pause Young (Mixed) (G1 Evacuation Pause) 211M->189M(256M) 5.198ms
[1.188s][info][gc,cpu   ] GC(94) User=0.01s Sys=0.00s Real=0.00s
[1.193s][info][safepoint] Safepoint "G1CollectForAllocation", Time since last: 2405558 ns, Reaching safepoint: 9201 ns, Cleanup: 2024 ns, At safepoint: 5225832 ns, Leaving safepoint: 4348879 ns, Total: 9585936 ns
[1.203s][info][gc       ] GC(95) Pause Young (Mixed) (G1 Evacuation Pause) 209M->187M(256M) 5.915ms
[1.203s][info][gc,cpu   ] GC(95) User=0.00s Sys=0.00s Real=0.00s
[1.203s][info][safepoint] Safepoint "G1CollectForAllocation", Time since last: 4006110 ns, Reaching safepoint: 7162 ns, Cleanup: 2348 ns, At safepoint: 5946721 ns, Leaving safepoint: 2811 ns, Total: 5959042 ns
[1.213s][info][gc       ] GC(96) Pause Young (Mixed) (G1 Evacuation Pause) 208M->191M(256M) 4.532ms
[1.213s][info][gc,cpu   ] GC(96) User=0.00s Sys=0.00s Real=0.01s
[1.217s][info][safepoint] Safepoint "G1CollectForAllocation", Time since last: 5790587 ns, Reaching safepoint: 1904 ns, Cleanup: 2099 ns, At safepoint: 4557693 ns, Leaving safepoint: 3711143 ns, Total: 8272839 ns
[1.229s][info][gc       ] GC(97) Pause Young (Concurrent Start) (G1 Evacuation Pause) 210M->208M(256M) 4.335ms
[1.229s][info][gc,cpu   ] GC(97) User=0.01s Sys=0.00s Real=0.01s
[1.229s][info][safepoint] Safepoint "G1CollectForAllocation", Time since last: 7993622 ns, Reaching safepoint: 6720 ns, Cleanup: 2340 ns, At safepoint: 4370011 ns, Leaving safepoint: 2577 ns, Total: 4381648 ns
[1.233s][info][gc       ] GC(98) Concurrent Mark Cycle
[1.239s][info][gc       ] GC(99) Pause Young (Normal) (G1 Evacuation Pause) 222M->221M(256M) 2.679ms
[1.239s][info][gc,cpu   ] GC(99) User=0.01s Sys=0.00s Real=0.00s
[1.239s][info][safepoint] Safepoint "G1CollectForAllocation", Time since last: 7609587 ns, Reaching safepoint: 20702 ns, Cleanup: 2449 ns, At safepoint: 2705502 ns, Leaving safepoint: 2624 ns, Total: 2731277 ns
[1.248s][info][gc       ] GC(100) Pause Young (Normal) (G1 Evacuation Pause) 231M->231M(256M) 2.949ms
[1.248s][info][gc,cpu   ] GC(100) User=0.00s Sys=0.00s Real=0.00s
[1.248s][info][safepoint] Safepoint "G1CollectForAllocation", Time since last: 5269949 ns, Reaching safepoint: 8592 ns, Cleanup: 2284 ns, At safepoint: 2981733 ns, Leaving safepoint: 2475 ns, Total: 2995084 ns
[1.252s][info][gc       ] GC(101) Pause Young (Normal) (G1 Evacuation Pause) 241M->240M(256M) 2.277ms
[1.252s][info][gc,cpu   ] GC(101) User=0.00s Sys=0.00s Real=0.00s
[1.252s][info][safepoint] Safepoint "G1CollectForAllocation", Time since last: 2173414 ns, Reaching safepoint: 6540 ns, Cleanup: 2219 ns, At safepoint: 2330362 ns, Leaving safepoint: 2870 ns, Total: 2341991 ns
[1.258s][info][gc       ] GC(102) Pause Young (Normal) (G1 Evacuation Pause) (Evacuation Failure) 250M->253M(256M) 0.965ms
[1.258s][info][gc,cpu   ] GC(102) User=0.00s Sys=0.00s Real=0.00s
[1.258s][info][safepoint] Safepoint "G1CollectForAllocation", Time since last: 4499341 ns, Reaching safepoint: 8209 ns, Cleanup: 2154 ns, At safepoint: 990548 ns, Leaving safepoint: 9728 ns, Total: 1010639 ns
[1.258s][info][gc       ] GC(103) Pause Young (Normal) (G1 Evacuation Pause) (Evacuation Failure) 255M->255M(256M) 0.225ms
[1.258s][info][gc,cpu   ] GC(103) User=0.00s Sys=0.00s Real=0.00s
[1.284s][info][gc       ] GC(104) Pause Full (G1 Compaction Pause) 255M->108M(256M) 25.927ms
[1.284s][info][gc,cpu   ] GC(104) User=0.02s Sys=0.00s Real=0.02s
[1.287s][info][safepoint] Safepoint "G1CollectForAllocation", Time since last: 251400 ns, Reaching safepoint: 938 ns, Cleanup: 1521 ns, At safepoint: 26207535 ns, Leaving safepoint: 2617535 ns, Total: 28827529 ns
[1.287s][info][gc       ] GC(98) Pause Remark 109M->109M(256M) 0.009ms
[1.287s][info][gc,cpu   ] GC(98) User=0.00s Sys=0.00s Real=0.00s
[1.287s][info][safepoint] Safepoint "G1PauseRemark", Time since last: 62637 ns, Reaching safepoint: 167214 ns, Cleanup: 3801 ns, At safepoint: 27722 ns, Leaving safepoint: 4013 ns, Total: 202750 ns
[1.287s][info][gc       ] GC(98) Concurrent Mark Cycle 54.393ms
[1.304s][info][gc       ] GC(105) Pause Young (Normal) (G1 Evacuation Pause) 158M->148M(256M) 7.959ms
[1.304s][info][gc,cpu   ] GC(105) User=0.01s Sys=0.00s Real=0.01s
[1.309s][info][safepoint] Safepoint "G1CollectForAllocation", Time since last: 8736058 ns, Reaching safepoint: 2249 ns, Cleanup: 2831 ns, At safepoint: 7997107 ns, Leaving safepoint: 4873807 ns, Total: 12875994 ns
[1.325s][info][gc       ] GC(106) Pause Young (Concurrent Start) (G1 Evacuation Pause) 183M->177M(256M) 8.064ms
[1.325s][info][gc       ] GC(107) Concurrent Mark Cycle
[1.325s][info][gc,cpu   ] GC(106) User=0.01s Sys=0.00s Real=0.00s
[1.325s][info][safepoint] Safepoint "G1CollectForAllocation", Time since last: 8027105 ns, Reaching safepoint: 6302 ns, Cleanup: 2548 ns, At safepoint: 8215229 ns, Leaving safepoint: 3573 ns, Total: 8227652 ns
[1.338s][info][gc       ] GC(108) Pause Young (Normal) (G1 Evacuation Pause) 200M->197M(256M) 5.282ms
[1.338s][info][gc,cpu   ] GC(108) User=0.01s Sys=0.00s Real=0.01s
[1.338s][info][safepoint] Safepoint "G1CollectForAllocation", Time since last: 7815120 ns, Reaching safepoint: 7313 ns, Cleanup: 2771 ns, At safepoint: 5312892 ns, Leaving safepoint: 13302 ns, Total: 5336278 ns
[1.342s][info][gc       ] GC(107) Pause Remark 203M->203M(256M) 0.161ms
[1.342s][info][gc,cpu   ] GC(107) User=0.00s Sys=0.00s Real=0.00s
[1.342s][info][safepoint] Safepoint "G1PauseRemark", Time since last: 3453095 ns, Reaching safepoint: 10487 ns, Cleanup: 2527 ns, At safepoint: 183752 ns, Leaving safepoint: 4269 ns, Total: 201035 ns
[1.343s][info][gc       ] GC(107) Pause Cleanup 203M->203M(256M) 0.144ms
[1.343s][info][gc,cpu   ] GC(107) User=0.00s Sys=0.00s Real=0.00s
[1.343s][info][safepoint] Safepoint "G1PauseCleanup", Time since last: 1523621 ns, Reaching safepoint: 1676 ns, Cleanup: 1886 ns, At safepoint: 165317 ns, Leaving safepoint: 963 ns, Total: 169842 ns
[1.344s][info][gc       ] GC(107) Concurrent Mark Cycle 19.059ms
[1.352s][info][gc       ] GC(109) Pause Young (Prepare Mixed) (G1 Evacuation Pause) 214M->212M(256M) 3.721ms
[1.357s][info][gc,cpu   ] GC(109) User=0.00s Sys=0.00s Real=0.01s
[1.361s][info][safepoint] Safepoint "G1CollectForAllocation", Time since last: 5275614 ns, Reaching safepoint: 6174 ns, Cleanup: 1946 ns, At safepoint: 8734416 ns, Leaving safepoint: 3249318 ns, Total: 11991854 ns
[1.367s][info][gc       ] GC(110) Pause Young (Mixed) (G1 Evacuation Pause) 224M->202M(256M) 4.709ms
[1.367s][info][gc,cpu   ] GC(110) User=0.00s Sys=0.00s Real=0.00s
[1.369s][info][safepoint] Safepoint "G1CollectForAllocation", Time since last: 1522684 ns, Reaching safepoint: 8245 ns, Cleanup: 2148 ns, At safepoint: 4770523 ns, Leaving safepoint: 1695340 ns, Total: 6476256 ns
[1.377s][info][gc       ] GC(111) Pause Young (Mixed) (G1 Evacuation Pause) 217M->196M(256M) 4.622ms
[1.377s][info][gc,cpu   ] GC(111) User=0.00s Sys=0.00s Real=0.01s
[1.381s][info][safepoint] Safepoint "G1CollectForAllocation", Time since last: 4016670 ns, Reaching safepoint: 6242 ns, Cleanup: 2107 ns, At safepoint: 4697651 ns, Leaving safepoint: 3271713 ns, Total: 7977713 ns
[1.389s][info][gc       ] GC(112) Pause Young (Mixed) (G1 Evacuation Pause) 214M->193M(256M) 4.415ms
[1.389s][info][gc,cpu   ] GC(112) User=0.01s Sys=0.00s Real=0.01s
[1.393s][info][safepoint] Safepoint "G1CollectForAllocation", Time since last: 4004855 ns, Reaching safepoint: 5262 ns, Cleanup: 1945 ns, At safepoint: 4442560 ns, Leaving safepoint: 3584694 ns, Total: 8034461 ns
[1.402s][info][gc       ] GC(113) Pause Young (Mixed) (G1 Evacuation Pause) 212M->196M(256M) 4.949ms
[1.402s][info][gc,cpu   ] GC(113) User=0.01s Sys=0.00s Real=0.00s
[1.402s][info][safepoint] Safepoint "G1CollectForAllocation", Time since last: 3977398 ns, Reaching safepoint: 7938 ns, Cleanup: 2004 ns, At safepoint: 4982461 ns, Leaving safepoint: 14198 ns, Total: 5006601 ns
[1.410s][info][gc       ] GC(114) Pause Young (Concurrent Start) (G1 Evacuation Pause) 214M->212M(256M) 3.353ms
[1.410s][info][gc       ] GC(115) Concurrent Mark Cycle
[1.410s][info][gc,cpu   ] GC(114) User=0.01s Sys=0.00s Real=0.01s
[1.417s][info][safepoint] Safepoint "G1CollectForAllocation", Time since last: 5087620 ns, Reaching safepoint: 7217 ns, Cleanup: 1870 ns, At safepoint: 3448458 ns, Leaving safepoint: 6427124 ns, Total: 9884669 ns
[1.422s][info][gc       ] GC(116) Pause Young (Normal) (G1 Evacuation Pause) 225M->223M(256M) 2.705ms
[1.422s][info][gc,cpu   ] GC(116) User=0.00s Sys=0.00s Real=0.00s
[1.422s][info][safepoint] Safepoint "G1CollectForAllocation", Time since last: 2842075 ns, Reaching safepoint: 7928 ns, Cleanup: 1797 ns, At safepoint: 2730138 ns, Leaving safepoint: 2430 ns, Total: 2742293 ns
[1.426s][info][gc       ] GC(117) Pause Young (Normal) (G1 Evacuation Pause) 233M->232M(256M) 1.769ms
[1.427s][info][gc,cpu   ] GC(117) User=0.00s Sys=0.00s Real=0.00s
[1.429s][info][safepoint] Safepoint "G1CollectForAllocation", Time since last: 2426564 ns, Reaching safepoint: 9935 ns, Cleanup: 1909 ns, At safepoint: 1794405 ns, Leaving safepoint: 2177656 ns, Total: 3983905 ns
[1.429s][info][gc       ] GC(115) Pause Remark 233M->230M(256M) 0.145ms
[1.429s][info][gc,cpu   ] GC(115) User=0.00s Sys=0.00s Real=0.00s
[1.429s][info][safepoint] Safepoint "G1PauseRemark", Time since last: 18565 ns, Reaching safepoint: 89541 ns, Cleanup: 1527 ns, At safepoint: 155248 ns, Leaving safepoint: 9088 ns, Total: 255404 ns
[1.431s][info][gc       ] GC(115) Pause Cleanup 230M->230M(256M) 0.115ms
[1.431s][info][gc,cpu   ] GC(115) User=0.00s Sys=0.00s Real=0.00s
[1.431s][info][safepoint] Safepoint "G1PauseCleanup", Time since last: 1746629 ns, Reaching safepoint: 1541 ns, Cleanup: 1444 ns, At safepoint: 138795 ns, Leaving safepoint: 1192 ns, Total: 142972 ns
[1.434s][info][gc       ] GC(118) Pause Young (Prepare Mixed) (G1 Evacuation Pause) 239M->239M(256M) 2.029ms
[1.434s][info][gc,cpu   ] GC(118) User=0.00s Sys=0.00s Real=0.00s
[1.434s][info][gc       ] GC(115) Concurrent Mark Cycle 24.153ms
[1.434s][info][safepoint] Safepoint "G1CollectForAllocation", Time since last: 877506 ns, Reaching safepoint: 1499 ns, Cleanup: 1836 ns, At safepoint: 2054961 ns, Leaving safepoint: 581874 ns, Total: 2640170 ns
[1.438s][info][gc       ] GC(119) Pause Young (Mixed) (G1 Evacuation Pause) (Evacuation Failure) 249M->236M(256M) 1.472ms
[1.438s][info][gc,cpu   ] GC(119) User=0.01s Sys=0.00s Real=0.00s
[1.438s][info][safepoint] Safepoint "G1CollectForAllocation", Time since last: 2337536 ns, Reaching safepoint: 6715 ns, Cleanup: 1953 ns, At safepoint: 1495927 ns, Leaving safepoint: 23856 ns, Total: 1528451 ns
[1.443s][info][gc       ] GC(120) Pause Young (Mixed) (G1 Evacuation Pause) (Evacuation Failure) 246M->235M(256M) 2.178ms
[1.443s][info][gc,cpu   ] GC(120) User=0.00s Sys=0.00s Real=0.00s
[1.445s][info][safepoint] Safepoint "G1CollectForAllocation", Time since last: 2464470 ns, Reaching safepoint: 5221 ns, Cleanup: 1678 ns, At safepoint: 2198787 ns, Leaving safepoint: 1793962 ns, Total: 3999648 ns
[1.451s][info][gc       ] GC(121) Pause Young (Mixed) (G1 Evacuation Pause) (Evacuation Failure) 245M->238M(256M) 2.729ms
[1.451s][info][gc,cpu   ] GC(121) User=0.00s Sys=0.00s Real=0.00s
[1.453s][info][safepoint] Safepoint "G1CollectForAllocation", Time since last: 3996094 ns, Reaching safepoint: 5567 ns, Cleanup: 2020 ns, At safepoint: 2754791 ns, Leaving safepoint: 1222083 ns, Total: 3984461 ns
[1.459s][info][gc       ] GC(122) Pause Young (Mixed) (G1 Evacuation Pause) (Evacuation Failure) 248M->246M(256M) 2.619ms
[1.459s][info][gc,cpu   ] GC(122) User=0.01s Sys=0.00s Real=0.00s
[1.461s][info][safepoint] Safepoint "G1CollectForAllocation", Time since last: 4006901 ns, Reaching safepoint: 3597 ns, Cleanup: 1439 ns, At safepoint: 2639262 ns, Leaving safepoint: 1351991 ns, Total: 3996289 ns
[1.463s][info][gc       ] GC(123) Pause Young (Mixed) (G1 Evacuation Pause) (Evacuation Failure) 255M->252M(256M) 0.980ms
[1.463s][info][gc,cpu   ] GC(123) User=0.00s Sys=0.00s Real=0.00s
[1.463s][info][safepoint] Safepoint "G1CollectForAllocation", Time since last: 1146152 ns, Reaching safepoint: 7935 ns, Cleanup: 8295 ns, At safepoint: 1003125 ns, Leaving safepoint: 17683 ns, Total: 1037038 ns
[1.465s][info][gc       ] GC(124) Pause Young (Concurrent Start) (G1 Evacuation Pause) (Evacuation Failure) 255M->255M(256M) 0.236ms
[1.465s][info][gc       ] GC(125) Concurrent Mark Cycle
[1.465s][info][gc,cpu   ] GC(124) User=0.00s Sys=0.00s Real=0.00s
[1.489s][info][gc       ] GC(126) Pause Full (G1 Compaction Pause) 255M->108M(256M) 24.111ms
[1.489s][info][gc,cpu   ] GC(126) User=0.02s Sys=0.00s Real=0.03s
[1.489s][info][gc       ] GC(125) Concurrent Mark Cycle 24.188ms
[1.489s][info][safepoint] Safepoint "G1CollectForAllocation", Time since last: 1823789 ns, Reaching safepoint: 3852 ns, Cleanup: 1070 ns, At safepoint: 24409489 ns, Leaving safepoint: 39185 ns, Total: 24453596 ns
[1.510s][info][gc       ] GC(127) Pause Young (Normal) (G1 Evacuation Pause) 165M->154M(256M) 11.133ms
[1.510s][info][gc,cpu   ] GC(127) User=0.01s Sys=0.00s Real=0.01s
[1.510s][info][safepoint] Safepoint "G1CollectForAllocation", Time since last: 10000326 ns, Reaching safepoint: 1910 ns, Cleanup: 3110 ns, At safepoint: 11168208 ns, Leaving safepoint: 1332 ns, Total: 11174560 ns
[1.523s][info][gc       ] GC(128) Pause Young (Normal) (G1 Evacuation Pause) 190M->181M(256M) 7.372ms
[1.523s][info][gc,cpu   ] GC(128) User=0.00s Sys=0.00s Real=0.01s
[1.525s][info][safepoint] Safepoint "G1CollectForAllocation", Time since last: 4925428 ns, Reaching safepoint: 1795 ns, Cleanup: 2061 ns, At safepoint: 7402820 ns, Leaving safepoint: 2061421 ns, Total: 9468097 ns
[1.542s][info][gc       ] GC(129) Pause Young (Concurrent Start) (G1 Evacuation Pause) 205M->202M(256M) 5.483ms
[1.542s][info][gc,cpu   ] GC(129) User=0.00s Sys=0.00s Real=0.00s
[1.542s][info][safepoint] Safepoint "G1CollectForAllocation", Time since last: 12005210 ns, Reaching safepoint: 7700 ns, Cleanup: 2554 ns, At safepoint: 5517004 ns, Leaving safepoint: 1738 ns, Total: 5528996 ns
[1.542s][info][gc       ] GC(130) Concurrent Mark Cycle
[1.555s][info][gc       ] GC(131) Pause Young (Normal) (G1 Evacuation Pause) 218M->216M(256M) 3.494ms
[1.555s][info][gc,cpu   ] GC(131) User=0.01s Sys=0.00s Real=0.00s
[1.555s][info][safepoint] Safepoint "G1CollectForAllocation", Time since last: 9377065 ns, Reaching safepoint: 10157 ns, Cleanup: 2004 ns, At safepoint: 3523230 ns, Leaving safepoint: 1937 ns, Total: 3537328 ns
[1.563s][info][gc       ] GC(132) Pause Young (Normal) (G1 Evacuation Pause) 226M->225M(256M) 2.025ms
[1.563s][info][gc,cpu   ] GC(132) User=0.00s Sys=0.00s Real=0.00s
[1.563s][info][safepoint] Safepoint "G1CollectForAllocation", Time since last: 5534641 ns, Reaching safepoint: 7801 ns, Cleanup: 2424 ns, At safepoint: 2050273 ns, Leaving safepoint: 8508 ns, Total: 2069006 ns
[1.566s][info][gc       ] GC(133) Pause Young (Normal) (G1 Evacuation Pause) 235M->234M(256M) 1.958ms
[1.566s][info][gc,cpu   ] GC(133) User=0.00s Sys=0.00s Real=0.00s
[1.569s][info][safepoint] Safepoint "G1CollectForAllocation", Time since last: 1051011 ns, Reaching safepoint: 1296 ns, Cleanup: 2432 ns, At safepoint: 1982988 ns, Leaving safepoint: 2886539 ns, Total: 4873255 ns
[1.569s][info][gc       ] GC(130) Pause Remark 235M->233M(256M) 0.150ms
[1.569s][info][gc,cpu   ] GC(130) User=0.00s Sys=0.00s Real=0.00s
[1.569s][info][safepoint] Safepoint "G1PauseRemark", Time since last: 22840 ns, Reaching safepoint: 101365 ns, Cleanup: 1503 ns, At safepoint: 160669 ns, Leaving safepoint: 3452 ns, Total: 266989 ns
[1.573s][info][gc       ] GC(134) Pause Young (Normal) (G1 Evacuation Pause) (Evacuation Failure) 242M->248M(256M) 1.861ms
[1.574s][info][gc,cpu   ] GC(134) User=0.01s Sys=0.00s Real=0.00s
[1.574s][info][safepoint] Safepoint "G1CollectForAllocation", Time since last: 2644541 ns, Reaching safepoint: 1025 ns, Cleanup: 1400 ns, At safepoint: 1887499 ns, Leaving safepoint: 1344 ns, Total: 1891268 ns
[1.574s][info][gc       ] GC(135) Pause Young (Normal) (G1 Evacuation Pause) (Evacuation Failure) 252M->252M(256M) 0.265ms
[1.574s][info][gc,cpu   ] GC(135) User=0.00s Sys=0.00s Real=0.00s
[1.599s][info][gc       ] GC(136) Pause Full (G1 Compaction Pause) 252M->108M(256M) 24.611ms
[1.599s][info][gc,cpu   ] GC(136) User=0.02s Sys=0.00s Real=0.03s
[1.601s][info][safepoint] Safepoint "G1CollectForAllocation", Time since last: 429565 ns, Reaching safepoint: 1397 ns, Cleanup: 1987 ns, At safepoint: 24919128 ns, Leaving safepoint: 1843726 ns, Total: 26766238 ns
[1.601s][info][gc       ] GC(130) Pause Cleanup 113M->113M(256M) 0.008ms
[1.601s][info][gc,cpu   ] GC(130) User=0.00s Sys=0.00s Real=0.00s
[1.601s][info][safepoint] Safepoint "G1PauseCleanup", Time since last: 559983 ns, Reaching safepoint: 141652 ns, Cleanup: 2551 ns, At safepoint: 27826 ns, Leaving safepoint: 3907 ns, Total: 175936 ns
[1.601s][info][gc       ] GC(130) Concurrent Mark Cycle 59.206ms
[1.616s][info][gc       ] GC(137) Pause Young (Normal) (G1 Evacuation Pause) 159M->150M(256M) 8.328ms
[1.616s][info][gc,cpu   ] GC(137) User=0.01s Sys=0.00s Real=0.01s
[1.616s][info][safepoint] Safepoint "G1CollectForAllocation", Time since last: 6399395 ns, Reaching safepoint: 1963 ns, Cleanup: 2132 ns, At safepoint: 8356955 ns, Leaving safepoint: 1349 ns, Total: 8362399 ns
[1.629s][info][gc       ] GC(138) Pause Young (Normal) (G1 Evacuation Pause) 184M->178M(256M) 7.016ms
[1.629s][info][gc,cpu   ] GC(138) User=0.01s Sys=0.00s Real=0.01s
[1.633s][info][safepoint] Safepoint "G1CollectForAllocation", Time since last: 5608510 ns, Reaching safepoint: 1660 ns, Cleanup: 2280 ns, At safepoint: 7043800 ns, Leaving safepoint: 3844429 ns, Total: 10892169 ns
[1.640s][info][gc       ] GC(139) Pause Young (Concurrent Start) (G1 Evacuation Pause) 201M->198M(256M) 4.621ms
[1.640s][info][gc,cpu   ] GC(139) User=0.00s Sys=0.00s Real=0.01s
[1.640s][info][gc       ] GC(140) Concurrent Mark Cycle
[1.647s][info][safepoint] Safepoint "G1CollectForAllocation", Time since last: 2639647 ns, Reaching safepoint: 8432 ns, Cleanup: 2357 ns, At safepoint: 4653620 ns, Leaving safepoint: 7451347 ns, Total: 12115756 ns
[1.649s][info][gc       ] GC(140) Pause Remark 210M->210M(256M) 0.154ms
[1.649s][info][gc,cpu   ] GC(140) User=0.00s Sys=0.00s Real=0.00s
[1.649s][info][safepoint] Safepoint "G1PauseRemark", Time since last: 1246955 ns, Reaching safepoint: 89749 ns, Cleanup: 2285 ns, At safepoint: 171833 ns, Leaving safepoint: 4064 ns, Total: 267931 ns
[1.651s][info][gc       ] GC(140) Pause Cleanup 210M->210M(256M) 0.101ms
[1.651s][info][gc,cpu   ] GC(140) User=0.00s Sys=0.00s Real=0.00s
[1.651s][info][safepoint] Safepoint "G1PauseCleanup", Time since last: 1502878 ns, Reaching safepoint: 1181 ns, Cleanup: 1345 ns, At safepoint: 116904 ns, Leaving safepoint: 605 ns, Total: 120035 ns
[1.655s][info][gc       ] GC(141) Pause Young (Prepare Mixed) (G1 Evacuation Pause) 214M->212M(256M) 3.653ms
[1.655s][info][gc,cpu   ] GC(141) User=0.01s Sys=0.00s Real=0.00s
[1.655s][info][gc       ] GC(140) Concurrent Mark Cycle 15.208ms
[1.655s][info][safepoint] Safepoint "G1CollectForAllocation", Time since last: 535959 ns, Reaching safepoint: 711 ns, Cleanup: 837 ns, At safepoint: 3679030 ns, Leaving safepoint: 419178 ns, Total: 4099756 ns
[1.660s][info][gc       ] GC(142) Pause Young (Mixed) (G1 Evacuation Pause) 224M->201M(256M) 3.058ms
[1.660s][info][gc,cpu   ] GC(142) User=0.00s Sys=0.00s Real=0.00s
[1.660s][info][safepoint] Safepoint "G1CollectForAllocation", Time since last: 1573746 ns, Reaching safepoint: 1545 ns, Cleanup: 1695 ns, At safepoint: 3082103 ns, Leaving safepoint: 921 ns, Total: 3086264 ns
[1.668s][info][gc       ] GC(143) Pause Young (Mixed) (G1 Evacuation Pause) 217M->195M(256M) 3.469ms
[1.668s][info][gc,cpu   ] GC(143) User=0.00s Sys=0.00s Real=0.00s
[1.668s][info][safepoint] Safepoint "G1CollectForAllocation", Time since last: 4803244 ns, Reaching safepoint: 6971 ns, Cleanup: 1859 ns, At safepoint: 3492133 ns, Leaving safepoint: 1871 ns, Total: 3502834 ns
[1.677s][info][gc       ] GC(144) Pause Young (Mixed) (G1 Evacuation Pause) 213M->191M(256M) 4.029ms
[1.677s][info][gc,cpu   ] GC(144) User=0.01s Sys=0.00s Real=0.01s
[1.677s][info][safepoint] Safepoint "G1CollectForAllocation", Time since last: 4485979 ns, Reaching safepoint: 4207 ns, Cleanup: 1299 ns, At safepoint: 4049302 ns, Leaving safepoint: 2105 ns, Total: 4056913 ns
[1.689s][info][gc       ] GC(145) Pause Young (Mixed) (G1 Evacuation Pause) 211M->189M(256M) 4.422ms
[1.689s][info][gc,cpu   ] GC(145) User=0.00s Sys=0.00s Real=0.01s
[1.689s][info][safepoint] Safepoint "G1CollectForAllocation", Time since last: 7969420 ns, Reaching safepoint: 6263 ns, Cleanup: 1950 ns, At safepoint: 4449311 ns, Leaving safepoint: 2445 ns, Total: 4459969 ns
[1.703s][info][gc       ] GC(146) Pause Young (Mixed) (G1 Evacuation Pause) 209M->194M(256M) 6.420ms
[1.703s][info][gc,cpu   ] GC(146) User=0.00s Sys=0.00s Real=0.00s
[1.703s][info][safepoint] Safepoint "G1CollectForAllocation", Time since last: 7508534 ns, Reaching safepoint: 6358 ns, Cleanup: 1524 ns, At safepoint: 6446473 ns, Leaving safepoint: 2357 ns, Total: 6456712 ns
[1.713s][info][gc       ] GC(147) Pause Young (Concurrent Start) (G1 Evacuation Pause) 213M->211M(256M) 4.360ms
[1.713s][info][gc       ] GC(148) Concurrent Mark Cycle
[1.713s][info][gc,cpu   ] GC(147) User=0.00s Sys=0.00s Real=0.00s
[1.720s][info][safepoint] Safepoint "G1CollectForAllocation", Time since last: 5566482 ns, Reaching safepoint: 6950 ns, Cleanup: 1920 ns, At safepoint: 4445714 ns, Leaving safepoint: 6991250 ns, Total: 11445834 ns
[1.727s][info][gc       ] GC(149) Pause Young (Normal) (G1 Evacuation Pause) 224M->223M(256M) 2.788ms
[1.728s][info][gc,cpu   ] GC(149) User=0.00s Sys=0.00s Real=0.00s
[1.728s][info][safepoint] Safepoint "G1CollectForAllocation", Time since last: 4542017 ns, Reaching safepoint: 5068 ns, Cleanup: 2085 ns, At safepoint: 2811183 ns, Leaving safepoint: 18824 ns, Total: 2837160 ns
[1.731s][info][gc       ] GC(150) Pause Young (Normal) (G1 Evacuation Pause) 233M->232M(256M) 2.350ms
[1.731s][info][gc,cpu   ] GC(150) User=0.00s Sys=0.00s Real=0.01s
[1.733s][info][safepoint] Safepoint "G1CollectForAllocation", Time since last: 809718 ns, Reaching safepoint: 1411 ns, Cleanup: 1546 ns, At safepoint: 2373609 ns, Leaving safepoint: 1972231 ns, Total: 4348797 ns
[1.733s][info][gc       ] GC(148) Pause Remark 233M->232M(256M) 0.118ms
[1.733s][info][gc,cpu   ] GC(148) User=0.00s Sys=0.00s Real=0.00s
[1.733s][info][safepoint] Safepoint "G1PauseRemark", Time since last: 19946 ns, Reaching safepoint: 75669 ns, Cleanup: 1410 ns, At safepoint: 128082 ns, Leaving safepoint: 1127 ns, Total: 206288 ns
[1.735s][info][gc       ] GC(148) Pause Cleanup 232M->232M(256M) 0.107ms
[1.735s][info][gc,cpu   ] GC(148) User=0.00s Sys=0.00s Real=0.00s
[1.735s][info][safepoint] Safepoint "G1PauseCleanup", Time since last: 1586771 ns, Reaching safepoint: 1149 ns, Cleanup: 1293 ns, At safepoint: 123127 ns, Leaving safepoint: 1218 ns, Total: 126787 ns
[1.736s][info][gc       ] GC(148) Concurrent Mark Cycle 22.421ms
[1.738s][info][gc       ] GC(151) Pause Young (Prepare Mixed) (G1 Evacuation Pause) 241M->241M(256M) 1.539ms
[1.738s][info][gc,cpu   ] GC(151) User=0.00s Sys=0.00s Real=0.01s
[1.741s][info][safepoint] Safepoint "G1CollectForAllocation", Time since last: 1930392 ns, Reaching safepoint: 1688 ns, Cleanup: 1740 ns, At safepoint: 1562805 ns, Leaving safepoint: 2566003 ns, Total: 4132236 ns
[1.743s][info][gc       ] GC(152) Pause Young (Mixed) (G1 Evacuation Pause) (Evacuation Failure) 251M->243M(256M) 1.509ms
[1.743s][info][gc,cpu   ] GC(152) User=0.00s Sys=0.00s Real=0.00s
[1.743s][info][safepoint] Safepoint "G1CollectForAllocation", Time since last: 783089 ns, Reaching safepoint: 8311 ns, Cleanup: 1754 ns, At safepoint: 1530695 ns, Leaving safepoint: 21771 ns, Total: 1562531 ns
[1.750s][info][gc       ] GC(153) Pause Young (Mixed) (G1 Evacuation Pause) (Evacuation Failure) 253M->250M(256M) 1.445ms
[1.750s][info][gc,cpu   ] GC(153) User=0.00s Sys=0.00s Real=0.00s
[1.750s][info][safepoint] Safepoint "G1CollectForAllocation", Time since last: 5650223 ns, Reaching safepoint: 4717 ns, Cleanup: 1796 ns, At safepoint: 1468368 ns, Leaving safepoint: 10370 ns, Total: 1485251 ns
[1.752s][info][gc       ] GC(154) Pause Young (Mixed) (G1 Evacuation Pause) (Evacuation Failure) 255M->255M(256M) 1.106ms
[1.752s][info][gc,cpu   ] GC(154) User=0.00s Sys=0.00s Real=0.00s
[1.780s][info][gc       ] GC(155) Pause Full (G1 Compaction Pause) 255M->108M(256M) 27.732ms
[1.780s][info][gc,cpu   ] GC(155) User=0.03s Sys=0.00s Real=0.03s
[1.785s][info][safepoint] Safepoint "G1CollectForAllocation", Time since last: 689710 ns, Reaching safepoint: 1169 ns, Cleanup: 1361 ns, At safepoint: 28889575 ns, Leaving safepoint: 4922724 ns, Total: 33814829 ns
[1.801s][info][gc       ] GC(156) Pause Young (Normal) (G1 Evacuation Pause) 160M->149M(256M) 8.272ms
[1.801s][info][gc,cpu   ] GC(156) User=0.01s Sys=0.00s Real=0.01s
[1.805s][info][safepoint] Safepoint "G1CollectForAllocation", Time since last: 8135450 ns, Reaching safepoint: 2211 ns, Cleanup: 2611 ns, At safepoint: 8309618 ns, Leaving safepoint: 3579031 ns, Total: 11893471 ns
[1.824s][info][gc       ] GC(157) Pause Young (Normal) (G1 Evacuation Pause) 185M->178M(256M) 7.703ms
[1.824s][info][gc,cpu   ] GC(157) User=0.00s Sys=0.00s Real=0.00s
[1.824s][info][safepoint] Safepoint "G1CollectForAllocation", Time since last: 12013443 ns, Reaching safepoint: 7278 ns, Cleanup: 3441 ns, At safepoint: 7736031 ns, Leaving safepoint: 3258 ns, Total: 7750008 ns
[1.840s][info][gc       ] GC(158) Pause Young (Concurrent Start) (G1 Evacuation Pause) 202M->199M(256M) 7.502ms
[1.840s][info][gc,cpu   ] GC(158) User=0.01s Sys=0.00s Real=0.01s
[1.840s][info][safepoint] Safepoint "G1CollectForAllocation", Time since last: 8259159 ns, Reaching safepoint: 6649 ns, Cleanup: 2843 ns, At safepoint: 7537604 ns, Leaving safepoint: 2136 ns, Total: 7549232 ns
[1.840s][info][gc       ] GC(159) Concurrent Mark Cycle
[1.845s][info][gc       ] GC(159) Pause Remark 210M->210M(256M) 0.184ms
[1.845s][info][gc,cpu   ] GC(159) User=0.01s Sys=0.00s Real=0.00s
[1.845s][info][safepoint] Safepoint "G1PauseRemark", Time since last: 4444303 ns, Reaching safepoint: 372036 ns, Cleanup: 5449 ns, At safepoint: 213459 ns, Leaving safepoint: 31928 ns, Total: 622872 ns
[1.853s][info][gc       ] GC(160) Pause Young (Normal) (G1 Evacuation Pause) 215M->214M(256M) 5.151ms
[1.853s][info][gc,cpu   ] GC(160) User=0.00s Sys=0.00s Real=0.01s
[1.857s][info][safepoint] Safepoint "G1CollectForAllocation", Time since last: 2835378 ns, Reaching safepoint: 1975 ns, Cleanup: 1674 ns, At safepoint: 5178099 ns, Leaving safepoint: 3347411 ns, Total: 8529159 ns
[1.860s][info][gc       ] GC(161) Pause Young (Normal) (G1 Evacuation Pause) 224M->223M(256M) 2.099ms
[1.860s][info][gc,cpu   ] GC(161) User=0.00s Sys=0.00s Real=0.00s
[1.860s][info][safepoint] Safepoint "G1CollectForAllocation", Time since last: 1301594 ns, Reaching safepoint: 7869 ns, Cleanup: 1999 ns, At safepoint: 2121222 ns, Leaving safepoint: 13991 ns, Total: 2145081 ns
[1.860s][info][gc       ] GC(159) Pause Cleanup 223M->223M(256M) 0.119ms
[1.860s][info][gc,cpu   ] GC(159) User=0.00s Sys=0.00s Real=0.00s
[1.865s][info][safepoint] Safepoint "G1PauseCleanup", Time since last: 31004 ns, Reaching safepoint: 140013 ns, Cleanup: 1713 ns, At safepoint: 130732 ns, Leaving safepoint: 4220852 ns, Total: 4493310 ns
[1.865s][info][gc       ] GC(159) Concurrent Mark Cycle 24.855ms
[1.869s][info][gc       ] GC(162) Pause Young (Prepare Mixed) (G1 Evacuation Pause) 233M->233M(256M) 2.755ms
[1.869s][info][gc,cpu   ] GC(162) User=0.00s Sys=0.00s Real=0.01s
[1.869s][info][safepoint] Safepoint "G1CollectForAllocation", Time since last: 1578965 ns, Reaching safepoint: 8407 ns, Cleanup: 2136 ns, At safepoint: 2782321 ns, Leaving safepoint: 2453 ns, Total: 2795317 ns
[1.875s][info][gc       ] GC(163) Pause Young (Mixed) (G1 Evacuation Pause) (Evacuation Failure) 243M->234M(256M) 2.104ms
[1.875s][info][gc,cpu   ] GC(163) User=0.00s Sys=0.00s Real=0.00s
[1.875s][info][safepoint] Safepoint "G1CollectForAllocation", Time since last: 3661537 ns, Reaching safepoint: 6310 ns, Cleanup: 2122 ns, At safepoint: 2130222 ns, Leaving safepoint: 2151 ns, Total: 2140805 ns
[1.884s][info][gc       ] GC(164) Pause Young (Mixed) (G1 Evacuation Pause) (Evacuation Failure) 244M->242M(256M) 3.179ms
[1.884s][info][gc,cpu   ] GC(164) User=0.00s Sys=0.00s Real=0.00s
[1.884s][info][safepoint] Safepoint "G1CollectForAllocation", Time since last: 5852244 ns, Reaching safepoint: 10200 ns, Cleanup: 2025 ns, At safepoint: 3209215 ns, Leaving safepoint: 13796 ns, Total: 3235236 ns
[1.889s][info][gc       ] GC(165) Pause Young (Mixed) (G1 Evacuation Pause) (Evacuation Failure) 252M->251M(256M) 2.521ms
[1.889s][info][gc,cpu   ] GC(165) User=0.00s Sys=0.00s Real=0.01s
[1.889s][info][safepoint] Safepoint "G1CollectForAllocation", Time since last: 2742253 ns, Reaching safepoint: 1907 ns, Cleanup: 2296 ns, At safepoint: 2553110 ns, Leaving safepoint: 24255 ns, Total: 2581568 ns
[1.891s][info][gc       ] GC(166) Pause Young (Mixed) (G1 Evacuation Pause) (Evacuation Failure) 254M->254M(256M) 1.269ms
[1.891s][info][gc,cpu   ] GC(166) User=0.00s Sys=0.00s Real=0.00s
[1.919s][info][gc       ] GC(167) Pause Full (G1 Compaction Pause) 254M->108M(256M) 27.603ms
[1.919s][info][gc,cpu   ] GC(167) User=0.03s Sys=0.00s Real=0.03s
[1.921s][info][safepoint] Safepoint "G1CollectForAllocation", Time since last: 499800 ns, Reaching safepoint: 1629 ns, Cleanup: 1870 ns, At safepoint: 28938773 ns, Leaving safepoint: 1968389 ns, Total: 30910661 ns
[1.937s][info][gc       ] GC(168) Pause Young (Normal) (G1 Evacuation Pause) 158M->149M(256M) 8.289ms
[1.937s][info][gc,cpu   ] GC(168) User=0.01s Sys=0.00s Real=0.01s
[1.941s][info][safepoint] Safepoint "G1CollectForAllocation", Time since last: 8169550 ns, Reaching safepoint: 3409 ns, Cleanup: 3225 ns, At safepoint: 8326453 ns, Leaving safepoint: 3541481 ns, Total: 11874568 ns
[1.953s][info][gc       ] GC(169) Pause Young (Normal) (G1 Evacuation Pause) 183M->176M(256M) 6.500ms
[1.953s][info][gc,cpu   ] GC(169) User=0.01s Sys=0.00s Real=0.01s
[1.957s][info][safepoint] Safepoint "G1CollectForAllocation", Time since last: 5522064 ns, Reaching safepoint: 2101 ns, Cleanup: 3339 ns, At safepoint: 6532776 ns, Leaving safepoint: 4640048 ns, Total: 11178264 ns
[1.970s][info][gc       ] GC(170) Pause Young (Concurrent Start) (G1 Evacuation Pause) 201M->198M(256M) 5.200ms
[1.970s][info][gc       ] GC(171) Concurrent Mark Cycle
[1.970s][info][gc,cpu   ] GC(170) User=0.01s Sys=0.00s Real=0.01s
[1.977s][info][safepoint] Safepoint "G1CollectForAllocation", Time since last: 7262370 ns, Reaching safepoint: 5699 ns, Cleanup: 2786 ns, At safepoint: 5340989 ns, Leaving safepoint: 6642838 ns, Total: 11992312 ns
[1.984s][info][gc       ] GC(172) Pause Young (Normal) (G1 Evacuation Pause) 215M->213M(256M) 4.457ms
[1.984s][info][gc,cpu   ] GC(172) User=0.00s Sys=0.00s Real=0.00s
[1.984s][info][safepoint] Safepoint "G1CollectForAllocation", Time since last: 2561975 ns, Reaching safepoint: 8329 ns, Cleanup: 2513 ns, At safepoint: 4504384 ns, Leaving safepoint: 10341 ns, Total: 4525567 ns
[1.985s][info][gc       ] GC(171) Pause Remark 214M->214M(256M) 0.174ms
[1.985s][info][gc,cpu   ] GC(171) User=0.00s Sys=0.00s Real=0.00s
[1.985s][info][safepoint] Safepoint "G1PauseRemark", Time since last: 965269 ns, Reaching safepoint: 137353 ns, Cleanup: 2941 ns, At safepoint: 200308 ns, Leaving safepoint: 1996 ns, Total: 342598 ns
[1.987s][info][gc       ] GC(171) Pause Cleanup 214M->214M(256M) 0.209ms
[1.987s][info][gc,cpu   ] GC(171) User=0.00s Sys=0.00s Real=0.00s
[1.987s][info][safepoint] Safepoint "G1PauseCleanup", Time since last: 1809447 ns, Reaching safepoint: 1534 ns, Cleanup: 2072 ns, At safepoint: 240856 ns, Leaving safepoint: 8585 ns, Total: 253047 ns
[1.989s][info][gc       ] GC(171) Concurrent Mark Cycle 19.444ms
[1.993s][info][gc       ] GC(173) Pause Young (Prepare Mixed) (G1 Evacuation Pause) 224M->223M(256M) 3.174ms
[1.993s][info][gc,cpu   ] GC(173) User=0.00s Sys=0.00s Real=0.00s
[1.997s][info][safepoint] Safepoint "G1CollectForAllocation", Time since last: 2475006 ns, Reaching safepoint: 2335 ns, Cleanup: 2475 ns, At safepoint: 3200991 ns, Leaving safepoint: 3880831 ns, Total: 7086632 ns
[2.004s][info][gc       ] GC(174) Pause Young (Mixed) (G1 Evacuation Pause) 233M->211M(256M) 3.085ms
[2.004s][info][gc,cpu   ] GC(174) User=0.00s Sys=0.00s Real=0.00s
[2.004s][info][safepoint] Safepoint "G1CollectForAllocation", Time since last: 4017824 ns, Reaching safepoint: 7413 ns, Cleanup: 2044 ns, At safepoint: 3113062 ns, Leaving safepoint: 3114 ns, Total: 3125633 ns
[2.012s][info][gc       ] GC(175) Pause Young (Mixed) (G1 Evacuation Pause) 223M->201M(256M) 3.651ms
[2.012s][info][gc,cpu   ] GC(175) User=0.00s Sys=0.00s Real=0.00s
[2.017s][info][safepoint] Safepoint "G1CollectForAllocation", Time since last: 4853572 ns, Reaching safepoint: 5196 ns, Cleanup: 1884 ns, At safepoint: 3711167 ns, Leaving safepoint: 4285064 ns, Total: 8003311 ns
[2.023s][info][gc       ] GC(176) Pause Young (Mixed) (G1 Evacuation Pause) 217M->196M(256M) 4.639ms
[2.023s][info][gc,cpu   ] GC(176) User=0.00s Sys=0.00s Real=0.00s
[2.023s][info][safepoint] Safepoint "G1CollectForAllocation", Time since last: 1828907 ns, Reaching safepoint: 7788 ns, Cleanup: 2270 ns, At safepoint: 4665126 ns, Leaving safepoint: 9930 ns, Total: 4685114 ns
[2.033s][info][gc       ] GC(177) Pause Young (Mixed) (G1 Evacuation Pause) 214M->193M(256M) 5.159ms
[2.033s][info][gc,cpu   ] GC(177) User=0.01s Sys=0.00s Real=0.01s
[2.037s][info][safepoint] Safepoint "G1CollectForAllocation", Time since last: 4717551 ns, Reaching safepoint: 2216 ns, Cleanup: 2360 ns, At safepoint: 5186006 ns, Leaving safepoint: 3571713 ns, Total: 8762295 ns
[2.045s][info][gc       ] GC(178) Pause Young (Mixed) (G1 Evacuation Pause) 212M->194M(256M) 4.428ms
[2.045s][info][gc,cpu   ] GC(178) User=0.00s Sys=0.00s Real=0.00s
[2.045s][info][safepoint] Safepoint "G1CollectForAllocation", Time since last: 3998967 ns, Reaching safepoint: 5468 ns, Cleanup: 1790 ns, At safepoint: 4455265 ns, Leaving safepoint: 11844 ns, Total: 4474367 ns
[2.055s][info][gc       ] GC(179) Pause Young (Concurrent Start) (G1 Evacuation Pause) 213M->211M(256M) 4.250ms
[2.055s][info][gc       ] GC(180) Concurrent Mark Cycle
[2.055s][info][gc,cpu   ] GC(179) User=0.00s Sys=0.00s Real=0.00s
[2.061s][info][safepoint] Safepoint "G1CollectForAllocation", Time since last: 5522111 ns, Reaching safepoint: 7476 ns, Cleanup: 1929 ns, At safepoint: 4344904 ns, Leaving safepoint: 5664314 ns, Total: 10018623 ns
[2.067s][info][gc       ] GC(181) Pause Young (Normal) (G1 Evacuation Pause) 224M->223M(256M) 2.405ms
[2.067s][info][gc,cpu   ] GC(181) User=0.00s Sys=0.00s Real=0.00s
[2.067s][info][safepoint] Safepoint "G1CollectForAllocation", Time since last: 3986540 ns, Reaching safepoint: 5026 ns, Cleanup: 1895 ns, At safepoint: 2430236 ns, Leaving safepoint: 12097 ns, Total: 2449254 ns
[2.072s][info][gc       ] GC(182) Pause Young (Normal) (G1 Evacuation Pause) 233M->232M(256M) 2.057ms
[2.072s][info][gc,cpu   ] GC(182) User=0.00s Sys=0.00s Real=0.00s
[2.073s][info][safepoint] Safepoint "G1CollectForAllocation", Time since last: 2448989 ns, Reaching safepoint: 6544 ns, Cleanup: 1594 ns, At safepoint: 2089464 ns, Leaving safepoint: 1024050 ns, Total: 3121652 ns
[2.079s][info][gc       ] GC(183) Pause Young (Normal) (G1 Evacuation Pause) 242M->241M(256M) 1.486ms
[2.079s][info][gc,cpu   ] GC(183) User=0.01s Sys=0.00s Real=0.00s
[2.079s][info][safepoint] Safepoint "G1CollectForAllocation", Time since last: 4933818 ns, Reaching safepoint: 8054 ns, Cleanup: 2019 ns, At safepoint: 1511452 ns, Leaving safepoint: 17939 ns, Total: 1539464 ns
[2.081s][info][gc       ] GC(184) Pause Young (Normal) (G1 Evacuation Pause) (Evacuation Failure) 251M->255M(256M) 0.868ms
[2.081s][info][gc,cpu   ] GC(184) User=0.00s Sys=0.00s Real=0.00s
[2.104s][info][gc       ] GC(185) Pause Full (G1 Compaction Pause) 255M->108M(256M) 22.709ms
[2.104s][info][gc,cpu   ] GC(185) User=0.02s Sys=0.00s Real=0.02s
[2.109s][info][safepoint] Safepoint "G1CollectForAllocation", Time since last: 821137 ns, Reaching safepoint: 1585 ns, Cleanup: 1636 ns, At safepoint: 23632008 ns, Leaving safepoint: 5032412 ns, Total: 28667641 ns
[2.113s][info][gc       ] GC(180) Pause Remark 139M->139M(256M) 0.007ms
[2.113s][info][gc,cpu   ] GC(180) User=0.00s Sys=0.00s Real=0.00s
[2.117s][info][safepoint] Safepoint "G1PauseRemark", Time since last: 4026916 ns, Reaching safepoint: 98357 ns, Cleanup: 3492 ns, At safepoint: 24905 ns, Leaving safepoint: 3847679 ns, Total: 3974433 ns
[2.117s][info][gc       ] GC(180) Concurrent Mark Cycle 61.719ms
[2.128s][info][gc       ] GC(186) Pause Young (Normal) (G1 Evacuation Pause) 156M->146M(256M) 7.137ms
[2.128s][info][gc,cpu   ] GC(186) User=0.00s Sys=0.00s Real=0.00s
[2.133s][info][safepoint] Safepoint "G1CollectForAllocation", Time since last: 4019213 ns, Reaching safepoint: 7124 ns, Cleanup: 2855 ns, At safepoint: 7165696 ns, Leaving safepoint: 4803922 ns, Total: 11979597 ns
[2.144s][info][gc       ] GC(187) Pause Young (Concurrent Start) (G1 Evacuation Pause) 181M->174M(256M) 6.416ms
[2.144s][info][gc       ] GC(188) Concurrent Mark Cycle
[2.144s][info][gc,cpu   ] GC(187) User=0.01s Sys=0.00s Real=0.00s
[2.144s][info][safepoint] Safepoint "G1CollectForAllocation", Time since last: 4649577 ns, Reaching safepoint: 1469 ns, Cleanup: 2669 ns, At safepoint: 6578995 ns, Leaving safepoint: 6404 ns, Total: 6589537 ns
[2.153s][info][gc       ] GC(188) Pause Remark 189M->189M(256M) 0.144ms
[2.153s][info][gc,cpu   ] GC(188) User=0.00s Sys=0.00s Real=0.00s
[2.153s][info][safepoint] Safepoint "G1PauseRemark", Time since last: 8680357 ns, Reaching safepoint: 43695 ns, Cleanup: 2354 ns, At safepoint: 161602 ns, Leaving safepoint: 4016 ns, Total: 211667 ns
[2.154s][info][gc       ] GC(188) Pause Cleanup 189M->189M(256M) 0.091ms
[2.154s][info][gc,cpu   ] GC(188) User=0.00s Sys=0.00s Real=0.00s
[2.154s][info][safepoint] Safepoint "G1PauseCleanup", Time since last: 1192217 ns, Reaching safepoint: 980 ns, Cleanup: 1457 ns, At safepoint: 106077 ns, Leaving safepoint: 610 ns, Total: 109124 ns
[2.156s][info][gc       ] GC(188) Concurrent Mark Cycle 12.054ms
[2.161s][info][gc       ] GC(189) Pause Young (Prepare Mixed) (G1 Evacuation Pause) 199M->195M(256M) 4.694ms
[2.161s][info][gc,cpu   ] GC(189) User=0.01s Sys=0.00s Real=0.01s
[2.161s][info][safepoint] Safepoint "G1CollectForAllocation", Time since last: 1745264 ns, Reaching safepoint: 1253 ns, Cleanup: 865 ns, At safepoint: 4714110 ns, Leaving safepoint: 1772 ns, Total: 4718000 ns
[2.172s][info][gc       ] GC(190) Pause Young (Mixed) (G1 Evacuation Pause) 213M->191M(256M) 4.263ms
[2.172s][info][gc,cpu   ] GC(190) User=0.01s Sys=0.00s Real=0.01s
[2.172s][info][safepoint] Safepoint "G1CollectForAllocation", Time since last: 7510903 ns, Reaching safepoint: 1554 ns, Cleanup: 1973 ns, At safepoint: 4308760 ns, Leaving safepoint: 865 ns, Total: 4313152 ns
[2.181s][info][gc       ] GC(191) Pause Young (Mixed) (G1 Evacuation Pause) 211M->189M(256M) 4.384ms
[2.181s][info][gc,cpu   ] GC(191) User=0.01s Sys=0.00s Real=0.00s
[2.185s][info][safepoint] Safepoint "G1CollectForAllocation", Time since last: 4292965 ns, Reaching safepoint: 5199 ns, Cleanup: 1515 ns, At safepoint: 4425567 ns, Leaving safepoint: 3583335 ns, Total: 8015616 ns
[2.193s][info][gc       ] GC(192) Pause Young (Mixed) (G1 Evacuation Pause) 209M->186M(256M) 4.103ms
[2.193s][info][gc,cpu   ] GC(192) User=0.01s Sys=0.00s Real=0.00s
[2.197s][info][safepoint] Safepoint "G1CollectForAllocation", Time since last: 3990158 ns, Reaching safepoint: 5265 ns, Cleanup: 1621 ns, At safepoint: 4128519 ns, Leaving safepoint: 3875952 ns, Total: 8011357 ns
[2.206s][info][gc       ] GC(193) Pause Young (Mixed) (G1 Evacuation Pause) 207M->194M(256M) 4.792ms
[2.206s][info][gc,cpu   ] GC(193) User=0.00s Sys=0.00s Real=0.00s
[2.206s][info][safepoint] Safepoint "G1CollectForAllocation", Time since last: 3995077 ns, Reaching safepoint: 4940 ns, Cleanup: 1842 ns, At safepoint: 4817823 ns, Leaving safepoint: 2345 ns, Total: 4826950 ns
[2.214s][info][gc       ] GC(194) Pause Young (Concurrent Start) (G1 Evacuation Pause) 213M->211M(256M) 3.389ms
[2.214s][info][gc       ] GC(195) Concurrent Mark Cycle
[2.214s][info][gc,cpu   ] GC(194) User=0.00s Sys=0.00s Real=0.00s
[2.214s][info][safepoint] Safepoint "G1CollectForAllocation", Time since last: 4960596 ns, Reaching safepoint: 6468 ns, Cleanup: 1808 ns, At safepoint: 3477869 ns, Leaving safepoint: 6327 ns, Total: 3492472 ns
[2.223s][info][gc       ] GC(196) Pause Young (Normal) (G1 Evacuation Pause) 224M->222M(256M) 2.125ms
[2.223s][info][gc,cpu   ] GC(196) User=0.00s Sys=0.00s Real=0.00s
[2.223s][info][safepoint] Safepoint "G1CollectForAllocation", Time since last: 6713955 ns, Reaching safepoint: 27288 ns, Cleanup: 1606 ns, At safepoint: 2147461 ns, Leaving safepoint: 11160 ns, Total: 2187515 ns
[2.227s][info][gc       ] GC(197) Pause Young (Normal) (G1 Evacuation Pause) 232M->232M(256M) 1.744ms
[2.227s][info][gc,cpu   ] GC(197) User=0.00s Sys=0.00s Real=0.00s
[2.227s][info][safepoint] Safepoint "G1CollectForAllocation", Time since last: 2582060 ns, Reaching safepoint: 7323 ns, Cleanup: 1774 ns, At safepoint: 1766748 ns, Leaving safepoint: 1874 ns, Total: 1777719 ns
[2.234s][info][gc       ] GC(198) Pause Young (Normal) (G1 Evacuation Pause) 242M->241M(256M) 1.245ms
[2.234s][info][gc,cpu   ] GC(198) User=0.00s Sys=0.00s Real=0.00s
[2.234s][info][safepoint] Safepoint "G1CollectForAllocation", Time since last: 5445833 ns, Reaching safepoint: 3874 ns, Cleanup: 1487 ns, At safepoint: 1263474 ns, Leaving safepoint: 9449 ns, Total: 1278284 ns
[2.236s][info][gc       ] GC(199) Pause Young (Normal) (G1 Evacuation Pause) (Evacuation Failure) 251M->255M(256M) 0.989ms
[2.236s][info][gc,cpu   ] GC(199) User=0.00s Sys=0.00s Real=0.00s
[2.262s][info][gc       ] GC(200) Pause Full (G1 Compaction Pause) 255M->108M(256M) 25.848ms
[2.262s][info][gc,cpu   ] GC(200) User=0.03s Sys=0.00s Real=0.03s
[2.265s][info][safepoint] Safepoint "G1CollectForAllocation", Time since last: 723975 ns, Reaching safepoint: 1015 ns, Cleanup: 1071 ns, At safepoint: 26893426 ns, Leaving safepoint: 3094276 ns, Total: 29989788 ns
[2.269s][info][gc       ] GC(195) Pause Remark 142M->142M(256M) 0.010ms
[2.269s][info][gc,cpu   ] GC(195) User=0.00s Sys=0.00s Real=0.00s
[2.269s][info][safepoint] Safepoint "G1PauseRemark", Time since last: 4025921 ns, Reaching safepoint: 100128 ns, Cleanup: 3296 ns, At safepoint: 35420 ns, Leaving safepoint: 186236 ns, Total: 325080 ns
[2.273s][info][gc       ] GC(195) Concurrent Mark Cycle 58.807ms
[2.282s][info][gc       ] GC(201) Pause Young (Normal) (G1 Evacuation Pause) 157M->148M(256M) 7.230ms
[2.282s][info][gc,cpu   ] GC(201) User=0.01s Sys=0.00s Real=0.01s
[2.285s][info][safepoint] Safepoint "G1CollectForAllocation", Time since last: 5519311 ns, Reaching safepoint: 7815 ns, Cleanup: 2521 ns, At safepoint: 7257689 ns, Leaving safepoint: 2871373 ns, Total: 10139398 ns
[2.297s][info][gc       ] GC(202) Pause Young (Concurrent Start) (G1 Evacuation Pause) 182M->176M(256M) 6.195ms
[2.297s][info][gc       ] GC(203) Concurrent Mark Cycle
[2.297s][info][gc,cpu   ] GC(202) User=0.01s Sys=0.01s Real=0.01s
[2.303s][info][safepoint] Safepoint "G1CollectForAllocation", Time since last: 5836039 ns, Reaching safepoint: 1930 ns, Cleanup: 2285 ns, At safepoint: 6370345 ns, Leaving safepoint: 5906059 ns, Total: 12280619 ns
[2.303s][info][gc       ] GC(203) Pause Remark 177M->177M(256M) 0.128ms
[2.303s][info][gc,cpu   ] GC(203) User=0.00s Sys=0.00s Real=0.00s
[2.303s][info][safepoint] Safepoint "G1PauseRemark", Time since last: 40806 ns, Reaching safepoint: 139220 ns, Cleanup: 2395 ns, At safepoint: 142172 ns, Leaving safepoint: 4089 ns, Total: 287876 ns
[2.306s][info][gc       ] GC(203) Pause Cleanup 190M->190M(256M) 0.092ms
[2.306s][info][gc,cpu   ] GC(203) User=0.00s Sys=0.00s Real=0.00s
[2.306s][info][safepoint] Safepoint "G1PauseCleanup", Time since last: 2947656 ns, Reaching safepoint: 127134 ns, Cleanup: 2277 ns, At safepoint: 110897 ns, Leaving safepoint: 116538 ns, Total: 356846 ns
[2.309s][info][gc       ] GC(203) Concurrent Mark Cycle 12.317ms
[2.314s][info][gc       ] GC(204) Pause Young (Prepare Mixed) (G1 Evacuation Pause) 200M->196M(256M) 3.945ms
[2.314s][info][gc,cpu   ] GC(204) User=0.00s Sys=0.00s Real=0.00s
[2.317s][info][safepoint] Safepoint "G1CollectForAllocation", Time since last: 3714488 ns, Reaching safepoint: 6396 ns, Cleanup: 1492 ns, At safepoint: 3965500 ns, Leaving safepoint: 2554628 ns, Total: 6528016 ns
[2.325s][info][gc       ] GC(205) Pause Young (Mixed) (G1 Evacuation Pause) 213M->192M(256M) 3.866ms
[2.325s][info][gc,cpu   ] GC(205) User=0.01s Sys=0.00s Real=0.00s
[2.325s][info][safepoint] Safepoint "G1CollectForAllocation", Time since last: 4046351 ns, Reaching safepoint: 6396 ns, Cleanup: 2056 ns, At safepoint: 3891804 ns, Leaving safepoint: 1878 ns, Total: 3902134 ns
[2.335s][info][gc       ] GC(206) Pause Young (Mixed) (G1 Evacuation Pause) 211M->190M(256M) 4.632ms
[2.335s][info][gc,cpu   ] GC(206) User=0.00s Sys=0.00s Real=0.00s
[2.335s][info][safepoint] Safepoint "G1CollectForAllocation", Time since last: 5967576 ns, Reaching safepoint: 8081 ns, Cleanup: 1669 ns, At safepoint: 4651341 ns, Leaving safepoint: 1425 ns, Total: 4662516 ns
[2.345s][info][gc       ] GC(207) Pause Young (Mixed) (G1 Evacuation Pause) 209M->189M(256M) 4.372ms
[2.345s][info][gc,cpu   ] GC(207) User=0.00s Sys=0.00s Real=0.00s
[2.349s][info][safepoint] Safepoint "G1CollectForAllocation", Time since last: 5429549 ns, Reaching safepoint: 6456 ns, Cleanup: 1300 ns, At safepoint: 4389659 ns, Leaving safepoint: 3614484 ns, Total: 8011899 ns
[2.356s][info][gc       ] GC(208) Pause Young (Mixed) (G1 Evacuation Pause) 209M->193M(256M) 3.767ms
[2.356s][info][gc,cpu   ] GC(208) User=0.00s Sys=0.00s Real=0.00s
[2.361s][info][safepoint] Safepoint "G1CollectForAllocation", Time since last: 3990250 ns, Reaching safepoint: 4429 ns, Cleanup: 1535 ns, At safepoint: 3785946 ns, Leaving safepoint: 4192225 ns, Total: 7984135 ns
[2.368s][info][gc       ] GC(209) Pause Young (Concurrent Start) (G1 Evacuation Pause) 212M->210M(256M) 3.086ms
[2.368s][info][gc,cpu   ] GC(209) User=0.00s Sys=0.00s Real=0.00s
[2.368s][info][gc       ] GC(210) Concurrent Mark Cycle
[2.368s][info][safepoint] Safepoint "G1CollectForAllocation", Time since last: 4020352 ns, Reaching safepoint: 5078 ns, Cleanup: 1786 ns, At safepoint: 3126841 ns, Leaving safepoint: 87957 ns, Total: 3221662 ns
[2.379s][info][gc       ] GC(211) Pause Young (Normal) (G1 Evacuation Pause) 223M->222M(256M) 2.219ms
[2.379s][info][gc,cpu   ] GC(211) User=0.01s Sys=0.00s Real=0.00s
[2.379s][info][safepoint] Safepoint "G1CollectForAllocation", Time since last: 8766951 ns, Reaching safepoint: 10852 ns, Cleanup: 1694 ns, At safepoint: 2241249 ns, Leaving safepoint: 27418 ns, Total: 2281213 ns
[2.381s][info][gc       ] GC(212) Pause Young (Normal) (G1 Evacuation Pause) 232M->231M(256M) 1.618ms
[2.381s][info][gc,cpu   ] GC(212) User=0.00s Sys=0.00s Real=0.00s
[2.381s][info][safepoint] Safepoint "G1CollectForAllocation", Time since last: 818532 ns, Reaching safepoint: 1153 ns, Cleanup: 1371 ns, At safepoint: 1634643 ns, Leaving safepoint: 1121 ns, Total: 1638288 ns
[2.384s][info][gc       ] GC(213) Pause Young (Normal) (G1 Evacuation Pause) 241M->240M(256M) 1.526ms
[2.384s][info][gc,cpu   ] GC(213) User=0.00s Sys=0.00s Real=0.00s
[2.389s][info][safepoint] Safepoint "G1CollectForAllocation", Time since last: 820818 ns, Reaching safepoint: 1012 ns, Cleanup: 1189 ns, At safepoint: 1540994 ns, Leaving safepoint: 4888315 ns, Total: 6431510 ns
[2.390s][info][gc       ] GC(214) Pause Young (Normal) (G1 Evacuation Pause) (Evacuation Failure) 250M->255M(256M) 0.851ms
[2.390s][info][gc,cpu   ] GC(214) User=0.00s Sys=0.00s Real=0.00s
[2.413s][info][gc       ] GC(215) Pause Full (G1 Compaction Pause) 255M->108M(256M) 22.237ms
[2.413s][info][gc,cpu   ] GC(215) User=0.02s Sys=0.00s Real=0.02s
[2.413s][info][safepoint] Safepoint "G1CollectForAllocation", Time since last: 721148 ns, Reaching safepoint: 5587 ns, Cleanup: 1185 ns, At safepoint: 23135892 ns, Leaving safepoint: 3579 ns, Total: 23146243 ns
[2.419s][info][gc       ] GC(210) Pause Remark 132M->132M(256M) 0.007ms
[2.419s][info][gc,cpu   ] GC(210) User=0.00s Sys=0.00s Real=0.00s
[2.419s][info][safepoint] Safepoint "G1PauseRemark", Time since last: 6699999 ns, Reaching safepoint: 9580 ns, Cleanup: 2798 ns, At safepoint: 22619 ns, Leaving safepoint: 3964 ns, Total: 38961 ns
[2.419s][info][gc       ] GC(210) Concurrent Mark Cycle 51.460ms
[2.433s][info][gc       ] GC(216) Pause Young (Normal) (G1 Evacuation Pause) 158M->148M(256M) 7.774ms
[2.433s][info][gc,cpu   ] GC(216) User=0.01s Sys=0.00s Real=0.01s
[2.433s][info][safepoint] Safepoint "G1CollectForAllocation", Time since last: 5733639 ns, Reaching safepoint: 2130 ns, Cleanup: 2275 ns, At safepoint: 7812179 ns, Leaving safepoint: 9253 ns, Total: 7825837 ns
[2.443s][info][gc       ] GC(217) Pause Young (Concurrent Start) (G1 Evacuation Pause) 183M->176M(256M) 5.712ms
[2.443s][info][gc       ] GC(218) Concurrent Mark Cycle
[2.443s][info][gc,cpu   ] GC(217) User=0.01s Sys=0.00s Real=0.00s
[2.450s][info][safepoint] Safepoint "G1CollectForAllocation", Time since last: 4664696 ns, Reaching safepoint: 1704 ns, Cleanup: 1657 ns, At safepoint: 5851256 ns, Leaving safepoint: 6408301 ns, Total: 12262918 ns
[2.450s][info][gc       ] GC(218) Pause Remark 177M->177M(256M) 0.119ms
[2.450s][info][gc,cpu   ] GC(218) User=0.00s Sys=0.00s Real=0.00s
[2.450s][info][safepoint] Safepoint "G1PauseRemark", Time since last: 26257 ns, Reaching safepoint: 122224 ns, Cleanup: 1812 ns, At safepoint: 130623 ns, Leaving safepoint: 3501 ns, Total: 258160 ns
[2.451s][info][gc       ] GC(218) Pause Cleanup 177M->177M(256M) 0.110ms
[2.451s][info][gc,cpu   ] GC(218) User=0.00s Sys=0.00s Real=0.00s
[2.451s][info][safepoint] Safepoint "G1PauseCleanup", Time since last: 1226086 ns, Reaching safepoint: 927 ns, Cleanup: 1330 ns, At safepoint: 122963 ns, Leaving safepoint: 589 ns, Total: 125809 ns
[2.453s][info][gc       ] GC(218) Concurrent Mark Cycle 9.931ms
[2.459s][info][gc       ] GC(219) Pause Young (Prepare Mixed) (G1 Evacuation Pause) 201M->198M(256M) 4.692ms
[2.459s][info][gc,cpu   ] GC(219) User=0.00s Sys=0.00s Real=0.01s
[2.461s][info][safepoint] Safepoint "G1CollectForAllocation", Time since last: 3196758 ns, Reaching safepoint: 932 ns, Cleanup: 1088 ns, At safepoint: 4711293 ns, Leaving safepoint: 1362607 ns, Total: 6075920 ns
[2.468s][info][gc       ] GC(220) Pause Young (Mixed) (G1 Evacuation Pause) 215M->193M(256M) 3.444ms
[2.468s][info][gc,cpu   ] GC(220) User=0.00s Sys=0.00s Real=0.00s
[2.473s][info][safepoint] Safepoint "G1CollectForAllocation", Time since last: 4010233 ns, Reaching safepoint: 3799 ns, Cleanup: 1279 ns, At safepoint: 3461210 ns, Leaving safepoint: 4520825 ns, Total: 7987113 ns
[2.479s][info][gc       ] GC(221) Pause Young (Mixed) (G1 Evacuation Pause) 212M->191M(256M) 4.351ms
[2.479s][info][gc,cpu   ] GC(221) User=0.00s Sys=0.00s Real=0.01s
[2.479s][info][safepoint] Safepoint "G1CollectForAllocation", Time since last: 1794169 ns, Reaching safepoint: 6514 ns, Cleanup: 1641 ns, At safepoint: 4379461 ns, Leaving safepoint: 1797 ns, Total: 4389413 ns
[2.486s][info][gc       ] GC(222) Pause Young (Mixed) (G1 Evacuation Pause) 211M->189M(256M) 4.211ms
[2.486s][info][gc,cpu   ] GC(222) User=0.00s Sys=0.00s Real=0.00s
[2.486s][info][safepoint] Safepoint "G1CollectForAllocation", Time since last: 2601048 ns, Reaching safepoint: 1098 ns, Cleanup: 1384 ns, At safepoint: 4229823 ns, Leaving safepoint: 5469 ns, Total: 4237774 ns
[2.494s][info][gc       ] GC(223) Pause Young (Mixed) (G1 Evacuation Pause) 209M->194M(256M) 3.554ms
[2.494s][info][gc,cpu   ] GC(223) User=0.00s Sys=0.00s Real=0.00s
[2.494s][info][safepoint] Safepoint "G1CollectForAllocation", Time since last: 4723180 ns, Reaching safepoint: 5083 ns, Cleanup: 1185 ns, At safepoint: 3578316 ns, Leaving safepoint: 2524 ns, Total: 3587108 ns
[2.504s][info][gc       ] GC(224) Pause Young (Concurrent Start) (G1 Evacuation Pause) 213M->212M(256M) 3.489ms
[2.504s][info][gc,cpu   ] GC(224) User=0.00s Sys=0.00s Real=0.00s
[2.504s][info][safepoint] Safepoint "G1CollectForAllocation", Time since last: 6682114 ns, Reaching safepoint: 4327 ns, Cleanup: 1866 ns, At safepoint: 3517476 ns, Leaving safepoint: 1928 ns, Total: 3525597 ns
[2.504s][info][gc       ] GC(225) Concurrent Mark Cycle
[2.515s][info][gc       ] GC(226) Pause Young (Normal) (G1 Evacuation Pause) 225M->224M(256M) 2.501ms
[2.515s][info][gc,cpu   ] GC(226) User=0.00s Sys=0.00s Real=0.00s
[2.515s][info][safepoint] Safepoint "G1CollectForAllocation", Time since last: 8470939 ns, Reaching safepoint: 7876 ns, Cleanup: 1890 ns, At safepoint: 2526760 ns, Leaving safepoint: 12636 ns, Total: 2549162 ns
[2.516s][info][gc       ] GC(225) Pause Remark 230M->226M(256M) 0.141ms
[2.516s][info][gc,cpu   ] GC(225) User=0.00s Sys=0.00s Real=0.00s
[2.516s][info][safepoint] Safepoint "G1PauseRemark", Time since last: 551162 ns, Reaching safepoint: 1629 ns, Cleanup: 1522 ns, At safepoint: 155115 ns, Leaving safepoint: 631 ns, Total: 158897 ns
[2.518s][info][gc       ] GC(225) Pause Cleanup 227M->227M(256M) 0.095ms
[2.518s][info][gc,cpu   ] GC(225) User=0.00s Sys=0.00s Real=0.00s
[2.518s][info][safepoint] Safepoint "G1PauseCleanup", Time since last: 1693007 ns, Reaching safepoint: 1205 ns, Cleanup: 1484 ns, At safepoint: 112756 ns, Leaving safepoint: 600 ns, Total: 116045 ns
[2.520s][info][gc       ] GC(227) Pause Young (Prepare Mixed) (G1 Evacuation Pause) 230M->229M(256M) 1.557ms
[2.520s][info][gc,cpu   ] GC(227) User=0.00s Sys=0.00s Real=0.00s
[2.520s][info][safepoint] Safepoint "G1CollectForAllocation", Time since last: 223306 ns, Reaching safepoint: 622 ns, Cleanup: 548 ns, At safepoint: 1574874 ns, Leaving safepoint: 1415 ns, Total: 1577459 ns
[2.521s][info][gc       ] GC(225) Concurrent Mark Cycle 16.503ms
[2.523s][info][gc       ] GC(228) Pause Young (Mixed) (G1 Evacuation Pause) 239M->215M(256M) 2.167ms
[2.523s][info][gc,cpu   ] GC(228) User=0.00s Sys=0.00s Real=0.00s
[2.523s][info][safepoint] Safepoint "G1CollectForAllocation", Time since last: 1187725 ns, Reaching safepoint: 1130 ns, Cleanup: 864 ns, At safepoint: 2182788 ns, Leaving safepoint: 1875 ns, Total: 2186657 ns
[2.528s][info][gc       ] GC(229) Pause Young (Mixed) (G1 Evacuation Pause) 227M->205M(256M) 2.560ms
[2.528s][info][gc,cpu   ] GC(229) User=0.00s Sys=0.00s Real=0.00s
[2.528s][info][safepoint] Safepoint "G1CollectForAllocation", Time since last: 2606878 ns, Reaching safepoint: 6290 ns, Cleanup: 1049 ns, At safepoint: 2577601 ns, Leaving safepoint: 2145 ns, Total: 2587085 ns
[2.536s][info][gc       ] GC(230) Pause Young (Mixed) (G1 Evacuation Pause) 220M->198M(256M) 2.984ms
[2.536s][info][gc,cpu   ] GC(230) User=0.00s Sys=0.00s Real=0.00s
[2.536s][info][safepoint] Safepoint "G1CollectForAllocation", Time since last: 4564620 ns, Reaching safepoint: 5828 ns, Cleanup: 1441 ns, At safepoint: 3003516 ns, Leaving safepoint: 26922 ns, Total: 3037707 ns
[2.545s][info][gc       ] GC(231) Pause Young (Mixed) (G1 Evacuation Pause) 216M->193M(256M) 3.768ms
[2.545s][info][gc,cpu   ] GC(231) User=0.00s Sys=0.00s Real=0.00s
[2.545s][info][safepoint] Safepoint "G1CollectForAllocation", Time since last: 4992539 ns, Reaching safepoint: 6237 ns, Cleanup: 1990 ns, At safepoint: 3799475 ns, Leaving safepoint: 2370 ns, Total: 3810072 ns
[2.555s][info][gc       ] GC(232) Pause Young (Mixed) (G1 Evacuation Pause) 212M->190M(256M) 4.298ms
[2.555s][info][gc,cpu   ] GC(232) User=0.00s Sys=0.00s Real=0.00s
[2.555s][info][safepoint] Safepoint "G1CollectForAllocation", Time since last: 5655930 ns, Reaching safepoint: 8668 ns, Cleanup: 1766 ns, At safepoint: 4320491 ns, Leaving safepoint: 2458 ns, Total: 4333383 ns
[2.564s][info][gc       ] GC(233) Pause Young (Mixed) (G1 Evacuation Pause) 211M->208M(256M) 3.134ms
[2.564s][info][gc,cpu   ] GC(233) User=0.00s Sys=0.00s Real=0.00s
[2.564s][info][safepoint] Safepoint "G1CollectForAllocation", Time since last: 6188654 ns, Reaching safepoint: 7740 ns, Cleanup: 1927 ns, At safepoint: 3158915 ns, Leaving safepoint: 18397 ns, Total: 3186979 ns
[2.567s][info][gc       ] GC(234) Pause Young (Concurrent Start) (G1 Evacuation Pause) 222M->221M(256M) 2.437ms
[2.567s][info][gc,cpu   ] GC(234) User=0.00s Sys=0.00s Real=0.00s
[2.567s][info][gc       ] GC(235) Concurrent Mark Cycle
[2.573s][info][safepoint] Safepoint "G1CollectForAllocation", Time since last: 1028983 ns, Reaching safepoint: 991 ns, Cleanup: 1408 ns, At safepoint: 2508734 ns, Leaving safepoint: 5248499 ns, Total: 7759632 ns
[2.579s][info][gc       ] GC(236) Pause Young (Normal) (G1 Evacuation Pause) 230M->230M(256M) 1.886ms
[2.579s][info][gc,cpu   ] GC(236) User=0.00s Sys=0.00s Real=0.00s
[2.579s][info][safepoint] Safepoint "G1CollectForAllocation", Time since last: 4000934 ns, Reaching safepoint: 7486 ns, Cleanup: 1604 ns, At safepoint: 1904880 ns, Leaving safepoint: 1445 ns, Total: 1915415 ns
[2.581s][info][gc       ] GC(237) Pause Young (Normal) (G1 Evacuation Pause) 240M->239M(256M) 1.738ms
[2.581s][info][gc,cpu   ] GC(237) User=0.01s Sys=0.00s Real=0.00s
[2.581s][info][safepoint] Safepoint "G1CollectForAllocation", Time since last: 695318 ns, Reaching safepoint: 1274 ns, Cleanup: 976 ns, At safepoint: 1754174 ns, Leaving safepoint: 8739 ns, Total: 1765163 ns
[2.587s][info][gc       ] GC(238) Pause Young (Normal) (G1 Evacuation Pause) (Evacuation Failure) 250M->255M(256M) 0.990ms
[2.587s][info][gc,cpu   ] GC(238) User=0.00s Sys=0.00s Real=0.00s
[2.609s][info][gc       ] GC(239) Pause Full (G1 Compaction Pause) 255M->108M(256M) 22.771ms
[2.609s][info][gc,cpu   ] GC(239) User=0.02s Sys=0.00s Real=0.03s
[2.613s][info][safepoint] Safepoint "G1CollectForAllocation", Time since last: 4454770 ns, Reaching safepoint: 9677 ns, Cleanup: 1823 ns, At safepoint: 23816490 ns, Leaving safepoint: 3340712 ns, Total: 27168702 ns
[2.617s][info][gc       ] GC(235) Pause Remark 142M->142M(256M) 0.008ms
[2.617s][info][gc,cpu   ] GC(235) User=0.00s Sys=0.00s Real=0.00s
[2.621s][info][safepoint] Safepoint "G1PauseRemark", Time since last: 4031140 ns, Reaching safepoint: 118825 ns, Cleanup: 3337 ns, At safepoint: 32551 ns, Leaving safepoint: 3811975 ns, Total: 3966688 ns
[2.621s][info][gc       ] GC(235) Concurrent Mark Cycle 53.257ms
[2.631s][info][gc       ] GC(240) Pause Young (Normal) (G1 Evacuation Pause) 156M->148M(256M) 7.975ms
[2.631s][info][gc,cpu   ] GC(240) User=0.01s Sys=0.00s Real=0.01s
[2.637s][info][safepoint] Safepoint "G1CollectForAllocation", Time since last: 2224499 ns, Reaching safepoint: 6751 ns, Cleanup: 1889 ns, At safepoint: 8002984 ns, Leaving safepoint: 5774685 ns, Total: 13786309 ns
[2.649s][info][gc       ] GC(241) Pause Young (Concurrent Start) (G1 Evacuation Pause) 182M->175M(256M) 6.436ms
[2.649s][info][gc       ] GC(242) Concurrent Mark Cycle
[2.649s][info][gc,cpu   ] GC(241) User=0.00s Sys=0.00s Real=0.01s
[2.649s][info][safepoint] Safepoint "G1CollectForAllocation", Time since last: 5806896 ns, Reaching safepoint: 2231 ns, Cleanup: 2291 ns, At safepoint: 6589528 ns, Leaving safepoint: 5614 ns, Total: 6599664 ns
[2.653s][info][gc       ] GC(242) Pause Remark 187M->187M(256M) 0.139ms
[2.653s][info][gc,cpu   ] GC(242) User=0.00s Sys=0.00s Real=0.00s
[2.653s][info][safepoint] Safepoint "G1PauseRemark", Time since last: 3667862 ns, Reaching safepoint: 1850 ns, Cleanup: 2372 ns, At safepoint: 155827 ns, Leaving safepoint: 1615 ns, Total: 161664 ns
[2.660s][info][gc       ] GC(243) Pause Young (Normal) (G1 Evacuation Pause) 199M->196M(256M) 4.161ms
[2.660s][info][gc,cpu   ] GC(243) User=0.00s Sys=0.00s Real=0.01s
[2.665s][info][safepoint] Safepoint "G1CollectForAllocation", Time since last: 2828083 ns, Reaching safepoint: 1068 ns, Cleanup: 1324 ns, At safepoint: 4184926 ns, Leaving safepoint: 4733748 ns, Total: 8921066 ns
[2.665s][info][gc       ] GC(242) Pause Cleanup 197M->197M(256M) 0.094ms
[2.665s][info][gc,cpu   ] GC(242) User=0.00s Sys=0.00s Real=0.00s
[2.665s][info][safepoint] Safepoint "G1PauseCleanup", Time since last: 20898 ns, Reaching safepoint: 91323 ns, Cleanup: 1267 ns, At safepoint: 103952 ns, Leaving safepoint: 3429 ns, Total: 199971 ns
[2.667s][info][gc       ] GC(242) Concurrent Mark Cycle 17.848ms
[2.670s][info][gc       ] GC(244) Pause Young (Prepare Mixed) (G1 Evacuation Pause) 213M->211M(256M) 2.866ms
[2.670s][info][gc,cpu   ] GC(244) User=0.00s Sys=0.00s Real=0.01s
[2.670s][info][safepoint] Safepoint "G1CollectForAllocation", Time since last: 1935317 ns, Reaching safepoint: 1328 ns, Cleanup: 747 ns, At safepoint: 2884105 ns, Leaving safepoint: 1188 ns, Total: 2887368 ns
[2.674s][info][gc       ] GC(245) Pause Young (Mixed) (G1 Evacuation Pause) 223M->201M(256M) 3.244ms
[2.674s][info][gc,cpu   ] GC(245) User=0.01s Sys=0.00s Real=0.00s
[2.677s][info][safepoint] Safepoint "G1CollectForAllocation", Time since last: 980652 ns, Reaching safepoint: 1069 ns, Cleanup: 848 ns, At safepoint: 3261680 ns, Leaving safepoint: 2713490 ns, Total: 5977087 ns
[2.684s][info][gc       ] GC(246) Pause Young (Mixed) (G1 Evacuation Pause) 217M->195M(256M) 3.249ms
[2.684s][info][gc,cpu   ] GC(246) User=0.01s Sys=0.00s Real=0.00s
[2.689s][info][safepoint] Safepoint "G1CollectForAllocation", Time since last: 4006520 ns, Reaching safepoint: 4273 ns, Cleanup: 1245 ns, At safepoint: 3266680 ns, Leaving safepoint: 4718272 ns, Total: 7990470 ns
[2.694s][info][gc       ] GC(247) Pause Young (Mixed) (G1 Evacuation Pause) 213M->190M(256M) 3.592ms
[2.694s][info][gc,cpu   ] GC(247) User=0.01s Sys=0.00s Real=0.00s
[2.694s][info][safepoint] Safepoint "G1CollectForAllocation", Time since last: 1566958 ns, Reaching safepoint: 4935 ns, Cleanup: 1127 ns, At safepoint: 3609716 ns, Leaving safepoint: 2075 ns, Total: 3617853 ns
[2.703s][info][gc       ] GC(248) Pause Young (Mixed) (G1 Evacuation Pause) 210M->195M(256M) 4.305ms
[2.703s][info][gc,cpu   ] GC(248) User=0.01s Sys=0.00s Real=0.00s
[2.705s][info][safepoint] Safepoint "G1CollectForAllocation", Time since last: 4427249 ns, Reaching safepoint: 7232 ns, Cleanup: 1255 ns, At safepoint: 4329787 ns, Leaving safepoint: 2019191 ns, Total: 6357465 ns
[2.712s][info][gc       ] GC(249) Pause Young (Concurrent Start) (G1 Evacuation Pause) 213M->211M(256M) 2.919ms
[2.712s][info][gc       ] GC(250) Concurrent Mark Cycle
[2.712s][info][gc,cpu   ] GC(249) User=0.01s Sys=0.00s Real=0.00s
[2.712s][info][safepoint] Safepoint "G1CollectForAllocation", Time since last: 4048303 ns, Reaching safepoint: 5899 ns, Cleanup: 1727 ns, At safepoint: 3019460 ns, Leaving safepoint: 5297 ns, Total: 3032383 ns
[2.717s][info][gc       ] GC(250) Pause Remark 224M->223M(256M) 0.180ms
[2.717s][info][gc,cpu   ] GC(250) User=0.00s Sys=0.00s Real=0.00s
[2.717s][info][safepoint] Safepoint "G1PauseRemark", Time since last: 5108417 ns, Reaching safepoint: 8138 ns, Cleanup: 2277 ns, At safepoint: 201338 ns, Leaving safepoint: 1650 ns, Total: 213403 ns
[2.719s][info][gc       ] GC(251) Pause Young (Normal) (G1 Evacuation Pause) 223M->221M(256M) 2.410ms
[2.719s][info][gc,cpu   ] GC(251) User=0.00s Sys=0.00s Real=0.00s
[2.725s][info][safepoint] Safepoint "G1CollectForAllocation", Time since last: 20010 ns, Reaching safepoint: 428 ns, Cleanup: 711 ns, At safepoint: 2436573 ns, Leaving safepoint: 5186630 ns, Total: 7624342 ns
[2.728s][info][gc       ] GC(252) Pause Young (Normal) (G1 Evacuation Pause) 231M->231M(256M) 1.823ms
[2.728s][info][gc,cpu   ] GC(252) User=0.00s Sys=0.00s Real=0.00s
[2.728s][info][safepoint] Safepoint "G1CollectForAllocation", Time since last: 1282491 ns, Reaching safepoint: 10004 ns, Cleanup: 1569 ns, At safepoint: 1862879 ns, Leaving safepoint: 17621 ns, Total: 1892073 ns
[2.730s][info][gc       ] GC(253) Pause Young (Normal) (G1 Evacuation Pause) 241M->240M(256M) 1.525ms
[2.730s][info][gc,cpu   ] GC(253) User=0.00s Sys=0.00s Real=0.00s
[2.733s][info][safepoint] Safepoint "G1CollectForAllocation", Time since last: 792571 ns, Reaching safepoint: 34766 ns, Cleanup: 1678 ns, At safepoint: 1548537 ns, Leaving safepoint: 2453294 ns, Total: 4038275 ns
[2.733s][info][gc       ] GC(250) Pause Cleanup 241M->241M(256M) 0.110ms
[2.733s][info][gc,cpu   ] GC(250) User=0.00s Sys=0.00s Real=0.00s
[2.733s][info][safepoint] Safepoint "G1PauseCleanup", Time since last: 23276 ns, Reaching safepoint: 93148 ns, Cleanup: 1435 ns, At safepoint: 122415 ns, Leaving safepoint: 3443 ns, Total: 220441 ns
[2.733s][info][gc       ] GC(250) Concurrent Mark Cycle 21.706ms
[2.735s][info][gc       ] GC(254) Pause Young (Prepare Mixed) (G1 Evacuation Pause) (Evacuation Failure) 250M->255M(256M) 0.994ms
[2.735s][info][gc,cpu   ] GC(254) User=0.00s Sys=0.00s Real=0.00s
[2.758s][info][gc       ] GC(255) Pause Full (G1 Compaction Pause) 255M->108M(256M) 22.879ms
[2.758s][info][gc,cpu   ] GC(255) User=0.02s Sys=0.00s Real=0.03s
[2.758s][info][safepoint] Safepoint "G1CollectForAllocation", Time since last: 1177047 ns, Reaching safepoint: 1825 ns, Cleanup: 2068 ns, At safepoint: 23925611 ns, Leaving safepoint: 56844 ns, Total: 23986348 ns
[2.774s][info][gc       ] GC(256) Pause Young (Normal) (G1 Evacuation Pause) 159M->150M(256M) 7.765ms
[2.774s][info][gc,cpu   ] GC(256) User=0.01s Sys=0.00s Real=0.01s
[2.777s][info][safepoint] Safepoint "G1CollectForAllocation", Time since last: 8144531 ns, Reaching safepoint: 1907 ns, Cleanup: 2560 ns, At safepoint: 7795072 ns, Leaving safepoint: 2640773 ns, Total: 10440312 ns
[2.787s][info][gc       ] GC(257) Pause Young (Concurrent Start) (G1 Evacuation Pause) 184M->176M(256M) 5.628ms
[2.787s][info][gc       ] GC(258) Concurrent Mark Cycle
[2.787s][info][gc,cpu   ] GC(257) User=0.01s Sys=0.00s Real=0.00s
[2.787s][info][safepoint] Safepoint "G1CollectForAllocation", Time since last: 4196061 ns, Reaching safepoint: 1573 ns, Cleanup: 2534 ns, At safepoint: 5750660 ns, Leaving safepoint: 6983 ns, Total: 5761750 ns
[2.799s][info][gc       ] GC(259) Pause Young (Normal) (G1 Evacuation Pause) 201M->197M(256M) 4.745ms
[2.799s][info][gc,cpu   ] GC(259) User=0.00s Sys=0.00s Real=0.01s
[2.799s][info][safepoint] Safepoint "G1CollectForAllocation", Time since last: 7157041 ns, Reaching safepoint: 1537 ns, Cleanup: 1831 ns, At safepoint: 4771872 ns, Leaving safepoint: 2688 ns, Total: 4777928 ns
[2.808s][info][gc       ] GC(260) Pause Young (Normal) (G1 Evacuation Pause) 214M->212M(256M) 3.175ms
[2.808s][info][gc,cpu   ] GC(260) User=0.00s Sys=0.00s Real=0.00s
[2.808s][info][safepoint] Safepoint "G1CollectForAllocation", Time since last: 6105116 ns, Reaching safepoint: 4501 ns, Cleanup: 2000 ns, At safepoint: 3197061 ns, Leaving safepoint: 1541 ns, Total: 3205103 ns
[2.809s][info][gc       ] GC(258) Pause Remark 222M->222M(256M) 0.145ms
[2.809s][info][gc,cpu   ] GC(258) User=0.00s Sys=0.00s Real=0.00s
[2.809s][info][safepoint] Safepoint "G1PauseRemark", Time since last: 830006 ns, Reaching safepoint: 1046 ns, Cleanup: 1305 ns, At safepoint: 158864 ns, Leaving safepoint: 1159 ns, Total: 162374 ns
[2.814s][info][gc       ] GC(258) Pause Cleanup 222M->222M(256M) 0.096ms
[2.814s][info][gc,cpu   ] GC(258) User=0.00s Sys=0.00s Real=0.00s
[2.814s][info][safepoint] Safepoint "G1PauseCleanup", Time since last: 5157242 ns, Reaching safepoint: 11593 ns, Cleanup: 1206 ns, At safepoint: 112414 ns, Leaving safepoint: 3572 ns, Total: 128785 ns
[2.815s][info][gc       ] GC(258) Concurrent Mark Cycle 28.275ms
[2.818s][info][gc       ] GC(261) Pause Young (Prepare Mixed) (G1 Evacuation Pause) 224M->223M(256M) 2.711ms
[2.818s][info][gc,cpu   ] GC(261) User=0.00s Sys=0.00s Real=0.01s
[2.818s][info][safepoint] Safepoint "G1CollectForAllocation", Time since last: 673311 ns, Reaching safepoint: 939 ns, Cleanup: 923 ns, At safepoint: 2744549 ns, Leaving safepoint: 1735 ns, Total: 2748146 ns
[2.821s][info][gc       ] GC(262) Pause Young (Mixed) (G1 Evacuation Pause) 233M->212M(256M) 2.351ms
[2.821s][info][gc,cpu   ] GC(262) User=0.00s Sys=0.00s Real=0.00s
[2.821s][info][safepoint] Safepoint "G1CollectForAllocation", Time since last: 815949 ns, Reaching safepoint: 660 ns, Cleanup: 894 ns, At safepoint: 2368163 ns, Leaving safepoint: 2092 ns, Total: 2371809 ns
[2.829s][info][gc       ] GC(263) Pause Young (Mixed) (G1 Evacuation Pause) 224M->203M(256M) 3.128ms
[2.829s][info][gc,cpu   ] GC(263) User=0.00s Sys=0.00s Real=0.01s
[2.829s][info][safepoint] Safepoint "G1CollectForAllocation", Time since last: 4829209 ns, Reaching safepoint: 7377 ns, Cleanup: 1271 ns, At safepoint: 3147007 ns, Leaving safepoint: 1821 ns, Total: 3157476 ns
[2.838s][info][gc       ] GC(264) Pause Young (Mixed) (G1 Evacuation Pause) 218M->197M(256M) 3.642ms
[2.838s][info][gc,cpu   ] GC(264) User=0.00s Sys=0.00s Real=0.01s
[2.838s][info][safepoint] Safepoint "G1CollectForAllocation", Time since last: 5141737 ns, Reaching safepoint: 5577 ns, Cleanup: 1087 ns, At safepoint: 3659056 ns, Leaving safepoint: 2080 ns, Total: 3667800 ns
[2.846s][info][gc       ] GC(265) Pause Young (Mixed) (G1 Evacuation Pause) 214M->197M(256M) 3.457ms
[2.846s][info][gc,cpu   ] GC(265) User=0.00s Sys=0.00s Real=0.00s
[2.846s][info][safepoint] Safepoint "G1CollectForAllocation", Time since last: 4556260 ns, Reaching safepoint: 5284 ns, Cleanup: 1521 ns, At safepoint: 3479266 ns, Leaving safepoint: 2161 ns, Total: 3488232 ns
[2.851s][info][gc       ] GC(266) Pause Young (Concurrent Start) (G1 Evacuation Pause) 215M->213M(256M) 3.033ms
[2.851s][info][gc,cpu   ] GC(266) User=0.00s Sys=0.00s Real=0.01s
[2.851s][info][gc       ] GC(267) Concurrent Mark Cycle
[2.855s][info][safepoint] Safepoint "G1CollectForAllocation", Time since last: 2658635 ns, Reaching safepoint: 1430 ns, Cleanup: 1787 ns, At safepoint: 3079628 ns, Leaving safepoint: 2016 ns, Total: 3084861 ns
[2.859s][info][gc       ] GC(268) Pause Young (Normal) (G1 Evacuation Pause) 225M->224M(256M) 1.959ms
[2.859s][info][gc,cpu   ] GC(268) User=0.00s Sys=0.00s Real=0.00s
[2.859s][info][safepoint] Safepoint "G1CollectForAllocation", Time since last: 5323833 ns, Reaching safepoint: 13387 ns, Cleanup: 1653 ns, At safepoint: 1978833 ns, Leaving safepoint: 2365 ns, Total: 1996238 ns
[2.862s][info][gc       ] GC(269) Pause Young (Normal) (G1 Evacuation Pause) 234M->233M(256M) 1.483ms
[2.862s][info][gc,cpu   ] GC(269) User=0.00s Sys=0.00s Real=0.00s
[2.865s][info][safepoint] Safepoint "G1CollectForAllocation", Time since last: 1401817 ns, Reaching safepoint: 870 ns, Cleanup: 1271 ns, At safepoint: 1499673 ns, Leaving safepoint: 3090678 ns, Total: 4592492 ns
[2.867s][info][gc       ] GC(270) Pause Young (Normal) (G1 Evacuation Pause) 243M->243M(256M) 1.199ms
[2.867s][info][gc,cpu   ] GC(270) User=0.00s Sys=0.00s Real=0.00s
[2.867s][info][safepoint] Safepoint "G1CollectForAllocation", Time since last: 678521 ns, Reaching safepoint: 7202 ns, Cleanup: 1084 ns, At safepoint: 1212551 ns, Leaving safepoint: 13654 ns, Total: 1234491 ns
[2.867s][info][gc       ] GC(267) Pause Remark 243M->239M(256M) 0.119ms
[2.867s][info][gc,cpu   ] GC(267) User=0.00s Sys=0.00s Real=0.00s
[2.867s][info][safepoint] Safepoint "G1PauseRemark", Time since last: 11973 ns, Reaching safepoint: 135402 ns, Cleanup: 1530 ns, At safepoint: 129454 ns, Leaving safepoint: 67256 ns, Total: 333642 ns
[2.870s][info][gc       ] GC(267) Pause Cleanup 240M->240M(256M) 0.113ms
[2.870s][info][gc,cpu   ] GC(267) User=0.00s Sys=0.00s Real=0.00s
[2.870s][info][safepoint] Safepoint "G1PauseCleanup", Time since last: 3291719 ns, Reaching safepoint: 6671 ns, Cleanup: 1144 ns, At safepoint: 131604 ns, Leaving safepoint: 24247 ns, Total: 163666 ns
[2.872s][info][gc       ] GC(271) Pause Young (Prepare Mixed) (G1 Evacuation Pause) (Evacuation Failure) 249M->255M(256M) 1.166ms
[2.872s][info][gc,cpu   ] GC(271) User=0.00s Sys=0.00s Real=0.00s
[2.892s][info][gc       ] GC(272) Pause Full (G1 Compaction Pause) 255M->109M(256M) 19.788ms
[2.892s][info][gc,cpu   ] GC(272) User=0.02s Sys=0.00s Real=0.02s
[2.897s][info][safepoint] Safepoint "G1CollectForAllocation", Time since last: 606388 ns, Reaching safepoint: 987 ns, Cleanup: 701 ns, At safepoint: 21013934 ns, Leaving safepoint: 4661171 ns, Total: 25676793 ns
[2.897s][info][gc       ] GC(267) Concurrent Mark Cycle 45.260ms
[2.911s][info][gc       ] GC(273) Pause Young (Normal) (G1 Evacuation Pause) 159M->150M(256M) 7.405ms
[2.911s][info][gc,cpu   ] GC(273) User=0.01s Sys=0.00s Real=0.01s
[2.911s][info][safepoint] Safepoint "G1CollectForAllocation", Time since last: 6492027 ns, Reaching safepoint: 2700 ns, Cleanup: 2752 ns, At safepoint: 7437335 ns, Leaving safepoint: 1519 ns, Total: 7444306 ns
[2.921s][info][gc       ] GC(274) Pause Young (Normal) (G1 Evacuation Pause) 185M->178M(256M) 6.020ms
[2.921s][info][gc,cpu   ] GC(274) User=0.00s Sys=0.00s Real=0.01s
[2.925s][info][safepoint] Safepoint "G1CollectForAllocation", Time since last: 4786000 ns, Reaching safepoint: 2069 ns, Cleanup: 2474 ns, At safepoint: 6045252 ns, Leaving safepoint: 3237683 ns, Total: 9287478 ns
[2.934s][info][gc       ] GC(275) Pause Young (Concurrent Start) (G1 Evacuation Pause) 202M->199M(256M) 4.977ms
[2.934s][info][gc       ] GC(276) Concurrent Mark Cycle
[2.934s][info][gc,cpu   ] GC(275) User=0.00s Sys=0.00s Real=0.00s
[2.941s][info][safepoint] Safepoint "G1CollectForAllocation", Time since last: 4010248 ns, Reaching safepoint: 5757 ns, Cleanup: 1621 ns, At safepoint: 5102674 ns, Leaving safepoint: 6959645 ns, Total: 12069697 ns
[2.945s][info][gc       ] GC(277) Pause Young (Normal) (G1 Evacuation Pause) 215M->213M(256M) 2.562ms
[2.945s][info][gc,cpu   ] GC(277) User=0.01s Sys=0.00s Real=0.00s
[2.945s][info][safepoint] Safepoint "G1CollectForAllocation", Time since last: 1486759 ns, Reaching safepoint: 7167 ns, Cleanup: 2132 ns, At safepoint: 2585116 ns, Leaving safepoint: 14525 ns, Total: 2608940 ns
[2.948s][info][gc       ] GC(278) Pause Young (Normal) (G1 Evacuation Pause) 224M->223M(256M) 1.854ms
[2.948s][info][gc,cpu   ] GC(278) User=0.00s Sys=0.00s Real=0.00s
[2.948s][info][safepoint] Safepoint "G1CollectForAllocation", Time since last: 985210 ns, Reaching safepoint: 1462 ns, Cleanup: 1583 ns, At safepoint: 1870425 ns, Leaving safepoint: 1738 ns, Total: 1875208 ns
[2.955s][info][gc       ] GC(279) Pause Young (Normal) (G1 Evacuation Pause) 233M->232M(256M) 2.009ms
[2.955s][info][gc,cpu   ] GC(279) User=0.01s Sys=0.00s Real=0.00s
[2.955s][info][safepoint] Safepoint "G1CollectForAllocation", Time since last: 4989295 ns, Reaching safepoint: 6486 ns, Cleanup: 1948 ns, At safepoint: 2035008 ns, Leaving safepoint: 21792 ns, Total: 2065234 ns
[2.955s][info][gc       ] GC(276) Pause Remark 236M->235M(256M) 0.135ms
[2.955s][info][gc,cpu   ] GC(276) User=0.00s Sys=0.00s Real=0.00s
[2.955s][info][safepoint] Safepoint "G1PauseRemark", Time since last: 365649 ns, Reaching safepoint: 1494 ns, Cleanup: 1972 ns, At safepoint: 147757 ns, Leaving safepoint: 650 ns, Total: 151873 ns
[2.958s][info][gc       ] GC(276) Pause Cleanup 240M->240M(256M) 0.107ms
[2.958s][info][gc,cpu   ] GC(276) User=0.00s Sys=0.00s Real=0.00s
[2.958s][info][safepoint] Safepoint "G1PauseCleanup", Time since last: 2483108 ns, Reaching safepoint: 1488 ns, Cleanup: 1421 ns, At safepoint: 128673 ns, Leaving safepoint: 935 ns, Total: 132517 ns
[2.958s][info][gc       ] GC(276) Concurrent Mark Cycle 24.699ms
[2.960s][info][gc       ] GC(280) Pause Young (Prepare Mixed) (G1 Evacuation Pause) 241M->240M(256M) 1.619ms
[2.960s][info][gc,cpu   ] GC(280) User=0.00s Sys=0.00s Real=0.00s
[2.965s][info][safepoint] Safepoint "G1CollectForAllocation", Time since last: 661161 ns, Reaching safepoint: 1348 ns, Cleanup: 1810 ns, At safepoint: 1642039 ns, Leaving safepoint: 4461442 ns, Total: 6106639 ns
[2.967s][info][gc       ] GC(281) Pause Young (Mixed) (G1 Evacuation Pause) (Evacuation Failure) 250M->246M(256M) 1.316ms
[2.967s][info][gc,cpu   ] GC(281) User=0.00s Sys=0.00s Real=0.00s
[2.967s][info][safepoint] Safepoint "G1CollectForAllocation", Time since last: 764745 ns, Reaching safepoint: 5802 ns, Cleanup: 1568 ns, At safepoint: 1348935 ns, Leaving safepoint: 9170 ns, Total: 1365475 ns
[2.969s][info][gc       ] GC(282) Pause Young (Mixed) (G1 Evacuation Pause) (Evacuation Failure) 253M->252M(256M) 1.119ms
[2.969s][info][gc,cpu   ] GC(282) User=0.00s Sys=0.00s Real=0.01s
[2.969s][info][safepoint] Safepoint "G1CollectForAllocation", Time since last: 897396 ns, Reaching safepoint: 1342 ns, Cleanup: 1169 ns, At safepoint: 1140335 ns, Leaving safepoint: 18860 ns, Total: 1161706 ns
[2.970s][info][gc       ] GC(283) Pause Young (Mixed) (G1 Evacuation Pause) (Evacuation Failure) 253M->253M(256M) 0.925ms
[2.970s][info][gc,cpu   ] GC(283) User=0.00s Sys=0.00s Real=0.00s
[2.993s][info][gc       ] GC(284) Pause Full (G1 Compaction Pause) 253M->108M(256M) 23.298ms
[2.993s][info][gc,cpu   ] GC(284) User=0.02s Sys=0.00s Real=0.02s
[2.997s][info][safepoint] Safepoint "G1CollectForAllocation", Time since last: 126735 ns, Reaching safepoint: 546 ns, Cleanup: 809 ns, At safepoint: 24261281 ns, Leaving safepoint: 3424523 ns, Total: 27687159 ns
[3.009s][info][gc       ] GC(285) Pause Young (Normal) (G1 Evacuation Pause) 157M->148M(256M) 6.795ms
[3.009s][info][gc,cpu   ] GC(285) User=0.01s Sys=0.00s Real=0.01s
[3.009s][info][safepoint] Safepoint "G1CollectForAllocation", Time since last: 5574147 ns, Reaching safepoint: 1699 ns, Cleanup: 2107 ns, At safepoint: 6822688 ns, Leaving safepoint: 5884 ns, Total: 6832378 ns
[3.024s][info][gc       ] GC(286) Pause Young (Normal) (G1 Evacuation Pause) 183M->176M(256M) 6.976ms
[3.024s][info][gc,cpu   ] GC(286) User=0.00s Sys=0.00s Real=0.00s
[3.024s][info][safepoint] Safepoint "G1CollectForAllocation", Time since last: 7816130 ns, Reaching safepoint: 1814 ns, Cleanup: 2253 ns, At safepoint: 7005335 ns, Leaving safepoint: 1483 ns, Total: 7010885 ns
[3.036s][info][gc       ] GC(287) Pause Young (Concurrent Start) (G1 Evacuation Pause) 201M->197M(256M) 5.919ms
[3.036s][info][gc       ] GC(288) Concurrent Mark Cycle
[3.036s][info][gc,cpu   ] GC(287) User=0.01s Sys=0.00s Real=0.00s
[3.041s][info][safepoint] Safepoint "G1CollectForAllocation", Time since last: 5863925 ns, Reaching safepoint: 5758 ns, Cleanup: 2342 ns, At safepoint: 6056888 ns, Leaving safepoint: 4857593 ns, Total: 10922581 ns
[3.048s][info][gc       ] GC(289) Pause Young (Normal) (G1 Evacuation Pause) 214M->213M(256M) 3.518ms
[3.048s][info][gc,cpu   ] GC(289) User=0.00s Sys=0.00s Real=0.00s
[3.048s][info][safepoint] Safepoint "G1CollectForAllocation", Time since last: 3762410 ns, Reaching safepoint: 8404 ns, Cleanup: 2072 ns, At safepoint: 3544737 ns, Leaving safepoint: 8985 ns, Total: 3564198 ns
[3.048s][info][gc       ] GC(288) Pause Remark 213M->212M(256M) 0.127ms
[3.048s][info][gc,cpu   ] GC(288) User=0.00s Sys=0.00s Real=0.00s
[3.053s][info][safepoint] Safepoint "G1PauseRemark", Time since last: 16650 ns, Reaching safepoint: 84971 ns, Cleanup: 1642 ns, At safepoint: 135077 ns, Leaving safepoint: 4413969 ns, Total: 4635659 ns
[3.054s][info][gc       ] GC(288) Pause Cleanup 213M->213M(256M) 0.095ms
[3.054s][info][gc,cpu   ] GC(288) User=0.00s Sys=0.00s Real=0.00s
[3.054s][info][safepoint] Safepoint "G1PauseCleanup", Time since last: 1460218 ns, Reaching safepoint: 9448 ns, Cleanup: 1769 ns, At safepoint: 111126 ns, Leaving safepoint: 4057 ns, Total: 126400 ns
[3.056s][info][gc       ] GC(288) Concurrent Mark Cycle 19.883ms
[3.058s][info][gc       ] GC(290) Pause Young (Prepare Mixed) (G1 Evacuation Pause) 223M->221M(256M) 1.980ms
[3.058s][info][gc,cpu   ] GC(290) User=0.00s Sys=0.00s Real=0.01s
[3.058s][info][safepoint] Safepoint "G1CollectForAllocation", Time since last: 1369483 ns, Reaching safepoint: 1457 ns, Cleanup: 975 ns, At safepoint: 1999474 ns, Leaving safepoint: 17593 ns, Total: 2019499 ns
[3.061s][info][gc       ] GC(291) Pause Young (Mixed) (G1 Evacuation Pause) 231M->208M(256M) 2.487ms
[3.061s][info][gc,cpu   ] GC(291) User=0.00s Sys=0.00s Real=0.00s
[3.061s][info][safepoint] Safepoint "G1CollectForAllocation", Time since last: 802855 ns, Reaching safepoint: 1358 ns, Cleanup: 1529 ns, At safepoint: 2522723 ns, Leaving safepoint: 19462 ns, Total: 2545072 ns
[3.068s][info][gc       ] GC(292) Pause Young (Mixed) (G1 Evacuation Pause) 222M->201M(256M) 3.245ms
[3.068s][info][gc,cpu   ] GC(292) User=0.00s Sys=0.00s Real=0.00s
[3.071s][info][safepoint] Safepoint "G1CollectForAllocation", Time since last: 3688404 ns, Reaching safepoint: 3845 ns, Cleanup: 1341 ns, At safepoint: 3263279 ns, Leaving safepoint: 2555429 ns, Total: 5823894 ns
[3.075s][info][gc       ] GC(293) Pause Young (Mixed) (G1 Evacuation Pause) 217M->195M(256M) 3.242ms
[3.075s][info][gc,cpu   ] GC(293) User=0.01s Sys=0.00s Real=0.00s
[3.075s][info][safepoint] Safepoint "G1CollectForAllocation", Time since last: 1441280 ns, Reaching safepoint: 6248 ns, Cleanup: 1192 ns, At safepoint: 3260901 ns, Leaving safepoint: 1858 ns, Total: 3270199 ns
[3.083s][info][gc       ] GC(294) Pause Young (Mixed) (G1 Evacuation Pause) 213M->191M(256M) 3.937ms
[3.083s][info][gc,cpu   ] GC(294) User=0.00s Sys=0.00s Real=0.00s
[3.086s][info][safepoint] Safepoint "G1CollectForAllocation", Time since last: 4031178 ns, Reaching safepoint: 1526 ns, Cleanup: 1814 ns, At safepoint: 4002403 ns, Leaving safepoint: 2600686 ns, Total: 6606429 ns
[3.091s][info][gc       ] GC(295) Pause Young (Mixed) (G1 Evacuation Pause) 211M->196M(256M) 3.489ms
[3.091s][info][gc,cpu   ] GC(295) User=0.00s Sys=0.00s Real=0.01s
[3.093s][info][safepoint] Safepoint "G1CollectForAllocation", Time since last: 1783128 ns, Reaching safepoint: 1377 ns, Cleanup: 1710 ns, At safepoint: 3511184 ns, Leaving safepoint: 1528863 ns, Total: 5043134 ns
[3.097s][info][gc       ] GC(296) Pause Young (Concurrent Start) (G1 Evacuation Pause) 214M->212M(256M) 2.914ms
[3.097s][info][gc       ] GC(297) Concurrent Mark Cycle
[3.097s][info][gc,cpu   ] GC(296) User=0.01s Sys=0.00s Real=0.01s
[3.101s][info][safepoint] Safepoint "G1CollectForAllocation", Time since last: 1300380 ns, Reaching safepoint: 5992 ns, Cleanup: 1426 ns, At safepoint: 3004782 ns, Leaving safepoint: 3691564 ns, Total: 6703764 ns
[3.108s][info][gc       ] GC(298) Pause Young (Normal) (G1 Evacuation Pause) 225M->224M(256M) 2.276ms
[3.108s][info][gc,cpu   ] GC(298) User=0.01s Sys=0.00s Real=0.00s
[3.108s][info][safepoint] Safepoint "G1CollectForAllocation", Time since last: 4934070 ns, Reaching safepoint: 9439 ns, Cleanup: 1455 ns, At safepoint: 2295050 ns, Leaving safepoint: 1773 ns, Total: 2307717 ns
[3.114s][info][gc       ] GC(299) Pause Young (Normal) (G1 Evacuation Pause) 234M->234M(256M) 1.411ms
[3.114s][info][gc,cpu   ] GC(299) User=0.00s Sys=0.00s Real=0.00s
[3.114s][info][safepoint] Safepoint "G1CollectForAllocation", Time since last: 4743938 ns, Reaching safepoint: 5797 ns, Cleanup: 1171 ns, At safepoint: 1428033 ns, Leaving safepoint: 8291 ns, Total: 1443292 ns
[3.116s][info][gc       ] GC(300) Pause Young (Normal) (G1 Evacuation Pause) 244M->243M(256M) 1.356ms
[3.116s][info][gc,cpu   ] GC(300) User=0.01s Sys=0.00s Real=0.00s
[3.116s][info][safepoint] Safepoint "G1CollectForAllocation", Time since last: 712374 ns, Reaching safepoint: 1302 ns, Cleanup: 972 ns, At safepoint: 1370529 ns, Leaving safepoint: 1190 ns, Total: 1373993 ns
[3.118s][info][gc       ] GC(301) Pause Young (Normal) (G1 Evacuation Pause) (Evacuation Failure) 253M->255M(256M) 0.614ms
[3.118s][info][gc,cpu   ] GC(301) User=0.00s Sys=0.00s Real=0.00s
[3.138s][info][gc       ] GC(302) Pause Full (G1 Compaction Pause) 255M->108M(256M) 20.459ms
[3.138s][info][gc,cpu   ] GC(302) User=0.02s Sys=0.00s Real=0.02s
[3.141s][info][safepoint] Safepoint "G1CollectForAllocation", Time since last: 764305 ns, Reaching safepoint: 1208 ns, Cleanup: 1002 ns, At safepoint: 21116117 ns, Leaving safepoint: 2590100 ns, Total: 23708427 ns
[3.141s][info][gc       ] GC(297) Pause Remark 109M->109M(256M) 0.004ms
[3.141s][info][gc,cpu   ] GC(297) User=0.00s Sys=0.00s Real=0.00s
[3.141s][info][safepoint] Safepoint "G1PauseRemark", Time since last: 19835 ns, Reaching safepoint: 89910 ns, Cleanup: 1935 ns, At safepoint: 12655 ns, Leaving safepoint: 3022 ns, Total: 107522 ns
[3.141s][info][gc       ] GC(297) Concurrent Mark Cycle 43.903ms
[3.154s][info][gc       ] GC(303) Pause Young (Normal) (G1 Evacuation Pause) 158M->148M(256M) 6.973ms
[3.154s][info][gc,cpu   ] GC(303) User=0.00s Sys=0.00s Real=0.01s
[3.155s][info][safepoint] Safepoint "G1CollectForAllocation", Time since last: 6042572 ns, Reaching safepoint: 1537 ns, Cleanup: 1614 ns, At safepoint: 6996840 ns, Leaving safepoint: 1572310 ns, Total: 8572301 ns
[3.165s][info][gc       ] GC(304) Pause Young (Concurrent Start) (G1 Evacuation Pause) 183M->176M(256M) 5.607ms
[3.165s][info][gc,cpu   ] GC(304) User=0.00s Sys=0.00s Real=0.00s
[3.165s][info][safepoint] Safepoint "G1CollectForAllocation", Time since last: 3670949 ns, Reaching safepoint: 1422 ns, Cleanup: 1536 ns, At safepoint: 5631774 ns, Leaving safepoint: 986 ns, Total: 5635718 ns
[3.165s][info][gc       ] GC(305) Concurrent Mark Cycle
[3.171s][info][gc       ] GC(305) Pause Remark 198M->198M(256M) 0.119ms
[3.171s][info][gc,cpu   ] GC(305) User=0.00s Sys=0.00s Real=0.00s
[3.171s][info][safepoint] Safepoint "G1PauseRemark", Time since last: 5933701 ns, Reaching safepoint: 9840 ns, Cleanup: 1702 ns, At safepoint: 138726 ns, Leaving safepoint: 1473 ns, Total: 151741 ns
[3.172s][info][gc       ] GC(305) Pause Cleanup 198M->198M(256M) 0.096ms
[3.172s][info][gc,cpu   ] GC(305) User=0.00s Sys=0.00s Real=0.00s
[3.172s][info][safepoint] Safepoint "G1PauseCleanup", Time since last: 1197552 ns, Reaching safepoint: 898 ns, Cleanup: 1126 ns, At safepoint: 111367 ns, Leaving safepoint: 889 ns, Total: 114280 ns
[3.172s][info][gc       ] GC(305) Concurrent Mark Cycle 7.718ms
[3.178s][info][gc       ] GC(306) Pause Young (Prepare Mixed) (G1 Evacuation Pause) 200M->196M(256M) 4.746ms
[3.178s][info][gc,cpu   ] GC(306) User=0.01s Sys=0.00s Real=0.01s
[3.178s][info][safepoint] Safepoint "G1CollectForAllocation", Time since last: 630109 ns, Reaching safepoint: 789 ns, Cleanup: 1081 ns, At safepoint: 4771306 ns, Leaving safepoint: 963 ns, Total: 4774139 ns
[3.186s][info][gc       ] GC(307) Pause Young (Mixed) (G1 Evacuation Pause) 213M->190M(256M) 3.488ms
[3.186s][info][gc,cpu   ] GC(307) User=0.00s Sys=0.00s Real=0.00s
[3.186s][info][safepoint] Safepoint "G1CollectForAllocation", Time since last: 4473117 ns, Reaching safepoint: 6079 ns, Cleanup: 1727 ns, At safepoint: 3513016 ns, Leaving safepoint: 10416 ns, Total: 3531238 ns
[3.196s][info][gc       ] GC(308) Pause Young (Mixed) (G1 Evacuation Pause) 210M->190M(256M) 5.292ms
[3.196s][info][gc,cpu   ] GC(308) User=0.00s Sys=0.00s Real=0.00s
[3.196s][info][safepoint] Safepoint "G1CollectForAllocation", Time since last: 4871727 ns, Reaching safepoint: 7032 ns, Cleanup: 1775 ns, At safepoint: 5317511 ns, Leaving safepoint: 8662 ns, Total: 5334980 ns
[3.206s][info][gc       ] GC(309) Pause Young (Mixed) (G1 Evacuation Pause) 210M->189M(256M) 4.913ms
[3.206s][info][gc,cpu   ] GC(309) User=0.00s Sys=0.00s Real=0.00s
[3.209s][info][safepoint] Safepoint "G1CollectForAllocation", Time since last: 4953391 ns, Reaching safepoint: 5765 ns, Cleanup: 1737 ns, At safepoint: 4938365 ns, Leaving safepoint: 3036737 ns, Total: 7982604 ns
[3.217s][info][gc       ] GC(310) Pause Young (Mixed) (G1 Evacuation Pause) 210M->193M(256M) 3.807ms
[3.217s][info][gc,cpu   ] GC(310) User=0.01s Sys=0.00s Real=0.00s
[3.217s][info][safepoint] Safepoint "G1CollectForAllocation", Time since last: 4012335 ns, Reaching safepoint: 4430 ns, Cleanup: 1598 ns, At safepoint: 3827277 ns, Leaving safepoint: 1539 ns, Total: 3834844 ns
[3.225s][info][gc       ] GC(311) Pause Young (Concurrent Start) (G1 Evacuation Pause) 212M->209M(256M) 2.622ms
[3.225s][info][gc,cpu   ] GC(311) User=0.00s Sys=0.00s Real=0.00s
[3.225s][info][gc       ] GC(312) Concurrent Mark Cycle
[3.225s][info][safepoint] Safepoint "G1CollectForAllocation", Time since last: 5724733 ns, Reaching safepoint: 6159 ns, Cleanup: 1290 ns, At safepoint: 2652176 ns, Leaving safepoint: 56970 ns, Total: 2716595 ns
[3.235s][info][gc       ] GC(313) Pause Young (Normal) (G1 Evacuation Pause) 223M->222M(256M) 2.092ms
[3.235s][info][gc,cpu   ] GC(313) User=0.00s Sys=0.00s Real=0.00s
[3.235s][info][safepoint] Safepoint "G1CollectForAllocation", Time since last: 7468009 ns, Reaching safepoint: 11348 ns, Cleanup: 1444 ns, At safepoint: 2112845 ns, Leaving safepoint: 10831 ns, Total: 2136468 ns
[3.237s][info][gc       ] GC(314) Pause Young (Normal) (G1 Evacuation Pause) 231M->231M(256M) 1.848ms
[3.237s][info][gc,cpu   ] GC(314) User=0.01s Sys=0.00s Real=0.01s
[3.237s][info][safepoint] Safepoint "G1CollectForAllocation", Time since last: 637257 ns, Reaching safepoint: 1069 ns, Cleanup: 897 ns, At safepoint: 1864032 ns, Leaving safepoint: 11690 ns, Total: 1877688 ns
[3.243s][info][gc       ] GC(315) Pause Young (Normal) (G1 Evacuation Pause) 241M->240M(256M) 1.491ms
[3.243s][info][gc,cpu   ] GC(315) User=0.00s Sys=0.00s Real=0.00s
[3.243s][info][safepoint] Safepoint "G1CollectForAllocation", Time since last: 4322090 ns, Reaching safepoint: 4345 ns, Cleanup: 884 ns, At safepoint: 1506839 ns, Leaving safepoint: 14103 ns, Total: 1526171 ns
[3.244s][info][gc       ] GC(316) Pause Young (Normal) (G1 Evacuation Pause) (Evacuation Failure) 250M->254M(256M) 0.797ms
[3.244s][info][gc,cpu   ] GC(316) User=0.00s Sys=0.00s Real=0.00s
[3.244s][info][safepoint] Safepoint "G1CollectForAllocation", Time since last: 695959 ns, Reaching safepoint: 997 ns, Cleanup: 966 ns, At safepoint: 811594 ns, Leaving safepoint: 1239 ns, Total: 814796 ns
[3.245s][info][gc       ] GC(312) Pause Remark 254M->252M(256M) 0.151ms
[3.245s][info][gc,cpu   ] GC(312) User=0.00s Sys=0.00s Real=0.00s
[3.245s][info][safepoint] Safepoint "G1PauseRemark", Time since last: 20677 ns, Reaching safepoint: 137088 ns, Cleanup: 1603 ns, At safepoint: 163907 ns, Leaving safepoint: 62810 ns, Total: 365408 ns
[3.250s][info][gc       ] GC(312) Pause Cleanup 253M->253M(256M) 0.102ms
[3.250s][info][gc,cpu   ] GC(312) User=0.00s Sys=0.00s Real=0.00s
[3.250s][info][safepoint] Safepoint "G1PauseCleanup", Time since last: 5380208 ns, Reaching safepoint: 7881 ns, Cleanup: 1030 ns, At safepoint: 126959 ns, Leaving safepoint: 3907 ns, Total: 139777 ns
[3.251s][info][gc       ] GC(312) Concurrent Mark Cycle 25.860ms
[3.251s][info][gc       ] GC(317) Pause Young (Prepare Mixed) (G1 Evacuation Pause) (Evacuation Failure) 253M->254M(256M) 0.510ms
[3.251s][info][gc,cpu   ] GC(317) User=0.00s Sys=0.00s Real=0.00s
[3.251s][info][safepoint] Safepoint "G1CollectForAllocation", Time since last: 435667 ns, Reaching safepoint: 877 ns, Cleanup: 811 ns, At safepoint: 524687 ns, Leaving safepoint: 1145 ns, Total: 527520 ns
[3.252s][info][gc       ] GC(318) Pause Young (Mixed) (G1 Evacuation Pause) (Evacuation Failure) 255M->251M(256M) 0.866ms
[3.252s][info][gc,cpu   ] GC(318) User=0.00s Sys=0.00s Real=0.00s
[3.252s][info][safepoint] Safepoint "G1CollectForAllocation", Time since last: 110147 ns, Reaching safepoint: 344 ns, Cleanup: 523 ns, At safepoint: 896026 ns, Leaving safepoint: 943 ns, Total: 897836 ns
[3.254s][info][gc       ] GC(319) Pause Young (Mixed) (G1 Evacuation Pause) (Evacuation Failure) 255M->254M(256M) 0.943ms
[3.254s][info][gc,cpu   ] GC(319) User=0.00s Sys=0.00s Real=0.00s
[3.254s][info][safepoint] Safepoint "G1CollectForAllocation", Time since last: 547460 ns, Reaching safepoint: 484 ns, Cleanup: 1013 ns, At safepoint: 958569 ns, Leaving safepoint: 1502 ns, Total: 961568 ns
[3.255s][info][gc       ] GC(320) Pause Young (Mixed) (G1 Evacuation Pause) (Evacuation Failure) 255M->255M(256M) 0.839ms
[3.255s][info][gc,cpu   ] GC(320) User=0.00s Sys=0.00s Real=0.00s
[3.275s][info][gc       ] GC(321) Pause Full (G1 Compaction Pause) 255M->108M(256M) 19.889ms
[3.275s][info][gc,cpu   ] GC(321) User=0.02s Sys=0.00s Real=0.02s
[3.277s][info][safepoint] Safepoint "G1CollectForAllocation", Time since last: 125053 ns, Reaching safepoint: 448 ns, Cleanup: 529 ns, At safepoint: 20765304 ns, Leaving safepoint: 1954263 ns, Total: 22720544 ns
[3.289s][info][gc       ] GC(322) Pause Young (Concurrent Start) (G1 Evacuation Pause) 157M->148M(256M) 6.253ms
[3.289s][info][gc,cpu   ] GC(322) User=0.01s Sys=0.00s Real=0.01s
[3.289s][info][gc       ] GC(323) Concurrent Mark Cycle
[3.293s][info][safepoint] Safepoint "G1CollectForAllocation", Time since last: 5837062 ns, Reaching safepoint: 1144 ns, Cleanup: 1734 ns, At safepoint: 6302497 ns, Leaving safepoint: 3863265 ns, Total: 10168640 ns
[3.294s][info][gc       ] GC(323) Pause Remark 152M->152M(256M) 0.110ms
[3.294s][info][gc,cpu   ] GC(323) User=0.00s Sys=0.00s Real=0.00s
[3.294s][info][safepoint] Safepoint "G1PauseRemark", Time since last: 950112 ns, Reaching safepoint: 6178 ns, Cleanup: 1901 ns, At safepoint: 124556 ns, Leaving safepoint: 1246 ns, Total: 133881 ns
[3.295s][info][gc       ] GC(323) Pause Cleanup 152M->152M(256M) 0.084ms
[3.295s][info][gc,cpu   ] GC(323) User=0.00s Sys=0.00s Real=0.00s
[3.295s][info][safepoint] Safepoint "G1PauseCleanup", Time since last: 1013098 ns, Reaching safepoint: 817 ns, Cleanup: 1237 ns, At safepoint: 97504 ns, Leaving safepoint: 1526 ns, Total: 101084 ns
[3.300s][info][gc       ] GC(323) Concurrent Mark Cycle 11.467ms
[3.311s][info][gc       ] GC(324) Pause Young (Prepare Mixed) (G1 Evacuation Pause) 182M->176M(256M) 6.172ms
[3.311s][info][gc,cpu   ] GC(324) User=0.01s Sys=0.00s Real=0.01s
[3.311s][info][safepoint] Safepoint "G1CollectForAllocation", Time since last: 9828097 ns, Reaching safepoint: 6340 ns, Cleanup: 1943 ns, At safepoint: 6200111 ns, Leaving safepoint: 2593 ns, Total: 6210987 ns
[3.322s][info][gc       ] GC(325) Pause Young (Mixed) (G1 Evacuation Pause) 200M->177M(256M) 5.477ms
[3.322s][info][gc,cpu   ] GC(325) User=0.00s Sys=0.00s Real=0.00s
[3.325s][info][safepoint] Safepoint "G1CollectForAllocation", Time since last: 5771837 ns, Reaching safepoint: 5346 ns, Cleanup: 1595 ns, At safepoint: 5499854 ns, Leaving safepoint: 2495840 ns, Total: 8002635 ns
[3.338s][info][gc       ] GC(326) Pause Young (Mixed) (G1 Evacuation Pause) 201M->178M(256M) 5.519ms
[3.338s][info][gc,cpu   ] GC(326) User=0.01s Sys=0.00s Real=0.01s
[3.338s][info][safepoint] Safepoint "G1CollectForAllocation", Time since last: 7987123 ns, Reaching safepoint: 4354 ns, Cleanup: 1533 ns, At safepoint: 5543288 ns, Leaving safepoint: 2186 ns, Total: 5551361 ns
[3.347s][info][gc       ] GC(327) Pause Young (Mixed) (G1 Evacuation Pause) 202M->195M(256M) 4.186ms
[3.347s][info][gc,cpu   ] GC(327) User=0.01s Sys=0.00s Real=0.00s
[3.347s][info][safepoint] Safepoint "G1CollectForAllocation", Time since last: 4854220 ns, Reaching safepoint: 7727 ns, Cleanup: 1893 ns, At safepoint: 4222612 ns, Leaving safepoint: 2767 ns, Total: 4234999 ns
[3.356s][info][gc       ] GC(328) Pause Young (Concurrent Start) (G1 Evacuation Pause) 213M->211M(256M) 3.147ms
[3.356s][info][gc,cpu   ] GC(328) User=0.00s Sys=0.00s Real=0.00s
[3.356s][info][gc       ] GC(329) Concurrent Mark Cycle
[3.363s][info][safepoint] Safepoint "G1CollectForAllocation", Time since last: 5362750 ns, Reaching safepoint: 6546 ns, Cleanup: 1877 ns, At safepoint: 3172754 ns, Leaving safepoint: 6783880 ns, Total: 9965057 ns
[3.366s][info][gc       ] GC(330) Pause Young (Normal) (G1 Evacuation Pause) 224M->223M(256M) 2.178ms
[3.366s][info][gc,cpu   ] GC(330) User=0.00s Sys=0.00s Real=0.00s
[3.366s][info][safepoint] Safepoint "G1CollectForAllocation", Time since last: 1196948 ns, Reaching safepoint: 5568 ns, Cleanup: 1222 ns, At safepoint: 2197271 ns, Leaving safepoint: 18216 ns, Total: 2222277 ns
[3.366s][info][gc       ] GC(329) Pause Remark 223M->219M(256M) 0.126ms
[3.366s][info][gc,cpu   ] GC(329) User=0.01s Sys=0.00s Real=0.00s
[3.366s][info][safepoint] Safepoint "G1PauseRemark", Time since last: 13953 ns, Reaching safepoint: 93792 ns, Cleanup: 1151 ns, At safepoint: 135198 ns, Leaving safepoint: 110946 ns, Total: 341087 ns
[3.370s][info][gc       ] GC(329) Pause Cleanup 220M->220M(256M) 0.095ms
[3.370s][info][gc,cpu   ] GC(329) User=0.00s Sys=0.00s Real=0.00s
[3.370s][info][safepoint] Safepoint "G1PauseCleanup", Time since last: 3770802 ns, Reaching safepoint: 8046 ns, Cleanup: 980 ns, At safepoint: 112399 ns, Leaving safepoint: 3760 ns, Total: 125185 ns
[3.372s][info][gc       ] GC(329) Concurrent Mark Cycle 15.668ms
[3.373s][info][gc       ] GC(331) Pause Young (Prepare Mixed) (G1 Evacuation Pause) 229M->228M(256M) 1.593ms
[3.373s][info][gc,cpu   ] GC(331) User=0.00s Sys=0.00s Real=0.00s
[3.373s][info][safepoint] Safepoint "G1CollectForAllocation", Time since last: 1237596 ns, Reaching safepoint: 1028 ns, Cleanup: 727 ns, At safepoint: 1610476 ns, Leaving safepoint: 2050 ns, Total: 1614281 ns
[3.376s][info][gc       ] GC(332) Pause Young (Mixed) (G1 Evacuation Pause) 238M->215M(256M) 1.771ms
[3.376s][info][gc,cpu   ] GC(332) User=0.00s Sys=0.00s Real=0.00s
[3.377s][info][safepoint] Safepoint "G1CollectForAllocation", Time since last: 829478 ns, Reaching safepoint: 852 ns, Cleanup: 1033 ns, At safepoint: 1786453 ns, Leaving safepoint: 889404 ns, Total: 2677742 ns
[3.383s][info][gc       ] GC(333) Pause Young (Mixed) (G1 Evacuation Pause) 226M->205M(256M) 2.414ms
[3.383s][info][gc,cpu   ] GC(333) User=0.00s Sys=0.00s Real=0.00s
[3.383s][info][safepoint] Safepoint "G1CollectForAllocation", Time since last: 4010385 ns, Reaching safepoint: 3880 ns, Cleanup: 1017 ns, At safepoint: 2430567 ns, Leaving safepoint: 26099 ns, Total: 2461563 ns
[3.388s][info][gc       ] GC(334) Pause Young (Mixed) (G1 Evacuation Pause) 220M->198M(256M) 3.441ms
[3.388s][info][gc,cpu   ] GC(334) User=0.01s Sys=0.00s Real=0.00s
[3.388s][info][safepoint] Safepoint "G1CollectForAllocation", Time since last: 1449516 ns, Reaching safepoint: 1095 ns, Cleanup: 1260 ns, At safepoint: 3459572 ns, Leaving safepoint: 1667 ns, Total: 3463594 ns
[3.398s][info][gc       ] GC(335) Pause Young (Mixed) (G1 Evacuation Pause) 215M->193M(256M) 3.782ms
[3.398s][info][gc,cpu   ] GC(335) User=0.01s Sys=0.00s Real=0.01s
[3.401s][info][safepoint] Safepoint "G1CollectForAllocation", Time since last: 5928821 ns, Reaching safepoint: 5396 ns, Cleanup: 1050 ns, At safepoint: 3801394 ns, Leaving safepoint: 2877445 ns, Total: 6685285 ns
[3.408s][info][gc       ] GC(336) Pause Young (Mixed) (G1 Evacuation Pause) 212M->190M(256M) 4.360ms
[3.408s][info][gc,cpu   ] GC(336) User=0.01s Sys=0.00s Real=0.00s
[3.408s][info][safepoint] Safepoint "G1CollectForAllocation", Time since last: 2723920 ns, Reaching safepoint: 1594 ns, Cleanup: 1728 ns, At safepoint: 4382992 ns, Leaving safepoint: 14793 ns, Total: 4401107 ns
[3.413s][info][gc       ] GC(337) Pause Young (Concurrent Start) (G1 Evacuation Pause) 210M->208M(256M) 3.588ms
[3.413s][info][gc       ] GC(338) Concurrent Mark Cycle
[3.414s][info][gc,cpu   ] GC(337) User=0.00s Sys=0.00s Real=0.00s
[3.421s][info][safepoint] Safepoint "G1CollectForAllocation", Time since last: 2068006 ns, Reaching safepoint: 1218 ns, Cleanup: 1706 ns, At safepoint: 3691598 ns, Leaving safepoint: 7126369 ns, Total: 10820891 ns
[3.424s][info][gc       ] GC(339) Pause Young (Normal) (G1 Evacuation Pause) 222M->222M(256M) 2.208ms
[3.424s][info][gc,cpu   ] GC(339) User=0.00s Sys=0.00s Real=0.00s
[3.424s][info][safepoint] Safepoint "G1CollectForAllocation", Time since last: 1064968 ns, Reaching safepoint: 8162 ns, Cleanup: 1883 ns, At safepoint: 2226016 ns, Leaving safepoint: 16001 ns, Total: 2252062 ns
[3.424s][info][gc       ] GC(338) Pause Remark 222M->219M(256M) 0.114ms
[3.424s][info][gc,cpu   ] GC(338) User=0.00s Sys=0.00s Real=0.00s
[3.424s][info][safepoint] Safepoint "G1PauseRemark", Time since last: 12455 ns, Reaching safepoint: 91589 ns, Cleanup: 1049 ns, At safepoint: 121964 ns, Leaving safepoint: 67663 ns, Total: 282265 ns
[3.430s][info][gc       ] GC(338) Pause Cleanup 220M->220M(256M) 0.102ms
[3.430s][info][gc,cpu   ] GC(338) User=0.00s Sys=0.00s Real=0.00s
[3.430s][info][safepoint] Safepoint "G1PauseCleanup", Time since last: 5925152 ns, Reaching safepoint: 9764 ns, Cleanup: 1398 ns, At safepoint: 125235 ns, Leaving safepoint: 33521 ns, Total: 169918 ns
[3.433s][info][gc       ] GC(340) Pause Young (Prepare Mixed) (G1 Evacuation Pause) 228M->227M(256M) 1.736ms
[3.433s][info][gc,cpu   ] GC(340) User=0.00s Sys=0.00s Real=0.00s
[3.433s][info][safepoint] Safepoint "G1CollectForAllocation", Time since last: 1012278 ns, Reaching safepoint: 1313 ns, Cleanup: 1221 ns, At safepoint: 1755975 ns, Leaving safepoint: 1658 ns, Total: 1760167 ns
[3.433s][info][gc       ] GC(338) Concurrent Mark Cycle 19.709ms
[3.436s][info][gc       ] GC(341) Pause Young (Mixed) (G1 Evacuation Pause) 237M->214M(256M) 2.062ms
[3.436s][info][gc,cpu   ] GC(341) User=0.00s Sys=0.00s Real=0.00s
[3.436s][info][safepoint] Safepoint "G1CollectForAllocation", Time since last: 815425 ns, Reaching safepoint: 1085 ns, Cleanup: 1250 ns, At safepoint: 2077607 ns, Leaving safepoint: 20072 ns, Total: 2100014 ns
[3.443s][info][gc       ] GC(342) Pause Young (Mixed) (G1 Evacuation Pause) 226M->203M(256M) 2.472ms
[3.443s][info][gc,cpu   ] GC(342) User=0.00s Sys=0.00s Real=0.00s
[3.443s][info][safepoint] Safepoint "G1CollectForAllocation", Time since last: 4599304 ns, Reaching safepoint: 6706 ns, Cleanup: 1467 ns, At safepoint: 2492252 ns, Leaving safepoint: 5925 ns, Total: 2506350 ns
[3.449s][info][gc       ] GC(343) Pause Young (Mixed) (G1 Evacuation Pause) 219M->197M(256M) 4.482ms
[3.449s][info][gc,cpu   ] GC(343) User=0.01s Sys=0.00s Real=0.01s
[3.449s][info][safepoint] Safepoint "G1CollectForAllocation", Time since last: 1169862 ns, Reaching safepoint: 808 ns, Cleanup: 989 ns, At safepoint: 4502734 ns, Leaving safepoint: 8717 ns, Total: 4513248 ns
[3.458s][info][gc       ] GC(344) Pause Young (Mixed) (G1 Evacuation Pause) 215M->193M(256M) 3.517ms
[3.458s][info][gc,cpu   ] GC(344) User=0.01s Sys=0.00s Real=0.01s
[3.461s][info][safepoint] Safepoint "G1CollectForAllocation", Time since last: 5133903 ns, Reaching safepoint: 7744 ns, Cleanup: 1610 ns, At safepoint: 3536635 ns, Leaving safepoint: 3119997 ns, Total: 6665986 ns
[3.466s][info][gc       ] GC(345) Pause Young (Mixed) (G1 Evacuation Pause) 212M->193M(256M) 3.795ms
[3.466s][info][gc,cpu   ] GC(345) User=0.00s Sys=0.00s Real=0.00s
[3.469s][info][safepoint] Safepoint "G1CollectForAllocation", Time since last: 1364389 ns, Reaching safepoint: 4873 ns, Cleanup: 1205 ns, At safepoint: 3814807 ns, Leaving safepoint: 2825152 ns, Total: 6646037 ns
[3.475s][info][gc       ] GC(346) Pause Young (Concurrent Start) (G1 Evacuation Pause) 212M->210M(256M) 2.589ms
[3.475s][info][gc       ] GC(347) Concurrent Mark Cycle
[3.475s][info][gc,cpu   ] GC(346) User=0.00s Sys=0.00s Real=0.00s
[3.475s][info][safepoint] Safepoint "G1CollectForAllocation", Time since last: 3998181 ns, Reaching safepoint: 3958 ns, Cleanup: 1629 ns, At safepoint: 2700193 ns, Leaving safepoint: 5877 ns, Total: 2711657 ns
[3.483s][info][gc       ] GC(348) Pause Young (Normal) (G1 Evacuation Pause) 223M->222M(256M) 1.874ms
[3.483s][info][gc,cpu   ] GC(348) User=0.00s Sys=0.00s Real=0.00s
[3.485s][info][safepoint] Safepoint "G1CollectForAllocation", Time since last: 5288130 ns, Reaching safepoint: 6860 ns, Cleanup: 1444 ns, At safepoint: 1893076 ns, Leaving safepoint: 2090935 ns, Total: 3992315 ns
[3.487s][info][gc       ] GC(349) Pause Young (Normal) (G1 Evacuation Pause) 232M->231M(256M) 1.394ms
[3.487s][info][gc,cpu   ] GC(349) User=0.00s Sys=0.00s Real=0.00s
[3.487s][info][safepoint] Safepoint "G1CollectForAllocation", Time since last: 671367 ns, Reaching safepoint: 7748 ns, Cleanup: 1279 ns, At safepoint: 1408113 ns, Leaving safepoint: 13681 ns, Total: 1430821 ns
[3.487s][info][gc       ] GC(347) Pause Remark 231M->231M(256M) 0.119ms
[3.487s][info][gc,cpu   ] GC(347) User=0.00s Sys=0.00s Real=0.00s
[3.487s][info][safepoint] Safepoint "G1PauseRemark", Time since last: 11988 ns, Reaching safepoint: 85155 ns, Cleanup: 773 ns, At safepoint: 127653 ns, Leaving safepoint: 65012 ns, Total: 278593 ns
[3.490s][info][gc       ] GC(347) Pause Cleanup 232M->232M(256M) 0.099ms
[3.490s][info][gc,cpu   ] GC(347) User=0.00s Sys=0.00s Real=0.00s
[3.490s][info][safepoint] Safepoint "G1PauseCleanup", Time since last: 3113337 ns, Reaching safepoint: 5963 ns, Cleanup: 1031 ns, At safepoint: 116775 ns, Leaving safepoint: 3802 ns, Total: 127571 ns
[3.491s][info][gc       ] GC(347) Concurrent Mark Cycle 16.034ms
[3.493s][info][gc       ] GC(350) Pause Young (Prepare Mixed) (G1 Evacuation Pause) 241M->240M(256M) 1.328ms
[3.493s][info][gc,cpu   ] GC(350) User=0.00s Sys=0.00s Real=0.00s
[3.493s][info][safepoint] Safepoint "G1CollectForAllocation", Time since last: 1054979 ns, Reaching safepoint: 933 ns, Cleanup: 846 ns, At safepoint: 1367402 ns, Leaving safepoint: 2043 ns, Total: 1371224 ns
[3.498s][info][gc       ] GC(351) Pause Young (Mixed) (G1 Evacuation Pause) (Evacuation Failure) 250M->244M(256M) 1.374ms
[3.498s][info][gc,cpu   ] GC(351) User=0.01s Sys=0.00s Real=0.00s
[3.498s][info][safepoint] Safepoint "G1CollectForAllocation", Time since last: 3947080 ns, Reaching safepoint: 6323 ns, Cleanup: 1510 ns, At safepoint: 1393075 ns, Leaving safepoint: 8478 ns, Total: 1409386 ns
[3.502s][info][gc       ] GC(352) Pause Young (Mixed) (G1 Evacuation Pause) (Evacuation Failure) 254M->253M(256M) 1.376ms
[3.502s][info][gc,cpu   ] GC(352) User=0.00s Sys=0.00s Real=0.00s
[3.502s][info][safepoint] Safepoint "G1CollectForAllocation", Time since last: 2471755 ns, Reaching safepoint: 1839 ns, Cleanup: 1992 ns, At safepoint: 1400283 ns, Leaving safepoint: 1705 ns, Total: 1405819 ns
[3.503s][info][gc       ] GC(353) Pause Young (Mixed) (G1 Evacuation Pause) (Evacuation Failure) 255M->255M(256M) 0.950ms
[3.503s][info][gc,cpu   ] GC(353) User=0.00s Sys=0.00s Real=0.00s
[3.525s][info][gc       ] GC(354) Pause Full (G1 Compaction Pause) 255M->108M(256M) 22.240ms
[3.525s][info][gc,cpu   ] GC(354) User=0.02s Sys=0.00s Real=0.02s
[3.529s][info][safepoint] Safepoint "G1CollectForAllocation", Time since last: 267736 ns, Reaching safepoint: 901 ns, Cleanup: 1137 ns, At safepoint: 23234170 ns, Leaving safepoint: 3205431 ns, Total: 26441639 ns
[3.542s][info][gc       ] GC(355) Pause Young (Normal) (G1 Evacuation Pause) 160M->149M(256M) 7.154ms
[3.542s][info][gc,cpu   ] GC(355) User=0.01s Sys=0.00s Real=0.01s
[3.542s][info][safepoint] Safepoint "G1CollectForAllocation", Time since last: 6447878 ns, Reaching safepoint: 1908 ns, Cleanup: 2716 ns, At safepoint: 7188027 ns, Leaving safepoint: 2048 ns, Total: 7194699 ns
[3.558s][info][gc       ] GC(356) Pause Young (Concurrent Start) (G1 Evacuation Pause) 185M->178M(256M) 5.736ms
[3.558s][info][gc,cpu   ] GC(356) User=0.00s Sys=0.00s Real=0.01s
[3.558s][info][safepoint] Safepoint "G1CollectForAllocation", Time since last: 10368041 ns, Reaching safepoint: 5033 ns, Cleanup: 2720 ns, At safepoint: 5765179 ns, Leaving safepoint: 2009 ns, Total: 5774941 ns
[3.561s][info][gc       ] GC(357) Concurrent Mark Cycle
[3.563s][info][gc       ] GC(357) Pause Remark 201M->201M(256M) 0.160ms
[3.563s][info][gc,cpu   ] GC(357) User=0.00s Sys=0.00s Real=0.00s
[3.563s][info][safepoint] Safepoint "G1PauseRemark", Time since last: 4672804 ns, Reaching safepoint: 150440 ns, Cleanup: 2610 ns, At safepoint: 176584 ns, Leaving safepoint: 24277 ns, Total: 353911 ns
[3.569s][info][gc       ] GC(358) Pause Young (Normal) (G1 Evacuation Pause) 202M->198M(256M) 3.908ms
[3.569s][info][gc,cpu   ] GC(358) User=0.00s Sys=0.00s Real=0.01s
[3.569s][info][safepoint] Safepoint "G1CollectForAllocation", Time since last: 1377506 ns, Reaching safepoint: 1260 ns, Cleanup: 1081 ns, At safepoint: 3929143 ns, Leaving safepoint: 1190 ns, Total: 3932674 ns
[3.577s][info][gc       ] GC(359) Pause Young (Normal) (G1 Evacuation Pause) 215M->213M(256M) 2.602ms
[3.577s][info][gc,cpu   ] GC(359) User=0.00s Sys=0.00s Real=0.01s
[3.577s][info][safepoint] Safepoint "G1CollectForAllocation", Time since last: 5433603 ns, Reaching safepoint: 6109 ns, Cleanup: 1415 ns, At safepoint: 2622903 ns, Leaving safepoint: 1814 ns, Total: 2632241 ns
[3.580s][info][gc       ] GC(360) Pause Young (Normal) (G1 Evacuation Pause) 224M->223M(256M) 2.364ms
[3.580s][info][gc,cpu   ] GC(360) User=0.00s Sys=0.00s Real=0.00s
[3.580s][info][safepoint] Safepoint "G1CollectForAllocation", Time since last: 953262 ns, Reaching safepoint: 869 ns, Cleanup: 833 ns, At safepoint: 2378829 ns, Leaving safepoint: 8445 ns, Total: 2388976 ns
[3.587s][info][gc       ] GC(361) Pause Young (Normal) (G1 Evacuation Pause) 233M->233M(256M) 1.339ms
[3.587s][info][gc,cpu   ] GC(361) User=0.00s Sys=0.00s Real=0.00s
[3.587s][info][safepoint] Safepoint "G1CollectForAllocation", Time since last: 5203075 ns, Reaching safepoint: 7000 ns, Cleanup: 1002 ns, At safepoint: 1371171 ns, Leaving safepoint: 6340 ns, Total: 1385513 ns
[3.589s][info][gc       ] GC(362) Pause Young (Normal) (G1 Evacuation Pause) (Evacuation Failure) 242M->249M(256M) 1.450ms
[3.589s][info][gc,cpu   ] GC(362) User=0.00s Sys=0.00s Real=0.01s
[3.589s][info][safepoint] Safepoint "G1CollectForAllocation", Time since last: 772795 ns, Reaching safepoint: 732 ns, Cleanup: 901 ns, At safepoint: 1466599 ns, Leaving safepoint: 1259 ns, Total: 1469491 ns
[3.590s][info][gc       ] GC(363) Pause Young (Normal) (G1 Evacuation Pause) (Evacuation Failure) 252M->252M(256M) 0.261ms
[3.590s][info][gc,cpu   ] GC(363) User=0.00s Sys=0.00s Real=0.00s
[3.612s][info][gc       ] GC(364) Pause Full (G1 Compaction Pause) 252M->108M(256M) 22.125ms
[3.612s][info][gc,cpu   ] GC(364) User=0.02s Sys=0.00s Real=0.02s
[3.612s][info][safepoint] Safepoint "G1CollectForAllocation", Time since last: 229369 ns, Reaching safepoint: 566 ns, Cleanup: 744 ns, At safepoint: 22424104 ns, Leaving safepoint: 3117 ns, Total: 22428531 ns
[3.617s][info][gc       ] GC(357) Pause Cleanup 120M->120M(256M) 0.006ms
[3.617s][info][gc,cpu   ] GC(357) User=0.00s Sys=0.00s Real=0.00s
[3.617s][info][safepoint] Safepoint "G1PauseCleanup", Time since last: 5024522 ns, Reaching safepoint: 6782 ns, Cleanup: 1648 ns, At safepoint: 21392 ns, Leaving safepoint: 3189 ns, Total: 33011 ns
[3.617s][info][gc       ] GC(357) Concurrent Mark Cycle 56.078ms
[3.629s][info][gc       ] GC(365) Pause Young (Normal) (G1 Evacuation Pause) 158M->148M(256M) 6.454ms
[3.629s][info][gc,cpu   ] GC(365) User=0.01s Sys=0.00s Real=0.01s
[3.629s][info][safepoint] Safepoint "G1CollectForAllocation", Time since last: 5868897 ns, Reaching safepoint: 1717 ns, Cleanup: 1756 ns, At safepoint: 6480120 ns, Leaving safepoint: 1622 ns, Total: 6485215 ns
[3.639s][info][gc       ] GC(366) Pause Young (Concurrent Start) (G1 Evacuation Pause) 183M->176M(256M) 5.604ms
[3.639s][info][gc       ] GC(367) Concurrent Mark Cycle
[3.639s][info][gc,cpu   ] GC(366) User=0.01s Sys=0.00s Real=0.01s
[3.639s][info][safepoint] Safepoint "G1CollectForAllocation", Time since last: 3785225 ns, Reaching safepoint: 1389 ns, Cleanup: 1697 ns, At safepoint: 5737290 ns, Leaving safepoint: 6662 ns, Total: 5747038 ns
[3.645s][info][gc       ] GC(367) Pause Remark 194M->194M(256M) 0.131ms
[3.645s][info][gc,cpu   ] GC(367) User=0.00s Sys=0.00s Real=0.00s
[3.649s][info][safepoint] Safepoint "G1PauseRemark", Time since last: 6058260 ns, Reaching safepoint: 92643 ns, Cleanup: 2286 ns, At safepoint: 149654 ns, Leaving safepoint: 3729291 ns, Total: 3973874 ns
[3.650s][info][gc       ] GC(367) Pause Cleanup 195M->195M(256M) 0.084ms
[3.650s][info][gc,cpu   ] GC(367) User=0.00s Sys=0.00s Real=0.00s
[3.650s][info][safepoint] Safepoint "G1PauseCleanup", Time since last: 1230825 ns, Reaching safepoint: 8500 ns, Cleanup: 1480 ns, At safepoint: 97978 ns, Leaving safepoint: 4670 ns, Total: 112628 ns
[3.651s][info][gc       ] GC(367) Concurrent Mark Cycle 12.422ms
[3.655s][info][gc       ] GC(368) Pause Young (Prepare Mixed) (G1 Evacuation Pause) 200M->196M(256M) 4.354ms
[3.655s][info][gc,cpu   ] GC(368) User=0.01s Sys=0.00s Real=0.00s
[3.655s][info][safepoint] Safepoint "G1CollectForAllocation", Time since last: 948302 ns, Reaching safepoint: 989 ns, Cleanup: 934 ns, At safepoint: 4377346 ns, Leaving safepoint: 3972 ns, Total: 4383241 ns
[3.665s][info][gc       ] GC(369) Pause Young (Mixed) (G1 Evacuation Pause) 213M->191M(256M) 4.035ms
[3.665s][info][gc,cpu   ] GC(369) User=0.01s Sys=0.00s Real=0.00s
[3.665s][info][safepoint] Safepoint "G1CollectForAllocation", Time since last: 5334988 ns, Reaching safepoint: 5740 ns, Cleanup: 1286 ns, At safepoint: 4058597 ns, Leaving safepoint: 1921 ns, Total: 4067544 ns
[3.675s][info][gc       ] GC(370) Pause Young (Mixed) (G1 Evacuation Pause) 210M->188M(256M) 4.351ms
[3.675s][info][gc,cpu   ] GC(370) User=0.01s Sys=0.00s Real=0.00s
[3.677s][info][safepoint] Safepoint "G1CollectForAllocation", Time since last: 5580609 ns, Reaching safepoint: 8645 ns, Cleanup: 1792 ns, At safepoint: 4479807 ns, Leaving safepoint: 1868140 ns, Total: 6358384 ns
[3.685s][info][gc       ] GC(371) Pause Young (Mixed) (G1 Evacuation Pause) 208M->187M(256M) 4.374ms
[3.685s][info][gc,cpu   ] GC(371) User=0.01s Sys=0.00s Real=0.00s
[3.689s][info][safepoint] Safepoint "G1CollectForAllocation", Time since last: 4003012 ns, Reaching safepoint: 5348 ns, Cleanup: 2105 ns, At safepoint: 4399892 ns, Leaving safepoint: 3576012 ns, Total: 7983357 ns
[3.697s][info][gc       ] GC(372) Pause Young (Mixed) (G1 Evacuation Pause) 209M->190M(256M) 4.573ms
[3.697s][info][gc,cpu   ] GC(372) User=0.01s Sys=0.00s Real=0.01s
[3.701s][info][safepoint] Safepoint "G1CollectForAllocation", Time since last: 4016997 ns, Reaching safepoint: 14469 ns, Cleanup: 1585 ns, At safepoint: 4596621 ns, Leaving safepoint: 3382567 ns, Total: 7995242 ns
[3.708s][info][gc       ] GC(373) Pause Young (Concurrent Start) (G1 Evacuation Pause) 210M->208M(256M) 3.202ms
[3.708s][info][gc,cpu   ] GC(373) User=0.00s Sys=0.00s Real=0.00s
[3.708s][info][gc       ] GC(374) Concurrent Mark Cycle
[3.713s][info][safepoint] Safepoint "G1CollectForAllocation", Time since last: 3991521 ns, Reaching safepoint: 4253 ns, Cleanup: 1206 ns, At safepoint: 3223961 ns, Leaving safepoint: 4779389 ns, Total: 8008809 ns
[3.719s][info][gc       ] GC(375) Pause Young (Normal) (G1 Evacuation Pause) 222M->220M(256M) 2.241ms
[3.719s][info][gc,cpu   ] GC(375) User=0.00s Sys=0.00s Real=0.00s
[3.719s][info][safepoint] Safepoint "G1CollectForAllocation", Time since last: 4015917 ns, Reaching safepoint: 8465 ns, Cleanup: 1959 ns, At safepoint: 2272479 ns, Leaving safepoint: 7823 ns, Total: 2290726 ns
[3.722s][info][gc       ] GC(376) Pause Young (Normal) (G1 Evacuation Pause) 230M->229M(256M) 1.651ms
[3.722s][info][gc,cpu   ] GC(376) User=0.00s Sys=0.00s Real=0.00s
[3.722s][info][safepoint] Safepoint "G1CollectForAllocation", Time since last: 901384 ns, Reaching safepoint: 1428 ns, Cleanup: 1806 ns, At safepoint: 1670048 ns, Leaving safepoint: 1739 ns, Total: 1675021 ns
[3.722s][info][gc       ] GC(374) Pause Remark 230M->228M(256M) 0.127ms
[3.722s][info][gc,cpu   ] GC(374) User=0.00s Sys=0.00s Real=0.00s
[3.722s][info][safepoint] Safepoint "G1PauseRemark", Time since last: 166432 ns, Reaching safepoint: 663 ns, Cleanup: 945 ns, At safepoint: 136509 ns, Leaving safepoint: 1250 ns, Total: 139367 ns
[3.726s][info][gc       ] GC(377) Pause Young (Normal) (G1 Evacuation Pause) 237M->237M(256M) 1.365ms
[3.726s][info][gc,cpu   ] GC(377) User=0.00s Sys=0.00s Real=0.00s
[3.729s][info][safepoint] Safepoint "G1CollectForAllocation", Time since last: 2272242 ns, Reaching safepoint: 851 ns, Cleanup: 1370 ns, At safepoint: 1384979 ns, Leaving safepoint: 3144536 ns, Total: 4531736 ns
[3.731s][info][gc       ] GC(378) Pause Young (Normal) (G1 Evacuation Pause) (Evacuation Failure) 247M->253M(256M) 1.220ms
[3.731s][info][gc,cpu   ] GC(378) User=0.00s Sys=0.00s Real=0.00s
[3.731s][info][safepoint] Safepoint "G1CollectForAllocation", Time since last: 684171 ns, Reaching safepoint: 29443 ns, Cleanup: 1510 ns, At safepoint: 1235895 ns, Leaving safepoint: 12479 ns, Total: 1279327 ns
[3.731s][info][gc       ] GC(374) Pause Cleanup 253M->253M(256M) 0.088ms
[3.731s][info][gc,cpu   ] GC(374) User=0.00s Sys=0.00s Real=0.00s
[3.731s][info][safepoint] Safepoint "G1PauseCleanup", Time since last: 11944 ns, Reaching safepoint: 93685 ns, Cleanup: 1076 ns, At safepoint: 97327 ns, Leaving safepoint: 66860 ns, Total: 258948 ns
[3.733s][info][gc       ] GC(374) Concurrent Mark Cycle 25.160ms
[3.733s][info][gc       ] GC(379) Pause Young (Prepare Mixed) (G1 Evacuation Pause) (Evacuation Failure) 255M->255M(256M) 0.291ms
[3.733s][info][gc,cpu   ] GC(379) User=0.01s Sys=0.00s Real=0.00s
[3.755s][info][gc       ] GC(380) Pause Full (G1 Compaction Pause) 255M->108M(256M) 21.343ms
[3.755s][info][gc,cpu   ] GC(380) User=0.02s Sys=0.00s Real=0.02s
[3.761s][info][safepoint] Safepoint "G1CollectForAllocation", Time since last: 2271227 ns, Reaching safepoint: 6081 ns, Cleanup: 723 ns, At safepoint: 21688027 ns, Leaving safepoint: 5789384 ns, Total: 27484215 ns
[3.775s][info][gc       ] GC(381) Pause Young (Normal) (G1 Evacuation Pause) 163M->151M(256M) 7.506ms
[3.775s][info][gc,cpu   ] GC(381) User=0.01s Sys=0.00s Real=0.01s
[3.775s][info][safepoint] Safepoint "G1CollectForAllocation", Time since last: 6878999 ns, Reaching safepoint: 2078 ns, Cleanup: 2160 ns, At safepoint: 7529700 ns, Leaving safepoint: 745 ns, Total: 7534683 ns
[3.788s][info][gc       ] GC(382) Pause Young (Concurrent Start) (G1 Evacuation Pause) 186M->179M(256M) 6.685ms
[3.788s][info][gc       ] GC(383) Concurrent Mark Cycle
[3.788s][info][gc,cpu   ] GC(382) User=0.01s Sys=0.00s Real=0.00s
[3.794s][info][safepoint] Safepoint "G1CollectForAllocation", Time since last: 6141231 ns, Reaching safepoint: 1953 ns, Cleanup: 1683 ns, At safepoint: 6823810 ns, Leaving safepoint: 5862539 ns, Total: 12689985 ns
[3.803s][info][gc       ] GC(383) Pause Remark 199M->199M(256M) 0.134ms
[3.803s][info][gc,cpu   ] GC(383) User=0.00s Sys=0.00s Real=0.00s
[3.807s][info][safepoint] Safepoint "G1PauseRemark", Time since last: 8640612 ns, Reaching safepoint: 103757 ns, Cleanup: 2754 ns, At safepoint: 153402 ns, Leaving safepoint: 3768042 ns, Total: 4027955 ns
[3.808s][info][gc       ] GC(383) Pause Cleanup 200M->200M(256M) 0.086ms
[3.808s][info][gc,cpu   ] GC(383) User=0.00s Sys=0.00s Real=0.00s
[3.808s][info][safepoint] Safepoint "G1PauseCleanup", Time since last: 1362268 ns, Reaching safepoint: 8186 ns, Cleanup: 1295 ns, At safepoint: 99836 ns, Leaving safepoint: 3900 ns, Total: 113217 ns
[3.808s][info][gc       ] GC(383) Concurrent Mark Cycle 20.514ms
[3.814s][info][gc       ] GC(384) Pause Young (Prepare Mixed) (G1 Evacuation Pause) 203M->199M(256M) 4.833ms
[3.814s][info][gc,cpu   ] GC(384) User=0.01s Sys=0.00s Real=0.00s
[3.814s][info][safepoint] Safepoint "G1CollectForAllocation", Time since last: 791822 ns, Reaching safepoint: 821 ns, Cleanup: 1040 ns, At safepoint: 4858009 ns, Leaving safepoint: 25081 ns, Total: 4884951 ns
[3.820s][info][gc       ] GC(385) Pause Young (Mixed) (G1 Evacuation Pause) 215M->192M(256M) 4.008ms
[3.820s][info][gc,cpu   ] GC(385) User=0.00s Sys=0.00s Real=0.01s
[3.825s][info][safepoint] Safepoint "G1CollectForAllocation", Time since last: 1624891 ns, Reaching safepoint: 1706 ns, Cleanup: 2165 ns, At safepoint: 4154112 ns, Leaving safepoint: 5150595 ns, Total: 9308578 ns
[3.832s][info][gc       ] GC(386) Pause Young (Mixed) (G1 Evacuation Pause) 211M->189M(256M) 5.108ms
[3.832s][info][gc,cpu   ] GC(386) User=0.00s Sys=0.00s Real=0.01s
[3.833s][info][safepoint] Safepoint "G1CollectForAllocation", Time since last: 1737365 ns, Reaching safepoint: 7272 ns, Cleanup: 1850 ns, At safepoint: 5139391 ns, Leaving safepoint: 1128769 ns, Total: 6277282 ns
[3.843s][info][gc       ] GC(387) Pause Young (Mixed) (G1 Evacuation Pause) 209M->187M(256M) 4.629ms
[3.843s][info][gc,cpu   ] GC(387) User=0.00s Sys=0.00s Real=0.00s
[3.845s][info][safepoint] Safepoint "G1CollectForAllocation", Time since last: 5904721 ns, Reaching safepoint: 7558 ns, Cleanup: 1907 ns, At safepoint: 4653798 ns, Leaving safepoint: 1426123 ns, Total: 6089386 ns
[3.853s][info][gc       ] GC(388) Pause Young (Mixed) (G1 Evacuation Pause) 208M->191M(256M) 5.136ms
[3.853s][info][gc,cpu   ] GC(388) User=0.00s Sys=0.00s Real=0.01s
[3.857s][info][safepoint] Safepoint "G1CollectForAllocation", Time since last: 3274045 ns, Reaching safepoint: 1805 ns, Cleanup: 1881 ns, At safepoint: 5161644 ns, Leaving safepoint: 3558874 ns, Total: 8724204 ns
[3.862s][info][gc       ] GC(389) Pause Young (Concurrent Start) (G1 Evacuation Pause) 210M->209M(256M) 3.642ms
[3.862s][info][gc       ] GC(390) Concurrent Mark Cycle
[3.862s][info][gc,cpu   ] GC(389) User=0.00s Sys=0.00s Real=0.00s
[3.865s][info][safepoint] Safepoint "G1CollectForAllocation", Time since last: 1910160 ns, Reaching safepoint: 7523 ns, Cleanup: 1686 ns, At safepoint: 3744328 ns, Leaving safepoint: 2361284 ns, Total: 6114821 ns
[3.869s][info][gc       ] GC(391) Pause Young (Normal) (G1 Evacuation Pause) 223M->222M(256M) 2.685ms
[3.869s][info][gc,cpu   ] GC(391) User=0.00s Sys=0.00s Real=0.01s
[3.873s][info][safepoint] Safepoint "G1CollectForAllocation", Time since last: 1618848 ns, Reaching safepoint: 1413 ns, Cleanup: 1444 ns, At safepoint: 2705231 ns, Leaving safepoint: 3648177 ns, Total: 6356265 ns
[3.875s][info][gc       ] GC(392) Pause Young (Normal) (G1 Evacuation Pause) 231M->231M(256M) 1.538ms
[3.875s][info][gc,cpu   ] GC(392) User=0.01s Sys=0.00s Real=0.00s
[3.875s][info][safepoint] Safepoint "G1CollectForAllocation", Time since last: 668626 ns, Reaching safepoint: 6131 ns, Cleanup: 1528 ns, At safepoint: 1553866 ns, Leaving safepoint: 17848 ns, Total: 1579373 ns
[3.875s][info][gc       ] GC(390) Pause Remark 231M->230M(256M) 0.124ms
[3.875s][info][gc,cpu   ] GC(390) User=0.00s Sys=0.00s Real=0.00s
[3.875s][info][safepoint] Safepoint "G1PauseRemark", Time since last: 14281 ns, Reaching safepoint: 86332 ns, Cleanup: 859 ns, At safepoint: 132876 ns, Leaving safepoint: 72307 ns, Total: 292374 ns
[3.880s][info][gc       ] GC(393) Pause Young (Normal) (G1 Evacuation Pause) 240M->239M(256M) 1.322ms
[3.880s][info][gc,cpu   ] GC(393) User=0.00s Sys=0.00s Real=0.00s
[3.880s][info][safepoint] Safepoint "G1CollectForAllocation", Time since last: 3758911 ns, Reaching safepoint: 7185 ns, Cleanup: 1604 ns, At safepoint: 1347420 ns, Leaving safepoint: 1782 ns, Total: 1357991 ns
[3.886s][info][gc       ] GC(394) Pause Young (Normal) (G1 Evacuation Pause) (Evacuation Failure) 249M->254M(256M) 1.025ms
[3.886s][info][gc,cpu   ] GC(394) User=0.00s Sys=0.00s Real=0.00s
[3.886s][info][safepoint] Safepoint "G1CollectForAllocation", Time since last: 5014530 ns, Reaching safepoint: 29502 ns, Cleanup: 1502 ns, At safepoint: 1049851 ns, Leaving safepoint: 18903 ns, Total: 1099758 ns
[3.889s][info][gc       ] GC(395) Pause Young (Normal) (G1 Evacuation Pause) (Evacuation Failure) 255M->255M(256M) 0.203ms
[3.889s][info][gc,cpu   ] GC(395) User=0.00s Sys=0.00s Real=0.00s
[3.912s][info][gc       ] GC(396) Pause Full (G1 Compaction Pause) 255M->108M(256M) 22.759ms
[3.912s][info][gc,cpu   ] GC(396) User=0.02s Sys=0.00s Real=0.02s
[3.917s][info][safepoint] Safepoint "G1CollectForAllocation", Time since last: 2286195 ns, Reaching safepoint: 3499 ns, Cleanup: 863 ns, At safepoint: 22999480 ns, Leaving safepoint: 4925876 ns, Total: 27929718 ns
[3.921s][info][gc       ] GC(390) Pause Cleanup 145M->145M(256M) 0.008ms
[3.921s][info][gc,cpu   ] GC(390) User=0.00s Sys=0.00s Real=0.00s
[3.925s][info][safepoint] Safepoint "G1PauseCleanup", Time since last: 4048674 ns, Reaching safepoint: 92878 ns, Cleanup: 3249 ns, At safepoint: 31512 ns, Leaving safepoint: 3820876 ns, Total: 3948515 ns
[3.925s][info][gc       ] GC(390) Concurrent Mark Cycle 62.430ms
[3.938s][info][gc       ] GC(397) Pause Young (Normal) (G1 Evacuation Pause) 154M->146M(256M) 11.756ms
[3.938s][info][gc,cpu   ] GC(397) User=0.01s Sys=0.00s Real=0.02s
[3.941s][info][safepoint] Safepoint "G1CollectForAllocation", Time since last: 1223507 ns, Reaching safepoint: 7048 ns, Cleanup: 1683 ns, At safepoint: 11783883 ns, Leaving safepoint: 2982438 ns, Total: 14775052 ns
[3.952s][info][gc       ] GC(398) Pause Young (Normal) (G1 Evacuation Pause) 180M->173M(256M) 6.547ms
[3.952s][info][gc,cpu   ] GC(398) User=0.00s Sys=0.00s Real=0.01s
[3.952s][info][safepoint] Safepoint "G1CollectForAllocation", Time since last: 4850397 ns, Reaching safepoint: 2026 ns, Cleanup: 2071 ns, At safepoint: 6574048 ns, Leaving safepoint: 879 ns, Total: 6579024 ns
[3.964s][info][gc       ] GC(399) Pause Young (Concurrent Start) (G1 Evacuation Pause) 198M->195M(256M) 4.527ms
[3.964s][info][gc,cpu   ] GC(399) User=0.00s Sys=0.00s Real=0.00s
[3.964s][info][safepoint] Safepoint "G1CollectForAllocation", Time since last: 7173486 ns, Reaching safepoint: 7763 ns, Cleanup: 2097 ns, At safepoint: 4555904 ns, Leaving safepoint: 1939 ns, Total: 4567703 ns
[3.964s][info][gc       ] GC(400) Concurrent Mark Cycle
[3.973s][info][gc       ] GC(400) Pause Remark 208M->207M(256M) 0.136ms
[3.973s][info][gc,cpu   ] GC(400) User=0.00s Sys=0.00s Real=0.00s
[3.973s][info][safepoint] Safepoint "G1PauseRemark", Time since last: 8907298 ns, Reaching safepoint: 10198 ns, Cleanup: 1983 ns, At safepoint: 152935 ns, Leaving safepoint: 3884 ns, Total: 169000 ns
[3.978s][info][gc       ] GC(401) Pause Young (Normal) (G1 Evacuation Pause) 211M->209M(256M) 3.212ms
[3.978s][info][gc,cpu   ] GC(401) User=0.00s Sys=0.00s Real=0.01s
[3.978s][info][safepoint] Safepoint "G1CollectForAllocation", Time since last: 2050289 ns, Reaching safepoint: 1686 ns, Cleanup: 1715 ns, At safepoint: 3240299 ns, Leaving safepoint: 2184 ns, Total: 3245884 ns
[3.979s][info][gc       ] GC(400) Pause Cleanup 214M->214M(256M) 0.111ms
[3.979s][info][gc,cpu   ] GC(400) User=0.00s Sys=0.00s Real=0.00s
[3.979s][info][safepoint] Safepoint "G1PauseCleanup", Time since last: 760764 ns, Reaching safepoint: 1431 ns, Cleanup: 1811 ns, At safepoint: 130832 ns, Leaving safepoint: 1562 ns, Total: 135636 ns
[3.981s][info][gc       ] GC(400) Concurrent Mark Cycle 16.655ms
[3.984s][info][gc       ] GC(402) Pause Young (Prepare Mixed) (G1 Evacuation Pause) 222M->220M(256M) 2.220ms
[3.984s][info][gc,cpu   ] GC(402) User=0.00s Sys=0.00s Real=0.00s
[3.984s][info][safepoint] Safepoint "G1CollectForAllocation", Time since last: 2211546 ns, Reaching safepoint: 2144 ns, Cleanup: 1891 ns, At safepoint: 2255461 ns, Leaving safepoint: 9984 ns, Total: 2269480 ns
[3.991s][info][gc       ] GC(403) Pause Young (Mixed) (G1 Evacuation Pause) 230M->209M(256M) 2.200ms
[3.991s][info][gc,cpu   ] GC(403) User=0.00s Sys=0.00s Real=0.00s
[3.991s][info][safepoint] Safepoint "G1CollectForAllocation", Time since last: 5106074 ns, Reaching safepoint: 7709 ns, Cleanup: 1698 ns, At safepoint: 2222195 ns, Leaving safepoint: 1567 ns, Total: 2233169 ns
[4.000s][info][gc       ] GC(404) Pause Young (Mixed) (G1 Evacuation Pause) 223M->201M(256M) 3.174ms
[4.000s][info][gc,cpu   ] GC(404) User=0.00s Sys=0.00s Real=0.00s
[4.000s][info][safepoint] Safepoint "G1CollectForAllocation", Time since last: 5787530 ns, Reaching safepoint: 8438 ns, Cleanup: 1975 ns, At safepoint: 3201307 ns, Leaving safepoint: 11181 ns, Total: 3222901 ns
[4.005s][info][gc       ] GC(405) Pause Young (Mixed) (G1 Evacuation Pause) 217M->195M(256M) 3.665ms
[4.005s][info][gc,cpu   ] GC(405) User=0.00s Sys=0.00s Real=0.00s
[4.009s][info][safepoint] Safepoint "G1CollectForAllocation", Time since last: 1719905 ns, Reaching safepoint: 1461 ns, Cleanup: 2066 ns, At safepoint: 3691351 ns, Leaving safepoint: 3356191 ns, Total: 7051069 ns
[4.017s][info][gc       ] GC(406) Pause Young (Mixed) (G1 Evacuation Pause) 213M->192M(256M) 4.235ms
[4.017s][info][gc,cpu   ] GC(406) User=0.01s Sys=0.00s Real=0.01s
[4.021s][info][safepoint] Safepoint "G1CollectForAllocation", Time since last: 3989666 ns, Reaching safepoint: 6743 ns, Cleanup: 1925 ns, At safepoint: 4262796 ns, Leaving safepoint: 3722415 ns, Total: 7993879 ns
[4.027s][info][gc       ] GC(407) Pause Young (Mixed) (G1 Evacuation Pause) 212M->199M(256M) 4.667ms
[4.027s][info][gc,cpu   ] GC(407) User=0.01s Sys=0.00s Real=0.00s
[4.027s][info][safepoint] Safepoint "G1CollectForAllocation", Time since last: 1830636 ns, Reaching safepoint: 7792 ns, Cleanup: 1723 ns, At safepoint: 4693830 ns, Leaving safepoint: 18991 ns, Total: 4722336 ns
[4.036s][info][gc       ] GC(408) Pause Young (Concurrent Start) (G1 Evacuation Pause) 216M->215M(256M) 2.908ms
[4.036s][info][gc       ] GC(409) Concurrent Mark Cycle
[4.036s][info][gc,cpu   ] GC(408) User=0.01s Sys=0.00s Real=0.00s
[4.042s][info][safepoint] Safepoint "G1CollectForAllocation", Time since last: 5431477 ns, Reaching safepoint: 4926 ns, Cleanup: 1986 ns, At safepoint: 3016057 ns, Leaving safepoint: 5808447 ns, Total: 8831416 ns
[4.046s][info][gc       ] GC(410) Pause Young (Normal) (G1 Evacuation Pause) 227M->226M(256M) 2.039ms
[4.046s][info][gc,cpu   ] GC(410) User=0.01s Sys=0.00s Real=0.00s
[4.046s][info][safepoint] Safepoint "G1CollectForAllocation", Time since last: 2210112 ns, Reaching safepoint: 10287 ns, Cleanup: 1618 ns, At safepoint: 2064483 ns, Leaving safepoint: 18484 ns, Total: 2094872 ns
[4.046s][info][gc       ] GC(409) Pause Remark 226M->224M(256M) 0.122ms
[4.046s][info][gc,cpu   ] GC(409) User=0.00s Sys=0.00s Real=0.00s
[4.046s][info][safepoint] Safepoint "G1PauseRemark", Time since last: 32228 ns, Reaching safepoint: 85971 ns, Cleanup: 1589 ns, At safepoint: 130755 ns, Leaving safepoint: 73804 ns, Total: 292119 ns
[4.048s][info][gc       ] GC(409) Pause Cleanup 225M->225M(256M) 0.100ms
[4.048s][info][gc,cpu   ] GC(409) User=0.00s Sys=0.00s Real=0.00s
[4.048s][info][safepoint] Safepoint "G1PauseCleanup", Time since last: 1512415 ns, Reaching safepoint: 1055 ns, Cleanup: 1193 ns, At safepoint: 115423 ns, Leaving safepoint: 1369 ns, Total: 119040 ns
[4.050s][info][gc       ] GC(409) Concurrent Mark Cycle 14.108ms
[4.051s][info][gc       ] GC(411) Pause Young (Prepare Mixed) (G1 Evacuation Pause) 234M->233M(256M) 1.641ms
[4.051s][info][gc,cpu   ] GC(411) User=0.00s Sys=0.00s Real=0.00s
[4.053s][info][safepoint] Safepoint "G1CollectForAllocation", Time since last: 1974415 ns, Reaching safepoint: 5766 ns, Cleanup: 1097 ns, At safepoint: 1658051 ns, Leaving safepoint: 1263077 ns, Total: 2927991 ns
[4.058s][info][gc       ] GC(412) Pause Young (Mixed) (G1 Evacuation Pause) (Evacuation Failure) 243M->224M(256M) 1.789ms
[4.058s][info][gc,cpu   ] GC(412) User=0.00s Sys=0.00s Real=0.00s
[4.059s][info][safepoint] Safepoint "G1CollectForAllocation", Time since last: 4005691 ns, Reaching safepoint: 6513 ns, Cleanup: 1235 ns, At safepoint: 1806368 ns, Leaving safepoint: 27068 ns, Total: 1841184 ns
[4.063s][info][gc       ] GC(413) Pause Young (Mixed) (G1 Evacuation Pause) 234M->211M(256M) 2.811ms
[4.063s][info][gc,cpu   ] GC(413) User=0.00s Sys=0.00s Real=0.00s
[4.069s][info][safepoint] Safepoint "G1CollectForAllocation", Time since last: 1951052 ns, Reaching safepoint: 5890 ns, Cleanup: 1305 ns, At safepoint: 2827772 ns, Leaving safepoint: 5368294 ns, Total: 8203261 ns
[4.074s][info][gc       ] GC(414) Pause Young (Mixed) (G1 Evacuation Pause) 224M->203M(256M) 3.503ms
[4.074s][info][gc,cpu   ] GC(414) User=0.00s Sys=0.00s Real=0.00s
[4.074s][info][safepoint] Safepoint "G1CollectForAllocation", Time since last: 1309584 ns, Reaching safepoint: 6344 ns, Cleanup: 1640 ns, At safepoint: 3522544 ns, Leaving safepoint: 25823 ns, Total: 3556351 ns
[4.080s][info][gc       ] GC(415) Pause Young (Mixed) (G1 Evacuation Pause) 219M->197M(256M) 3.616ms
[4.080s][info][gc,cpu   ] GC(415) User=0.00s Sys=0.00s Real=0.00s
[4.080s][info][safepoint] Safepoint "G1CollectForAllocation", Time since last: 3139382 ns, Reaching safepoint: 4838 ns, Cleanup: 1463 ns, At safepoint: 3634736 ns, Leaving safepoint: 1833 ns, Total: 3642870 ns
[4.093s][info][gc       ] GC(416) Pause Young (Mixed) (G1 Evacuation Pause) 215M->194M(256M) 4.789ms
[4.094s][info][gc,cpu   ] GC(416) User=0.00s Sys=0.00s Real=0.00s
[4.094s][info][safepoint] Safepoint "G1CollectForAllocation", Time since last: 8353287 ns, Reaching safepoint: 6313 ns, Cleanup: 1539 ns, At safepoint: 4813950 ns, Leaving safepoint: 3121 ns, Total: 4824923 ns
[4.100s][info][gc       ] GC(417) Pause Young (Mixed) (G1 Evacuation Pause) 213M->206M(256M) 3.636ms
[4.100s][info][gc,cpu   ] GC(417) User=0.01s Sys=0.00s Real=0.01s
[4.100s][info][safepoint] Safepoint "G1CollectForAllocation", Time since last: 2981996 ns, Reaching safepoint: 1596 ns, Cleanup: 1845 ns, At safepoint: 3660269 ns, Leaving safepoint: 906 ns, Total: 3664616 ns
[4.109s][info][gc       ] GC(418) Pause Young (Concurrent Start) (G1 Evacuation Pause) 221M->220M(256M) 2.574ms
[4.109s][info][gc,cpu   ] GC(418) User=0.01s Sys=0.00s Real=0.00s
[4.109s][info][gc       ] GC(419) Concurrent Mark Cycle
[4.111s][info][safepoint] Safepoint "G1CollectForAllocation", Time since last: 5878963 ns, Reaching safepoint: 7640 ns, Cleanup: 1423 ns, At safepoint: 2597837 ns, Leaving safepoint: 2669349 ns, Total: 5276249 ns
[4.114s][info][gc       ] GC(420) Pause Young (Normal) (G1 Evacuation Pause) 230M->229M(256M) 1.693ms
[4.114s][info][gc,cpu   ] GC(420) User=0.00s Sys=0.00s Real=0.00s
[4.117s][info][safepoint] Safepoint "G1CollectForAllocation", Time since last: 754400 ns, Reaching safepoint: 1017 ns, Cleanup: 1483 ns, At safepoint: 1729395 ns, Leaving safepoint: 2881584 ns, Total: 4613479 ns
[4.119s][info][gc       ] GC(421) Pause Young (Normal) (G1 Evacuation Pause) 239M->238M(256M) 1.716ms
[4.119s][info][gc,cpu   ] GC(421) User=0.00s Sys=0.00s Real=0.00s
[4.119s][info][safepoint] Safepoint "G1CollectForAllocation", Time since last: 741673 ns, Reaching safepoint: 14952 ns, Cleanup: 2658 ns, At safepoint: 1731449 ns, Leaving safepoint: 15545 ns, Total: 1764604 ns
[4.119s][info][gc       ] GC(419) Pause Remark 238M->234M(256M) 0.158ms
[4.119s][info][gc,cpu   ] GC(419) User=0.00s Sys=0.00s Real=0.00s
[4.120s][info][safepoint] Safepoint "G1PauseRemark", Time since last: 14215 ns, Reaching safepoint: 100116 ns, Cleanup: 1045 ns, At safepoint: 166507 ns, Leaving safepoint: 65703 ns, Total: 333371 ns
[4.124s][info][gc       ] GC(422) Pause Young (Normal) (G1 Evacuation Pause) 244M->243M(256M) 1.297ms
[4.124s][info][gc,cpu   ] GC(422) User=0.00s Sys=0.00s Real=0.00s
[4.124s][info][safepoint] Safepoint "G1CollectForAllocation", Time since last: 3392094 ns, Reaching safepoint: 5528 ns, Cleanup: 1344 ns, At safepoint: 1320464 ns, Leaving safepoint: 1545 ns, Total: 1328881 ns
[4.130s][info][gc       ] GC(423) Pause Young (Normal) (G1 Evacuation Pause) (Evacuation Failure) 252M->255M(256M) 0.661ms
[4.130s][info][gc,cpu   ] GC(423) User=0.00s Sys=0.00s Real=0.00s
[4.154s][info][gc       ] GC(424) Pause Full (G1 Compaction Pause) 255M->108M(256M) 23.899ms
[4.154s][info][gc,cpu   ] GC(424) User=0.02s Sys=0.00s Real=0.02s
[4.157s][info][safepoint] Safepoint "G1CollectForAllocation", Time since last: 5177283 ns, Reaching safepoint: 5601 ns, Cleanup: 1483 ns, At safepoint: 24609690 ns, Leaving safepoint: 2639003 ns, Total: 27255777 ns
[4.160s][info][gc       ] GC(419) Pause Cleanup 130M->130M(256M) 0.008ms
[4.160s][info][gc,cpu   ] GC(419) User=0.00s Sys=0.00s Real=0.00s
[4.160s][info][safepoint] Safepoint "G1PauseCleanup", Time since last: 2918458 ns, Reaching safepoint: 91319 ns, Cleanup: 2680 ns, At safepoint: 29680 ns, Leaving safepoint: 145106 ns, Total: 268785 ns
[4.160s][info][gc       ] GC(419) Concurrent Mark Cycle 51.243ms
[4.173s][info][gc       ] GC(425) Pause Young (Normal) (G1 Evacuation Pause) 157M->147M(256M) 7.987ms
[4.173s][info][gc,cpu   ] GC(425) User=0.01s Sys=0.00s Real=0.01s
[4.173s][info][safepoint] Safepoint "G1CollectForAllocation", Time since last: 4679095 ns, Reaching safepoint: 1941 ns, Cleanup: 1933 ns, At safepoint: 8015275 ns, Leaving safepoint: 917 ns, Total: 8020066 ns
[4.183s][info][gc       ] GC(426) Pause Young (Normal) (G1 Evacuation Pause) 182M->176M(256M) 5.947ms
[4.183s][info][gc,cpu   ] GC(426) User=0.00s Sys=0.00s Real=0.00s
[4.189s][info][safepoint] Safepoint "G1CollectForAllocation", Time since last: 4577030 ns, Reaching safepoint: 1426 ns, Cleanup: 1990 ns, At safepoint: 5968956 ns, Leaving safepoint: 5553241 ns, Total: 11525613 ns
[4.196s][info][gc       ] GC(427) Pause Young (Concurrent Start) (G1 Evacuation Pause) 200M->197M(256M) 4.721ms
[4.196s][info][gc       ] GC(428) Concurrent Mark Cycle
[4.196s][info][gc,cpu   ] GC(427) User=0.00s Sys=0.00s Real=0.00s
[4.199s][info][safepoint] Safepoint "G1CollectForAllocation", Time since last: 2577822 ns, Reaching safepoint: 5317 ns, Cleanup: 1421 ns, At safepoint: 4828755 ns, Leaving safepoint: 2579226 ns, Total: 7414719 ns
[4.206s][info][gc       ] GC(429) Pause Young (Normal) (G1 Evacuation Pause) 214M->212M(256M) 3.212ms
[4.206s][info][gc,cpu   ] GC(429) User=0.00s Sys=0.00s Real=0.00s
[4.206s][info][safepoint] Safepoint "G1CollectForAllocation", Time since last: 3741586 ns, Reaching safepoint: 6788 ns, Cleanup: 69352 ns, At safepoint: 3243697 ns, Leaving safepoint: 9312 ns, Total: 3329149 ns
[4.210s][info][gc       ] GC(428) Pause Remark 221M->221M(256M) 0.143ms
[4.210s][info][gc,cpu   ] GC(428) User=0.00s Sys=0.00s Real=0.00s
[4.210s][info][safepoint] Safepoint "G1PauseRemark", Time since last: 3951043 ns, Reaching safepoint: 80378 ns, Cleanup: 2618 ns, At safepoint: 163212 ns, Leaving safepoint: 3995 ns, Total: 250203 ns
[4.214s][info][gc       ] GC(430) Pause Young (Normal) (G1 Evacuation Pause) 223M->223M(256M) 2.222ms
[4.214s][info][gc,cpu   ] GC(430) User=0.00s Sys=0.00s Real=0.00s
[4.214s][info][safepoint] Safepoint "G1CollectForAllocation", Time since last: 2005116 ns, Reaching safepoint: 1587 ns, Cleanup: 1672 ns, At safepoint: 2247528 ns, Leaving safepoint: 14614 ns, Total: 2265401 ns
[4.217s][info][gc       ] GC(431) Pause Young (Normal) (G1 Evacuation Pause) 233M->232M(256M) 1.857ms
[4.217s][info][gc,cpu   ] GC(431) User=0.00s Sys=0.00s Real=0.01s
[4.221s][info][safepoint] Safepoint "G1CollectForAllocation", Time since last: 955481 ns, Reaching safepoint: 1782 ns, Cleanup: 1545 ns, At safepoint: 1874977 ns, Leaving safepoint: 3635779 ns, Total: 5514083 ns
[4.223s][info][gc       ] GC(432) Pause Young (Normal) (G1 Evacuation Pause) (Evacuation Failure) 242M->247M(256M) 1.543ms
[4.223s][info][gc,cpu   ] GC(432) User=0.00s Sys=0.00s Real=0.00s
[4.223s][info][safepoint] Safepoint "G1CollectForAllocation", Time since last: 858069 ns, Reaching safepoint: 6661 ns, Cleanup: 1384 ns, At safepoint: 1558962 ns, Leaving safepoint: 15513 ns, Total: 1582520 ns
[4.223s][info][gc       ] GC(428) Pause Cleanup 247M->247M(256M) 0.099ms
[4.223s][info][gc,cpu   ] GC(428) User=0.00s Sys=0.00s Real=0.00s
[4.223s][info][safepoint] Safepoint "G1PauseCleanup", Time since last: 13297 ns, Reaching safepoint: 86433 ns, Cleanup: 988 ns, At safepoint: 107702 ns, Leaving safepoint: 88530 ns, Total: 283653 ns
[4.226s][info][gc       ] GC(428) Concurrent Mark Cycle 29.709ms
[4.226s][info][gc       ] GC(433) Pause Young (Prepare Mixed) (G1 Evacuation Pause) (Evacuation Failure) 252M->252M(256M) 0.301ms
[4.226s][info][gc,cpu   ] GC(433) User=0.00s Sys=0.00s Real=0.00s
[4.249s][info][gc       ] GC(434) Pause Full (G1 Compaction Pause) 252M->108M(256M) 22.855ms
[4.249s][info][gc,cpu   ] GC(434) User=0.02s Sys=0.00s Real=0.03s
[4.253s][info][safepoint] Safepoint "G1CollectForAllocation", Time since last: 2315663 ns, Reaching safepoint: 5573 ns, Cleanup: 999 ns, At safepoint: 23196368 ns, Leaving safepoint: 3754483 ns, Total: 26957423 ns
[4.268s][info][gc       ] GC(435) Pause Young (Normal) (G1 Evacuation Pause) 163M->151M(256M) 7.538ms
[4.268s][info][gc,cpu   ] GC(435) User=0.01s Sys=0.00s Real=0.00s
[4.268s][info][safepoint] Safepoint "G1CollectForAllocation", Time since last: 7710131 ns, Reaching safepoint: 2227 ns, Cleanup: 3202 ns, At safepoint: 7566633 ns, Leaving safepoint: 1410 ns, Total: 7573472 ns
[4.282s][info][gc       ] GC(436) Pause Young (Normal) (G1 Evacuation Pause) 186M->181M(256M) 5.591ms
[4.282s][info][gc,cpu   ] GC(436) User=0.01s Sys=0.00s Real=0.00s
[4.285s][info][safepoint] Safepoint "G1CollectForAllocation", Time since last: 8889870 ns, Reaching safepoint: 6901 ns, Cleanup: 2377 ns, At safepoint: 5610998 ns, Leaving safepoint: 2193231 ns, Total: 7813507 ns
[4.296s][info][gc       ] GC(437) Pause Young (Concurrent Start) (G1 Evacuation Pause) 204M->201M(256M) 4.668ms
[4.296s][info][gc,cpu   ] GC(437) User=0.00s Sys=0.00s Real=0.00s
[4.296s][info][gc       ] GC(438) Concurrent Mark Cycle
[4.301s][info][safepoint] Safepoint "G1CollectForAllocation", Time since last: 6442282 ns, Reaching safepoint: 6170 ns, Cleanup: 2108 ns, At safepoint: 4696474 ns, Leaving safepoint: 4873625 ns, Total: 9578377 ns
[4.309s][info][gc       ] GC(439) Pause Young (Normal) (G1 Evacuation Pause) 216M->214M(256M) 2.929ms
[4.309s][info][gc,cpu   ] GC(439) User=0.00s Sys=0.00s Real=0.01s
[4.309s][info][safepoint] Safepoint "G1CollectForAllocation", Time since last: 5492137 ns, Reaching safepoint: 6605 ns, Cleanup: 2437 ns, At safepoint: 2952226 ns, Leaving safepoint: 2339 ns, Total: 2963607 ns
[4.310s][info][gc       ] GC(438) Pause Remark 221M->220M(256M) 0.121ms
[4.310s][info][gc,cpu   ] GC(438) User=0.00s Sys=0.00s Real=0.00s
[4.310s][info][safepoint] Safepoint "G1PauseRemark", Time since last: 741296 ns, Reaching safepoint: 1427 ns, Cleanup: 1914 ns, At safepoint: 135331 ns, Leaving safepoint: 1352 ns, Total: 140024 ns
[4.314s][info][gc       ] GC(438) Pause Cleanup 220M->220M(256M) 0.099ms
[4.314s][info][gc,cpu   ] GC(438) User=0.00s Sys=0.00s Real=0.00s
[4.314s][info][safepoint] Safepoint "G1PauseCleanup", Time since last: 4090942 ns, Reaching safepoint: 10588 ns, Cleanup: 1397 ns, At safepoint: 115788 ns, Leaving safepoint: 3540 ns, Total: 131313 ns
[4.315s][info][gc       ] GC(438) Concurrent Mark Cycle 19.255ms
[4.317s][info][gc       ] GC(440) Pause Young (Prepare Mixed) (G1 Evacuation Pause) 224M->223M(256M) 2.184ms
[4.317s][info][gc,cpu   ] GC(440) User=0.00s Sys=0.00s Real=0.01s
[4.317s][info][safepoint] Safepoint "G1CollectForAllocation", Time since last: 844787 ns, Reaching safepoint: 1244 ns, Cleanup: 946 ns, At safepoint: 2206432 ns, Leaving safepoint: 19624 ns, Total: 2228246 ns
[4.323s][info][gc       ] GC(441) Pause Young (Mixed) (G1 Evacuation Pause) 233M->210M(256M) 2.074ms
[4.323s][info][gc,cpu   ] GC(441) User=0.01s Sys=0.00s Real=0.00s
[4.323s][info][safepoint] Safepoint "G1CollectForAllocation", Time since last: 3356756 ns, Reaching safepoint: 3711 ns, Cleanup: 1142 ns, At safepoint: 2091052 ns, Leaving safepoint: 21760 ns, Total: 2117665 ns
[4.328s][info][gc       ] GC(442) Pause Young (Mixed) (G1 Evacuation Pause) 223M->202M(256M) 2.945ms
[4.328s][info][gc,cpu   ] GC(442) User=0.00s Sys=0.00s Real=0.00s
[4.328s][info][safepoint] Safepoint "G1CollectForAllocation", Time since last: 1881162 ns, Reaching safepoint: 3645 ns, Cleanup: 1156 ns, At safepoint: 2961891 ns, Leaving safepoint: 21690 ns, Total: 2988382 ns
[4.334s][info][gc       ] GC(443) Pause Young (Mixed) (G1 Evacuation Pause) 218M->197M(256M) 3.883ms
[4.334s][info][gc,cpu   ] GC(443) User=0.01s Sys=0.00s Real=0.00s
[4.337s][info][safepoint] Safepoint "G1CollectForAllocation", Time since last: 2501820 ns, Reaching safepoint: 1196 ns, Cleanup: 1789 ns, At safepoint: 3906765 ns, Leaving safepoint: 2592869 ns, Total: 6502619 ns
[4.342s][info][gc       ] GC(444) Pause Young (Mixed) (G1 Evacuation Pause) 215M->193M(256M) 3.804ms
[4.342s][info][gc,cpu   ] GC(444) User=0.01s Sys=0.00s Real=0.00s
[4.345s][info][safepoint] Safepoint "G1CollectForAllocation", Time since last: 1547387 ns, Reaching safepoint: 8307 ns, Cleanup: 1508 ns, At safepoint: 3828150 ns, Leaving safepoint: 2618390 ns, Total: 6456355 ns
[4.352s][info][gc       ] GC(445) Pause Young (Mixed) (G1 Evacuation Pause) 212M->191M(256M) 3.662ms
[4.352s][info][gc,cpu   ] GC(445) User=0.01s Sys=0.00s Real=0.00s
[4.352s][info][safepoint] Safepoint "G1CollectForAllocation", Time since last: 4006980 ns, Reaching safepoint: 5825 ns, Cleanup: 1850 ns, At safepoint: 3707509 ns, Leaving safepoint: 8521 ns, Total: 3723705 ns
[4.362s][info][gc       ] GC(446) Pause Young (Concurrent Start) (G1 Evacuation Pause) 211M->209M(256M) 3.627ms
[4.362s][info][gc       ] GC(447) Concurrent Mark Cycle
[4.362s][info][gc,cpu   ] GC(446) User=0.01s Sys=0.00s Real=0.00s
[4.365s][info][safepoint] Safepoint "G1CollectForAllocation", Time since last: 6069068 ns, Reaching safepoint: 5035 ns, Cleanup: 1570 ns, At safepoint: 3735770 ns, Leaving safepoint: 2466069 ns, Total: 6208444 ns
[4.371s][info][gc       ] GC(448) Pause Young (Normal) (G1 Evacuation Pause) 223M->221M(256M) 2.115ms
[4.371s][info][gc,cpu   ] GC(448) User=0.00s Sys=0.00s Real=0.00s
[4.371s][info][safepoint] Safepoint "G1CollectForAllocation", Time since last: 4351919 ns, Reaching safepoint: 4303 ns, Cleanup: 1499 ns, At safepoint: 2135497 ns, Leaving safepoint: 16983 ns, Total: 2158282 ns
[4.374s][info][gc       ] GC(449) Pause Young (Normal) (G1 Evacuation Pause) 230M->230M(256M) 1.578ms
[4.374s][info][gc,cpu   ] GC(449) User=0.00s Sys=0.00s Real=0.00s
[4.377s][info][safepoint] Safepoint "G1CollectForAllocation", Time since last: 719912 ns, Reaching safepoint: 1029 ns, Cleanup: 1315 ns, At safepoint: 1597358 ns, Leaving safepoint: 3157932 ns, Total: 4757634 ns
[4.379s][info][gc       ] GC(450) Pause Young (Normal) (G1 Evacuation Pause) 240M->239M(256M) 1.430ms
[4.379s][info][gc,cpu   ] GC(450) User=0.00s Sys=0.00s Real=0.00s
[4.379s][info][safepoint] Safepoint "G1CollectForAllocation", Time since last: 757657 ns, Reaching safepoint: 6009 ns, Cleanup: 1188 ns, At safepoint: 1464064 ns, Leaving safepoint: 6700 ns, Total: 1477961 ns
[4.381s][info][gc       ] GC(451) Pause Young (Normal) (G1 Evacuation Pause) (Evacuation Failure) 249M->255M(256M) 1.146ms
[4.381s][info][gc,cpu   ] GC(451) User=0.00s Sys=0.00s Real=0.00s
[4.402s][info][gc       ] GC(452) Pause Full (G1 Compaction Pause) 255M->108M(256M) 21.335ms
[4.402s][info][gc,cpu   ] GC(452) User=0.03s Sys=0.00s Real=0.02s
[4.405s][info][safepoint] Safepoint "G1CollectForAllocation", Time since last: 745233 ns, Reaching safepoint: 1285 ns, Cleanup: 909 ns, At safepoint: 22528248 ns, Leaving safepoint: 2514012 ns, Total: 25044454 ns
[4.413s][info][gc       ] GC(447) Pause Remark 143M->143M(256M) 0.009ms
[4.413s][info][gc,cpu   ] GC(447) User=0.00s Sys=0.00s Real=0.00s
[4.413s][info][safepoint] Safepoint "G1PauseRemark", Time since last: 8023621 ns, Reaching safepoint: 136376 ns, Cleanup: 3159 ns, At safepoint: 33655 ns, Leaving safepoint: 3843 ns, Total: 177033 ns
[4.413s][info][gc       ] GC(447) Concurrent Mark Cycle 50.777ms
[4.423s][info][gc       ] GC(453) Pause Young (Normal) (G1 Evacuation Pause) 158M->149M(256M) 7.331ms
[4.423s][info][gc,cpu   ] GC(453) User=0.01s Sys=0.00s Real=0.01s
[4.423s][info][safepoint] Safepoint "G1CollectForAllocation", Time since last: 2339806 ns, Reaching safepoint: 2168 ns, Cleanup: 2115 ns, At safepoint: 7359352 ns, Leaving safepoint: 2325 ns, Total: 7365960 ns
[4.439s][info][gc       ] GC(454) Pause Young (Concurrent Start) (G1 Evacuation Pause) 184M->176M(256M) 6.057ms
[4.439s][info][gc       ] GC(455) Concurrent Mark Cycle
[4.439s][info][gc,cpu   ] GC(454) User=0.00s Sys=0.00s Real=0.01s
[4.445s][info][safepoint] Safepoint "G1CollectForAllocation", Time since last: 10099168 ns, Reaching safepoint: 7300 ns, Cleanup: 2324 ns, At safepoint: 6201882 ns, Leaving safepoint: 5774800 ns, Total: 11986306 ns
[4.447s][info][gc       ] GC(455) Pause Remark 189M->187M(256M) 0.138ms
[4.447s][info][gc,cpu   ] GC(455) User=0.00s Sys=0.00s Real=0.00s
[4.447s][info][safepoint] Safepoint "G1PauseRemark", Time since last: 2313395 ns, Reaching safepoint: 15104 ns, Cleanup: 2332 ns, At safepoint: 155294 ns, Leaving safepoint: 4180 ns, Total: 176910 ns
[4.449s][info][gc       ] GC(455) Pause Cleanup 187M->187M(256M) 0.118ms
[4.449s][info][gc,cpu   ] GC(455) User=0.00s Sys=0.00s Real=0.01s
[4.449s][info][safepoint] Safepoint "G1PauseCleanup", Time since last: 1383778 ns, Reaching safepoint: 1414 ns, Cleanup: 1800 ns, At safepoint: 136363 ns, Leaving safepoint: 631 ns, Total: 140208 ns
[4.449s][info][gc       ] GC(455) Concurrent Mark Cycle 10.274ms
[4.458s][info][gc       ] GC(456) Pause Young (Prepare Mixed) (G1 Evacuation Pause) 200M->196M(256M) 4.955ms
[4.458s][info][gc,cpu   ] GC(456) User=0.00s Sys=0.00s Real=0.01s
[4.460s][info][safepoint] Safepoint "G1CollectForAllocation", Time since last: 3978350 ns, Reaching safepoint: 4712 ns, Cleanup: 1457 ns, At safepoint: 4979478 ns, Leaving safepoint: 2484603 ns, Total: 7470250 ns
[4.469s][info][gc       ] GC(457) Pause Young (Mixed) (G1 Evacuation Pause) 214M->191M(256M) 4.158ms
[4.469s][info][gc,cpu   ] GC(457) User=0.00s Sys=0.00s Real=0.01s
[4.473s][info][safepoint] Safepoint "G1CollectForAllocation", Time since last: 4526935 ns, Reaching safepoint: 5312 ns, Cleanup: 1645 ns, At safepoint: 4184146 ns, Leaving safepoint: 3802166 ns, Total: 7993269 ns
[4.479s][info][gc       ] GC(458) Pause Young (Mixed) (G1 Evacuation Pause) 211M->188M(256M) 4.575ms
[4.479s][info][gc,cpu   ] GC(458) User=0.00s Sys=0.00s Real=0.01s
[4.479s][info][safepoint] Safepoint "G1CollectForAllocation", Time since last: 1889616 ns, Reaching safepoint: 7415 ns, Cleanup: 1526 ns, At safepoint: 4594943 ns, Leaving safepoint: 1926 ns, Total: 4605810 ns
[4.486s][info][gc       ] GC(459) Pause Young (Mixed) (G1 Evacuation Pause) 209M->187M(256M) 4.876ms
[4.486s][info][gc,cpu   ] GC(459) User=0.01s Sys=0.00s Real=0.00s
[4.486s][info][safepoint] Safepoint "G1CollectForAllocation", Time since last: 2347454 ns, Reaching safepoint: 1260 ns, Cleanup: 1370 ns, At safepoint: 4916533 ns, Leaving safepoint: 1337 ns, Total: 4920500 ns
[4.495s][info][gc       ] GC(460) Pause Young (Mixed) (G1 Evacuation Pause) 209M->195M(256M) 4.071ms
[4.495s][info][gc,cpu   ] GC(460) User=0.01s Sys=0.00s Real=0.00s
[4.495s][info][safepoint] Safepoint "G1CollectForAllocation", Time since last: 4477367 ns, Reaching safepoint: 8413 ns, Cleanup: 1842 ns, At safepoint: 4097019 ns, Leaving safepoint: 2764 ns, Total: 4110038 ns
[4.500s][info][gc       ] GC(461) Pause Young (Concurrent Start) (G1 Evacuation Pause) 213M->212M(256M) 3.390ms
[4.500s][info][gc,cpu   ] GC(461) User=0.00s Sys=0.00s Real=0.00s
[4.500s][info][gc       ] GC(462) Concurrent Mark Cycle
[4.500s][info][safepoint] Safepoint "G1CollectForAllocation", Time since last: 1758932 ns, Reaching safepoint: 1209 ns, Cleanup: 1533 ns, At safepoint: 3427250 ns, Leaving safepoint: 80653 ns, Total: 3510645 ns
[4.511s][info][gc       ] GC(463) Pause Young (Normal) (G1 Evacuation Pause) 225M->223M(256M) 2.204ms
[4.511s][info][gc,cpu   ] GC(463) User=0.00s Sys=0.00s Real=0.01s
[4.511s][info][safepoint] Safepoint "G1CollectForAllocation", Time since last: 8095032 ns, Reaching safepoint: 12348 ns, Cleanup: 1842 ns, At safepoint: 2227928 ns, Leaving safepoint: 11444 ns, Total: 2253562 ns
[4.513s][info][gc       ] GC(464) Pause Young (Normal) (G1 Evacuation Pause) 233M->233M(256M) 1.407ms
[4.513s][info][gc,cpu   ] GC(464) User=0.01s Sys=0.00s Real=0.00s
[4.513s][info][safepoint] Safepoint "G1CollectForAllocation", Time since last: 785433 ns, Reaching safepoint: 753 ns, Cleanup: 1136 ns, At safepoint: 1424801 ns, Leaving safepoint: 1891 ns, Total: 1428581 ns
[4.518s][info][gc       ] GC(465) Pause Young (Normal) (G1 Evacuation Pause) 243M->242M(256M) 1.277ms
[4.518s][info][gc,cpu   ] GC(465) User=0.00s Sys=0.00s Real=0.00s
[4.518s][info][safepoint] Safepoint "G1CollectForAllocation", Time since last: 3834814 ns, Reaching safepoint: 5789 ns, Cleanup: 1618 ns, At safepoint: 1296239 ns, Leaving safepoint: 15777 ns, Total: 1319423 ns
[4.519s][info][gc       ] GC(466) Pause Young (Normal) (G1 Evacuation Pause) (Evacuation Failure) 252M->255M(256M) 0.617ms
[4.519s][info][gc,cpu   ] GC(466) User=0.00s Sys=0.00s Real=0.00s
[4.543s][info][gc       ] GC(467) Pause Full (G1 Compaction Pause) 255M->108M(256M) 23.694ms
[4.543s][info][gc,cpu   ] GC(467) User=0.03s Sys=0.00s Real=0.02s
[4.543s][info][safepoint] Safepoint "G1CollectForAllocation", Time since last: 722358 ns, Reaching safepoint: 1076 ns, Cleanup: 1171 ns, At safepoint: 24380464 ns, Leaving safepoint: 17286 ns, Total: 24399997 ns
[4.545s][info][gc       ] GC(462) Pause Remark 109M->109M(256M) 0.006ms
[4.545s][info][gc,cpu   ] GC(462) User=0.00s Sys=0.00s Real=0.00s
[4.545s][info][safepoint] Safepoint "G1PauseRemark", Time since last: 1559565 ns, Reaching safepoint: 96229 ns, Cleanup: 1920 ns, At safepoint: 17603 ns, Leaving safepoint: 3131 ns, Total: 118883 ns
[4.545s][info][gc       ] GC(462) Concurrent Mark Cycle 44.607ms
[4.559s][info][gc       ] GC(468) Pause Young (Normal) (G1 Evacuation Pause) 158M->147M(256M) 6.922ms
[4.559s][info][gc,cpu   ] GC(468) User=0.01s Sys=0.00s Real=0.01s
[4.559s][info][safepoint] Safepoint "G1CollectForAllocation", Time since last: 7340307 ns, Reaching safepoint: 1808 ns, Cleanup: 2197 ns, At safepoint: 6949634 ns, Leaving safepoint: 747 ns, Total: 6954386 ns
[4.570s][info][gc       ] GC(469) Pause Young (Concurrent Start) (G1 Evacuation Pause) 182M->174M(256M) 6.364ms
[4.570s][info][gc       ] GC(470) Concurrent Mark Cycle
[4.570s][info][gc,cpu   ] GC(469) User=0.00s Sys=0.00s Real=0.01s
[4.577s][info][safepoint] Safepoint "G1CollectForAllocation", Time since last: 4527363 ns, Reaching safepoint: 1435 ns, Cleanup: 1463 ns, At safepoint: 6509269 ns, Leaving safepoint: 6532672 ns, Total: 13044839 ns
[4.583s][info][gc       ] GC(471) Pause Young (Normal) (G1 Evacuation Pause) 199M->195M(256M) 4.112ms
[4.583s][info][gc,cpu   ] GC(471) User=0.01s Sys=0.00s Real=0.00s
[4.585s][info][safepoint] Safepoint "G1CollectForAllocation", Time since last: 2465163 ns, Reaching safepoint: 23993 ns, Cleanup: 1890 ns, At safepoint: 4151426 ns, Leaving safepoint: 1498762 ns, Total: 5676071 ns
[4.592s][info][gc       ] GC(472) Pause Young (Normal) (G1 Evacuation Pause) 212M->211M(256M) 2.868ms
[4.592s][info][gc,cpu   ] GC(472) User=0.00s Sys=0.00s Real=0.00s
[4.593s][info][safepoint] Safepoint "G1CollectForAllocation", Time since last: 3872909 ns, Reaching safepoint: 5184 ns, Cleanup: 2230 ns, At safepoint: 2892957 ns, Leaving safepoint: 1085218 ns, Total: 3985589 ns
[4.599s][info][gc       ] GC(473) Pause Young (Normal) (G1 Evacuation Pause) 223M->222M(256M) 2.123ms
[4.599s][info][gc,cpu   ] GC(473) User=0.00s Sys=0.00s Real=0.00s
[4.599s][info][safepoint] Safepoint "G1CollectForAllocation", Time since last: 4025058 ns, Reaching safepoint: 8682 ns, Cleanup: 2012 ns, At safepoint: 2147521 ns, Leaving safepoint: 7342 ns, Total: 2165557 ns
[4.601s][info][gc       ] GC(474) Pause Young (Normal) (G1 Evacuation Pause) 232M->231M(256M) 1.477ms
[4.601s][info][gc,cpu   ] GC(474) User=0.00s Sys=0.00s Real=0.00s
[4.601s][info][safepoint] Safepoint "G1CollectForAllocation", Time since last: 847707 ns, Reaching safepoint: 1377 ns, Cleanup: 1509 ns, At safepoint: 1494738 ns, Leaving safepoint: 2072 ns, Total: 1499696 ns
[4.606s][info][gc       ] GC(475) Pause Young (Normal) (G1 Evacuation Pause) 241M->240M(256M) 1.287ms
[4.606s][info][gc,cpu   ] GC(475) User=0.00s Sys=0.00s Real=0.00s
[4.606s][info][safepoint] Safepoint "G1CollectForAllocation", Time since last: 3465825 ns, Reaching safepoint: 6239 ns, Cleanup: 1539 ns, At safepoint: 1305007 ns, Leaving safepoint: 15935 ns, Total: 1328720 ns
[4.606s][info][gc       ] GC(470) Pause Remark 241M->240M(256M) 0.136ms
[4.606s][info][gc,cpu   ] GC(470) User=0.00s Sys=0.00s Real=0.00s
[4.606s][info][safepoint] Safepoint "G1PauseRemark", Time since last: 82818 ns, Reaching safepoint: 478 ns, Cleanup: 911 ns, At safepoint: 143266 ns, Leaving safepoint: 570 ns, Total: 145225 ns
[4.608s][info][gc       ] GC(470) Pause Cleanup 240M->240M(256M) 0.103ms
[4.608s][info][gc,cpu   ] GC(470) User=0.00s Sys=0.00s Real=0.00s
[4.608s][info][safepoint] Safepoint "G1PauseCleanup", Time since last: 1516129 ns, Reaching safepoint: 870 ns, Cleanup: 1326 ns, At safepoint: 115592 ns, Leaving safepoint: 763 ns, Total: 118551 ns
[4.609s][info][gc       ] GC(470) Concurrent Mark Cycle 38.925ms
[4.610s][info][gc       ] GC(476) Pause Young (Prepare Mixed) (G1 Evacuation Pause) (Evacuation Failure) 249M->252M(256M) 0.757ms
[4.610s][info][gc,cpu   ] GC(476) User=0.00s Sys=0.00s Real=0.00s
[4.638s][info][gc       ] GC(477) Pause Full (G1 Compaction Pause) 252M->108M(256M) 27.880ms
[4.638s][info][gc,cpu   ] GC(477) User=0.03s Sys=0.00s Real=0.03s
[4.643s][info][safepoint] Safepoint "G1CollectForAllocation", Time since last: 1094341 ns, Reaching safepoint: 1008 ns, Cleanup: 717 ns, At safepoint: 28682852 ns, Leaving safepoint: 4898243 ns, Total: 33582820 ns
[4.663s][info][gc       ] GC(478) Pause Young (Normal) (G1 Evacuation Pause) 161M->149M(256M) 12.021ms
[4.663s][info][gc,cpu   ] GC(478) User=0.01s Sys=0.00s Real=0.01s
[4.663s][info][safepoint] Safepoint "G1CollectForAllocation", Time since last: 8472777 ns, Reaching safepoint: 2696 ns, Cleanup: 3182 ns, At safepoint: 12053753 ns, Leaving safepoint: 1709 ns, Total: 12061340 ns
[4.678s][info][gc       ] GC(479) Pause Young (Concurrent Start) (G1 Evacuation Pause) 185M->178M(256M) 7.448ms
[4.678s][info][gc       ] GC(480) Concurrent Mark Cycle
[4.678s][info][gc,cpu   ] GC(479) User=0.01s Sys=0.00s Real=0.01s
[4.684s][info][safepoint] Safepoint "G1CollectForAllocation", Time since last: 7022271 ns, Reaching safepoint: 2750 ns, Cleanup: 2445 ns, At safepoint: 7600447 ns, Leaving safepoint: 5817683 ns, Total: 13423325 ns
[4.685s][info][gc       ] GC(480) Pause Remark 189M->189M(256M) 0.163ms
[4.685s][info][gc,cpu   ] GC(480) User=0.00s Sys=0.00s Real=0.00s
[4.685s][info][safepoint] Safepoint "G1PauseRemark", Time since last: 1209655 ns, Reaching safepoint: 27545 ns, Cleanup: 2699 ns, At safepoint: 184907 ns, Leaving safepoint: 4411 ns, Total: 219562 ns
[4.695s][info][gc       ] GC(481) Pause Young (Normal) (G1 Evacuation Pause) 202M->198M(256M) 4.757ms
[4.695s][info][gc,cpu   ] GC(481) User=0.01s Sys=0.00s Real=0.00s
[4.697s][info][safepoint] Safepoint "G1CollectForAllocation", Time since last: 5045401 ns, Reaching safepoint: 7593 ns, Cleanup: 2197 ns, At safepoint: 4783702 ns, Leaving safepoint: 1877887 ns, Total: 6671379 ns
[4.702s][info][gc       ] GC(482) Pause Young (Normal) (G1 Evacuation Pause) 214M->213M(256M) 3.422ms
[4.702s][info][gc,cpu   ] GC(482) User=0.00s Sys=0.00s Real=0.00s
[4.702s][info][safepoint] Safepoint "G1CollectForAllocation", Time since last: 1908496 ns, Reaching safepoint: 9595 ns, Cleanup: 2025 ns, At safepoint: 3447723 ns, Leaving safepoint: 14005 ns, Total: 3473348 ns
[4.708s][info][gc       ] GC(483) Pause Young (Normal) (G1 Evacuation Pause) 224M->223M(256M) 2.286ms
[4.708s][info][gc,cpu   ] GC(483) User=0.00s Sys=0.00s Real=0.00s
[4.708s][info][safepoint] Safepoint "G1CollectForAllocation", Time since last: 3565028 ns, Reaching safepoint: 6036 ns, Cleanup: 1768 ns, At safepoint: 2306160 ns, Leaving safepoint: 1879 ns, Total: 2315843 ns
[4.709s][info][gc       ] GC(480) Pause Cleanup 231M->231M(256M) 0.119ms
[4.709s][info][gc,cpu   ] GC(480) User=0.00s Sys=0.00s Real=0.00s
[4.711s][info][safepoint] Safepoint "G1PauseCleanup", Time since last: 759685 ns, Reaching safepoint: 122171 ns, Cleanup: 2113 ns, At safepoint: 135919 ns, Leaving safepoint: 1655251 ns, Total: 1915454 ns
[4.711s][info][gc       ] GC(480) Concurrent Mark Cycle 33.487ms
[4.713s][info][gc       ] GC(484) Pause Young (Prepare Mixed) (G1 Evacuation Pause) 233M->232M(256M) 1.782ms
[4.713s][info][gc,cpu   ] GC(484) User=0.00s Sys=0.00s Real=0.00s
[4.713s][info][safepoint] Safepoint "G1CollectForAllocation", Time since last: 688752 ns, Reaching safepoint: 7535 ns, Cleanup: 1952 ns, At safepoint: 1808449 ns, Leaving safepoint: 3684 ns, Total: 1821620 ns
[4.720s][info][gc       ] GC(485) Pause Young (Mixed) (G1 Evacuation Pause) (Evacuation Failure) 242M->234M(256M) 1.890ms
[4.720s][info][gc,cpu   ] GC(485) User=0.00s Sys=0.00s Real=0.00s
[4.720s][info][safepoint] Safepoint "G1CollectForAllocation", Time since last: 4499830 ns, Reaching safepoint: 7713 ns, Cleanup: 1898 ns, At safepoint: 1913969 ns, Leaving safepoint: 28565 ns, Total: 1952145 ns
[4.723s][info][gc       ] GC(486) Pause Young (Mixed) (G1 Evacuation Pause) (Evacuation Failure) 243M->239M(256M) 2.402ms
[4.723s][info][gc,cpu   ] GC(486) User=0.00s Sys=0.00s Real=0.00s
[4.723s][info][safepoint] Safepoint "G1CollectForAllocation", Time since last: 1294216 ns, Reaching safepoint: 1553 ns, Cleanup: 1374 ns, At safepoint: 2423455 ns, Leaving safepoint: 22255 ns, Total: 2448637 ns
[4.731s][info][gc       ] GC(487) Pause Young (Mixed) (G1 Evacuation Pause) (Evacuation Failure) 249M->250M(256M) 2.042ms
[4.731s][info][gc,cpu   ] GC(487) User=0.00s Sys=0.00s Real=0.00s
[4.731s][info][safepoint] Safepoint "G1CollectForAllocation", Time since last: 5366816 ns, Reaching safepoint: 4387 ns, Cleanup: 1832 ns, At safepoint: 2068055 ns, Leaving safepoint: 11575 ns, Total: 2085849 ns
[4.732s][info][gc       ] GC(488) Pause Young (Mixed) (G1 Evacuation Pause) (Evacuation Failure) 254M->252M(256M) 0.913ms
[4.732s][info][gc,cpu   ] GC(488) User=0.00s Sys=0.00s Real=0.00s
[4.732s][info][safepoint] Safepoint "G1CollectForAllocation", Time since last: 509483 ns, Reaching safepoint: 1214 ns, Cleanup: 1508 ns, At safepoint: 929164 ns, Leaving safepoint: 18213 ns, Total: 950099 ns
[4.733s][info][gc       ] GC(489) Pause Young (Concurrent Start) (G1 Evacuation Pause) (Evacuation Failure) 254M->254M(256M) 0.249ms
[4.733s][info][gc       ] GC(490) Concurrent Mark Cycle
[4.733s][info][gc,cpu   ] GC(489) User=0.00s Sys=0.00s Real=0.00s
[4.756s][info][gc       ] GC(491) Pause Full (G1 Compaction Pause) 254M->108M(256M) 23.072ms
[4.756s][info][gc,cpu   ] GC(491) User=0.02s Sys=0.00s Real=0.02s
[4.756s][info][safepoint] Safepoint "G1CollectForAllocation", Time since last: 482029 ns, Reaching safepoint: 1536 ns, Cleanup: 1638 ns, At safepoint: 23404055 ns, Leaving safepoint: 13353 ns, Total: 23420582 ns
[4.756s][info][gc       ] GC(490) Concurrent Mark Cycle 23.163ms
[4.778s][info][gc       ] GC(492) Pause Young (Normal) (G1 Evacuation Pause) 165M->154M(256M) 9.303ms
[4.778s][info][gc,cpu   ] GC(492) User=0.00s Sys=0.00s Real=0.01s
[4.778s][info][safepoint] Safepoint "G1CollectForAllocation", Time since last: 12789530 ns, Reaching safepoint: 2196 ns, Cleanup: 2128 ns, At safepoint: 9333826 ns, Leaving safepoint: 9053 ns, Total: 9347203 ns
[4.790s][info][gc       ] GC(493) Pause Young (Concurrent Start) (G1 Evacuation Pause) 189M->181M(256M) 6.800ms
[4.790s][info][gc       ] GC(494) Concurrent Mark Cycle
[4.790s][info][gc,cpu   ] GC(493) User=0.01s Sys=0.00s Real=0.01s
[4.797s][info][safepoint] Safepoint "G1CollectForAllocation", Time since last: 4871469 ns, Reaching safepoint: 1558 ns, Cleanup: 2313 ns, At safepoint: 6941665 ns, Leaving safepoint: 6591198 ns, Total: 13536734 ns
[4.797s][info][gc       ] GC(494) Pause Remark 181M->181M(256M) 0.124ms
[4.797s][info][gc,cpu   ] GC(494) User=0.00s Sys=0.00s Real=0.00s
[4.797s][info][safepoint] Safepoint "G1PauseRemark", Time since last: 166500 ns, Reaching safepoint: 9467 ns, Cleanup: 1671 ns, At safepoint: 139501 ns, Leaving safepoint: 3589 ns, Total: 154228 ns
[4.798s][info][gc       ] GC(494) Pause Cleanup 181M->181M(256M) 0.110ms
[4.798s][info][gc,cpu   ] GC(494) User=0.00s Sys=0.00s Real=0.00s
[4.798s][info][safepoint] Safepoint "G1PauseCleanup", Time since last: 1350888 ns, Reaching safepoint: 1240 ns, Cleanup: 1736 ns, At safepoint: 126186 ns, Leaving safepoint: 620 ns, Total: 129782 ns
[4.799s][info][gc       ] GC(494) Concurrent Mark Cycle 8.855ms
[4.806s][info][gc       ] GC(495) Pause Young (Prepare Mixed) (G1 Evacuation Pause) 204M->200M(256M) 4.429ms
[4.806s][info][gc,cpu   ] GC(495) User=0.00s Sys=0.00s Real=0.00s
[4.809s][info][safepoint] Safepoint "G1CollectForAllocation", Time since last: 3088711 ns, Reaching safepoint: 1170 ns, Cleanup: 1404 ns, At safepoint: 4452487 ns, Leaving safepoint: 2651695 ns, Total: 7106756 ns
[4.815s][info][gc       ] GC(496) Pause Young (Mixed) (G1 Evacuation Pause) 216M->194M(256M) 4.110ms
[4.815s][info][gc,cpu   ] GC(496) User=0.00s Sys=0.00s Real=0.00s
[4.817s][info][safepoint] Safepoint "G1CollectForAllocation", Time since last: 1723381 ns, Reaching safepoint: 6240 ns, Cleanup: 1800 ns, At safepoint: 4130117 ns, Leaving safepoint: 2138806 ns, Total: 6276963 ns
[4.825s][info][gc       ] GC(497) Pause Young (Mixed) (G1 Evacuation Pause) 212M->190M(256M) 4.589ms
[4.825s][info][gc,cpu   ] GC(497) User=0.00s Sys=0.00s Real=0.00s
[4.829s][info][safepoint] Safepoint "G1CollectForAllocation", Time since last: 4063599 ns, Reaching safepoint: 7257 ns, Cleanup: 1809 ns, At safepoint: 4641860 ns, Leaving safepoint: 3321705 ns, Total: 7972631 ns
[4.838s][info][gc       ] GC(498) Pause Young (Mixed) (G1 Evacuation Pause) 210M->188M(256M) 5.363ms
[4.838s][info][gc,cpu   ] GC(498) User=0.00s Sys=0.00s Real=0.01s
[4.838s][info][safepoint] Safepoint "G1CollectForAllocation", Time since last: 4004622 ns, Reaching safepoint: 6434 ns, Cleanup: 1950 ns, At safepoint: 5389456 ns, Leaving safepoint: 11195 ns, Total: 5409035 ns
[4.849s][info][gc       ] GC(499) Pause Young (Mixed) (G1 Evacuation Pause) 208M->189M(256M) 4.696ms
[4.849s][info][gc,cpu   ] GC(499) User=0.01s Sys=0.00s Real=0.01s
[4.853s][info][safepoint] Safepoint "G1CollectForAllocation", Time since last: 6563277 ns, Reaching safepoint: 5729 ns, Cleanup: 1720 ns, At safepoint: 4721255 ns, Leaving safepoint: 3278839 ns, Total: 8007543 ns
[4.860s][info][gc       ] GC(500) Pause Young (Concurrent Start) (G1 Evacuation Pause) 209M->207M(256M) 3.286ms
[4.860s][info][gc,cpu   ] GC(500) User=0.01s Sys=0.00s Real=0.00s
[4.860s][info][gc       ] GC(501) Concurrent Mark Cycle
[4.860s][info][safepoint] Safepoint "G1CollectForAllocation", Time since last: 3983985 ns, Reaching safepoint: 5989 ns, Cleanup: 1954 ns, At safepoint: 3323845 ns, Leaving safepoint: 94034 ns, Total: 3425822 ns
[4.871s][info][gc       ] GC(502) Pause Young (Normal) (G1 Evacuation Pause) 221M->219M(256M) 2.454ms
[4.871s][info][gc,cpu   ] GC(502) User=0.00s Sys=0.00s Real=0.00s
[4.871s][info][safepoint] Safepoint "G1CollectForAllocation", Time since last: 8580751 ns, Reaching safepoint: 11203 ns, Cleanup: 1919 ns, At safepoint: 2479381 ns, Leaving safepoint: 2135 ns, Total: 2494638 ns
[4.874s][info][gc       ] GC(503) Pause Young (Normal) (G1 Evacuation Pause) 229M->229M(256M) 2.163ms
[4.874s][info][gc,cpu   ] GC(503) User=0.00s Sys=0.00s Real=0.00s
[4.877s][info][safepoint] Safepoint "G1CollectForAllocation", Time since last: 906233 ns, Reaching safepoint: 1425 ns, Cleanup: 1453 ns, At safepoint: 2181696 ns, Leaving safepoint: 2406188 ns, Total: 4590762 ns
[4.879s][info][gc       ] GC(504) Pause Young (Normal) (G1 Evacuation Pause) 239M->238M(256M) 1.430ms
[4.879s][info][gc,cpu   ] GC(504) User=0.01s Sys=0.00s Real=0.00s
[4.879s][info][safepoint] Safepoint "G1CollectForAllocation", Time since last: 851880 ns, Reaching safepoint: 6173 ns, Cleanup: 1408 ns, At safepoint: 1445297 ns, Leaving safepoint: 15133 ns, Total: 1468011 ns
[4.879s][info][gc       ] GC(501) Pause Remark 238M->236M(256M) 0.132ms
[4.879s][info][gc,cpu   ] GC(501) User=0.00s Sys=0.00s Real=0.00s
[4.879s][info][safepoint] Safepoint "G1PauseRemark", Time since last: 14523 ns, Reaching safepoint: 96913 ns, Cleanup: 1117 ns, At safepoint: 139951 ns, Leaving safepoint: 69873 ns, Total: 307854 ns
[4.883s][info][gc       ] GC(501) Pause Cleanup 237M->237M(256M) 0.108ms
[4.883s][info][gc,cpu   ] GC(501) User=0.00s Sys=0.00s Real=0.00s
[4.883s][info][safepoint] Safepoint "G1PauseCleanup", Time since last: 3035982 ns, Reaching safepoint: 29260 ns, Cleanup: 1311 ns, At safepoint: 124306 ns, Leaving safepoint: 3445 ns, Total: 158322 ns
[4.885s][info][gc       ] GC(505) Pause Young (Prepare Mixed) (G1 Evacuation Pause) (Evacuation Failure) 246M->251M(256M) 1.509ms
[4.885s][info][gc,cpu   ] GC(505) User=0.00s Sys=0.00s Real=0.00s
[4.885s][info][gc       ] GC(501) Concurrent Mark Cycle 25.166ms
[4.885s][info][safepoint] Safepoint "G1CollectForAllocation", Time since last: 1112681 ns, Reaching safepoint: 1306 ns, Cleanup: 981 ns, At safepoint: 1530294 ns, Leaving safepoint: 28871 ns, Total: 1561452 ns
[4.890s][info][gc       ] GC(506) Pause Young (Mixed) (G1 Evacuation Pause) (Evacuation Failure) 255M->249M(256M) 1.009ms
[4.890s][info][gc,cpu   ] GC(506) User=0.00s Sys=0.00s Real=0.00s
[4.890s][info][safepoint] Safepoint "G1CollectForAllocation", Time since last: 3492229 ns, Reaching safepoint: 6796 ns, Cleanup: 1773 ns, At safepoint: 1033682 ns, Leaving safepoint: 27347 ns, Total: 1069598 ns
[4.894s][info][gc       ] GC(507) Pause Young (Mixed) (G1 Evacuation Pause) (Evacuation Failure) 255M->254M(256M) 1.038ms
[4.894s][info][gc,cpu   ] GC(507) User=0.00s Sys=0.00s Real=0.00s
[4.894s][info][safepoint] Safepoint "G1CollectForAllocation", Time since last: 2931870 ns, Reaching safepoint: 4203 ns, Cleanup: 1820 ns, At safepoint: 1057500 ns, Leaving safepoint: 5725 ns, Total: 1069248 ns
[4.895s][info][gc       ] GC(508) Pause Young (Mixed) (G1 Evacuation Pause) (Evacuation Failure) 255M->254M(256M) 1.008ms
[4.895s][info][gc,cpu   ] GC(508) User=0.00s Sys=0.00s Real=0.00s
[4.895s][info][safepoint] Safepoint "G1CollectForAllocation", Time since last: 155877 ns, Reaching safepoint: 519 ns, Cleanup: 902 ns, At safepoint: 1032830 ns, Leaving safepoint: 1168 ns, Total: 1035419 ns
[4.896s][info][gc       ] GC(509) Pause Young (Mixed) (G1 Evacuation Pause) (Evacuation Failure) 255M->255M(256M) 1.061ms
[4.896s][info][gc,cpu   ] GC(509) User=0.00s Sys=0.00s Real=0.00s
[4.918s][info][gc       ] GC(510) Pause Full (G1 Compaction Pause) 255M->108M(256M) 22.229ms
[4.918s][info][gc,cpu   ] GC(510) User=0.02s Sys=0.00s Real=0.03s
[4.921s][info][safepoint] Safepoint "G1CollectForAllocation", Time since last: 152503 ns, Reaching safepoint: 844 ns, Cleanup: 1204 ns, At safepoint: 23339006 ns, Leaving safepoint: 2236365 ns, Total: 25577419 ns
[4.938s][info][gc       ] GC(511) Pause Young (Normal) (G1 Evacuation Pause) 158M->146M(256M) 8.650ms
[4.938s][info][gc,cpu   ] GC(511) User=0.01s Sys=0.00s Real=0.01s
[4.941s][info][safepoint] Safepoint "G1CollectForAllocation", Time since last: 8552833 ns, Reaching safepoint: 2237 ns, Cleanup: 2436 ns, At safepoint: 8682836 ns, Leaving safepoint: 2801639 ns, Total: 11489148 ns
[4.954s][info][gc       ] GC(512) Pause Young (Normal) (G1 Evacuation Pause) 182M->175M(256M) 6.895ms
[4.954s][info][gc,cpu   ] GC(512) User=0.01s Sys=0.00s Real=0.01s
[4.957s][info][safepoint] Safepoint "G1CollectForAllocation", Time since last: 6036886 ns, Reaching safepoint: 1986 ns, Cleanup: 2505 ns, At safepoint: 6924395 ns, Leaving safepoint: 3020287 ns, Total: 9949173 ns
[4.966s][info][gc       ] GC(513) Pause Young (Concurrent Start) (G1 Evacuation Pause) 200M->197M(256M) 5.388ms
[4.966s][info][gc,cpu   ] GC(513) User=0.00s Sys=0.00s Real=0.00s
[4.966s][info][gc       ] GC(514) Concurrent Mark Cycle
[4.971s][info][safepoint] Safepoint "G1CollectForAllocation", Time since last: 3427741 ns, Reaching safepoint: 12198 ns, Cleanup: 2341 ns, At safepoint: 5421782 ns, Leaving safepoint: 5498518 ns, Total: 10934839 ns
[4.973s][info][gc       ] GC(514) Pause Remark 211M->211M(256M) 0.147ms
[4.973s][info][gc,cpu   ] GC(514) User=0.00s Sys=0.00s Real=0.00s
[4.977s][info][safepoint] Safepoint "G1PauseRemark", Time since last: 1641651 ns, Reaching safepoint: 100050 ns, Cleanup: 2618 ns, At safepoint: 165726 ns, Leaving safepoint: 3700766 ns, Total: 3969160 ns
[4.978s][info][gc       ] GC(514) Pause Cleanup 212M->212M(256M) 0.101ms
[4.978s][info][gc,cpu   ] GC(514) User=0.00s Sys=0.00s Real=0.00s
[4.978s][info][safepoint] Safepoint "G1PauseCleanup", Time since last: 1516261 ns, Reaching safepoint: 10608 ns, Cleanup: 1629 ns, At safepoint: 129681 ns, Leaving safepoint: 4139 ns, Total: 146057 ns
[4.979s][info][gc       ] GC(514) Concurrent Mark Cycle 13.414ms
[4.983s][info][gc       ] GC(515) Pause Young (Prepare Mixed) (G1 Evacuation Pause) 214M->212M(256M) 3.628ms
[4.983s][info][gc,cpu   ] GC(515) User=0.01s Sys=0.00s Real=0.00s
[4.985s][info][safepoint] Safepoint "G1CollectForAllocation", Time since last: 669061 ns, Reaching safepoint: 1144 ns, Cleanup: 1247 ns, At safepoint: 3653109 ns, Leaving safepoint: 2020917 ns, Total: 5676417 ns
[4.992s][info][gc       ] GC(516) Pause Young (Mixed) (G1 Evacuation Pause) 224M->203M(256M) 2.966ms
[4.992s][info][gc,cpu   ] GC(516) User=0.01s Sys=0.00s Real=0.00s
[4.997s][info][safepoint] Safepoint "G1CollectForAllocation", Time since last: 4001622 ns, Reaching safepoint: 9973 ns, Cleanup: 2226 ns, At safepoint: 2991518 ns, Leaving safepoint: 4981014 ns, Total: 7984731 ns
[5.002s][info][gc       ] GC(517) Pause Young (Mixed) (G1 Evacuation Pause) 218M->196M(256M) 4.260ms
[5.003s][info][gc,cpu   ] GC(517) User=0.01s Sys=0.00s Real=0.00s
[5.003s][info][safepoint] Safepoint "G1CollectForAllocation", Time since last: 1546059 ns, Reaching safepoint: 6469 ns, Cleanup: 1655 ns, At safepoint: 4284552 ns, Leaving safepoint: 24484 ns, Total: 4317160 ns
[5.009s][info][gc       ] GC(518) Pause Young (Mixed) (G1 Evacuation Pause) 214M->192M(256M) 4.244ms
[5.010s][info][gc,cpu   ] GC(518) User=0.00s Sys=0.00s Real=0.01s
[5.017s][info][safepoint] Safepoint "G1CollectForAllocation", Time since last: 2565401 ns, Reaching safepoint: 1560 ns, Cleanup: 1838 ns, At safepoint: 4415494 ns, Leaving safepoint: 7918265 ns, Total: 12337157 ns
[5.024s][info][gc       ] GC(519) Pause Young (Mixed) (G1 Evacuation Pause) 211M->188M(256M) 4.474ms
[5.024s][info][gc,cpu   ] GC(519) User=0.01s Sys=0.00s Real=0.00s
[5.024s][info][safepoint] Safepoint "G1CollectForAllocation", Time since last: 1922701 ns, Reaching safepoint: 30468 ns, Cleanup: 2035 ns, At safepoint: 4497877 ns, Leaving safepoint: 2112 ns, Total: 4532492 ns
[5.035s][info][gc       ] GC(520) Pause Young (Mixed) (G1 Evacuation Pause) 208M->192M(256M) 4.654ms
[5.035s][info][gc,cpu   ] GC(520) User=0.00s Sys=0.00s Real=0.00s
[5.036s][info][safepoint] Safepoint "G1CollectForAllocation", Time since last: 6903483 ns, Reaching safepoint: 9684 ns, Cleanup: 1691 ns, At safepoint: 4700709 ns, Leaving safepoint: 2219 ns, Total: 4714303 ns
[5.044s][info][gc       ] GC(521) Pause Young (Concurrent Start) (G1 Evacuation Pause) 211M->210M(256M) 3.584ms
[5.044s][info][gc       ] GC(522) Concurrent Mark Cycle
[5.044s][info][gc,cpu   ] GC(521) User=0.01s Sys=0.00s Real=0.00s
[5.050s][info][safepoint] Safepoint "G1CollectForAllocation", Time since last: 4493244 ns, Reaching safepoint: 1640 ns, Cleanup: 1960 ns, At safepoint: 3699930 ns, Leaving safepoint: 6545484 ns, Total: 10249014 ns
[5.059s][info][gc       ] GC(523) Pause Young (Normal) (G1 Evacuation Pause) 223M->221M(256M) 2.117ms
[5.059s][info][gc,cpu   ] GC(523) User=0.00s Sys=0.00s Real=0.00s
[5.059s][info][safepoint] Safepoint "G1CollectForAllocation", Time since last: 6427562 ns, Reaching safepoint: 4340 ns, Cleanup: 1617 ns, At safepoint: 2139618 ns, Leaving safepoint: 1845 ns, Total: 2147420 ns
[5.062s][info][gc       ] GC(524) Pause Young (Normal) (G1 Evacuation Pause) 231M->230M(256M) 2.070ms
[5.062s][info][gc,cpu   ] GC(524) User=0.01s Sys=0.00s Real=0.00s
[5.062s][info][safepoint] Safepoint "G1CollectForAllocation", Time since last: 985780 ns, Reaching safepoint: 1325 ns, Cleanup: 1196 ns, At safepoint: 2088100 ns, Leaving safepoint: 8265 ns, Total: 2098886 ns
[5.067s][info][gc       ] GC(525) Pause Young (Normal) (G1 Evacuation Pause) 240M->239M(256M) 1.305ms
[5.067s][info][gc,cpu   ] GC(525) User=0.00s Sys=0.00s Real=0.00s
[5.067s][info][safepoint] Safepoint "G1CollectForAllocation", Time since last: 3590834 ns, Reaching safepoint: 5162 ns, Cleanup: 1199 ns, At safepoint: 1321417 ns, Leaving safepoint: 1889 ns, Total: 1329667 ns
[5.069s][info][gc       ] GC(526) Pause Young (Normal) (G1 Evacuation Pause) (Evacuation Failure) 249M->254M(256M) 1.009ms
[5.069s][info][gc,cpu   ] GC(526) User=0.00s Sys=0.00s Real=0.00s
[5.073s][info][safepoint] Safepoint "G1CollectForAllocation", Time since last: 771017 ns, Reaching safepoint: 1196 ns, Cleanup: 1020 ns, At safepoint: 1023658 ns, Leaving safepoint: 4043714 ns, Total: 5069588 ns
[5.073s][info][gc       ] GC(527) Pause Young (Normal) (G1 Evacuation Pause) (Evacuation Failure) 255M->255M(256M) 0.171ms
[5.073s][info][gc,cpu   ] GC(527) User=0.00s Sys=0.00s Real=0.00s
[5.096s][info][gc       ] GC(528) Pause Full (G1 Compaction Pause) 255M->108M(256M) 22.756ms
[5.096s][info][gc,cpu   ] GC(528) User=0.02s Sys=0.00s Real=0.02s
[5.101s][info][safepoint] Safepoint "G1CollectForAllocation", Time since last: 95153 ns, Reaching safepoint: 4747 ns, Cleanup: 1363 ns, At safepoint: 22971693 ns, Leaving safepoint: 4942190 ns, Total: 27919993 ns
[5.105s][info][gc       ] GC(522) Pause Remark 141M->141M(256M) 0.008ms
[5.105s][info][gc,cpu   ] GC(522) User=0.00s Sys=0.00s Real=0.00s
[5.109s][info][safepoint] Safepoint "G1PauseRemark", Time since last: 4008740 ns, Reaching safepoint: 91625 ns, Cleanup: 3150 ns, At safepoint: 26552 ns, Leaving safepoint: 3855987 ns, Total: 3977314 ns
[5.109s][info][gc       ] GC(522) Concurrent Mark Cycle 65.073ms
[5.120s][info][gc       ] GC(529) Pause Young (Normal) (G1 Evacuation Pause) 158M->149M(256M) 8.335ms
[5.120s][info][gc,cpu   ] GC(529) User=0.01s Sys=0.00s Real=0.01s
[5.120s][info][safepoint] Safepoint "G1CollectForAllocation", Time since last: 2748839 ns, Reaching safepoint: 4515 ns, Cleanup: 1222 ns, At safepoint: 8363787 ns, Leaving safepoint: 9219 ns, Total: 8378743 ns
[5.130s][info][gc       ] GC(530) Pause Young (Concurrent Start) (G1 Evacuation Pause) 183M->176M(256M) 6.017ms
[5.130s][info][gc       ] GC(531) Concurrent Mark Cycle
[5.130s][info][gc,cpu   ] GC(530) User=0.00s Sys=0.00s Real=0.01s
[5.137s][info][safepoint] Safepoint "G1CollectForAllocation", Time since last: 4168873 ns, Reaching safepoint: 2339 ns, Cleanup: 1903 ns, At safepoint: 6168776 ns, Leaving safepoint: 6538911 ns, Total: 12711929 ns
[5.144s][info][gc       ] GC(532) Pause Young (Normal) (G1 Evacuation Pause) 200M->196M(256M) 4.551ms
[5.144s][info][gc,cpu   ] GC(532) User=0.01s Sys=0.00s Real=0.00s
[5.144s][info][safepoint] Safepoint "G1CollectForAllocation", Time since last: 2647019 ns, Reaching safepoint: 7179 ns, Cleanup: 1980 ns, At safepoint: 4591787 ns, Leaving safepoint: 2223 ns, Total: 4603169 ns
[5.145s][info][gc       ] GC(531) Pause Remark 197M->197M(256M) 0.144ms
[5.145s][info][gc,cpu   ] GC(531) User=0.00s Sys=0.00s Real=0.00s
[5.145s][info][safepoint] Safepoint "G1PauseRemark", Time since last: 778857 ns, Reaching safepoint: 148819 ns, Cleanup: 2066 ns, At safepoint: 166231 ns, Leaving safepoint: 1747 ns, Total: 318863 ns
[5.146s][info][gc       ] GC(531) Pause Cleanup 197M->197M(256M) 0.134ms
[5.147s][info][gc,cpu   ] GC(531) User=0.00s Sys=0.00s Real=0.00s
[5.147s][info][safepoint] Safepoint "G1PauseCleanup", Time since last: 1318726 ns, Reaching safepoint: 1273 ns, Cleanup: 1419 ns, At safepoint: 149486 ns, Leaving safepoint: 1379 ns, Total: 153557 ns
[5.151s][info][gc       ] GC(531) Concurrent Mark Cycle 21.050ms
[5.154s][info][gc       ] GC(533) Pause Young (Prepare Mixed) (G1 Evacuation Pause) 213M->212M(256M) 3.306ms
[5.154s][info][gc,cpu   ] GC(533) User=0.01s Sys=0.00s Real=0.00s
[5.154s][info][safepoint] Safepoint "G1CollectForAllocation", Time since last: 4588303 ns, Reaching safepoint: 7767 ns, Cleanup: 1217 ns, At safepoint: 3330689 ns, Leaving safepoint: 2225 ns, Total: 3341898 ns
[5.161s][info][gc       ] GC(534) Pause Young (Mixed) (G1 Evacuation Pause) 224M->202M(256M) 3.133ms
[5.161s][info][gc,cpu   ] GC(534) User=0.00s Sys=0.00s Real=0.00s
[5.165s][info][safepoint] Safepoint "G1CollectForAllocation", Time since last: 3454134 ns, Reaching safepoint: 6295 ns, Cleanup: 2083 ns, At safepoint: 3153017 ns, Leaving safepoint: 3640218 ns, Total: 6801613 ns
[5.170s][info][gc       ] GC(535) Pause Young (Mixed) (G1 Evacuation Pause) 218M->197M(256M) 3.937ms
[5.170s][info][gc,cpu   ] GC(535) User=0.00s Sys=0.00s Real=0.01s
[5.170s][info][safepoint] Safepoint "G1CollectForAllocation", Time since last: 1509311 ns, Reaching safepoint: 8553 ns, Cleanup: 1872 ns, At safepoint: 3959458 ns, Leaving safepoint: 22565 ns, Total: 3992448 ns
[5.177s][info][gc       ] GC(536) Pause Young (Mixed) (G1 Evacuation Pause) 215M->193M(256M) 4.310ms
[5.177s][info][gc,cpu   ] GC(536) User=0.00s Sys=0.00s Real=0.01s
[5.181s][info][safepoint] Safepoint "G1CollectForAllocation", Time since last: 2893419 ns, Reaching safepoint: 1653 ns, Cleanup: 1712 ns, At safepoint: 4338110 ns, Leaving safepoint: 3254829 ns, Total: 7596304 ns
[5.186s][info][gc       ] GC(537) Pause Young (Mixed) (G1 Evacuation Pause) 212M->196M(256M) 3.733ms
[5.186s][info][gc,cpu   ] GC(537) User=0.01s Sys=0.00s Real=0.00s
[5.186s][info][safepoint] Safepoint "G1CollectForAllocation", Time since last: 1657257 ns, Reaching safepoint: 5957 ns, Cleanup: 1839 ns, At safepoint: 3754972 ns, Leaving safepoint: 2418 ns, Total: 3765186 ns
[5.193s][info][gc       ] GC(538) Pause Young (Concurrent Start) (G1 Evacuation Pause) 214M->211M(256M) 2.689ms
[5.193s][info][gc       ] GC(539) Concurrent Mark Cycle
[5.193s][info][gc,cpu   ] GC(538) User=0.01s Sys=0.00s Real=0.00s
[5.197s][info][safepoint] Safepoint "G1CollectForAllocation", Time since last: 4196613 ns, Reaching safepoint: 5238 ns, Cleanup: 1332 ns, At safepoint: 2788037 ns, Leaving safepoint: 3586360 ns, Total: 6380967 ns
[5.197s][info][gc       ] GC(539) Pause Remark 212M->209M(256M) 0.125ms
[5.197s][info][gc,cpu   ] GC(539) User=0.00s Sys=0.00s Real=0.00s
[5.197s][info][safepoint] Safepoint "G1PauseRemark", Time since last: 22215 ns, Reaching safepoint: 91610 ns, Cleanup: 1477 ns, At safepoint: 136196 ns, Leaving safepoint: 4402 ns, Total: 233685 ns
[5.205s][info][gc       ] GC(540) Pause Young (Normal) (G1 Evacuation Pause) 221M->220M(256M) 2.451ms
[5.205s][info][gc,cpu   ] GC(540) User=0.01s Sys=0.00s Real=0.00s
[5.205s][info][safepoint] Safepoint "G1CollectForAllocation", Time since last: 5286734 ns, Reaching safepoint: 8246 ns, Cleanup: 1517 ns, At safepoint: 2476840 ns, Leaving safepoint: 2125 ns, Total: 2488728 ns
[5.210s][info][gc       ] GC(541) Pause Young (Normal) (G1 Evacuation Pause) 230M->229M(256M) 1.534ms
[5.210s][info][gc,cpu   ] GC(541) User=0.00s Sys=0.00s Real=0.00s
[5.210s][info][safepoint] Safepoint "G1CollectForAllocation", Time since last: 3977692 ns, Reaching safepoint: 6713 ns, Cleanup: 1599 ns, At safepoint: 1572828 ns, Leaving safepoint: 9677 ns, Total: 1590817 ns
[5.213s][info][gc       ] GC(542) Pause Young (Normal) (G1 Evacuation Pause) 239M->238M(256M) 1.754ms
[5.213s][info][gc,cpu   ] GC(542) User=0.00s Sys=0.00s Real=0.00s
[5.213s][info][safepoint] Safepoint "G1CollectForAllocation", Time since last: 867964 ns, Reaching safepoint: 1482 ns, Cleanup: 1374 ns, At safepoint: 1772553 ns, Leaving safepoint: 1230 ns, Total: 1776639 ns
[5.215s][info][gc       ] GC(543) Pause Young (Normal) (G1 Evacuation Pause) (Evacuation Failure) 248M->255M(256M) 1.291ms
[5.215s][info][gc,cpu   ] GC(543) User=0.00s Sys=0.00s Real=0.00s
[5.235s][info][gc       ] GC(544) Pause Full (G1 Compaction Pause) 255M->108M(256M) 19.945ms
[5.235s][info][gc,cpu   ] GC(544) User=0.02s Sys=0.00s Real=0.02s
[5.237s][info][safepoint] Safepoint "G1CollectForAllocation", Time since last: 755505 ns, Reaching safepoint: 1172 ns, Cleanup: 1124 ns, At safepoint: 21277431 ns, Leaving safepoint: 1715372 ns, Total: 22995099 ns
[5.237s][info][gc       ] GC(539) Pause Cleanup 109M->109M(256M) 0.005ms
[5.237s][info][gc,cpu   ] GC(539) User=0.00s Sys=0.00s Real=0.00s
[5.237s][info][safepoint] Safepoint "G1PauseCleanup", Time since last: 20904 ns, Reaching safepoint: 86450 ns, Cleanup: 1097 ns, At safepoint: 13008 ns, Leaving safepoint: 3208 ns, Total: 103763 ns
[5.237s][info][gc       ] GC(539) Concurrent Mark Cycle 43.789ms
[5.249s][info][gc       ] GC(545) Pause Young (Normal) (G1 Evacuation Pause) 156M->146M(256M) 6.171ms
[5.249s][info][gc,cpu   ] GC(545) User=0.01s Sys=0.00s Real=0.01s
[5.249s][info][safepoint] Safepoint "G1CollectForAllocation", Time since last: 5904295 ns, Reaching safepoint: 1540 ns, Cleanup: 1762 ns, At safepoint: 6198006 ns, Leaving safepoint: 844 ns, Total: 6202152 ns
[5.263s][info][gc       ] GC(546) Pause Young (Concurrent Start) (G1 Evacuation Pause) 181M->176M(256M) 6.035ms
[5.263s][info][gc       ] GC(547) Concurrent Mark Cycle
[5.263s][info][gc,cpu   ] GC(546) User=0.01s Sys=0.00s Real=0.00s
[5.269s][info][safepoint] Safepoint "G1CollectForAllocation", Time since last: 8223916 ns, Reaching safepoint: 1811 ns, Cleanup: 2103 ns, At safepoint: 6164559 ns, Leaving safepoint: 6164850 ns, Total: 12333323 ns
[5.272s][info][gc       ] GC(547) Pause Remark 197M->197M(256M) 0.125ms
[5.272s][info][gc,cpu   ] GC(547) User=0.00s Sys=0.00s Real=0.00s
[5.272s][info][safepoint] Safepoint "G1PauseRemark", Time since last: 2084564 ns, Reaching safepoint: 11963 ns, Cleanup: 1935 ns, At safepoint: 138447 ns, Leaving safepoint: 3537 ns, Total: 155882 ns
[5.273s][info][gc       ] GC(547) Pause Cleanup 197M->197M(256M) 0.091ms
[5.273s][info][gc,cpu   ] GC(547) User=0.00s Sys=0.00s Real=0.00s
[5.273s][info][safepoint] Safepoint "G1PauseCleanup", Time since last: 1449351 ns, Reaching safepoint: 1395 ns, Cleanup: 1483 ns, At safepoint: 115180 ns, Leaving safepoint: 2057 ns, Total: 120115 ns
[5.274s][info][gc       ] GC(547) Concurrent Mark Cycle 10.448ms
[5.278s][info][gc       ] GC(548) Pause Young (Prepare Mixed) (G1 Evacuation Pause) 200M->196M(256M) 4.427ms
[5.278s][info][gc,cpu   ] GC(548) User=0.00s Sys=0.00s Real=0.01s
[5.278s][info][safepoint] Safepoint "G1CollectForAllocation", Time since last: 699082 ns, Reaching safepoint: 1068 ns, Cleanup: 978 ns, At safepoint: 4449407 ns, Leaving safepoint: 2535 ns, Total: 4453988 ns
[5.286s][info][gc       ] GC(549) Pause Young (Mixed) (G1 Evacuation Pause) 213M->193M(256M) 3.805ms
[5.286s][info][gc,cpu   ] GC(549) User=0.01s Sys=0.00s Real=0.00s
[5.289s][info][safepoint] Safepoint "G1CollectForAllocation", Time since last: 3715211 ns, Reaching safepoint: 7817 ns, Cleanup: 1371 ns, At safepoint: 3823230 ns, Leaving safepoint: 2722016 ns, Total: 6554434 ns
[5.296s][info][gc       ] GC(550) Pause Young (Mixed) (G1 Evacuation Pause) 211M->189M(256M) 3.733ms
[5.296s][info][gc,cpu   ] GC(550) User=0.01s Sys=0.00s Real=0.00s
[5.296s][info][safepoint] Safepoint "G1CollectForAllocation", Time since last: 3233202 ns, Reaching safepoint: 3936 ns, Cleanup: 1650 ns, At safepoint: 3775025 ns, Leaving safepoint: 1720 ns, Total: 3782331 ns
[5.305s][info][gc       ] GC(551) Pause Young (Mixed) (G1 Evacuation Pause) 209M->188M(256M) 4.508ms
[5.305s][info][gc,cpu   ] GC(551) User=0.01s Sys=0.00s Real=0.00s
[5.305s][info][safepoint] Safepoint "G1CollectForAllocation", Time since last: 5016834 ns, Reaching safepoint: 6814 ns, Cleanup: 2006 ns, At safepoint: 4535390 ns, Leaving safepoint: 11109 ns, Total: 4555319 ns
[5.315s][info][gc       ] GC(552) Pause Young (Mixed) (G1 Evacuation Pause) 208M->190M(256M) 4.735ms
[5.315s][info][gc,cpu   ] GC(552) User=0.01s Sys=0.00s Real=0.00s
[5.321s][info][safepoint] Safepoint "G1CollectForAllocation", Time since last: 5229127 ns, Reaching safepoint: 5867 ns, Cleanup: 2162 ns, At safepoint: 4759505 ns, Leaving safepoint: 5409939 ns, Total: 10177473 ns
[5.326s][info][gc       ] GC(553) Pause Young (Concurrent Start) (G1 Evacuation Pause) 210M->208M(256M) 3.333ms
[5.326s][info][gc       ] GC(554) Concurrent Mark Cycle
[5.326s][info][gc,cpu   ] GC(553) User=0.01s Sys=0.00s Real=0.00s
[5.326s][info][safepoint] Safepoint "G1CollectForAllocation", Time since last: 1817813 ns, Reaching safepoint: 7315 ns, Cleanup: 2080 ns, At safepoint: 3442627 ns, Leaving safepoint: 9550 ns, Total: 3461572 ns
[5.332s][info][gc       ] GC(555) Pause Young (Normal) (G1 Evacuation Pause) 222M->221M(256M) 2.175ms
[5.332s][info][gc,cpu   ] GC(555) User=0.00s Sys=0.00s Real=0.00s
[5.332s][info][safepoint] Safepoint "G1CollectForAllocation", Time since last: 3817741 ns, Reaching safepoint: 23074 ns, Cleanup: 1598 ns, At safepoint: 2196475 ns, Leaving safepoint: 2165 ns, Total: 2223312 ns
[5.339s][info][gc       ] GC(556) Pause Young (Normal) (G1 Evacuation Pause) 231M->230M(256M) 1.587ms
[5.339s][info][gc,cpu   ] GC(556) User=0.00s Sys=0.00s Real=0.00s
[5.339s][info][safepoint] Safepoint "G1CollectForAllocation", Time since last: 5425007 ns, Reaching safepoint: 5197 ns, Cleanup: 1317 ns, At safepoint: 1604951 ns, Leaving safepoint: 8745 ns, Total: 1620210 ns
[5.341s][info][gc       ] GC(557) Pause Young (Normal) (G1 Evacuation Pause) 240M->239M(256M) 1.463ms
[5.341s][info][gc,cpu   ] GC(557) User=0.00s Sys=0.00s Real=0.00s
[5.341s][info][safepoint] Safepoint "G1CollectForAllocation", Time since last: 750266 ns, Reaching safepoint: 1239 ns, Cleanup: 858 ns, At safepoint: 1481798 ns, Leaving safepoint: 1516 ns, Total: 1485411 ns
[5.346s][info][gc       ] GC(558) Pause Young (Normal) (G1 Evacuation Pause) (Evacuation Failure) 249M->254M(256M) 0.952ms
[5.346s][info][gc,cpu   ] GC(558) User=0.00s Sys=0.00s Real=0.00s
[5.346s][info][safepoint] Safepoint "G1CollectForAllocation", Time since last: 3394800 ns, Reaching safepoint: 5970 ns, Cleanup: 1912 ns, At safepoint: 970649 ns, Leaving safepoint: 14376 ns, Total: 992907 ns
[5.346s][info][gc       ] GC(554) Pause Remark 254M->252M(256M) 0.142ms
[5.346s][info][gc,cpu   ] GC(554) User=0.00s Sys=0.00s Real=0.00s
[5.346s][info][safepoint] Safepoint "G1PauseRemark", Time since last: 12492 ns, Reaching safepoint: 100223 ns, Cleanup: 1163 ns, At safepoint: 151371 ns, Leaving safepoint: 78331 ns, Total: 331088 ns
[5.351s][info][gc       ] GC(554) Pause Cleanup 253M->253M(256M) 0.142ms
[5.351s][info][gc,cpu   ] GC(554) User=0.00s Sys=0.00s Real=0.00s
[5.351s][info][safepoint] Safepoint "G1PauseCleanup", Time since last: 4324153 ns, Reaching safepoint: 7934 ns, Cleanup: 1300 ns, At safepoint: 158934 ns, Leaving safepoint: 4793 ns, Total: 172961 ns
[5.351s][info][gc       ] GC(554) Concurrent Mark Cycle 25.055ms
[5.351s][info][gc       ] GC(559) Pause Young (Prepare Mixed) (G1 Evacuation Pause) (Evacuation Failure) 253M->253M(256M) 0.452ms
[5.351s][info][gc,cpu   ] GC(559) User=0.00s Sys=0.00s Real=0.00s
[5.351s][info][safepoint] Safepoint "G1CollectForAllocation", Time since last: 423031 ns, Reaching safepoint: 813 ns, Cleanup: 792 ns, At safepoint: 467698 ns, Leaving safepoint: 1127 ns, Total: 470430 ns
[5.353s][info][gc       ] GC(560) Pause Young (Mixed) (G1 Evacuation Pause) (Evacuation Failure) 255M->252M(256M) 0.976ms
[5.353s][info][gc,cpu   ] GC(560) User=0.00s Sys=0.00s Real=0.00s
[5.353s][info][safepoint] Safepoint "G1CollectForAllocation", Time since last: 172195 ns, Reaching safepoint: 652 ns, Cleanup: 770 ns, At safepoint: 989548 ns, Leaving safepoint: 821 ns, Total: 991791 ns
[5.354s][info][gc       ] GC(561) Pause Young (Mixed) (G1 Evacuation Pause) (Evacuation Failure) 255M->254M(256M) 0.937ms
[5.354s][info][gc,cpu   ] GC(561) User=0.01s Sys=0.00s Real=0.00s
[5.357s][info][safepoint] Safepoint "G1CollectForAllocation", Time since last: 420337 ns, Reaching safepoint: 927 ns, Cleanup: 1076 ns, At safepoint: 953624 ns, Leaving safepoint: 2722186 ns, Total: 3677813 ns
[5.358s][info][gc       ] GC(562) Pause Young (Mixed) (G1 Evacuation Pause) (Evacuation Failure) 255M->253M(256M) 0.853ms
[5.358s][info][gc,cpu   ] GC(562) User=0.00s Sys=0.00s Real=0.00s
[5.358s][info][safepoint] Safepoint "G1CollectForAllocation", Time since last: 121396 ns, Reaching safepoint: 4643 ns, Cleanup: 744 ns, At safepoint: 864951 ns, Leaving safepoint: 22658 ns, Total: 892996 ns
[5.359s][info][gc       ] GC(563) Pause Young (Mixed) (G1 Evacuation Pause) (Evacuation Failure) 255M->255M(256M) 0.950ms
[5.359s][info][gc,cpu   ] GC(563) User=0.00s Sys=0.00s Real=0.00s
[5.382s][info][gc       ] GC(564) Pause Full (G1 Compaction Pause) 255M->108M(256M) 22.940ms
[5.382s][info][gc,cpu   ] GC(564) User=0.02s Sys=0.00s Real=0.02s
[5.385s][info][safepoint] Safepoint "G1CollectForAllocation", Time since last: 268699 ns, Reaching safepoint: 681 ns, Cleanup: 849 ns, At safepoint: 23935686 ns, Leaving safepoint: 2783121 ns, Total: 26720337 ns
[5.399s][info][gc       ] GC(565) Pause Young (Normal) (G1 Evacuation Pause) 157M->148M(256M) 7.146ms
[5.399s][info][gc,cpu   ] GC(565) User=0.01s Sys=0.00s Real=0.01s
[5.401s][info][safepoint] Safepoint "G1CollectForAllocation", Time since last: 6842970 ns, Reaching safepoint: 1929 ns, Cleanup: 3197 ns, At safepoint: 7173068 ns, Leaving safepoint: 1978041 ns, Total: 9156235 ns
[5.413s][info][gc       ] GC(566) Pause Young (Concurrent Start) (G1 Evacuation Pause) 183M->176M(256M) 6.149ms
[5.413s][info][gc,cpu   ] GC(566) User=0.00s Sys=0.00s Real=0.01s
[5.413s][info][gc       ] GC(567) Concurrent Mark Cycle
[5.415s][info][safepoint] Safepoint "G1CollectForAllocation", Time since last: 6083013 ns, Reaching safepoint: 1746 ns, Cleanup: 2550 ns, At safepoint: 6181487 ns, Leaving safepoint: 2482692 ns, Total: 8668475 ns
[5.417s][info][gc       ] GC(567) Pause Remark 186M->186M(256M) 0.126ms
[5.417s][info][gc,cpu   ] GC(567) User=0.00s Sys=0.00s Real=0.00s
[5.421s][info][safepoint] Safepoint "G1PauseRemark", Time since last: 1268395 ns, Reaching safepoint: 156276 ns, Cleanup: 3223 ns, At safepoint: 143911 ns, Leaving safepoint: 3697019 ns, Total: 4000429 ns
[5.423s][info][gc       ] GC(567) Pause Cleanup 187M->187M(256M) 0.145ms
[5.423s][info][gc,cpu   ] GC(567) User=0.00s Sys=0.00s Real=0.00s
[5.423s][info][safepoint] Safepoint "G1PauseCleanup", Time since last: 1646642 ns, Reaching safepoint: 11398 ns, Cleanup: 1740 ns, At safepoint: 165118 ns, Leaving safepoint: 4332 ns, Total: 182588 ns
[5.425s][info][gc       ] GC(567) Concurrent Mark Cycle 11.556ms
[5.429s][info][gc       ] GC(568) Pause Young (Prepare Mixed) (G1 Evacuation Pause) 200M->196M(256M) 4.751ms
[5.429s][info][gc,cpu   ] GC(568) User=0.00s Sys=0.00s Real=0.01s
[5.433s][info][safepoint] Safepoint "G1CollectForAllocation", Time since last: 2001348 ns, Reaching safepoint: 1460 ns, Cleanup: 1740 ns, At safepoint: 4774847 ns, Leaving safepoint: 3385169 ns, Total: 8163216 ns
[5.441s][info][gc       ] GC(569) Pause Young (Mixed) (G1 Evacuation Pause) 213M->191M(256M) 3.910ms
[5.441s][info][gc,cpu   ] GC(569) User=0.00s Sys=0.00s Real=0.00s
[5.445s][info][safepoint] Safepoint "G1CollectForAllocation", Time since last: 3988292 ns, Reaching safepoint: 4573 ns, Cleanup: 1699 ns, At safepoint: 3930674 ns, Leaving safepoint: 4059123 ns, Total: 7996069 ns
[5.453s][info][gc       ] GC(570) Pause Young (Mixed) (G1 Evacuation Pause) 210M->190M(256M) 4.394ms
[5.453s][info][gc,cpu   ] GC(570) User=0.00s Sys=0.00s Real=0.00s
[5.457s][info][safepoint] Safepoint "G1CollectForAllocation", Time since last: 4004706 ns, Reaching safepoint: 9462 ns, Cleanup: 3831 ns, At safepoint: 4415360 ns, Leaving safepoint: 3579029 ns, Total: 8007682 ns
[5.466s][info][gc       ] GC(571) Pause Young (Mixed) (G1 Evacuation Pause) 210M->188M(256M) 4.984ms
[5.466s][info][gc,cpu   ] GC(571) User=0.01s Sys=0.00s Real=0.00s
[5.469s][info][safepoint] Safepoint "G1CollectForAllocation", Time since last: 3997983 ns, Reaching safepoint: 5414 ns, Cleanup: 1807 ns, At safepoint: 5009420 ns, Leaving safepoint: 2971438 ns, Total: 7988079 ns
[5.477s][info][gc       ] GC(572) Pause Young (Mixed) (G1 Evacuation Pause) 209M->192M(256M) 4.269ms
[5.477s][info][gc,cpu   ] GC(572) User=0.01s Sys=0.00s Real=0.01s
[5.477s][info][safepoint] Safepoint "G1CollectForAllocation", Time since last: 4013830 ns, Reaching safepoint: 8202 ns, Cleanup: 2252 ns, At safepoint: 4295935 ns, Leaving safepoint: 9869 ns, Total: 4316258 ns
[5.486s][info][gc       ] GC(573) Pause Young (Concurrent Start) (G1 Evacuation Pause) 212M->210M(256M) 3.392ms
[5.486s][info][gc       ] GC(574) Concurrent Mark Cycle
[5.486s][info][gc,cpu   ] GC(573) User=0.01s Sys=0.00s Real=0.00s
[5.489s][info][safepoint] Safepoint "G1CollectForAllocation", Time since last: 5828847 ns, Reaching safepoint: 6496 ns, Cleanup: 1938 ns, At safepoint: 3521749 ns, Leaving safepoint: 2320472 ns, Total: 5850655 ns
[5.498s][info][gc       ] GC(575) Pause Young (Normal) (G1 Evacuation Pause) 223M->222M(256M) 2.677ms
[5.498s][info][gc,cpu   ] GC(575) User=0.00s Sys=0.00s Real=0.01s
[5.498s][info][safepoint] Safepoint "G1CollectForAllocation", Time since last: 6120118 ns, Reaching safepoint: 7112 ns, Cleanup: 1743 ns, At safepoint: 2702651 ns, Leaving safepoint: 15088 ns, Total: 2726594 ns
[5.503s][info][gc       ] GC(576) Pause Young (Normal) (G1 Evacuation Pause) 232M->231M(256M) 2.164ms
[5.503s][info][gc,cpu   ] GC(576) User=0.00s Sys=0.00s Real=0.00s
[5.503s][info][safepoint] Safepoint "G1CollectForAllocation", Time since last: 3185497 ns, Reaching safepoint: 6381 ns, Cleanup: 1838 ns, At safepoint: 2188249 ns, Leaving safepoint: 13168 ns, Total: 2209636 ns
[5.506s][info][gc       ] GC(577) Pause Young (Normal) (G1 Evacuation Pause) 241M->241M(256M) 1.460ms
[5.506s][info][gc,cpu   ] GC(577) User=0.00s Sys=0.00s Real=0.00s
[5.506s][info][safepoint] Safepoint "G1CollectForAllocation", Time since last: 1759618 ns, Reaching safepoint: 4406 ns, Cleanup: 1852 ns, At safepoint: 1480547 ns, Leaving safepoint: 10352 ns, Total: 1497157 ns
[5.506s][info][gc       ] GC(574) Pause Remark 241M->240M(256M) 0.155ms
[5.506s][info][gc,cpu   ] GC(574) User=0.00s Sys=0.00s Real=0.00s
[5.509s][info][safepoint] Safepoint "G1PauseRemark", Time since last: 14969 ns, Reaching safepoint: 86448 ns, Cleanup: 1138 ns, At safepoint: 163834 ns, Leaving safepoint: 2227047 ns, Total: 2478467 ns
[5.510s][info][gc       ] GC(574) Pause Cleanup 241M->241M(256M) 0.134ms
[5.511s][info][gc,cpu   ] GC(574) User=0.00s Sys=0.00s Real=0.00s
[5.511s][info][safepoint] Safepoint "G1PauseCleanup", Time since last: 1667416 ns, Reaching safepoint: 8132 ns, Cleanup: 1233 ns, At safepoint: 150249 ns, Leaving safepoint: 4216 ns, Total: 163830 ns
[5.512s][info][gc       ] GC(574) Concurrent Mark Cycle 25.907ms
[5.514s][info][gc       ] GC(578) Pause Young (Prepare Mixed) (G1 Evacuation Pause) (Evacuation Failure) 250M->255M(256M) 1.287ms
[5.514s][info][gc,cpu   ] GC(578) User=0.00s Sys=0.00s Real=0.00s
[5.538s][info][gc       ] GC(579) Pause Full (G1 Compaction Pause) 255M->108M(256M) 24.472ms
[5.538s][info][gc,cpu   ] GC(579) User=0.03s Sys=0.00s Real=0.03s
[5.541s][info][safepoint] Safepoint "G1CollectForAllocation", Time since last: 1701548 ns, Reaching safepoint: 1783 ns, Cleanup: 1492 ns, At safepoint: 25812540 ns, Leaving safepoint: 2655255 ns, Total: 28471070 ns
[5.557s][info][gc       ] GC(580) Pause Young (Normal) (G1 Evacuation Pause) 158M->148M(256M) 7.619ms
[5.557s][info][gc,cpu   ] GC(580) User=0.01s Sys=0.00s Real=0.01s
[5.557s][info][safepoint] Safepoint "G1CollectForAllocation", Time since last: 8459967 ns, Reaching safepoint: 2342 ns, Cleanup: 2712 ns, At safepoint: 7651326 ns, Leaving safepoint: 10592 ns, Total: 7666972 ns
[5.568s][info][gc       ] GC(581) Pause Young (Concurrent Start) (G1 Evacuation Pause) 183M->175M(256M) 6.371ms
[5.568s][info][gc,cpu   ] GC(581) User=0.01s Sys=0.00s Real=0.00s
[5.568s][info][gc       ] GC(582) Concurrent Mark Cycle
[5.575s][info][safepoint] Safepoint "G1CollectForAllocation", Time since last: 4819052 ns, Reaching safepoint: 1853 ns, Cleanup: 7163 ns, At safepoint: 6402436 ns, Leaving safepoint: 7052943 ns, Total: 13464395 ns
[5.577s][info][gc       ] GC(582) Pause Remark 191M->191M(256M) 0.134ms
[5.577s][info][gc,cpu   ] GC(582) User=0.00s Sys=0.00s Real=0.00s
[5.577s][info][safepoint] Safepoint "G1PauseRemark", Time since last: 1617671 ns, Reaching safepoint: 120162 ns, Cleanup: 2303 ns, At safepoint: 151605 ns, Leaving safepoint: 3734 ns, Total: 277804 ns
[5.578s][info][gc       ] GC(582) Pause Cleanup 191M->191M(256M) 0.090ms
[5.578s][info][gc,cpu   ] GC(582) User=0.00s Sys=0.00s Real=0.00s
[5.578s][info][safepoint] Safepoint "G1PauseCleanup", Time since last: 1268989 ns, Reaching safepoint: 963 ns, Cleanup: 1590 ns, At safepoint: 104326 ns, Leaving safepoint: 747 ns, Total: 107626 ns
[5.580s][info][gc       ] GC(582) Concurrent Mark Cycle 11.744ms
[5.585s][info][gc       ] GC(583) Pause Young (Prepare Mixed) (G1 Evacuation Pause) 200M->197M(256M) 4.710ms
[5.585s][info][gc,cpu   ] GC(583) User=0.00s Sys=0.00s Real=0.00s
[5.585s][info][safepoint] Safepoint "G1CollectForAllocation", Time since last: 1444182 ns, Reaching safepoint: 1250 ns, Cleanup: 823 ns, At safepoint: 4732186 ns, Leaving safepoint: 1960 ns, Total: 4736219 ns
[5.594s][info][gc       ] GC(584) Pause Young (Mixed) (G1 Evacuation Pause) 214M->193M(256M) 4.972ms
[5.594s][info][gc,cpu   ] GC(584) User=0.00s Sys=0.00s Real=0.00s
[5.594s][info][safepoint] Safepoint "G1CollectForAllocation", Time since last: 4182135 ns, Reaching safepoint: 4864 ns, Cleanup: 1705 ns, At safepoint: 4999756 ns, Leaving safepoint: 2534 ns, Total: 5008859 ns
[5.606s][info][gc       ] GC(585) Pause Young (Mixed) (G1 Evacuation Pause) 211M->191M(256M) 5.206ms
[5.606s][info][gc,cpu   ] GC(585) User=0.01s Sys=0.00s Real=0.00s
[5.606s][info][safepoint] Safepoint "G1CollectForAllocation", Time since last: 6977891 ns, Reaching safepoint: 5917 ns, Cleanup: 1794 ns, At safepoint: 5235924 ns, Leaving safepoint: 2627 ns, Total: 5246262 ns
[5.618s][info][gc       ] GC(586) Pause Young (Mixed) (G1 Evacuation Pause) 210M->189M(256M) 5.263ms
[5.618s][info][gc,cpu   ] GC(586) User=0.01s Sys=0.00s Real=0.01s
[5.618s][info][safepoint] Safepoint "G1CollectForAllocation", Time since last: 6595078 ns, Reaching safepoint: 9034 ns, Cleanup: 2035 ns, At safepoint: 5291077 ns, Leaving safepoint: 2345 ns, Total: 5304491 ns
[5.628s][info][gc       ] GC(587) Pause Young (Mixed) (G1 Evacuation Pause) 209M->192M(256M) 5.154ms
[5.628s][info][gc,cpu   ] GC(587) User=0.01s Sys=0.00s Real=0.00s
[5.633s][info][safepoint] Safepoint "G1CollectForAllocation", Time since last: 5232754 ns, Reaching safepoint: 6956 ns, Cleanup: 1748 ns, At safepoint: 5179741 ns, Leaving safepoint: 4425690 ns, Total: 9614135 ns
[5.639s][info][gc       ] GC(588) Pause Young (Concurrent Start) (G1 Evacuation Pause) 211M->209M(256M) 3.261ms
[5.639s][info][gc,cpu   ] GC(588) User=0.01s Sys=0.00s Real=0.01s
[5.639s][info][safepoint] Safepoint "G1CollectForAllocation", Time since last: 3013432 ns, Reaching safepoint: 1527 ns, Cleanup: 1835 ns, At safepoint: 3290783 ns, Leaving safepoint: 835 ns, Total: 3294980 ns
[5.639s][info][gc       ] GC(589) Concurrent Mark Cycle
[5.650s][info][gc       ] GC(590) Pause Young (Normal) (G1 Evacuation Pause) 223M->222M(256M) 2.663ms
[5.650s][info][gc,cpu   ] GC(590) User=0.00s Sys=0.00s Real=0.01s
[5.650s][info][safepoint] Safepoint "G1CollectForAllocation", Time since last: 8545719 ns, Reaching safepoint: 12529 ns, Cleanup: 2059 ns, At safepoint: 2688393 ns, Leaving safepoint: 18530 ns, Total: 2721511 ns
[5.653s][info][gc       ] GC(591) Pause Young (Normal) (G1 Evacuation Pause) 230M->230M(256M) 1.639ms
[5.653s][info][gc,cpu   ] GC(591) User=0.00s Sys=0.00s Real=0.00s
[5.657s][info][safepoint] Safepoint "G1CollectForAllocation", Time since last: 967892 ns, Reaching safepoint: 1397 ns, Cleanup: 4172 ns, At safepoint: 1662736 ns, Leaving safepoint: 3760450 ns, Total: 5428755 ns
[5.659s][info][gc       ] GC(592) Pause Young (Normal) (G1 Evacuation Pause) 240M->239M(256M) 1.531ms
[5.659s][info][gc,cpu   ] GC(592) User=0.00s Sys=0.00s Real=0.00s
[5.659s][info][safepoint] Safepoint "G1CollectForAllocation", Time since last: 870170 ns, Reaching safepoint: 8036 ns, Cleanup: 1673 ns, At safepoint: 1553931 ns, Leaving safepoint: 18428 ns, Total: 1582068 ns
[5.661s][info][gc       ] GC(593) Pause Young (Normal) (G1 Evacuation Pause) (Evacuation Failure) 249M->253M(256M) 1.236ms
[5.661s][info][gc,cpu   ] GC(593) User=0.00s Sys=0.00s Real=0.00s
[5.661s][info][safepoint] Safepoint "G1CollectForAllocation", Time since last: 760519 ns, Reaching safepoint: 1603 ns, Cleanup: 1830 ns, At safepoint: 1263563 ns, Leaving safepoint: 934 ns, Total: 1267930 ns
[5.662s][info][gc       ] GC(594) Pause Young (Normal) (G1 Evacuation Pause) (Evacuation Failure) 255M->255M(256M) 0.260ms
[5.662s][info][gc,cpu   ] GC(594) User=0.00s Sys=0.00s Real=0.00s
[5.684s][info][gc       ] GC(595) Pause Full (G1 Compaction Pause) 255M->108M(256M) 21.765ms
[5.684s][info][gc,cpu   ] GC(595) User=0.02s Sys=0.00s Real=0.02s
[5.684s][info][safepoint] Safepoint "G1CollectForAllocation", Time since last: 367150 ns, Reaching safepoint: 1792 ns, Cleanup: 2116 ns, At safepoint: 22078917 ns, Leaving safepoint: 4439 ns, Total: 22087264 ns
[5.685s][info][gc       ] GC(589) Pause Remark 120M->120M(256M) 0.007ms
[5.685s][info][gc,cpu   ] GC(589) User=0.00s Sys=0.00s Real=0.00s
[5.689s][info][safepoint] Safepoint "G1PauseRemark", Time since last: 1088294 ns, Reaching safepoint: 85658 ns, Cleanup: 2556 ns, At safepoint: 22252 ns, Leaving safepoint: 3861152 ns, Total: 3971618 ns
[5.689s][info][gc       ] GC(589) Concurrent Mark Cycle 49.653ms
[5.702s][info][gc       ] GC(596) Pause Young (Normal) (G1 Evacuation Pause) 158M->148M(256M) 7.826ms
[5.702s][info][gc,cpu   ] GC(596) User=0.01s Sys=0.00s Real=0.01s
[5.705s][info][safepoint] Safepoint "G1CollectForAllocation", Time since last: 5629369 ns, Reaching safepoint: 1872 ns, Cleanup: 1893 ns, At safepoint: 7853985 ns, Leaving safepoint: 2529661 ns, Total: 10387411 ns
[5.720s][info][gc       ] GC(597) Pause Young (Concurrent Start) (G1 Evacuation Pause) 183M->177M(256M) 7.117ms
[5.720s][info][gc       ] GC(598) Concurrent Mark Cycle
[5.720s][info][gc,cpu   ] GC(597) User=0.00s Sys=0.00s Real=0.01s
[5.720s][info][safepoint] Safepoint "G1CollectForAllocation", Time since last: 7924973 ns, Reaching safepoint: 6310 ns, Cleanup: 1725 ns, At safepoint: 7259855 ns, Leaving safepoint: 3262 ns, Total: 7271152 ns
[5.733s][info][gc       ] GC(599) Pause Young (Normal) (G1 Evacuation Pause) 201M->197M(256M) 4.578ms
[5.733s][info][gc,cpu   ] GC(599) User=0.00s Sys=0.00s Real=0.00s
[5.733s][info][safepoint] Safepoint "G1CollectForAllocation", Time since last: 8803275 ns, Reaching safepoint: 4973 ns, Cleanup: 1495 ns, At safepoint: 4604738 ns, Leaving safepoint: 10923 ns, Total: 4622129 ns
[5.741s][info][gc       ] GC(600) Pause Young (Normal) (G1 Evacuation Pause) 214M->211M(256M) 3.025ms
[5.741s][info][gc,cpu   ] GC(600) User=0.01s Sys=0.00s Real=0.00s
[5.745s][info][safepoint] Safepoint "G1CollectForAllocation", Time since last: 4957366 ns, Reaching safepoint: 5895 ns, Cleanup: 1670 ns, At safepoint: 3049915 ns, Leaving safepoint: 3354057 ns, Total: 6411537 ns
[5.745s][info][gc       ] GC(598) Pause Remark 212M->212M(256M) 0.122ms
[5.745s][info][gc,cpu   ] GC(598) User=0.00s Sys=0.00s Real=0.00s
[5.745s][info][safepoint] Safepoint "G1PauseRemark", Time since last: 21352 ns, Reaching safepoint: 98527 ns, Cleanup: 1467 ns, At safepoint: 131711 ns, Leaving safepoint: 3363 ns, Total: 235068 ns
[5.746s][info][gc       ] GC(598) Pause Cleanup 212M->212M(256M) 0.099ms
[5.746s][info][gc,cpu   ] GC(598) User=0.00s Sys=0.00s Real=0.00s
[5.746s][info][safepoint] Safepoint "G1PauseCleanup", Time since last: 1263710 ns, Reaching safepoint: 1106 ns, Cleanup: 1151 ns, At safepoint: 112000 ns, Leaving safepoint: 595 ns, Total: 114852 ns
[5.747s][info][gc       ] GC(598) Concurrent Mark Cycle 26.966ms
[5.750s][info][gc       ] GC(601) Pause Young (Prepare Mixed) (G1 Evacuation Pause) 223M->222M(256M) 2.000ms
[5.750s][info][gc,cpu   ] GC(601) User=0.01s Sys=0.00s Real=0.01s
[5.750s][info][safepoint] Safepoint "G1CollectForAllocation", Time since last: 1382771 ns, Reaching safepoint: 1157 ns, Cleanup: 1258 ns, At safepoint: 2020864 ns, Leaving safepoint: 1733 ns, Total: 2025012 ns
[5.753s][info][gc       ] GC(602) Pause Young (Mixed) (G1 Evacuation Pause) 232M->211M(256M) 2.664ms
[5.753s][info][gc,cpu   ] GC(602) User=0.00s Sys=0.00s Real=0.00s
[5.757s][info][safepoint] Safepoint "G1CollectForAllocation", Time since last: 818089 ns, Reaching safepoint: 1166 ns, Cleanup: 913 ns, At safepoint: 2685819 ns, Leaving safepoint: 3449264 ns, Total: 6137162 ns
[5.762s][info][gc       ] GC(603) Pause Young (Mixed) (G1 Evacuation Pause) 224M->201M(256M) 3.224ms
[5.762s][info][gc,cpu   ] GC(603) User=0.01s Sys=0.00s Real=0.00s
[5.762s][info][safepoint] Safepoint "G1CollectForAllocation", Time since last: 2235046 ns, Reaching safepoint: 1749 ns, Cleanup: 1840 ns, At safepoint: 3248102 ns, Leaving safepoint: 1836 ns, Total: 3253527 ns
[5.768s][info][gc       ] GC(604) Pause Young (Mixed) (G1 Evacuation Pause) 217M->197M(256M) 3.602ms
[5.768s][info][gc,cpu   ] GC(604) User=0.00s Sys=0.00s Real=0.00s
[5.768s][info][safepoint] Safepoint "G1CollectForAllocation", Time since last: 2521210 ns, Reaching safepoint: 5255 ns, Cleanup: 1620 ns, At safepoint: 3621571 ns, Leaving safepoint: 7946 ns, Total: 3636392 ns
[5.778s][info][gc       ] GC(605) Pause Young (Mixed) (G1 Evacuation Pause) 215M->199M(256M) 3.529ms
[5.778s][info][gc,cpu   ] GC(605) User=0.00s Sys=0.00s Real=0.01s
[5.781s][info][safepoint] Safepoint "G1CollectForAllocation", Time since last: 5720619 ns, Reaching safepoint: 5478 ns, Cleanup: 1315 ns, At safepoint: 3552504 ns, Leaving safepoint: 3071730 ns, Total: 6631027 ns
[5.785s][info][gc       ] GC(606) Pause Young (Concurrent Start) (G1 Evacuation Pause) 216M->215M(256M) 2.724ms
[5.785s][info][gc       ] GC(607) Concurrent Mark Cycle
[5.785s][info][gc,cpu   ] GC(606) User=0.00s Sys=0.00s Real=0.00s
[5.792s][info][safepoint] Safepoint "G1CollectForAllocation", Time since last: 1370945 ns, Reaching safepoint: 6223 ns, Cleanup: 1348 ns, At safepoint: 2818841 ns, Leaving safepoint: 7258694 ns, Total: 10085106 ns
[5.795s][info][gc       ] GC(608) Pause Young (Normal) (G1 Evacuation Pause) 227M->225M(256M) 2.147ms
[5.795s][info][gc,cpu   ] GC(608) User=0.00s Sys=0.00s Real=0.00s
[5.795s][info][safepoint] Safepoint "G1CollectForAllocation", Time since last: 982313 ns, Reaching safepoint: 6124 ns, Cleanup: 1693 ns, At safepoint: 2171639 ns, Leaving safepoint: 18563 ns, Total: 2198019 ns
[5.796s][info][gc       ] GC(607) Pause Remark 225M->224M(256M) 0.156ms
[5.796s][info][gc,cpu   ] GC(607) User=0.00s Sys=0.00s Real=0.00s
[5.796s][info][safepoint] Safepoint "G1PauseRemark", Time since last: 15610 ns, Reaching safepoint: 183359 ns, Cleanup: 4093 ns, At safepoint: 178718 ns, Leaving safepoint: 84984 ns, Total: 451154 ns
[5.798s][info][gc       ] GC(607) Pause Cleanup 225M->225M(256M) 0.129ms
[5.798s][info][gc,cpu   ] GC(607) User=0.00s Sys=0.00s Real=0.00s
[5.798s][info][safepoint] Safepoint "G1PauseCleanup", Time since last: 2481853 ns, Reaching safepoint: 8475 ns, Cleanup: 1414 ns, At safepoint: 148251 ns, Leaving safepoint: 3819 ns, Total: 161959 ns
[5.800s][info][gc       ] GC(607) Concurrent Mark Cycle 14.729ms
[5.801s][info][gc       ] GC(609) Pause Young (Prepare Mixed) (G1 Evacuation Pause) 234M->233M(256M) 1.471ms
[5.801s][info][gc,cpu   ] GC(609) User=0.01s Sys=0.00s Real=0.00s
[5.805s][info][safepoint] Safepoint "G1CollectForAllocation", Time since last: 1128339 ns, Reaching safepoint: 1981 ns, Cleanup: 1533 ns, At safepoint: 1509826 ns, Leaving safepoint: 3611889 ns, Total: 5125229 ns
[5.807s][info][gc       ] GC(610) Pause Young (Mixed) (G1 Evacuation Pause) (Evacuation Failure) 243M->230M(256M) 1.868ms
[5.807s][info][gc,cpu   ] GC(610) User=0.00s Sys=0.00s Real=0.00s
[5.807s][info][safepoint] Safepoint "G1CollectForAllocation", Time since last: 721829 ns, Reaching safepoint: 5627 ns, Cleanup: 1357 ns, At safepoint: 1885992 ns, Leaving safepoint: 35700 ns, Total: 1928676 ns
[5.816s][info][gc       ] GC(611) Pause Young (Mixed) (G1 Evacuation Pause) (Evacuation Failure) 240M->220M(256M) 2.832ms
[5.816s][info][gc,cpu   ] GC(611) User=0.00s Sys=0.00s Real=0.00s
[5.816s][info][safepoint] Safepoint "G1CollectForAllocation", Time since last: 5355418 ns, Reaching safepoint: 4303 ns, Cleanup: 1536 ns, At safepoint: 2857645 ns, Leaving safepoint: 2243 ns, Total: 2865727 ns
[5.823s][info][gc       ] GC(612) Pause Young (Mixed) (G1 Evacuation Pause) 230M->208M(256M) 2.625ms
[5.823s][info][gc,cpu   ] GC(612) User=0.00s Sys=0.00s Real=0.00s
[5.823s][info][safepoint] Safepoint "G1CollectForAllocation", Time since last: 5130937 ns, Reaching safepoint: 6418 ns, Cleanup: 1687 ns, At safepoint: 2653808 ns, Leaving safepoint: 1881 ns, Total: 2663794 ns
[5.832s][info][gc       ] GC(613) Pause Young (Mixed) (G1 Evacuation Pause) 222M->201M(256M) 3.754ms
[5.832s][info][gc,cpu   ] GC(613) User=0.01s Sys=0.00s Real=0.00s
[5.832s][info][safepoint] Safepoint "G1CollectForAllocation", Time since last: 5336059 ns, Reaching safepoint: 6457 ns, Cleanup: 1361 ns, At safepoint: 3772954 ns, Leaving safepoint: 1566 ns, Total: 3782338 ns
[5.845s][info][gc       ] GC(614) Pause Young (Mixed) (G1 Evacuation Pause) 218M->197M(256M) 4.777ms
[5.845s][info][gc,cpu   ] GC(614) User=0.00s Sys=0.00s Real=0.00s
[5.845s][info][safepoint] Safepoint "G1CollectForAllocation", Time since last: 8221867 ns, Reaching safepoint: 3880 ns, Cleanup: 1622 ns, At safepoint: 4802715 ns, Leaving safepoint: 2288 ns, Total: 4810505 ns
[5.852s][info][gc       ] GC(615) Pause Young (Mixed) (G1 Evacuation Pause) 215M->211M(256M) 3.222ms
[5.852s][info][gc,cpu   ] GC(615) User=0.01s Sys=0.00s Real=0.00s
[5.852s][info][safepoint] Safepoint "G1CollectForAllocation", Time since last: 3195137 ns, Reaching safepoint: 5172 ns, Cleanup: 1584 ns, At safepoint: 3243233 ns, Leaving safepoint: 1972 ns, Total: 3251961 ns
[5.855s][info][gc       ] GC(616) Pause Young (Concurrent Start) (G1 Evacuation Pause) 224M->222M(256M) 2.110ms
[5.855s][info][gc       ] GC(617) Concurrent Mark Cycle
[5.855s][info][gc,cpu   ] GC(616) User=0.00s Sys=0.00s Real=0.00s
[5.859s][info][safepoint] Safepoint "G1CollectForAllocation", Time since last: 1285150 ns, Reaching safepoint: 1008 ns, Cleanup: 1244 ns, At safepoint: 2210976 ns, Leaving safepoint: 4010101 ns, Total: 6223329 ns
[5.865s][info][gc       ] GC(618) Pause Young (Normal) (G1 Evacuation Pause) 232M->232M(256M) 1.654ms
[5.865s][info][gc,cpu   ] GC(618) User=0.00s Sys=0.00s Real=0.00s
[5.865s][info][safepoint] Safepoint "G1CollectForAllocation", Time since last: 3405705 ns, Reaching safepoint: 7592 ns, Cleanup: 1217 ns, At safepoint: 1673051 ns, Leaving safepoint: 17698 ns, Total: 1699558 ns
[5.867s][info][gc       ] GC(619) Pause Young (Normal) (G1 Evacuation Pause) 242M->241M(256M) 1.725ms
[5.867s][info][gc,cpu   ] GC(619) User=0.00s Sys=0.00s Real=0.00s
[5.867s][info][safepoint] Safepoint "G1CollectForAllocation", Time since last: 796690 ns, Reaching safepoint: 1302 ns, Cleanup: 990 ns, At safepoint: 1741404 ns, Leaving safepoint: 1811 ns, Total: 1745507 ns
[5.870s][info][gc       ] GC(620) Pause Young (Normal) (G1 Evacuation Pause) (Evacuation Failure) 251M->255M(256M) 0.794ms
[5.870s][info][gc,cpu   ] GC(620) User=0.01s Sys=0.00s Real=0.00s
[5.893s][info][gc       ] GC(621) Pause Full (G1 Compaction Pause) 255M->108M(256M) 22.501ms
[5.893s][info][gc,cpu   ] GC(621) User=0.02s Sys=0.00s Real=0.02s
[5.893s][info][safepoint] Safepoint "G1CollectForAllocation", Time since last: 2263569 ns, Reaching safepoint: 27740 ns, Cleanup: 1238 ns, At safepoint: 23361271 ns, Leaving safepoint: 16826 ns, Total: 23407075 ns
[5.897s][info][gc       ] GC(617) Pause Remark 109M->109M(256M) 0.009ms
[5.897s][info][gc,cpu   ] GC(617) User=0.00s Sys=0.00s Real=0.00s
[5.897s][info][safepoint] Safepoint "G1PauseRemark", Time since last: 4132954 ns, Reaching safepoint: 6973 ns, Cleanup: 2924 ns, At safepoint: 32533 ns, Leaving safepoint: 4062 ns, Total: 46492 ns
[5.897s][info][gc       ] GC(617) Concurrent Mark Cycle 41.599ms
[5.911s][info][gc       ] GC(622) Pause Young (Normal) (G1 Evacuation Pause) 158M->149M(256M) 6.942ms
[5.911s][info][gc,cpu   ] GC(622) User=0.01s Sys=0.00s Real=0.01s
[5.911s][info][safepoint] Safepoint "G1CollectForAllocation", Time since last: 7399954 ns, Reaching safepoint: 2144 ns, Cleanup: 2185 ns, At safepoint: 6972062 ns, Leaving safepoint: 1221 ns, Total: 6977612 ns
[5.923s][info][gc       ] GC(623) Pause Young (Normal) (G1 Evacuation Pause) 184M->176M(256M) 6.472ms
[5.923s][info][gc,cpu   ] GC(623) User=0.01s Sys=0.00s Real=0.01s
[5.923s][info][safepoint] Safepoint "G1CollectForAllocation", Time since last: 5315199 ns, Reaching safepoint: 2202 ns, Cleanup: 2146 ns, At safepoint: 6500377 ns, Leaving safepoint: 1212 ns, Total: 6505937 ns
[5.937s][info][gc       ] GC(624) Pause Young (Concurrent Start) (G1 Evacuation Pause) 201M->197M(256M) 4.693ms
[5.937s][info][gc,cpu   ] GC(624) User=0.00s Sys=0.00s Real=0.01s
[5.937s][info][safepoint] Safepoint "G1CollectForAllocation", Time since last: 9552018 ns, Reaching safepoint: 5019 ns, Cleanup: 1981 ns, At safepoint: 4720118 ns, Leaving safepoint: 2184 ns, Total: 4729302 ns
[5.937s][info][gc       ] GC(625) Concurrent Mark Cycle
[5.945s][info][gc       ] GC(625) Pause Remark 204M->201M(256M) 0.146ms
[5.945s][info][gc,cpu   ] GC(625) User=0.00s Sys=0.00s Real=0.00s
[5.945s][info][safepoint] Safepoint "G1PauseRemark", Time since last: 7301074 ns, Reaching safepoint: 25070 ns, Cleanup: 2434 ns, At safepoint: 166235 ns, Leaving safepoint: 4206 ns, Total: 197945 ns
[5.951s][info][gc       ] GC(626) Pause Young (Normal) (G1 Evacuation Pause) 211M->209M(256M) 3.295ms
[5.951s][info][gc,cpu   ] GC(626) User=0.01s Sys=0.00s Real=0.01s
[5.951s][info][safepoint] Safepoint "G1CollectForAllocation", Time since last: 3074101 ns, Reaching safepoint: 1473 ns, Cleanup: 1828 ns, At safepoint: 3321623 ns, Leaving safepoint: 2033 ns, Total: 3326957 ns
[5.959s][info][gc       ] GC(627) Pause Young (Normal) (G1 Evacuation Pause) 222M->221M(256M) 2.426ms
[5.959s][info][gc,cpu   ] GC(627) User=0.00s Sys=0.00s Real=0.00s
[5.959s][info][safepoint] Safepoint "G1CollectForAllocation", Time since last: 5356645 ns, Reaching safepoint: 7096 ns, Cleanup: 2038 ns, At safepoint: 2449631 ns, Leaving safepoint: 1604 ns, Total: 2460369 ns
[5.965s][info][gc       ] GC(628) Pause Young (Normal) (G1 Evacuation Pause) 231M->231M(256M) 1.784ms
[5.965s][info][gc,cpu   ] GC(628) User=0.00s Sys=0.00s Real=0.00s
[5.965s][info][safepoint] Safepoint "G1CollectForAllocation", Time since last: 3879120 ns, Reaching safepoint: 7540 ns, Cleanup: 1961 ns, At safepoint: 1809659 ns, Leaving safepoint: 11142 ns, Total: 1830302 ns
[5.968s][info][gc       ] GC(629) Pause Young (Normal) (G1 Evacuation Pause) 241M->240M(256M) 2.080ms
[5.968s][info][gc,cpu   ] GC(629) User=0.00s Sys=0.00s Real=0.00s
[5.968s][info][safepoint] Safepoint "G1CollectForAllocation", Time since last: 939331 ns, Reaching safepoint: 1437 ns, Cleanup: 1269 ns, At safepoint: 2098243 ns, Leaving safepoint: 1724 ns, Total: 2102673 ns
[5.973s][info][gc       ] GC(625) Pause Cleanup 249M->249M(256M) 0.110ms
[5.973s][info][gc,cpu   ] GC(625) User=0.00s Sys=0.00s Real=0.00s
[5.973s][info][safepoint] Safepoint "G1PauseCleanup", Time since last: 4783161 ns, Reaching safepoint: 42946 ns, Cleanup: 1629 ns, At safepoint: 126419 ns, Leaving safepoint: 3396 ns, Total: 174390 ns
[5.973s][info][gc       ] GC(625) Concurrent Mark Cycle 36.040ms
[5.974s][info][gc       ] GC(630) Pause Young (Prepare Mixed) (G1 Evacuation Pause) (Evacuation Failure) 250M->252M(256M) 0.855ms
[5.974s][info][gc,cpu   ] GC(630) User=0.00s Sys=0.00s Real=0.00s
[5.999s][info][gc       ] GC(631) Pause Full (G1 Compaction Pause) 252M->108M(256M) 25.075ms
[6.000s][info][gc,cpu   ] GC(631) User=0.02s Sys=0.00s Real=0.03s
[6.000s][info][safepoint] Safepoint "G1CollectForAllocation", Time since last: 672864 ns, Reaching safepoint: 2139 ns, Cleanup: 2198 ns, At safepoint: 25984189 ns, Leaving safepoint: 3833 ns, Total: 25992359 ns
[6.018s][info][gc       ] GC(632) Pause Young (Normal) (G1 Evacuation Pause) 160M->149M(256M) 8.603ms
[6.018s][info][gc,cpu   ] GC(632) User=0.01s Sys=0.00s Real=0.01s
[6.021s][info][safepoint] Safepoint "G1CollectForAllocation", Time since last: 9409581 ns, Reaching safepoint: 2339 ns, Cleanup: 2985 ns, At safepoint: 8650136 ns, Leaving safepoint: 3183238 ns, Total: 11838698 ns
[6.033s][info][gc       ] GC(633) Pause Young (Normal) (G1 Evacuation Pause) 184M->176M(256M) 6.688ms
[6.033s][info][gc,cpu   ] GC(633) User=0.01s Sys=0.00s Real=0.01s
[6.037s][info][safepoint] Safepoint "G1CollectForAllocation", Time since last: 5239213 ns, Reaching safepoint: 2075 ns, Cleanup: 3394 ns, At safepoint: 6721271 ns, Leaving safepoint: 4287863 ns, Total: 11014603 ns
[6.046s][info][gc       ] GC(634) Pause Young (Concurrent Start) (G1 Evacuation Pause) 201M->198M(256M) 5.431ms
[6.046s][info][gc       ] GC(635) Concurrent Mark Cycle
[6.046s][info][gc,cpu   ] GC(634) User=0.01s Sys=0.00s Real=0.00s
[6.049s][info][safepoint] Safepoint "G1CollectForAllocation", Time since last: 3132443 ns, Reaching safepoint: 9555 ns, Cleanup: 2335 ns, At safepoint: 5575788 ns, Leaving safepoint: 2959779 ns, Total: 8547457 ns
[6.058s][info][gc       ] GC(636) Pause Young (Normal) (G1 Evacuation Pause) 215M->213M(256M) 3.414ms
[6.058s][info][gc,cpu   ] GC(636) User=0.00s Sys=0.00s Real=0.01s
[6.058s][info][safepoint] Safepoint "G1CollectForAllocation", Time since last: 6268219 ns, Reaching safepoint: 6825 ns, Cleanup: 2296 ns, At safepoint: 3443937 ns, Leaving safepoint: 2269 ns, Total: 3455327 ns
[6.061s][info][gc       ] GC(635) Pause Remark 224M->221M(256M) 0.152ms
[6.061s][info][gc,cpu   ] GC(635) User=0.00s Sys=0.00s Real=0.00s
[6.061s][info][safepoint] Safepoint "G1PauseRemark", Time since last: 2258558 ns, Reaching safepoint: 106708 ns, Cleanup: 2317 ns, At safepoint: 168782 ns, Leaving safepoint: 5033 ns, Total: 282840 ns
[6.063s][info][gc       ] GC(635) Pause Cleanup 221M->221M(256M) 0.100ms
[6.063s][info][gc,cpu   ] GC(635) User=0.00s Sys=0.00s Real=0.00s
[6.063s][info][safepoint] Safepoint "G1PauseCleanup", Time since last: 1619743 ns, Reaching safepoint: 1205 ns, Cleanup: 1511 ns, At safepoint: 115360 ns, Leaving safepoint: 593 ns, Total: 118669 ns
[6.065s][info][gc       ] GC(637) Pause Young (Prepare Mixed) (G1 Evacuation Pause) 221M->220M(256M) 2.269ms
[6.065s][info][gc,cpu   ] GC(637) User=0.00s Sys=0.00s Real=0.00s
[6.066s][info][gc       ] GC(635) Concurrent Mark Cycle 19.968ms
[6.069s][info][safepoint] Safepoint "G1CollectForAllocation", Time since last: 15943 ns, Reaching safepoint: 331 ns, Cleanup: 288 ns, At safepoint: 2287426 ns, Leaving safepoint: 3672932 ns, Total: 5960977 ns
[6.073s][info][gc       ] GC(638) Pause Young (Mixed) (G1 Evacuation Pause) 230M->208M(256M) 2.964ms
[6.073s][info][gc,cpu   ] GC(638) User=0.01s Sys=0.00s Real=0.00s
[6.073s][info][safepoint] Safepoint "G1CollectForAllocation", Time since last: 909911 ns, Reaching safepoint: 6890 ns, Cleanup: 2090 ns, At safepoint: 2985265 ns, Leaving safepoint: 2336 ns, Total: 2996581 ns
[6.080s][info][gc       ] GC(639) Pause Young (Mixed) (G1 Evacuation Pause) 221M->200M(256M) 3.557ms
[6.080s][info][gc,cpu   ] GC(639) User=0.00s Sys=0.00s Real=0.00s
[6.080s][info][safepoint] Safepoint "G1CollectForAllocation", Time since last: 4098431 ns, Reaching safepoint: 6526 ns, Cleanup: 2181 ns, At safepoint: 3583677 ns, Leaving safepoint: 9375 ns, Total: 3601759 ns
[6.088s][info][gc       ] GC(640) Pause Young (Mixed) (G1 Evacuation Pause) 216M->194M(256M) 3.498ms
[6.088s][info][gc,cpu   ] GC(640) User=0.00s Sys=0.00s Real=0.00s
[6.093s][info][safepoint] Safepoint "G1CollectForAllocation", Time since last: 4141486 ns, Reaching safepoint: 5646 ns, Cleanup: 1682 ns, At safepoint: 3548523 ns, Leaving safepoint: 4760166 ns, Total: 8316017 ns
[6.106s][info][gc       ] GC(641) Pause Young (Mixed) (G1 Evacuation Pause) 213M->192M(256M) 5.037ms
[6.106s][info][gc,cpu   ] GC(641) User=0.01s Sys=0.00s Real=0.00s
[6.106s][info][safepoint] Safepoint "G1CollectForAllocation", Time since last: 7959087 ns, Reaching safepoint: 7000 ns, Cleanup: 2444 ns, At safepoint: 5065274 ns, Leaving safepoint: 2474 ns, Total: 5077192 ns
[6.117s][info][gc       ] GC(642) Pause Young (Mixed) (G1 Evacuation Pause) 211M->197M(256M) 3.883ms
[6.117s][info][gc,cpu   ] GC(642) User=0.00s Sys=0.00s Real=0.00s
[6.121s][info][safepoint] Safepoint "G1CollectForAllocation", Time since last: 6940598 ns, Reaching safepoint: 8803 ns, Cleanup: 2077 ns, At safepoint: 3909474 ns, Leaving safepoint: 4031976 ns, Total: 7952330 ns
[6.127s][info][gc       ] GC(643) Pause Young (Concurrent Start) (G1 Evacuation Pause) 215M->213M(256M) 2.921ms
[6.127s][info][gc,cpu   ] GC(643) User=0.01s Sys=0.00s Real=0.00s
[6.127s][info][gc       ] GC(644) Concurrent Mark Cycle
[6.127s][info][safepoint] Safepoint "G1CollectForAllocation", Time since last: 2896482 ns, Reaching safepoint: 1707 ns, Cleanup: 2225 ns, At safepoint: 2948963 ns, Leaving safepoint: 21235 ns, Total: 2974130 ns
[6.137s][info][gc       ] GC(645) Pause Young (Normal) (G1 Evacuation Pause) 225M->224M(256M) 2.306ms
[6.137s][info][gc,cpu   ] GC(645) User=0.00s Sys=0.00s Real=0.01s
[6.137s][info][safepoint] Safepoint "G1CollectForAllocation", Time since last: 8190441 ns, Reaching safepoint: 7415 ns, Cleanup: 2007 ns, At safepoint: 2330096 ns, Leaving safepoint: 21136 ns, Total: 2360654 ns
[6.140s][info][gc       ] GC(646) Pause Young (Normal) (G1 Evacuation Pause) 234M->233M(256M) 1.752ms
[6.140s][info][gc,cpu   ] GC(646) User=0.00s Sys=0.00s Real=0.00s
[6.145s][info][safepoint] Safepoint "G1CollectForAllocation", Time since last: 791894 ns, Reaching safepoint: 1148 ns, Cleanup: 1586 ns, At safepoint: 1774788 ns, Leaving safepoint: 5038605 ns, Total: 6816127 ns
[6.147s][info][gc       ] GC(647) Pause Young (Normal) (G1 Evacuation Pause) 243M->243M(256M) 1.452ms
[6.147s][info][gc,cpu   ] GC(647) User=0.00s Sys=0.00s Real=0.00s
[6.147s][info][safepoint] Safepoint "G1CollectForAllocation", Time since last: 802655 ns, Reaching safepoint: 6574 ns, Cleanup: 2174 ns, At safepoint: 1473363 ns, Leaving safepoint: 17570 ns, Total: 1499681 ns
[6.147s][info][gc       ] GC(644) Pause Remark 243M->239M(256M) 0.154ms
[6.147s][info][gc,cpu   ] GC(644) User=0.00s Sys=0.00s Real=0.00s
[6.147s][info][safepoint] Safepoint "G1PauseRemark", Time since last: 14014 ns, Reaching safepoint: 145066 ns, Cleanup: 2084 ns, At safepoint: 172970 ns, Leaving safepoint: 92863 ns, Total: 412983 ns
[6.150s][info][gc       ] GC(644) Pause Cleanup 240M->240M(256M) 0.140ms
[6.150s][info][gc,cpu   ] GC(644) User=0.00s Sys=0.00s Real=0.00s
[6.150s][info][safepoint] Safepoint "G1PauseCleanup", Time since last: 2839898 ns, Reaching safepoint: 6852 ns, Cleanup: 1330 ns, At safepoint: 157975 ns, Leaving safepoint: 4138 ns, Total: 170295 ns
[6.152s][info][gc       ] GC(644) Concurrent Mark Cycle 25.119ms
[6.153s][info][gc       ] GC(648) Pause Young (Prepare Mixed) (G1 Evacuation Pause) (Evacuation Failure) 249M->254M(256M) 1.437ms
[6.153s][info][gc,cpu   ] GC(648) User=0.00s Sys=0.00s Real=0.00s
[6.153s][info][safepoint] Safepoint "G1CollectForAllocation", Time since last: 1219836 ns, Reaching safepoint: 1476 ns, Cleanup: 1165 ns, At safepoint: 1455578 ns, Leaving safepoint: 14447 ns, Total: 1472666 ns
[6.154s][info][gc       ] GC(649) Pause Young (Mixed) (G1 Evacuation Pause) (Evacuation Failure) 255M->250M(256M) 0.913ms
[6.154s][info][gc,cpu   ] GC(649) User=0.01s Sys=0.00s Real=0.00s
[6.157s][info][safepoint] Safepoint "G1CollectForAllocation", Time since last: 79630 ns, Reaching safepoint: 789 ns, Cleanup: 965 ns, At safepoint: 926694 ns, Leaving safepoint: 2557322 ns, Total: 3485770 ns
[6.158s][info][gc       ] GC(650) Pause Young (Mixed) (G1 Evacuation Pause) (Evacuation Failure) 255M->252M(256M) 1.001ms
[6.158s][info][gc,cpu   ] GC(650) User=0.00s Sys=0.00s Real=0.00s
[6.158s][info][safepoint] Safepoint "G1CollectForAllocation", Time since last: 750410 ns, Reaching safepoint: 10697 ns, Cleanup: 1961 ns, At safepoint: 1022546 ns, Leaving safepoint: 6577 ns, Total: 1041781 ns
[6.160s][info][gc       ] GC(651) Pause Young (Mixed) (G1 Evacuation Pause) (Evacuation Failure) 255M->255M(256M) 1.034ms
[6.160s][info][gc,cpu   ] GC(651) User=0.00s Sys=0.00s Real=0.00s
[6.183s][info][gc       ] GC(652) Pause Full (G1 Compaction Pause) 255M->108M(256M) 22.766ms
[6.183s][info][gc,cpu   ] GC(652) User=0.02s Sys=0.00s Real=0.02s
[6.183s][info][safepoint] Safepoint "G1CollectForAllocation", Time since last: 392590 ns, Reaching safepoint: 948 ns, Cleanup: 1313 ns, At safepoint: 23846663 ns, Leaving safepoint: 45234 ns, Total: 23894158 ns
[6.199s][info][gc       ] GC(653) Pause Young (Normal) (G1 Evacuation Pause) 158M->150M(256M) 8.741ms
[6.199s][info][gc,cpu   ] GC(653) User=0.01s Sys=0.00s Real=0.01s
[6.205s][info][safepoint] Safepoint "G1CollectForAllocation", Time since last: 7534225 ns, Reaching safepoint: 2016 ns, Cleanup: 2132 ns, At safepoint: 8773963 ns, Leaving safepoint: 5586822 ns, Total: 14364933 ns
[6.216s][info][gc       ] GC(654) Pause Young (Normal) (G1 Evacuation Pause) 184M->177M(256M) 6.497ms
[6.216s][info][gc,cpu   ] GC(654) User=0.01s Sys=0.00s Real=0.00s
[6.216s][info][safepoint] Safepoint "G1CollectForAllocation", Time since last: 4320262 ns, Reaching safepoint: 2440 ns, Cleanup: 2593 ns, At safepoint: 6526952 ns, Leaving safepoint: 1339 ns, Total: 6533324 ns
[6.224s][info][gc       ] GC(655) Pause Young (Concurrent Start) (G1 Evacuation Pause) 201M->197M(256M) 5.220ms
[6.224s][info][gc,cpu   ] GC(655) User=0.00s Sys=0.00s Real=0.00s
[6.224s][info][gc       ] GC(656) Concurrent Mark Cycle
[6.224s][info][safepoint] Safepoint "G1CollectForAllocation", Time since last: 2976355 ns, Reaching safepoint: 1609 ns, Cleanup: 2473 ns, At safepoint: 5265433 ns, Leaving safepoint: 107631 ns, Total: 5377146 ns
[6.233s][info][gc       ] GC(656) Pause Remark 210M->210M(256M) 0.138ms
[6.233s][info][gc,cpu   ] GC(656) User=0.00s Sys=0.00s Real=0.00s
[6.233s][info][safepoint] Safepoint "G1PauseRemark", Time since last: 8827214 ns, Reaching safepoint: 91935 ns, Cleanup: 2773 ns, At safepoint: 159616 ns, Leaving safepoint: 4745 ns, Total: 259069 ns
[6.239s][info][gc       ] GC(657) Pause Young (Normal) (G1 Evacuation Pause) 214M->212M(256M) 3.437ms
[6.239s][info][gc,cpu   ] GC(657) User=0.00s Sys=0.00s Real=0.01s
[6.241s][info][safepoint] Safepoint "G1CollectForAllocation", Time since last: 2078914 ns, Reaching safepoint: 1964 ns, Cleanup: 2018 ns, At safepoint: 3463290 ns, Leaving safepoint: 2161399 ns, Total: 5628671 ns
[6.244s][info][gc       ] GC(658) Pause Young (Normal) (G1 Evacuation Pause) 224M->223M(256M) 2.084ms
[6.244s][info][gc,cpu   ] GC(658) User=0.01s Sys=0.00s Real=0.00s
[6.249s][info][safepoint] Safepoint "G1CollectForAllocation", Time since last: 1201986 ns, Reaching safepoint: 7587 ns, Cleanup: 1643 ns, At safepoint: 2104899 ns, Leaving safepoint: 4675899 ns, Total: 6790028 ns
[6.252s][info][gc       ] GC(659) Pause Young (Normal) (G1 Evacuation Pause) 233M->233M(256M) 1.994ms
[6.252s][info][gc,cpu   ] GC(659) User=0.00s Sys=0.00s Real=0.00s
[6.252s][info][safepoint] Safepoint "G1CollectForAllocation", Time since last: 949821 ns, Reaching safepoint: 5253 ns, Cleanup: 1524 ns, At safepoint: 2010518 ns, Leaving safepoint: 8856 ns, Total: 2026151 ns
[6.252s][info][gc       ] GC(656) Pause Cleanup 233M->233M(256M) 0.088ms
[6.252s][info][gc,cpu   ] GC(656) User=0.00s Sys=0.00s Real=0.00s
[6.252s][info][safepoint] Safepoint "G1PauseCleanup", Time since last: 72457 ns, Reaching safepoint: 563 ns, Cleanup: 640 ns, At safepoint: 95079 ns, Leaving safepoint: 480 ns, Total: 96762 ns
[6.252s][info][gc       ] GC(656) Concurrent Mark Cycle 28.476ms
[6.255s][info][gc       ] GC(660) Pause Young (Prepare Mixed) (G1 Evacuation Pause) (Evacuation Failure) 243M->247M(256M) 1.429ms
[6.255s][info][gc,cpu   ] GC(660) User=0.01s Sys=0.00s Real=0.00s
[6.255s][info][safepoint] Safepoint "G1CollectForAllocation", Time since last: 1864405 ns, Reaching safepoint: 1380 ns, Cleanup: 1623 ns, At safepoint: 1451819 ns, Leaving safepoint: 1856 ns, Total: 1456678 ns
[6.256s][info][gc       ] GC(661) Pause Young (Mixed) (G1 Evacuation Pause) (Evacuation Failure) 252M->245M(256M) 0.821ms
[6.256s][info][gc,cpu   ] GC(661) User=0.00s Sys=0.00s Real=0.00s
[6.261s][info][safepoint] Safepoint "G1CollectForAllocation", Time since last: 399421 ns, Reaching safepoint: 796 ns, Cleanup: 1284 ns, At safepoint: 860380 ns, Leaving safepoint: 4295425 ns, Total: 5157885 ns
[6.263s][info][gc       ] GC(662) Pause Young (Mixed) (G1 Evacuation Pause) (Evacuation Failure) 252M->251M(256M) 1.030ms
[6.263s][info][gc,cpu   ] GC(662) User=0.00s Sys=0.00s Real=0.00s
[6.263s][info][safepoint] Safepoint "G1CollectForAllocation", Time since last: 927025 ns, Reaching safepoint: 6692 ns, Cleanup: 1861 ns, At safepoint: 1050487 ns, Leaving safepoint: 29055 ns, Total: 1088095 ns
[6.264s][info][gc       ] GC(663) Pause Young (Mixed) (G1 Evacuation Pause) (Evacuation Failure) 252M->250M(256M) 0.888ms
[6.264s][info][gc,cpu   ] GC(663) User=0.00s Sys=0.00s Real=0.00s
[6.264s][info][safepoint] Safepoint "G1CollectForAllocation", Time since last: 121459 ns, Reaching safepoint: 675 ns, Cleanup: 956 ns, At safepoint: 901387 ns, Leaving safepoint: 18005 ns, Total: 921023 ns
[6.265s][info][gc       ] GC(664) Pause Young (Mixed) (G1 Evacuation Pause) (Evacuation Failure) 252M->250M(256M) 0.857ms
[6.265s][info][gc,cpu   ] GC(664) User=0.01s Sys=0.00s Real=0.00s
[6.265s][info][safepoint] Safepoint "G1CollectForAllocation", Time since last: 257390 ns, Reaching safepoint: 706 ns, Cleanup: 879 ns, At safepoint: 874054 ns, Leaving safepoint: 19265 ns, Total: 894904 ns
[6.269s][info][gc       ] GC(665) Pause Young (Mixed) (G1 Evacuation Pause) (Evacuation Failure) 252M->252M(256M) 0.606ms
[6.269s][info][gc,cpu   ] GC(665) User=0.00s Sys=0.00s Real=0.00s
[6.294s][info][gc       ] GC(666) Pause Full (G1 Compaction Pause) 252M->108M(256M) 24.379ms
[6.294s][info][gc,cpu   ] GC(666) User=0.02s Sys=0.00s Real=0.02s
[6.294s][info][safepoint] Safepoint "G1CollectForAllocation", Time since last: 3777915 ns, Reaching safepoint: 4104 ns, Cleanup: 1481 ns, At safepoint: 25034394 ns, Leaving safepoint: 3772 ns, Total: 25043751 ns
[6.309s][info][gc       ] GC(667) Pause Young (Normal) (G1 Evacuation Pause) 158M->148M(256M) 8.774ms
[6.309s][info][gc,cpu   ] GC(667) User=0.01s Sys=0.00s Real=0.01s
[6.313s][info][safepoint] Safepoint "G1CollectForAllocation", Time since last: 6752208 ns, Reaching safepoint: 2171 ns, Cleanup: 2266 ns, At safepoint: 8805308 ns, Leaving safepoint: 3387647 ns, Total: 12197392 ns
[6.324s][info][gc       ] GC(668) Pause Young (Normal) (G1 Evacuation Pause) 183M->176M(256M) 6.914ms
[6.324s][info][gc,cpu   ] GC(668) User=0.01s Sys=0.00s Real=0.00s
[6.329s][info][safepoint] Safepoint "G1CollectForAllocation", Time since last: 4865060 ns, Reaching safepoint: 1835 ns, Cleanup: 2035 ns, At safepoint: 6943429 ns, Leaving safepoint: 4182964 ns, Total: 11130263 ns
[6.338s][info][gc       ] GC(669) Pause Young (Concurrent Start) (G1 Evacuation Pause) 201M->198M(256M) 5.407ms
[6.338s][info][gc       ] GC(670) Concurrent Mark Cycle
[6.338s][info][gc,cpu   ] GC(669) User=0.01s Sys=0.00s Real=0.01s
[6.345s][info][safepoint] Safepoint "G1CollectForAllocation", Time since last: 4014713 ns, Reaching safepoint: 7238 ns, Cleanup: 2515 ns, At safepoint: 5547562 ns, Leaving safepoint: 6432280 ns, Total: 11989595 ns
[6.350s][info][gc       ] GC(671) Pause Young (Normal) (G1 Evacuation Pause) 215M->213M(256M) 3.049ms
[6.350s][info][gc,cpu   ] GC(671) User=0.00s Sys=0.00s Real=0.01s
[6.350s][info][safepoint] Safepoint "G1CollectForAllocation", Time since last: 2118889 ns, Reaching safepoint: 7102 ns, Cleanup: 1976 ns, At safepoint: 3074934 ns, Leaving safepoint: 1623 ns, Total: 3085635 ns
[6.356s][info][gc       ] GC(672) Pause Young (Normal) (G1 Evacuation Pause) 224M->223M(256M) 2.547ms
[6.357s][info][gc,cpu   ] GC(672) User=0.01s Sys=0.00s Real=0.00s
[6.361s][info][safepoint] Safepoint "G1CollectForAllocation", Time since last: 4039037 ns, Reaching safepoint: 9200 ns, Cleanup: 2018 ns, At safepoint: 2571812 ns, Leaving safepoint: 4169450 ns, Total: 6752480 ns
[6.364s][info][gc       ] GC(673) Pause Young (Normal) (G1 Evacuation Pause) 233M->233M(256M) 1.941ms
[6.364s][info][gc,cpu   ] GC(673) User=0.00s Sys=0.00s Real=0.00s
[6.364s][info][safepoint] Safepoint "G1CollectForAllocation", Time since last: 950090 ns, Reaching safepoint: 5440 ns, Cleanup: 1297 ns, At safepoint: 1957020 ns, Leaving safepoint: 8885 ns, Total: 1972642 ns
[6.364s][info][gc       ] GC(670) Pause Remark 234M->233M(256M) 0.137ms
[6.364s][info][gc,cpu   ] GC(670) User=0.00s Sys=0.00s Real=0.00s
[6.364s][info][safepoint] Safepoint "G1PauseRemark", Time since last: 168505 ns, Reaching safepoint: 94819 ns, Cleanup: 1420 ns, At safepoint: 150478 ns, Leaving safepoint: 42805 ns, Total: 289522 ns
[6.370s][info][gc       ] GC(670) Pause Cleanup 234M->234M(256M) 0.102ms
[6.370s][info][gc,cpu   ] GC(670) User=0.00s Sys=0.00s Real=0.00s
[6.370s][info][safepoint] Safepoint "G1PauseCleanup", Time since last: 6139123 ns, Reaching safepoint: 8591 ns, Cleanup: 1292 ns, At safepoint: 120263 ns, Leaving safepoint: 3779 ns, Total: 133925 ns
[6.373s][info][gc       ] GC(674) Pause Young (Prepare Mixed) (G1 Evacuation Pause) (Evacuation Failure) 242M->243M(256M) 1.995ms
[6.373s][info][gc,cpu   ] GC(674) User=0.00s Sys=0.00s Real=0.00s
[6.373s][info][safepoint] Safepoint "G1CollectForAllocation", Time since last: 701776 ns, Reaching safepoint: 981 ns, Cleanup: 980 ns, At safepoint: 2014718 ns, Leaving safepoint: 2296 ns, Total: 2018975 ns
[6.374s][info][gc       ] GC(670) Concurrent Mark Cycle 35.368ms
[6.375s][info][gc       ] GC(675) Pause Young (Mixed) (G1 Evacuation Pause) (Evacuation Failure) 253M->248M(256M) 1.012ms
[6.375s][info][gc,cpu   ] GC(675) User=0.01s Sys=0.00s Real=0.00s
[6.375s][info][safepoint] Safepoint "G1CollectForAllocation", Time since last: 1252675 ns, Reaching safepoint: 1291 ns, Cleanup: 998 ns, At safepoint: 1034422 ns, Leaving safepoint: 1677 ns, Total: 1038388 ns
[6.382s][info][gc       ] GC(676) Pause Young (Mixed) (G1 Evacuation Pause) (Evacuation Failure) 253M->252M(256M) 0.963ms
[6.382s][info][gc,cpu   ] GC(676) User=0.00s Sys=0.00s Real=0.00s
[6.382s][info][safepoint] Safepoint "G1CollectForAllocation", Time since last: 5344772 ns, Reaching safepoint: 8731 ns, Cleanup: 1840 ns, At safepoint: 986437 ns, Leaving safepoint: 8655 ns, Total: 1005663 ns
[6.383s][info][gc       ] GC(677) Pause Young (Mixed) (G1 Evacuation Pause) (Evacuation Failure) 253M->253M(256M) 0.943ms
[6.383s][info][gc,cpu   ] GC(677) User=0.00s Sys=0.00s Real=0.00s
[6.406s][info][gc       ] GC(678) Pause Full (G1 Compaction Pause) 253M->108M(256M) 23.313ms
[6.406s][info][gc,cpu   ] GC(678) User=0.03s Sys=0.00s Real=0.02s
[6.409s][info][safepoint] Safepoint "G1CollectForAllocation", Time since last: 135696 ns, Reaching safepoint: 646 ns, Cleanup: 836 ns, At safepoint: 24298343 ns, Leaving safepoint: 2552223 ns, Total: 26852048 ns
[6.424s][info][gc       ] GC(679) Pause Young (Normal) (G1 Evacuation Pause) 158M->149M(256M) 7.932ms
[6.425s][info][gc,cpu   ] GC(679) User=0.00s Sys=0.00s Real=0.01s
[6.425s][info][safepoint] Safepoint "G1CollectForAllocation", Time since last: 7862309 ns, Reaching safepoint: 1900 ns, Cleanup: 2593 ns, At safepoint: 7962027 ns, Leaving safepoint: 1273 ns, Total: 7967793 ns
[6.444s][info][gc       ] GC(680) Pause Young (Normal) (G1 Evacuation Pause) 183M->177M(256M) 6.970ms
[6.444s][info][gc,cpu   ] GC(680) User=0.00s Sys=0.00s Real=0.00s
[6.445s][info][safepoint] Safepoint "G1CollectForAllocation", Time since last: 12177265 ns, Reaching safepoint: 4737 ns, Cleanup: 2369 ns, At safepoint: 6999036 ns, Leaving safepoint: 994292 ns, Total: 8000434 ns
[6.458s][info][gc       ] GC(681) Pause Young (Concurrent Start) (G1 Evacuation Pause) 201M->198M(256M) 5.208ms
[6.458s][info][gc,cpu   ] GC(681) User=0.01s Sys=0.00s Real=0.01s
[6.458s][info][gc       ] GC(682) Concurrent Mark Cycle
[6.458s][info][safepoint] Safepoint "G1CollectForAllocation", Time since last: 7995801 ns, Reaching safepoint: 4620 ns, Cleanup: 2696 ns, At safepoint: 5240011 ns, Leaving safepoint: 104735 ns, Total: 5352062 ns
[6.468s][info][gc       ] GC(683) Pause Young (Normal) (G1 Evacuation Pause) 214M->212M(256M) 3.346ms
[6.468s][info][gc,cpu   ] GC(683) User=0.01s Sys=0.00s Real=0.00s
[6.468s][info][safepoint] Safepoint "G1CollectForAllocation", Time since last: 6652262 ns, Reaching safepoint: 8280 ns, Cleanup: 1986 ns, At safepoint: 3372216 ns, Leaving safepoint: 1983 ns, Total: 3384465 ns
[6.476s][info][gc       ] GC(684) Pause Young (Normal) (G1 Evacuation Pause) 223M->223M(256M) 2.418ms
[6.476s][info][gc,cpu   ] GC(684) User=0.01s Sys=0.00s Real=0.00s
[6.476s][info][safepoint] Safepoint "G1CollectForAllocation", Time since last: 5793775 ns, Reaching safepoint: 9277 ns, Cleanup: 2288 ns, At safepoint: 2443042 ns, Leaving safepoint: 8340 ns, Total: 2462947 ns
[6.479s][info][gc       ] GC(685) Pause Young (Normal) (G1 Evacuation Pause) 233M->232M(256M) 1.544ms
[6.479s][info][gc,cpu   ] GC(685) User=0.00s Sys=0.00s Real=0.00s
[6.479s][info][safepoint] Safepoint "G1CollectForAllocation", Time since last: 974312 ns, Reaching safepoint: 1335 ns, Cleanup: 1564 ns, At safepoint: 1562400 ns, Leaving safepoint: 1928 ns, Total: 1567227 ns
[6.482s][info][gc       ] GC(686) Pause Young (Normal) (G1 Evacuation Pause) (Evacuation Failure) 242M->247M(256M) 1.931ms
[6.482s][info][gc,cpu   ] GC(686) User=0.00s Sys=0.00s Real=0.00s
[6.482s][info][safepoint] Safepoint "G1CollectForAllocation", Time since last: 823564 ns, Reaching safepoint: 806 ns, Cleanup: 1191 ns, At safepoint: 1948078 ns, Leaving safepoint: 2218 ns, Total: 1952293 ns
[6.485s][info][gc       ] GC(687) Pause Young (Normal) (G1 Evacuation Pause) (Evacuation Failure) 252M->252M(256M) 0.315ms
[6.485s][info][gc,cpu   ] GC(687) User=0.00s Sys=0.00s Real=0.00s
[6.508s][info][gc       ] GC(688) Pause Full (G1 Compaction Pause) 252M->109M(256M) 22.436ms
[6.508s][info][gc,cpu   ] GC(688) User=0.03s Sys=0.00s Real=0.02s
[6.513s][info][safepoint] Safepoint "G1CollectForAllocation", Time since last: 3442797 ns, Reaching safepoint: 10779 ns, Cleanup: 1846 ns, At safepoint: 22804879 ns, Leaving safepoint: 4807263 ns, Total: 27624767 ns
[6.514s][info][gc       ] GC(682) Pause Remark 119M->119M(256M) 0.009ms
[6.514s][info][gc,cpu   ] GC(682) User=0.00s Sys=0.00s Real=0.00s
[6.514s][info][safepoint] Safepoint "G1PauseRemark", Time since last: 1346005 ns, Reaching safepoint: 23594 ns, Cleanup: 2617 ns, At safepoint: 34103 ns, Leaving safepoint: 5938 ns, Total: 66252 ns
[6.514s][info][gc       ] GC(682) Concurrent Mark Cycle 56.199ms
[6.528s][info][gc       ] GC(689) Pause Young (Normal) (G1 Evacuation Pause) 157M->148M(256M) 7.661ms
[6.528s][info][gc,cpu   ] GC(689) User=0.01s Sys=0.00s Real=0.00s
[6.528s][info][safepoint] Safepoint "G1CollectForAllocation", Time since last: 6673761 ns, Reaching safepoint: 2059 ns, Cleanup: 2312 ns, At safepoint: 7690570 ns, Leaving safepoint: 1532 ns, Total: 7696473 ns
[6.540s][info][gc       ] GC(690) Pause Young (Normal) (G1 Evacuation Pause) 182M->176M(256M) 6.745ms
[6.540s][info][gc,cpu   ] GC(690) User=0.01s Sys=0.00s Real=0.01s
[6.540s][info][safepoint] Safepoint "G1CollectForAllocation", Time since last: 4821766 ns, Reaching safepoint: 1715 ns, Cleanup: 1658 ns, At safepoint: 6771714 ns, Leaving safepoint: 6131 ns, Total: 6781218 ns
[6.553s][info][gc       ] GC(691) Pause Young (Concurrent Start) (G1 Evacuation Pause) 200M->196M(256M) 4.142ms
[6.553s][info][gc       ] GC(692) Concurrent Mark Cycle
[6.553s][info][gc,cpu   ] GC(691) User=0.00s Sys=0.00s Real=0.00s
[6.553s][info][safepoint] Safepoint "G1CollectForAllocation", Time since last: 8596137 ns, Reaching safepoint: 5424 ns, Cleanup: 1996 ns, At safepoint: 4275537 ns, Leaving safepoint: 7652 ns, Total: 4290609 ns
[6.561s][info][gc       ] GC(692) Pause Remark 207M->207M(256M) 0.147ms
[6.561s][info][gc,cpu   ] GC(692) User=0.00s Sys=0.00s Real=0.00s
[6.561s][info][safepoint] Safepoint "G1PauseRemark", Time since last: 7733926 ns, Reaching safepoint: 130603 ns, Cleanup: 2385 ns, At safepoint: 170919 ns, Leaving safepoint: 4775 ns, Total: 308682 ns
[6.563s][info][gc       ] GC(692) Pause Cleanup 207M->207M(256M) 0.102ms
[6.563s][info][gc,cpu   ] GC(692) User=0.00s Sys=0.00s Real=0.00s
[6.563s][info][safepoint] Safepoint "G1PauseCleanup", Time since last: 1614807 ns, Reaching safepoint: 1756 ns, Cleanup: 1498 ns, At safepoint: 121569 ns, Leaving safepoint: 690 ns, Total: 125513 ns
[6.566s][info][gc       ] GC(693) Pause Young (Prepare Mixed) (G1 Evacuation Pause) 213M->210M(256M) 3.009ms
[6.566s][info][gc,cpu   ] GC(693) User=0.00s Sys=0.00s Real=0.00s
[6.567s][info][gc       ] GC(692) Concurrent Mark Cycle 14.032ms
[6.569s][info][safepoint] Safepoint "G1CollectForAllocation", Time since last: 689301 ns, Reaching safepoint: 1399 ns, Cleanup: 1293 ns, At safepoint: 3030935 ns, Leaving safepoint: 2189937 ns, Total: 5223564 ns
[6.573s][info][gc       ] GC(694) Pause Young (Mixed) (G1 Evacuation Pause) 222M->200M(256M) 3.001ms
[6.573s][info][gc,cpu   ] GC(694) User=0.00s Sys=0.00s Real=0.00s
[6.577s][info][safepoint] Safepoint "G1CollectForAllocation", Time since last: 1216423 ns, Reaching safepoint: 5485 ns, Cleanup: 1618 ns, At safepoint: 3019013 ns, Leaving safepoint: 3771164 ns, Total: 6797280 ns
[6.582s][info][gc       ] GC(695) Pause Young (Mixed) (G1 Evacuation Pause) 216M->194M(256M) 3.820ms
[6.582s][info][gc,cpu   ] GC(695) User=0.00s Sys=0.00s Real=0.00s
[6.582s][info][safepoint] Safepoint "G1CollectForAllocation", Time since last: 1428427 ns, Reaching safepoint: 5853 ns, Cleanup: 1158 ns, At safepoint: 3844406 ns, Leaving safepoint: 25608 ns, Total: 3877025 ns
[6.594s][info][gc       ] GC(696) Pause Young (Mixed) (G1 Evacuation Pause) 213M->191M(256M) 4.890ms
[6.594s][info][gc,cpu   ] GC(696) User=0.00s Sys=0.00s Real=0.00s
[6.594s][info][safepoint] Safepoint "G1CollectForAllocation", Time since last: 6712502 ns, Reaching safepoint: 12517 ns, Cleanup: 2080 ns, At safepoint: 4917083 ns, Leaving safepoint: 2439 ns, Total: 4934119 ns
[6.605s][info][gc       ] GC(697) Pause Young (Mixed) (G1 Evacuation Pause) 211M->190M(256M) 4.682ms
[6.605s][info][gc,cpu   ] GC(697) User=0.00s Sys=0.00s Real=0.00s
[6.605s][info][safepoint] Safepoint "G1CollectForAllocation", Time since last: 7060500 ns, Reaching safepoint: 8222 ns, Cleanup: 1943 ns, At safepoint: 4709537 ns, Leaving safepoint: 2571 ns, Total: 4722273 ns
[6.617s][info][gc       ] GC(698) Pause Young (Mixed) (G1 Evacuation Pause) 210M->196M(256M) 3.835ms
[6.617s][info][gc,cpu   ] GC(698) User=0.00s Sys=0.00s Real=0.00s
[6.617s][info][safepoint] Safepoint "G1CollectForAllocation", Time since last: 7254494 ns, Reaching safepoint: 4373 ns, Cleanup: 1531 ns, At safepoint: 3857263 ns, Leaving safepoint: 1683 ns, Total: 3864850 ns
[6.625s][info][gc       ] GC(699) Pause Young (Concurrent Start) (G1 Evacuation Pause) 214M->212M(256M) 2.907ms
[6.625s][info][gc,cpu   ] GC(699) User=0.00s Sys=0.00s Real=0.00s
[6.625s][info][safepoint] Safepoint "G1CollectForAllocation", Time since last: 5814424 ns, Reaching safepoint: 28793 ns, Cleanup: 1878 ns, At safepoint: 2933234 ns, Leaving safepoint: 1925 ns, Total: 2965830 ns
[6.625s][info][gc       ] GC(700) Concurrent Mark Cycle
[6.635s][info][gc       ] GC(701) Pause Young (Normal) (G1 Evacuation Pause) 225M->224M(256M) 2.121ms
[6.635s][info][gc,cpu   ] GC(701) User=0.00s Sys=0.00s Real=0.00s
[6.635s][info][safepoint] Safepoint "G1CollectForAllocation", Time since last: 7357670 ns, Reaching safepoint: 11298 ns, Cleanup: 1827 ns, At safepoint: 2145965 ns, Leaving safepoint: 1675 ns, Total: 2160765 ns
[6.635s][info][gc       ] GC(700) Pause Remark 224M->219M(256M) 0.132ms
[6.635s][info][gc,cpu   ] GC(700) User=0.00s Sys=0.00s Real=0.00s
[6.635s][info][safepoint] Safepoint "G1PauseRemark", Time since last: 118267 ns, Reaching safepoint: 697 ns, Cleanup: 1120 ns, At safepoint: 140251 ns, Leaving safepoint: 1705 ns, Total: 143773 ns
[6.642s][info][gc       ] GC(702) Pause Young (Normal) (G1 Evacuation Pause) 229M->228M(256M) 1.624ms
[6.642s][info][gc,cpu   ] GC(702) User=0.00s Sys=0.00s Real=0.00s
[6.642s][info][safepoint] Safepoint "G1CollectForAllocation", Time since last: 5576263 ns, Reaching safepoint: 8184 ns, Cleanup: 1714 ns, At safepoint: 1647945 ns, Leaving safepoint: 18593 ns, Total: 1676436 ns
[6.645s][info][gc       ] GC(703) Pause Young (Normal) (G1 Evacuation Pause) 238M->238M(256M) 1.463ms
[6.645s][info][gc,cpu   ] GC(703) User=0.00s Sys=0.00s Real=0.00s
[6.645s][info][safepoint] Safepoint "G1CollectForAllocation", Time since last: 765197 ns, Reaching safepoint: 1320 ns, Cleanup: 1564 ns, At safepoint: 1483547 ns, Leaving safepoint: 1910 ns, Total: 1488341 ns
[6.650s][info][gc       ] GC(704) Pause Young (Normal) (G1 Evacuation Pause) (Evacuation Failure) 248M->253M(256M) 1.143ms
[6.650s][info][gc,cpu   ] GC(704) User=0.00s Sys=0.00s Real=0.00s
[6.650s][info][safepoint] Safepoint "G1CollectForAllocation", Time since last: 4074542 ns, Reaching safepoint: 5010 ns, Cleanup: 1815 ns, At safepoint: 1166824 ns, Leaving safepoint: 15845 ns, Total: 1189494 ns
[6.650s][info][gc       ] GC(705) Pause Young (Normal) (G1 Evacuation Pause) (Evacuation Failure) 255M->255M(256M) 0.221ms
[6.650s][info][gc,cpu   ] GC(705) User=0.00s Sys=0.00s Real=0.00s
[6.673s][info][gc       ] GC(706) Pause Full (G1 Compaction Pause) 255M->108M(256M) 22.236ms
[6.673s][info][gc,cpu   ] GC(706) User=0.02s Sys=0.00s Real=0.02s
[6.677s][info][safepoint] Safepoint "G1CollectForAllocation", Time since last: 149081 ns, Reaching safepoint: 902 ns, Cleanup: 1100 ns, At safepoint: 22510754 ns, Leaving safepoint: 4136746 ns, Total: 26649502 ns
[6.681s][info][gc       ] GC(700) Pause Cleanup 138M->138M(256M) 0.012ms
[6.681s][info][gc,cpu   ] GC(700) User=0.00s Sys=0.00s Real=0.00s
[6.685s][info][safepoint] Safepoint "G1PauseCleanup", Time since last: 4030471 ns, Reaching safepoint: 145533 ns, Cleanup: 3348 ns, At safepoint: 37356 ns, Leaving safepoint: 3803809 ns, Total: 3990046 ns
[6.685s][info][gc       ] GC(700) Concurrent Mark Cycle 59.407ms
[6.695s][info][gc       ] GC(707) Pause Young (Normal) (G1 Evacuation Pause) 157M->149M(256M) 7.858ms
[6.695s][info][gc,cpu   ] GC(707) User=0.00s Sys=0.00s Real=0.01s
[6.695s][info][safepoint] Safepoint "G1CollectForAllocation", Time since last: 2485824 ns, Reaching safepoint: 7719 ns, Cleanup: 1814 ns, At safepoint: 7887546 ns, Leaving safepoint: 2787 ns, Total: 7899866 ns
[6.706s][info][gc       ] GC(708) Pause Young (Normal) (G1 Evacuation Pause) 183M->176M(256M) 5.694ms
[6.706s][info][gc,cpu   ] GC(708) User=0.00s Sys=0.00s Real=0.00s
[6.706s][info][safepoint] Safepoint "G1CollectForAllocation", Time since last: 5053084 ns, Reaching safepoint: 2010 ns, Cleanup: 2424 ns, At safepoint: 5720859 ns, Leaving safepoint: 1134 ns, Total: 5726427 ns
[6.714s][info][gc       ] GC(709) Pause Young (Concurrent Start) (G1 Evacuation Pause) 200M->196M(256M) 5.067ms
[6.714s][info][gc       ] GC(710) Concurrent Mark Cycle
[6.714s][info][gc,cpu   ] GC(709) User=0.00s Sys=0.00s Real=0.00s
[6.721s][info][safepoint] Safepoint "G1CollectForAllocation", Time since last: 3259419 ns, Reaching safepoint: 1728 ns, Cleanup: 2165 ns, At safepoint: 5194058 ns, Leaving safepoint: 6382715 ns, Total: 11580666 ns
[6.728s][info][gc       ] GC(711) Pause Young (Normal) (G1 Evacuation Pause) 213M->212M(256M) 3.563ms
[6.728s][info][gc,cpu   ] GC(711) User=0.01s Sys=0.00s Real=0.00s
[6.733s][info][safepoint] Safepoint "G1CollectForAllocation", Time since last: 4015603 ns, Reaching safepoint: 6071 ns, Cleanup: 2223 ns, At safepoint: 3589592 ns, Leaving safepoint: 4373736 ns, Total: 7971622 ns
[6.733s][info][gc       ] GC(710) Pause Remark 213M->210M(256M) 0.132ms
[6.733s][info][gc,cpu   ] GC(710) User=0.00s Sys=0.00s Real=0.00s
[6.733s][info][safepoint] Safepoint "G1PauseRemark", Time since last: 43715 ns, Reaching safepoint: 115748 ns, Cleanup: 1944 ns, At safepoint: 145816 ns, Leaving safepoint: 3907 ns, Total: 267415 ns
[6.739s][info][gc       ] GC(712) Pause Young (Normal) (G1 Evacuation Pause) 221M->221M(256M) 2.887ms
[6.739s][info][gc,cpu   ] GC(712) User=0.01s Sys=0.00s Real=0.01s
[6.739s][info][safepoint] Safepoint "G1CollectForAllocation", Time since last: 2931867 ns, Reaching safepoint: 782 ns, Cleanup: 1320 ns, At safepoint: 2934655 ns, Leaving safepoint: 1625 ns, Total: 2938382 ns
[6.743s][info][gc       ] GC(713) Pause Young (Normal) (G1 Evacuation Pause) 231M->230M(256M) 2.327ms
[6.743s][info][gc,cpu   ] GC(713) User=0.00s Sys=0.00s Real=0.00s
[6.743s][info][safepoint] Safepoint "G1CollectForAllocation", Time since last: 1425560 ns, Reaching safepoint: 1712 ns, Cleanup: 2104 ns, At safepoint: 2353735 ns, Leaving safepoint: 2139 ns, Total: 2359690 ns
[6.748s][info][gc       ] GC(714) Pause Young (Normal) (G1 Evacuation Pause) 240M->239M(256M) 2.047ms
[6.748s][info][gc,cpu   ] GC(714) User=0.01s Sys=0.00s Real=0.00s
[6.748s][info][safepoint] Safepoint "G1CollectForAllocation", Time since last: 3109100 ns, Reaching safepoint: 6627 ns, Cleanup: 2138 ns, At safepoint: 2074770 ns, Leaving safepoint: 2145 ns, Total: 2085680 ns
[6.754s][info][gc       ] GC(715) Pause Young (Normal) (G1 Evacuation Pause) (Evacuation Failure) 249M->251M(256M) 0.869ms
[6.754s][info][gc,cpu   ] GC(715) User=0.00s Sys=0.00s Real=0.00s
[6.754s][info][safepoint] Safepoint "G1CollectForAllocation", Time since last: 4834076 ns, Reaching safepoint: 7106 ns, Cleanup: 2393 ns, At safepoint: 895910 ns, Leaving safepoint: 21764 ns, Total: 927173 ns
[6.754s][info][gc       ] GC(716) Pause Young (Normal) (G1 Evacuation Pause) (Evacuation Failure) 252M->252M(256M) 0.225ms
[6.754s][info][gc,cpu   ] GC(716) User=0.00s Sys=0.00s Real=0.00s
[6.782s][info][gc       ] GC(717) Pause Full (G1 Compaction Pause) 252M->108M(256M) 27.569ms
[6.782s][info][gc,cpu   ] GC(717) User=0.03s Sys=0.00s Real=0.03s
[6.785s][info][safepoint] Safepoint "G1CollectForAllocation", Time since last: 81136 ns, Reaching safepoint: 779 ns, Cleanup: 1278 ns, At safepoint: 27838309 ns, Leaving safepoint: 3200457 ns, Total: 31040823 ns
[6.785s][info][gc       ] GC(710) Pause Cleanup 109M->109M(256M) 0.005ms
[6.785s][info][gc,cpu   ] GC(710) User=0.00s Sys=0.00s Real=0.00s
[6.785s][info][safepoint] Safepoint "G1PauseCleanup", Time since last: 23560 ns, Reaching safepoint: 129386 ns, Cleanup: 2209 ns, At safepoint: 13395 ns, Leaving safepoint: 3131 ns, Total: 148121 ns
[6.785s][info][gc       ] GC(710) Concurrent Mark Cycle 70.698ms
[6.801s][info][gc       ] GC(718) Pause Young (Normal) (G1 Evacuation Pause) 158M->148M(256M) 7.672ms
[6.801s][info][gc,cpu   ] GC(718) User=0.01s Sys=0.00s Real=0.01s
[6.801s][info][safepoint] Safepoint "G1CollectForAllocation", Time since last: 8249958 ns, Reaching safepoint: 1879 ns, Cleanup: 2543 ns, At safepoint: 7706493 ns, Leaving safepoint: 9329 ns, Total: 7720244 ns
[6.812s][info][gc       ] GC(719) Pause Young (Normal) (G1 Evacuation Pause) 183M->176M(256M) 6.141ms
[6.812s][info][gc,cpu   ] GC(719) User=0.01s Sys=0.00s Real=0.01s
[6.817s][info][safepoint] Safepoint "G1CollectForAllocation", Time since last: 4652655 ns, Reaching safepoint: 2746 ns, Cleanup: 2679 ns, At safepoint: 6167345 ns, Leaving safepoint: 4994074 ns, Total: 11166844 ns
[6.825s][info][gc       ] GC(720) Pause Young (Concurrent Start) (G1 Evacuation Pause) 200M->198M(256M) 4.634ms
[6.825s][info][gc       ] GC(721) Concurrent Mark Cycle
[6.825s][info][gc,cpu   ] GC(720) User=0.00s Sys=0.00s Real=0.00s
[6.833s][info][safepoint] Safepoint "G1CollectForAllocation", Time since last: 3994165 ns, Reaching safepoint: 7110 ns, Cleanup: 2231 ns, At safepoint: 4786554 ns, Leaving safepoint: 7219245 ns, Total: 12015140 ns
[6.838s][info][gc       ] GC(722) Pause Young (Normal) (G1 Evacuation Pause) 214M->212M(256M) 3.399ms
[6.838s][info][gc,cpu   ] GC(722) User=0.00s Sys=0.00s Real=0.01s
[6.838s][info][safepoint] Safepoint "G1CollectForAllocation", Time since last: 1793394 ns, Reaching safepoint: 9148 ns, Cleanup: 2145 ns, At safepoint: 3425812 ns, Leaving safepoint: 2535 ns, Total: 3439640 ns
[6.843s][info][gc       ] GC(723) Pause Young (Normal) (G1 Evacuation Pause) 224M->223M(256M) 2.099ms
[6.843s][info][gc,cpu   ] GC(723) User=0.00s Sys=0.00s Real=0.00s
[6.843s][info][safepoint] Safepoint "G1CollectForAllocation", Time since last: 2754658 ns, Reaching safepoint: 5952 ns, Cleanup: 2149 ns, At safepoint: 2125319 ns, Leaving safepoint: 2528 ns, Total: 2135948 ns
[6.848s][info][gc       ] GC(724) Pause Young (Normal) (G1 Evacuation Pause) 233M->232M(256M) 1.926ms
[6.848s][info][gc,cpu   ] GC(724) User=0.00s Sys=0.00s Real=0.00s
[6.848s][info][safepoint] Safepoint "G1CollectForAllocation", Time since last: 2784122 ns, Reaching safepoint: 6697 ns, Cleanup: 1786 ns, At safepoint: 1946776 ns, Leaving safepoint: 2083 ns, Total: 1957342 ns
[6.849s][info][gc       ] GC(721) Pause Remark 233M->233M(256M) 0.240ms
[6.849s][info][gc,cpu   ] GC(721) User=0.00s Sys=0.00s Real=0.00s
[6.849s][info][safepoint] Safepoint "G1PauseRemark", Time since last: 1111930 ns, Reaching safepoint: 3555 ns, Cleanup: 832 ns, At safepoint: 257626 ns, Leaving safepoint: 1499 ns, Total: 263512 ns
[6.851s][info][gc       ] GC(721) Pause Cleanup 233M->233M(256M) 0.124ms
[6.851s][info][gc,cpu   ] GC(721) User=0.00s Sys=0.00s Real=0.00s
[6.851s][info][safepoint] Safepoint "G1PauseCleanup", Time since last: 1677265 ns, Reaching safepoint: 1953 ns, Cleanup: 1397 ns, At safepoint: 143319 ns, Leaving safepoint: 1853 ns, Total: 148522 ns
[6.854s][info][gc       ] GC(721) Concurrent Mark Cycle 28.560ms
[6.856s][info][gc       ] GC(725) Pause Young (Prepare Mixed) (G1 Evacuation Pause) (Evacuation Failure) 242M->243M(256M) 1.572ms
[6.856s][info][gc,cpu   ] GC(725) User=0.00s Sys=0.00s Real=0.00s
[6.856s][info][safepoint] Safepoint "G1CollectForAllocation", Time since last: 3198974 ns, Reaching safepoint: 8861 ns, Cleanup: 946 ns, At safepoint: 1590286 ns, Leaving safepoint: 16137 ns, Total: 1616230 ns
[6.862s][info][gc       ] GC(726) Pause Young (Mixed) (G1 Evacuation Pause) (Evacuation Failure) 253M->245M(256M) 0.960ms
[6.862s][info][gc,cpu   ] GC(726) User=0.00s Sys=0.00s Real=0.00s
[6.862s][info][safepoint] Safepoint "G1CollectForAllocation", Time since last: 5091682 ns, Reaching safepoint: 8188 ns, Cleanup: 1517 ns, At safepoint: 980461 ns, Leaving safepoint: 27191 ns, Total: 1017357 ns
[6.866s][info][gc       ] GC(727) Pause Young (Mixed) (G1 Evacuation Pause) (Evacuation Failure) 253M->249M(256M) 0.937ms
[6.866s][info][gc,cpu   ] GC(727) User=0.00s Sys=0.00s Real=0.00s
[6.866s][info][safepoint] Safepoint "G1CollectForAllocation", Time since last: 2987261 ns, Reaching safepoint: 4281 ns, Cleanup: 1215 ns, At safepoint: 954295 ns, Leaving safepoint: 5487 ns, Total: 965278 ns
[6.867s][info][gc       ] GC(728) Pause Young (Mixed) (G1 Evacuation Pause) (Evacuation Failure) 253M->253M(256M) 1.012ms
[6.867s][info][gc,cpu   ] GC(728) User=0.00s Sys=0.00s Real=0.00s
[6.890s][info][gc       ] GC(729) Pause Full (G1 Compaction Pause) 253M->108M(256M) 22.380ms
[6.890s][info][gc,cpu   ] GC(729) User=0.03s Sys=0.00s Real=0.03s
[6.893s][info][safepoint] Safepoint "G1CollectForAllocation", Time since last: 538688 ns, Reaching safepoint: 1015 ns, Cleanup: 970 ns, At safepoint: 23435149 ns, Leaving safepoint: 3062320 ns, Total: 26499454 ns
[6.911s][info][gc       ] GC(730) Pause Young (Normal) (G1 Evacuation Pause) 162M->151M(256M) 8.462ms
[6.911s][info][gc,cpu   ] GC(730) User=0.01s Sys=0.00s Real=0.01s
[6.911s][info][safepoint] Safepoint "G1CollectForAllocation", Time since last: 9378962 ns, Reaching safepoint: 2658 ns, Cleanup: 3301 ns, At safepoint: 8495054 ns, Leaving safepoint: 1153 ns, Total: 8502166 ns
[6.923s][info][gc       ] GC(731) Pause Young (Normal) (G1 Evacuation Pause) 186M->178M(256M) 7.093ms
[6.923s][info][gc,cpu   ] GC(731) User=0.01s Sys=0.00s Real=0.01s
[6.925s][info][safepoint] Safepoint "G1CollectForAllocation", Time since last: 4871912 ns, Reaching safepoint: 3102 ns, Cleanup: 2979 ns, At safepoint: 7124894 ns, Leaving safepoint: 2112117 ns, Total: 9243092 ns
[6.938s][info][gc       ] GC(732) Pause Young (Concurrent Start) (G1 Evacuation Pause) 202M->199M(256M) 5.195ms
[6.938s][info][gc,cpu   ] GC(732) User=0.00s Sys=0.00s Real=0.01s
[6.938s][info][safepoint] Safepoint "G1CollectForAllocation", Time since last: 8035755 ns, Reaching safepoint: 7516 ns, Cleanup: 2466 ns, At safepoint: 5231720 ns, Leaving safepoint: 2258 ns, Total: 5243960 ns
[6.938s][info][gc       ] GC(733) Concurrent Mark Cycle
[6.948s][info][gc       ] GC(734) Pause Young (Normal) (G1 Evacuation Pause) 215M->213M(256M) 3.123ms
[6.948s][info][gc,cpu   ] GC(734) User=0.00s Sys=0.00s Real=0.00s
[6.948s][info][safepoint] Safepoint "G1CollectForAllocation", Time since last: 6750922 ns, Reaching safepoint: 6518 ns, Cleanup: 2761 ns, At safepoint: 3154058 ns, Leaving safepoint: 2803 ns, Total: 3166140 ns
[6.952s][info][gc       ] GC(733) Pause Remark 220M->220M(256M) 0.185ms
[6.952s][info][gc,cpu   ] GC(733) User=0.00s Sys=0.00s Real=0.00s
[6.952s][info][safepoint] Safepoint "G1PauseRemark", Time since last: 4253648 ns, Reaching safepoint: 79409 ns, Cleanup: 2540 ns, At safepoint: 213821 ns, Leaving safepoint: 4497 ns, Total: 300267 ns
[6.955s][info][gc       ] GC(735) Pause Young (Normal) (G1 Evacuation Pause) 224M->223M(256M) 2.183ms
[6.955s][info][gc,cpu   ] GC(735) User=0.00s Sys=0.00s Real=0.00s
[6.955s][info][safepoint] Safepoint "G1CollectForAllocation", Time since last: 499378 ns, Reaching safepoint: 1664 ns, Cleanup: 1922 ns, At safepoint: 2209296 ns, Leaving safepoint: 2290 ns, Total: 2215172 ns
[6.960s][info][gc       ] GC(736) Pause Young (Normal) (G1 Evacuation Pause) 233M->232M(256M) 2.064ms
[6.960s][info][gc,cpu   ] GC(736) User=0.01s Sys=0.00s Real=0.00s
[6.960s][info][safepoint] Safepoint "G1CollectForAllocation", Time since last: 2535667 ns, Reaching safepoint: 28683 ns, Cleanup: 1926 ns, At safepoint: 2086095 ns, Leaving safepoint: 9868 ns, Total: 2126572 ns
[6.966s][info][gc       ] GC(737) Pause Young (Normal) (G1 Evacuation Pause) (Evacuation Failure) 242M->249M(256M) 1.757ms
[6.967s][info][gc,cpu   ] GC(737) User=0.00s Sys=0.00s Real=0.00s
[6.967s][info][safepoint] Safepoint "G1CollectForAllocation", Time since last: 4895602 ns, Reaching safepoint: 8266 ns, Cleanup: 2218 ns, At safepoint: 1783894 ns, Leaving safepoint: 16322 ns, Total: 1810700 ns
[6.967s][info][gc       ] GC(738) Pause Young (Normal) (G1 Evacuation Pause) (Evacuation Failure) 252M->252M(256M) 0.265ms
[6.967s][info][gc,cpu   ] GC(738) User=0.00s Sys=0.00s Real=0.00s
[6.989s][info][gc       ] GC(739) Pause Full (G1 Compaction Pause) 252M->109M(256M) 21.709ms
[6.989s][info][gc,cpu   ] GC(739) User=0.02s Sys=0.00s Real=0.03s
[6.993s][info][safepoint] Safepoint "G1CollectForAllocation", Time since last: 275915 ns, Reaching safepoint: 1019 ns, Cleanup: 1698 ns, At safepoint: 22015528 ns, Leaving safepoint: 4360203 ns, Total: 26378448 ns
[6.997s][info][gc       ] GC(733) Pause Cleanup 132M->132M(256M) 0.009ms
[6.997s][info][gc,cpu   ] GC(733) User=0.00s Sys=0.00s Real=0.00s
[7.001s][info][safepoint] Safepoint "G1PauseCleanup", Time since last: 3554049 ns, Reaching safepoint: 110330 ns, Cleanup: 2897 ns, At safepoint: 88722 ns, Leaving safepoint: 3771905 ns, Total: 3973854 ns
[7.001s][info][gc       ] GC(733) Concurrent Mark Cycle 62.763ms
[7.017s][info][gc       ] GC(740) Pause Young (Normal) (G1 Evacuation Pause) 159M->149M(256M) 8.229ms
[7.017s][info][gc,cpu   ] GC(740) User=0.01s Sys=0.00s Real=0.01s
[7.017s][info][safepoint] Safepoint "G1CollectForAllocation", Time since last: 8017241 ns, Reaching safepoint: 7500 ns, Cleanup: 2532 ns, At safepoint: 8261408 ns, Leaving safepoint: 3152 ns, Total: 8274592 ns
[7.030s][info][gc       ] GC(741) Pause Young (Normal) (G1 Evacuation Pause) 183M->176M(256M) 6.631ms
[7.030s][info][gc,cpu   ] GC(741) User=0.00s Sys=0.00s Real=0.01s
[7.033s][info][safepoint] Safepoint "G1CollectForAllocation", Time since last: 6702775 ns, Reaching safepoint: 2573 ns, Cleanup: 2697 ns, At safepoint: 6663491 ns, Leaving safepoint: 2364168 ns, Total: 9032929 ns
[7.047s][info][gc       ] GC(742) Pause Young (Concurrent Start) (G1 Evacuation Pause) 200M->197M(256M) 5.980ms
[7.047s][info][gc       ] GC(743) Concurrent Mark Cycle
[7.047s][info][gc,cpu   ] GC(742) User=0.01s Sys=0.00s Real=0.00s
[7.047s][info][safepoint] Safepoint "G1CollectForAllocation", Time since last: 7993505 ns, Reaching safepoint: 7684 ns, Cleanup: 2541 ns, At safepoint: 6110599 ns, Leaving safepoint: 2807 ns, Total: 6123631 ns
[7.057s][info][gc       ] GC(744) Pause Young (Normal) (G1 Evacuation Pause) 214M->212M(256M) 3.416ms
[7.057s][info][gc,cpu   ] GC(744) User=0.00s Sys=0.00s Real=0.01s
[7.059s][info][safepoint] Safepoint "G1CollectForAllocation", Time since last: 7028681 ns, Reaching safepoint: 9455 ns, Cleanup: 2174 ns, At safepoint: 3442757 ns, Leaving safepoint: 2117922 ns, Total: 5572308 ns
[7.060s][info][gc       ] GC(743) Pause Remark 212M->212M(256M) 0.139ms
[7.060s][info][gc,cpu   ] GC(743) User=0.00s Sys=0.00s Real=0.00s
[7.060s][info][safepoint] Safepoint "G1PauseRemark", Time since last: 22089 ns, Reaching safepoint: 152122 ns, Cleanup: 1707 ns, At safepoint: 149371 ns, Leaving safepoint: 1318 ns, Total: 304518 ns
[7.062s][info][gc       ] GC(743) Pause Cleanup 221M->221M(256M) 0.135ms
[7.062s][info][gc,cpu   ] GC(743) User=0.00s Sys=0.00s Real=0.00s
[7.065s][info][safepoint] Safepoint "G1PauseCleanup", Time since last: 2396812 ns, Reaching safepoint: 86717 ns, Cleanup: 1614 ns, At safepoint: 153677 ns, Leaving safepoint: 2265664 ns, Total: 2507672 ns
[7.065s][info][gc       ] GC(743) Concurrent Mark Cycle 18.623ms
[7.068s][info][gc       ] GC(745) Pause Young (Prepare Mixed) (G1 Evacuation Pause) 223M->223M(256M) 2.705ms
[7.068s][info][gc,cpu   ] GC(745) User=0.00s Sys=0.00s Real=0.00s
[7.068s][info][safepoint] Safepoint "G1CollectForAllocation", Time since last: 730097 ns, Reaching safepoint: 5925 ns, Cleanup: 935 ns, At safepoint: 2722652 ns, Leaving safepoint: 10336 ns, Total: 2739848 ns
[7.076s][info][gc       ] GC(746) Pause Young (Mixed) (G1 Evacuation Pause) 233M->210M(256M) 2.891ms
[7.076s][info][gc,cpu   ] GC(746) User=0.00s Sys=0.00s Real=0.00s
[7.076s][info][safepoint] Safepoint "G1CollectForAllocation", Time since last: 4580842 ns, Reaching safepoint: 7643 ns, Cleanup: 1674 ns, At safepoint: 2917761 ns, Leaving safepoint: 24624 ns, Total: 2951702 ns
[7.081s][info][gc       ] GC(747) Pause Young (Mixed) (G1 Evacuation Pause) 223M->201M(256M) 3.401ms
[7.081s][info][gc,cpu   ] GC(747) User=0.00s Sys=0.00s Real=0.00s
[7.081s][info][safepoint] Safepoint "G1CollectForAllocation", Time since last: 1446319 ns, Reaching safepoint: 1239 ns, Cleanup: 1992 ns, At safepoint: 3424259 ns, Leaving safepoint: 823 ns, Total: 3428313 ns
[7.089s][info][gc       ] GC(748) Pause Young (Mixed) (G1 Evacuation Pause) 217M->196M(256M) 4.136ms
[7.089s][info][gc,cpu   ] GC(748) User=0.00s Sys=0.00s Real=0.01s
[7.089s][info][safepoint] Safepoint "G1CollectForAllocation", Time since last: 4019803 ns, Reaching safepoint: 7330 ns, Cleanup: 1777 ns, At safepoint: 4160715 ns, Leaving safepoint: 2672 ns, Total: 4172494 ns
[7.097s][info][gc       ] GC(749) Pause Young (Mixed) (G1 Evacuation Pause) 214M->192M(256M) 4.497ms
[7.097s][info][gc,cpu   ] GC(749) User=0.00s Sys=0.00s Real=0.01s
[7.097s][info][safepoint] Safepoint "G1CollectForAllocation", Time since last: 3948748 ns, Reaching safepoint: 6098 ns, Cleanup: 1987 ns, At safepoint: 4521367 ns, Leaving safepoint: 10868 ns, Total: 4540320 ns
[7.107s][info][gc       ] GC(750) Pause Young (Mixed) (G1 Evacuation Pause) 212M->198M(256M) 3.965ms
[7.107s][info][gc,cpu   ] GC(750) User=0.00s Sys=0.00s Real=0.00s
[7.107s][info][safepoint] Safepoint "G1CollectForAllocation", Time since last: 5704820 ns, Reaching safepoint: 11163 ns, Cleanup: 1544 ns, At safepoint: 3990095 ns, Leaving safepoint: 27112 ns, Total: 4029914 ns
[7.116s][info][gc       ] GC(751) Pause Young (Concurrent Start) (G1 Evacuation Pause) 215M->213M(256M) 3.590ms
[7.116s][info][gc,cpu   ] GC(751) User=0.00s Sys=0.00s Real=0.00s
[7.116s][info][gc       ] GC(752) Concurrent Mark Cycle
[7.125s][info][safepoint] Safepoint "G1CollectForAllocation", Time since last: 5747325 ns, Reaching safepoint: 6479 ns, Cleanup: 2046 ns, At safepoint: 3621685 ns, Leaving safepoint: 8344457 ns, Total: 11974667 ns
[7.128s][info][gc       ] GC(753) Pause Young (Normal) (G1 Evacuation Pause) 225M->224M(256M) 2.593ms
[7.128s][info][gc,cpu   ] GC(753) User=0.00s Sys=0.00s Real=0.00s
[7.128s][info][safepoint] Safepoint "G1CollectForAllocation", Time since last: 1126369 ns, Reaching safepoint: 10116 ns, Cleanup: 1849 ns, At safepoint: 2619906 ns, Leaving safepoint: 28067 ns, Total: 2659938 ns
[7.129s][info][gc       ] GC(752) Pause Remark 225M->223M(256M) 0.153ms
[7.129s][info][gc,cpu   ] GC(752) User=0.00s Sys=0.00s Real=0.01s
[7.129s][info][safepoint] Safepoint "G1PauseRemark", Time since last: 14305 ns, Reaching safepoint: 97070 ns, Cleanup: 1539 ns, At safepoint: 169797 ns, Leaving safepoint: 103138 ns, Total: 371544 ns
[7.135s][info][gc       ] GC(752) Pause Cleanup 223M->223M(256M) 0.115ms
[7.135s][info][gc,cpu   ] GC(752) User=0.00s Sys=0.00s Real=0.00s
[7.135s][info][safepoint] Safepoint "G1PauseCleanup", Time since last: 5706098 ns, Reaching safepoint: 10539 ns, Cleanup: 1580 ns, At safepoint: 137331 ns, Leaving safepoint: 4354 ns, Total: 153804 ns
[7.136s][info][gc       ] GC(752) Concurrent Mark Cycle 19.932ms
[7.138s][info][gc       ] GC(754) Pause Young (Prepare Mixed) (G1 Evacuation Pause) 232M->232M(256M) 1.915ms
[7.138s][info][gc,cpu   ] GC(754) User=0.00s Sys=0.00s Real=0.01s
[7.138s][info][safepoint] Safepoint "G1CollectForAllocation", Time since last: 1587714 ns, Reaching safepoint: 1386 ns, Cleanup: 1181 ns, At safepoint: 1941368 ns, Leaving safepoint: 1059 ns, Total: 1944994 ns
[7.143s][info][gc       ] GC(755) Pause Young (Mixed) (G1 Evacuation Pause) (Evacuation Failure) 242M->221M(256M) 2.286ms
[7.143s][info][gc,cpu   ] GC(755) User=0.01s Sys=0.00s Real=0.00s
[7.143s][info][safepoint] Safepoint "G1CollectForAllocation", Time since last: 2354098 ns, Reaching safepoint: 1564 ns, Cleanup: 1708 ns, At safepoint: 2311394 ns, Leaving safepoint: 23420 ns, Total: 2338086 ns
[7.147s][info][gc       ] GC(756) Pause Young (Mixed) (G1 Evacuation Pause) 231M->209M(256M) 2.815ms
[7.147s][info][gc,cpu   ] GC(756) User=0.00s Sys=0.00s Real=0.00s
[7.149s][info][safepoint] Safepoint "G1CollectForAllocation", Time since last: 983106 ns, Reaching safepoint: 1650 ns, Cleanup: 1897 ns, At safepoint: 2841035 ns, Leaving safepoint: 1905973 ns, Total: 4750555 ns
[7.156s][info][gc       ] GC(757) Pause Young (Mixed) (G1 Evacuation Pause) 223M->200M(256M) 3.518ms
[7.156s][info][gc,cpu   ] GC(757) User=0.01s Sys=0.00s Real=0.00s
[7.161s][info][safepoint] Safepoint "G1CollectForAllocation", Time since last: 4003518 ns, Reaching safepoint: 4528 ns, Cleanup: 1612 ns, At safepoint: 3538202 ns, Leaving safepoint: 4477450 ns, Total: 8021792 ns
[7.166s][info][gc       ] GC(758) Pause Young (Mixed) (G1 Evacuation Pause) 217M->195M(256M) 3.805ms
[7.166s][info][gc,cpu   ] GC(758) User=0.01s Sys=0.00s Real=0.00s
[7.168s][info][safepoint] Safepoint "G1CollectForAllocation", Time since last: 1785492 ns, Reaching safepoint: 9135 ns, Cleanup: 1994 ns, At safepoint: 3842893 ns, Leaving safepoint: 1149277 ns, Total: 5003299 ns
[7.177s][info][gc       ] GC(759) Pause Young (Mixed) (G1 Evacuation Pause) 214M->192M(256M) 4.646ms
[7.177s][info][gc,cpu   ] GC(759) User=0.01s Sys=0.00s Real=0.01s
[7.181s][info][safepoint] Safepoint "G1CollectForAllocation", Time since last: 5190054 ns, Reaching safepoint: 4665 ns, Cleanup: 1792 ns, At safepoint: 4669077 ns, Leaving safepoint: 3315370 ns, Total: 7990904 ns
[7.188s][info][gc       ] GC(760) Pause Young (Mixed) (G1 Evacuation Pause) 212M->207M(256M) 3.398ms
[7.188s][info][gc,cpu   ] GC(760) User=0.00s Sys=0.00s Real=0.00s
[7.188s][info][safepoint] Safepoint "G1CollectForAllocation", Time since last: 4008611 ns, Reaching safepoint: 5228 ns, Cleanup: 1284 ns, At safepoint: 3416387 ns, Leaving safepoint: 2301 ns, Total: 3425200 ns
[7.196s][info][gc       ] GC(761) Pause Young (Concurrent Start) (G1 Evacuation Pause) 221M->219M(256M) 2.233ms
[7.196s][info][gc,cpu   ] GC(761) User=0.00s Sys=0.00s Real=0.00s
[7.196s][info][gc       ] GC(762) Concurrent Mark Cycle
[7.199s][info][safepoint] Safepoint "G1CollectForAllocation", Time since last: 5906371 ns, Reaching safepoint: 9663 ns, Cleanup: 1950 ns, At safepoint: 2283521 ns, Leaving safepoint: 3028776 ns, Total: 5323910 ns
[7.202s][info][gc       ] GC(763) Pause Young (Normal) (G1 Evacuation Pause) 230M->229M(256M) 1.930ms
[7.202s][info][gc,cpu   ] GC(763) User=0.00s Sys=0.00s Real=0.00s
[7.202s][info][safepoint] Safepoint "G1CollectForAllocation", Time since last: 901306 ns, Reaching safepoint: 1481 ns, Cleanup: 1931 ns, At safepoint: 1951285 ns, Leaving safepoint: 1948 ns, Total: 1956645 ns
[7.207s][info][gc       ] GC(764) Pause Young (Normal) (G1 Evacuation Pause) 239M->238M(256M) 1.370ms
[7.207s][info][gc,cpu   ] GC(764) User=0.00s Sys=0.00s Real=0.00s
[7.207s][info][safepoint] Safepoint "G1CollectForAllocation", Time since last: 3255692 ns, Reaching safepoint: 9680 ns, Cleanup: 1873 ns, At safepoint: 1394188 ns, Leaving safepoint: 2340 ns, Total: 1408081 ns
[7.209s][info][gc       ] GC(765) Pause Young (Normal) (G1 Evacuation Pause) (Evacuation Failure) 248M->253M(256M) 1.495ms
[7.209s][info][gc,cpu   ] GC(765) User=0.00s Sys=0.00s Real=0.01s
[7.213s][info][safepoint] Safepoint "G1CollectForAllocation", Time since last: 800692 ns, Reaching safepoint: 987 ns, Cleanup: 1402 ns, At safepoint: 1520402 ns, Leaving safepoint: 3525357 ns, Total: 5048148 ns
[7.213s][info][gc       ] GC(766) Pause Young (Normal) (G1 Evacuation Pause) (Evacuation Failure) 255M->255M(256M) 0.226ms
[7.213s][info][gc,cpu   ] GC(766) User=0.00s Sys=0.00s Real=0.00s
[7.241s][info][gc       ] GC(767) Pause Full (G1 Compaction Pause) 255M->108M(256M) 27.534ms
[7.241s][info][gc,cpu   ] GC(767) User=0.02s Sys=0.00s Real=0.03s
[7.241s][info][safepoint] Safepoint "G1CollectForAllocation", Time since last: 199189 ns, Reaching safepoint: 11246 ns, Cleanup: 1858 ns, At safepoint: 27812925 ns, Leaving safepoint: 21961 ns, Total: 27847990 ns
[7.249s][info][gc       ] GC(762) Pause Remark 139M->139M(256M) 0.011ms
[7.249s][info][gc,cpu   ] GC(762) User=0.00s Sys=0.00s Real=0.00s
[7.253s][info][safepoint] Safepoint "G1PauseRemark", Time since last: 7954231 ns, Reaching safepoint: 112866 ns, Cleanup: 4077 ns, At safepoint: 37093 ns, Leaving safepoint: 3832844 ns, Total: 3986880 ns
[7.253s][info][gc       ] GC(762) Concurrent Mark Cycle 56.427ms
[7.267s][info][gc       ] GC(768) Pause Young (Normal) (G1 Evacuation Pause) 158M->148M(256M) 9.846ms
[7.267s][info][gc,cpu   ] GC(768) User=0.01s Sys=0.00s Real=0.00s
[7.267s][info][safepoint] Safepoint "G1CollectForAllocation", Time since last: 3992354 ns, Reaching safepoint: 5464 ns, Cleanup: 2163 ns, At safepoint: 9879249 ns, Leaving safepoint: 3266 ns, Total: 9890142 ns
[7.282s][info][gc       ] GC(769) Pause Young (Normal) (G1 Evacuation Pause) 183M->176M(256M) 8.575ms
[7.282s][info][gc,cpu   ] GC(769) User=0.01s Sys=0.00s Real=0.01s
[7.285s][info][safepoint] Safepoint "G1CollectForAllocation", Time since last: 7083887 ns, Reaching safepoint: 2006 ns, Cleanup: 1951 ns, At safepoint: 8603079 ns, Leaving safepoint: 2450732 ns, Total: 11057768 ns
[7.295s][info][gc       ] GC(770) Pause Young (Concurrent Start) (G1 Evacuation Pause) 200M->196M(256M) 6.066ms
[7.295s][info][gc       ] GC(771) Concurrent Mark Cycle
[7.295s][info][gc,cpu   ] GC(770) User=0.01s Sys=0.00s Real=0.00s
[7.302s][info][safepoint] Safepoint "G1CollectForAllocation", Time since last: 3965146 ns, Reaching safepoint: 5477 ns, Cleanup: 2412 ns, At safepoint: 6200202 ns, Leaving safepoint: 7153898 ns, Total: 13361989 ns
[7.302s][info][gc       ] GC(771) Pause Remark 197M->197M(256M) 0.262ms
[7.303s][info][gc,cpu   ] GC(771) User=0.00s Sys=0.00s Real=0.00s
[7.305s][info][safepoint] Safepoint "G1PauseRemark", Time since last: 163224 ns, Reaching safepoint: 6405 ns, Cleanup: 1980 ns, At safepoint: 277912 ns, Leaving safepoint: 2179805 ns, Total: 2466102 ns
[7.306s][info][gc       ] GC(771) Pause Cleanup 197M->197M(256M) 0.101ms
[7.306s][info][gc,cpu   ] GC(771) User=0.00s Sys=0.00s Real=0.00s
[7.306s][info][safepoint] Safepoint "G1PauseCleanup", Time since last: 1483981 ns, Reaching safepoint: 7829 ns, Cleanup: 2073 ns, At safepoint: 134267 ns, Leaving safepoint: 4563 ns, Total: 148732 ns
[7.309s][info][gc       ] GC(771) Concurrent Mark Cycle 14.157ms
[7.313s][info][gc       ] GC(772) Pause Young (Prepare Mixed) (G1 Evacuation Pause) 213M->212M(256M) 4.320ms
[7.313s][info][gc,cpu   ] GC(772) User=0.00s Sys=0.00s Real=0.00s
[7.317s][info][safepoint] Safepoint "G1CollectForAllocation", Time since last: 2661809 ns, Reaching safepoint: 2147 ns, Cleanup: 2114 ns, At safepoint: 4348319 ns, Leaving safepoint: 3350955 ns, Total: 7703535 ns
[7.321s][info][gc       ] GC(773) Pause Young (Mixed) (G1 Evacuation Pause) 224M->202M(256M) 3.218ms
[7.321s][info][gc,cpu   ] GC(773) User=0.00s Sys=0.00s Real=0.00s
[7.321s][info][safepoint] Safepoint "G1CollectForAllocation", Time since last: 1397338 ns, Reaching safepoint: 1472 ns, Cleanup: 1996 ns, At safepoint: 3238576 ns, Leaving safepoint: 973 ns, Total: 3243017 ns
[7.332s][info][gc       ] GC(774) Pause Young (Mixed) (G1 Evacuation Pause) 217M->194M(256M) 3.281ms
[7.332s][info][gc,cpu   ] GC(774) User=0.00s Sys=0.00s Real=0.00s
[7.332s][info][safepoint] Safepoint "G1CollectForAllocation", Time since last: 7365250 ns, Reaching safepoint: 4869 ns, Cleanup: 1810 ns, At safepoint: 3306360 ns, Leaving safepoint: 2271 ns, Total: 3315310 ns
[7.339s][info][gc       ] GC(775) Pause Young (Mixed) (G1 Evacuation Pause) 212M->191M(256M) 4.847ms
[7.339s][info][gc,cpu   ] GC(775) User=0.00s Sys=0.00s Real=0.01s
[7.341s][info][safepoint] Safepoint "G1CollectForAllocation", Time since last: 2086117 ns, Reaching safepoint: 1807 ns, Cleanup: 1852 ns, At safepoint: 4873829 ns, Leaving safepoint: 1725366 ns, Total: 6602854 ns
[7.350s][info][gc       ] GC(776) Pause Young (Mixed) (G1 Evacuation Pause) 210M->190M(256M) 4.993ms
[7.350s][info][gc,cpu   ] GC(776) User=0.00s Sys=0.00s Real=0.01s
[7.353s][info][safepoint] Safepoint "G1CollectForAllocation", Time since last: 3999893 ns, Reaching safepoint: 5170 ns, Cleanup: 2036 ns, At safepoint: 5019193 ns, Leaving safepoint: 2983793 ns, Total: 8010192 ns
[7.361s][info][gc       ] GC(777) Pause Young (Mixed) (G1 Evacuation Pause) 210M->192M(256M) 4.521ms
[7.361s][info][gc,cpu   ] GC(777) User=0.00s Sys=0.00s Real=0.00s
[7.365s][info][safepoint] Safepoint "G1CollectForAllocation", Time since last: 3993704 ns, Reaching safepoint: 5662 ns, Cleanup: 1821 ns, At safepoint: 4547431 ns, Leaving safepoint: 3430773 ns, Total: 7985687 ns
[7.372s][info][gc       ] GC(778) Pause Young (Concurrent Start) (G1 Evacuation Pause) 212M->210M(256M) 3.388ms
[7.372s][info][gc,cpu   ] GC(778) User=0.00s Sys=0.00s Real=0.00s
[7.372s][info][gc       ] GC(779) Concurrent Mark Cycle
[7.372s][info][safepoint] Safepoint "G1CollectForAllocation", Time since last: 4007350 ns, Reaching safepoint: 5521 ns, Cleanup: 1946 ns, At safepoint: 3428928 ns, Leaving safepoint: 89382 ns, Total: 3525777 ns
[7.381s][info][gc       ] GC(779) Pause Remark 220M->219M(256M) 0.166ms
[7.381s][info][gc,cpu   ] GC(779) User=0.00s Sys=0.00s Real=0.00s
[7.381s][info][safepoint] Safepoint "G1PauseRemark", Time since last: 8561725 ns, Reaching safepoint: 16823 ns, Cleanup: 2557 ns, At safepoint: 189310 ns, Leaving safepoint: 4429 ns, Total: 213119 ns
[7.383s][info][gc       ] GC(779) Pause Cleanup 219M->219M(256M) 0.108ms
[7.383s][info][gc,cpu   ] GC(779) User=0.00s Sys=0.00s Real=0.00s
[7.383s][info][safepoint] Safepoint "G1PauseCleanup", Time since last: 1792416 ns, Reaching safepoint: 1883 ns, Cleanup: 1499 ns, At safepoint: 128155 ns, Leaving safepoint: 711 ns, Total: 132248 ns
[7.386s][info][gc       ] GC(780) Pause Young (Prepare Mixed) (G1 Evacuation Pause) 222M->221M(256M) 2.920ms
[7.386s][info][gc,cpu   ] GC(780) User=0.01s Sys=0.00s Real=0.00s
[7.387s][info][gc       ] GC(779) Concurrent Mark Cycle 14.469ms
[7.387s][info][safepoint] Safepoint "G1CollectForAllocation", Time since last: 261257 ns, Reaching safepoint: 788 ns, Cleanup: 495 ns, At safepoint: 2943292 ns, Leaving safepoint: 490916 ns, Total: 3435491 ns
[7.390s][info][gc       ] GC(781) Pause Young (Mixed) (G1 Evacuation Pause) 231M->207M(256M) 2.516ms
[7.390s][info][gc,cpu   ] GC(781) User=0.00s Sys=0.00s Real=0.01s
[7.393s][info][safepoint] Safepoint "G1CollectForAllocation", Time since last: 1235694 ns, Reaching safepoint: 1168 ns, Cleanup: 1250 ns, At safepoint: 2558279 ns, Leaving safepoint: 2294337 ns, Total: 4855034 ns
[7.400s][info][gc       ] GC(782) Pause Young (Mixed) (G1 Evacuation Pause) 222M->199M(256M) 3.238ms
[7.400s][info][gc,cpu   ] GC(782) User=0.00s Sys=0.00s Real=0.00s
[7.400s][info][safepoint] Safepoint "G1CollectForAllocation", Time since last: 4011466 ns, Reaching safepoint: 6358 ns, Cleanup: 1970 ns, At safepoint: 3265106 ns, Leaving safepoint: 1756 ns, Total: 3275190 ns
[7.407s][info][gc       ] GC(783) Pause Young (Mixed) (G1 Evacuation Pause) 216M->194M(256M) 4.107ms
[7.407s][info][gc,cpu   ] GC(783) User=0.01s Sys=0.00s Real=0.00s
[7.409s][info][safepoint] Safepoint "G1CollectForAllocation", Time since last: 2801942 ns, Reaching safepoint: 1784 ns, Cleanup: 2036 ns, At safepoint: 4132043 ns, Leaving safepoint: 1773473 ns, Total: 5909336 ns
[7.418s][info][gc       ] GC(784) Pause Young (Mixed) (G1 Evacuation Pause) 213M->191M(256M) 5.003ms
[7.418s][info][gc,cpu   ] GC(784) User=0.01s Sys=0.00s Real=0.01s
[7.418s][info][safepoint] Safepoint "G1CollectForAllocation", Time since last: 4018885 ns, Reaching safepoint: 6071 ns, Cleanup: 2101 ns, At safepoint: 5030441 ns, Leaving safepoint: 10452 ns, Total: 5049065 ns
[7.429s][info][gc       ] GC(785) Pause Young (Mixed) (G1 Evacuation Pause) 211M->189M(256M) 4.621ms
[7.429s][info][gc,cpu   ] GC(785) User=0.01s Sys=0.00s Real=0.01s
[7.433s][info][safepoint] Safepoint "G1CollectForAllocation", Time since last: 6927903 ns, Reaching safepoint: 5115 ns, Cleanup: 1851 ns, At safepoint: 4650203 ns, Leaving safepoint: 3338775 ns, Total: 7995944 ns
[7.440s][info][gc       ] GC(786) Pause Young (Mixed) (G1 Evacuation Pause) 210M->207M(256M) 3.540ms
[7.440s][info][gc,cpu   ] GC(786) User=0.00s Sys=0.00s Real=0.00s
[7.440s][info][safepoint] Safepoint "G1CollectForAllocation", Time since last: 4002564 ns, Reaching safepoint: 4676 ns, Cleanup: 1841 ns, At safepoint: 3569283 ns, Leaving safepoint: 2060 ns, Total: 3577860 ns
[7.449s][info][gc       ] GC(787) Pause Young (Concurrent Start) (G1 Evacuation Pause) 221M->220M(256M) 2.787ms
[7.449s][info][gc       ] GC(788) Concurrent Mark Cycle
[7.449s][info][gc,cpu   ] GC(787) User=0.00s Sys=0.00s Real=0.01s
[7.453s][info][safepoint] Safepoint "G1CollectForAllocation", Time since last: 5552094 ns, Reaching safepoint: 10690 ns, Cleanup: 1966 ns, At safepoint: 2900301 ns, Leaving safepoint: 3982285 ns, Total: 6895242 ns
[7.456s][info][gc       ] GC(789) Pause Young (Normal) (G1 Evacuation Pause) 230M->229M(256M) 1.966ms
[7.456s][info][gc,cpu   ] GC(789) User=0.01s Sys=0.00s Real=0.00s
[7.456s][info][safepoint] Safepoint "G1CollectForAllocation", Time since last: 881984 ns, Reaching safepoint: 7426 ns, Cleanup: 2080 ns, At safepoint: 1992248 ns, Leaving safepoint: 2098 ns, Total: 2003852 ns
[7.463s][info][gc       ] GC(790) Pause Young (Normal) (G1 Evacuation Pause) 239M->238M(256M) 2.306ms
[7.463s][info][gc,cpu   ] GC(790) User=0.00s Sys=0.00s Real=0.00s
[7.463s][info][safepoint] Safepoint "G1CollectForAllocation", Time since last: 5106584 ns, Reaching safepoint: 9802 ns, Cleanup: 1941 ns, At safepoint: 2333740 ns, Leaving safepoint: 10574 ns, Total: 2356057 ns
[7.465s][info][gc       ] GC(791) Pause Young (Normal) (G1 Evacuation Pause) (Evacuation Failure) 248M->254M(256M) 1.181ms
[7.465s][info][gc,cpu   ] GC(791) User=0.00s Sys=0.01s Real=0.00s
[7.465s][info][safepoint] Safepoint "G1CollectForAllocation", Time since last: 759718 ns, Reaching safepoint: 1230 ns, Cleanup: 1646 ns, At safepoint: 1200263 ns, Leaving safepoint: 1241 ns, Total: 1204380 ns
[7.465s][info][gc       ] GC(792) Pause Young (Normal) (G1 Evacuation Pause) (Evacuation Failure) 255M->255M(256M) 0.158ms
[7.465s][info][gc,cpu   ] GC(792) User=0.00s Sys=0.00s Real=0.00s
[7.490s][info][gc       ] GC(793) Pause Full (G1 Compaction Pause) 255M->108M(256M) 24.632ms
[7.490s][info][gc,cpu   ] GC(793) User=0.03s Sys=0.00s Real=0.03s
[7.490s][info][safepoint] Safepoint "G1CollectForAllocation", Time since last: 76140 ns, Reaching safepoint: 630 ns, Cleanup: 996 ns, At safepoint: 24853842 ns, Leaving safepoint: 4418 ns, Total: 24859886 ns
[7.497s][info][gc       ] GC(788) Pause Remark 129M->129M(256M) 0.009ms
[7.497s][info][gc,cpu   ] GC(788) User=0.00s Sys=0.00s Real=0.00s
[7.497s][info][safepoint] Safepoint "G1PauseRemark", Time since last: 6715962 ns, Reaching safepoint: 83847 ns, Cleanup: 3383 ns, At safepoint: 29475 ns, Leaving safepoint: 3525 ns, Total: 120230 ns
[7.497s][info][gc       ] GC(788) Concurrent Mark Cycle 48.168ms
[7.509s][info][gc       ] GC(794) Pause Young (Normal) (G1 Evacuation Pause) 155M->147M(256M) 7.983ms
[7.509s][info][gc,cpu   ] GC(794) User=0.00s Sys=0.00s Real=0.01s
[7.513s][info][safepoint] Safepoint "G1CollectForAllocation", Time since last: 4088937 ns, Reaching safepoint: 1368 ns, Cleanup: 2168 ns, At safepoint: 8013004 ns, Leaving safepoint: 3772478 ns, Total: 11789018 ns
[7.524s][info][gc       ] GC(795) Pause Young (Concurrent Start) (G1 Evacuation Pause) 181M->174M(256M) 6.742ms
[7.524s][info][gc       ] GC(796) Concurrent Mark Cycle
[7.524s][info][gc,cpu   ] GC(795) User=0.01s Sys=0.00s Real=0.00s
[7.524s][info][safepoint] Safepoint "G1CollectForAllocation", Time since last: 4646268 ns, Reaching safepoint: 1769 ns, Cleanup: 2164 ns, At safepoint: 6895465 ns, Leaving safepoint: 6651 ns, Total: 6906049 ns
[7.529s][info][gc       ] GC(796) Pause Remark 177M->177M(256M) 0.131ms
[7.529s][info][gc,cpu   ] GC(796) User=0.00s Sys=0.00s Real=0.00s
[7.529s][info][safepoint] Safepoint "G1PauseRemark", Time since last: 4839539 ns, Reaching safepoint: 8977 ns, Cleanup: 1615 ns, At safepoint: 150351 ns, Leaving safepoint: 3680 ns, Total: 164623 ns
[7.533s][info][gc       ] GC(796) Pause Cleanup 197M->197M(256M) 0.099ms
[7.533s][info][gc,cpu   ] GC(796) User=0.00s Sys=0.00s Real=0.00s
[7.533s][info][safepoint] Safepoint "G1PauseCleanup", Time since last: 3930482 ns, Reaching safepoint: 96656 ns, Cleanup: 2008 ns, At safepoint: 214067 ns, Leaving safepoint: 2484 ns, Total: 315215 ns
[7.534s][info][gc       ] GC(796) Concurrent Mark Cycle 9.832ms
[7.540s][info][gc       ] GC(797) Pause Young (Prepare Mixed) (G1 Evacuation Pause) 199M->195M(256M) 5.844ms
[7.540s][info][gc,cpu   ] GC(797) User=0.01s Sys=0.00s Real=0.01s
[7.540s][info][safepoint] Safepoint "G1CollectForAllocation", Time since last: 612342 ns, Reaching safepoint: 993 ns, Cleanup: 1373 ns, At safepoint: 5868939 ns, Leaving safepoint: 1192 ns, Total: 5872497 ns
[7.553s][info][gc       ] GC(798) Pause Young (Mixed) (G1 Evacuation Pause) 212M->190M(256M) 4.250ms
[7.553s][info][gc,cpu   ] GC(798) User=0.01s Sys=0.00s Real=0.00s
[7.553s][info][safepoint] Safepoint "G1CollectForAllocation", Time since last: 8760373 ns, Reaching safepoint: 6825 ns, Cleanup: 2149 ns, At safepoint: 4276630 ns, Leaving safepoint: 2218 ns, Total: 4287822 ns
[7.564s][info][gc       ] GC(799) Pause Young (Mixed) (G1 Evacuation Pause) 209M->187M(256M) 5.580ms
[7.564s][info][gc,cpu   ] GC(799) User=0.01s Sys=0.00s Real=0.00s
[7.564s][info][safepoint] Safepoint "G1CollectForAllocation", Time since last: 5711893 ns, Reaching safepoint: 5184 ns, Cleanup: 2076 ns, At safepoint: 5616071 ns, Leaving safepoint: 1756 ns, Total: 5625087 ns
[7.577s][info][gc       ] GC(800) Pause Young (Mixed) (G1 Evacuation Pause) 207M->185M(256M) 5.662ms
[7.577s][info][gc,cpu   ] GC(800) User=0.00s Sys=0.00s Real=0.00s
[7.577s][info][safepoint] Safepoint "G1CollectForAllocation", Time since last: 6476416 ns, Reaching safepoint: 9498 ns, Cleanup: 1778 ns, At safepoint: 5690820 ns, Leaving safepoint: 5099 ns, Total: 5707195 ns
[7.587s][info][gc       ] GC(801) Pause Young (Mixed) (G1 Evacuation Pause) 207M->193M(256M) 4.308ms
[7.587s][info][gc,cpu   ] GC(801) User=0.00s Sys=0.00s Real=0.00s
[7.588s][info][safepoint] Safepoint "G1CollectForAllocation", Time since last: 6611951 ns, Reaching safepoint: 10230 ns, Cleanup: 2192 ns, At safepoint: 4337023 ns, Leaving safepoint: 17202 ns, Total: 4366647 ns
[7.594s][info][gc       ] GC(802) Pause Young (Concurrent Start) (G1 Evacuation Pause) 212M->210M(256M) 4.033ms
[7.594s][info][gc       ] GC(803) Concurrent Mark Cycle
[7.594s][info][gc,cpu   ] GC(802) User=0.00s Sys=0.00s Real=0.00s
[7.600s][info][safepoint] Safepoint "G1CollectForAllocation", Time since last: 2327434 ns, Reaching safepoint: 1743 ns, Cleanup: 2019 ns, At safepoint: 4164494 ns, Leaving safepoint: 5772545 ns, Total: 9940801 ns
[7.601s][info][gc       ] GC(803) Pause Remark 221M->220M(256M) 0.138ms
[7.601s][info][gc,cpu   ] GC(803) User=0.00s Sys=0.00s Real=0.00s
[7.601s][info][safepoint] Safepoint "G1PauseRemark", Time since last: 930001 ns, Reaching safepoint: 93190 ns, Cleanup: 2287 ns, At safepoint: 155787 ns, Leaving safepoint: 3990 ns, Total: 255254 ns
[7.604s][info][gc       ] GC(804) Pause Young (Normal) (G1 Evacuation Pause) 222M->221M(256M) 2.667ms
[7.604s][info][gc,cpu   ] GC(804) User=0.00s Sys=0.00s Real=0.00s
[7.604s][info][safepoint] Safepoint "G1CollectForAllocation", Time since last: 200195 ns, Reaching safepoint: 541 ns, Cleanup: 644 ns, At safepoint: 2684354 ns, Leaving safepoint: 2189 ns, Total: 2687728 ns
[7.612s][info][gc       ] GC(805) Pause Young (Normal) (G1 Evacuation Pause) 231M->230M(256M) 1.559ms
[7.612s][info][gc,cpu   ] GC(805) User=0.00s Sys=0.00s Real=0.00s
[7.612s][info][safepoint] Safepoint "G1CollectForAllocation", Time since last: 6535374 ns, Reaching safepoint: 12013 ns, Cleanup: 2022 ns, At safepoint: 1583585 ns, Leaving safepoint: 9477 ns, Total: 1607097 ns
[7.614s][info][gc       ] GC(806) Pause Young (Normal) (G1 Evacuation Pause) 240M->239M(256M) 1.289ms
[7.614s][info][gc,cpu   ] GC(806) User=0.00s Sys=0.00s Real=0.00s
[7.614s][info][safepoint] Safepoint "G1CollectForAllocation", Time since last: 824488 ns, Reaching safepoint: 1180 ns, Cleanup: 1565 ns, At safepoint: 1306883 ns, Leaving safepoint: 1091 ns, Total: 1310719 ns
[7.614s][info][gc       ] GC(803) Pause Cleanup 239M->239M(256M) 0.108ms
[7.614s][info][gc,cpu   ] GC(803) User=0.00s Sys=0.00s Real=0.00s
[7.614s][info][safepoint] Safepoint "G1PauseCleanup", Time since last: 19578 ns, Reaching safepoint: 85783 ns, Cleanup: 1083 ns, At safepoint: 116426 ns, Leaving safepoint: 81229 ns, Total: 284521 ns
[7.617s][info][gc       ] GC(803) Concurrent Mark Cycle 23.193ms
[7.619s][info][gc       ] GC(807) Pause Young (Prepare Mixed) (G1 Evacuation Pause) (Evacuation Failure) 249M->255M(256M) 1.089ms
[7.619s][info][gc,cpu   ] GC(807) User=0.00s Sys=0.00s Real=0.00s
[7.643s][info][gc       ] GC(808) Pause Full (G1 Compaction Pause) 255M->108M(256M) 24.269ms
[7.643s][info][gc,cpu   ] GC(808) User=0.03s Sys=0.00s Real=0.02s
[7.645s][info][safepoint] Safepoint "G1CollectForAllocation", Time since last: 3340718 ns, Reaching safepoint: 6078 ns, Cleanup: 1313 ns, At safepoint: 25407254 ns, Leaving safepoint: 1493577 ns, Total: 26908222 ns
[7.661s][info][gc       ] GC(809) Pause Young (Normal) (G1 Evacuation Pause) 158M->148M(256M) 8.451ms
[7.661s][info][gc,cpu   ] GC(809) User=0.01s Sys=0.00s Real=0.01s
[7.661s][info][safepoint] Safepoint "G1CollectForAllocation", Time since last: 8191372 ns, Reaching safepoint: 2263 ns, Cleanup: 3491 ns, At safepoint: 8482916 ns, Leaving safepoint: 1401 ns, Total: 8490071 ns
[7.675s][info][gc       ] GC(810) Pause Young (Normal) (G1 Evacuation Pause) 183M->176M(256M) 6.146ms
[7.675s][info][gc,cpu   ] GC(810) User=0.01s Sys=0.00s Real=0.00s
[7.677s][info][safepoint] Safepoint "G1CollectForAllocation", Time since last: 7471356 ns, Reaching safepoint: 5984 ns, Cleanup: 2891 ns, At safepoint: 6174552 ns, Leaving safepoint: 1656360 ns, Total: 7839787 ns
[7.690s][info][gc       ] GC(811) Pause Young (Concurrent Start) (G1 Evacuation Pause) 201M->197M(256M) 5.032ms
[7.690s][info][gc,cpu   ] GC(811) User=0.00s Sys=0.00s Real=0.01s
[7.690s][info][gc       ] GC(812) Concurrent Mark Cycle
[7.690s][info][safepoint] Safepoint "G1CollectForAllocation", Time since last: 8003808 ns, Reaching safepoint: 5445 ns, Cleanup: 2373 ns, At safepoint: 5070700 ns, Leaving safepoint: 107214 ns, Total: 5185732 ns
[7.702s][info][gc       ] GC(813) Pause Young (Normal) (G1 Evacuation Pause) 213M->212M(256M) 3.380ms
[7.702s][info][gc,cpu   ] GC(813) User=0.01s Sys=0.00s Real=0.00s
[7.702s][info][safepoint] Safepoint "G1CollectForAllocation", Time since last: 8594858 ns, Reaching safepoint: 11861 ns, Cleanup: 2987 ns, At safepoint: 3410621 ns, Leaving safepoint: 1924 ns, Total: 3427393 ns
[7.708s][info][gc       ] GC(814) Pause Young (Normal) (G1 Evacuation Pause) 224M->223M(256M) 2.428ms
[7.708s][info][gc,cpu   ] GC(814) User=0.00s Sys=0.00s Real=0.00s
[7.708s][info][safepoint] Safepoint "G1CollectForAllocation", Time since last: 3879202 ns, Reaching safepoint: 9025 ns, Cleanup: 1888 ns, At safepoint: 2450994 ns, Leaving safepoint: 1980 ns, Total: 2463887 ns
[7.714s][info][gc       ] GC(815) Pause Young (Normal) (G1 Evacuation Pause) 233M->232M(256M) 1.526ms
[7.714s][info][gc,cpu   ] GC(815) User=0.00s Sys=0.00s Real=0.00s
[7.714s][info][safepoint] Safepoint "G1CollectForAllocation", Time since last: 4451697 ns, Reaching safepoint: 6154 ns, Cleanup: 1459 ns, At safepoint: 1545123 ns, Leaving safepoint: 10501 ns, Total: 1563237 ns
[7.717s][info][gc       ] GC(816) Pause Young (Normal) (G1 Evacuation Pause) (Evacuation Failure) 242M->247M(256M) 1.861ms
[7.717s][info][gc,cpu   ] GC(816) User=0.00s Sys=0.00s Real=0.01s
[7.721s][info][safepoint] Safepoint "G1CollectForAllocation", Time since last: 920590 ns, Reaching safepoint: 1836 ns, Cleanup: 2295 ns, At safepoint: 1888002 ns, Leaving safepoint: 3628604 ns, Total: 5520737 ns
[7.721s][info][gc       ] GC(812) Pause Remark 248M->247M(256M) 0.147ms
[7.721s][info][gc,cpu   ] GC(812) User=0.00s Sys=0.00s Real=0.00s
[7.721s][info][safepoint] Safepoint "G1PauseRemark", Time since last: 41377 ns, Reaching safepoint: 81039 ns, Cleanup: 1857 ns, At safepoint: 161373 ns, Leaving safepoint: 4352 ns, Total: 248621 ns
[7.722s][info][gc       ] GC(817) Pause Young (Normal) (G1 Evacuation Pause) (Evacuation Failure) 251M->252M(256M) 0.451ms
[7.722s][info][gc,cpu   ] GC(817) User=0.00s Sys=0.00s Real=0.00s
[7.745s][info][gc       ] GC(818) Pause Full (G1 Compaction Pause) 252M->108M(256M) 23.091ms
[7.745s][info][gc,cpu   ] GC(818) User=0.02s Sys=0.00s Real=0.02s
[7.745s][info][safepoint] Safepoint "G1CollectForAllocation", Time since last: 338102 ns, Reaching safepoint: 1007 ns, Cleanup: 1160 ns, At safepoint: 23590561 ns, Leaving safepoint: 16457 ns, Total: 23609185 ns
[7.745s][info][gc       ] GC(812) Concurrent Mark Cycle 55.191ms
[7.763s][info][gc       ] GC(819) Pause Young (Normal) (G1 Evacuation Pause) 158M->149M(256M) 7.444ms
[7.763s][info][gc,cpu   ] GC(819) User=0.01s Sys=0.00s Real=0.01s
[7.763s][info][safepoint] Safepoint "G1CollectForAllocation", Time since last: 10631838 ns, Reaching safepoint: 2423 ns, Cleanup: 2956 ns, At safepoint: 7475410 ns, Leaving safepoint: 934 ns, Total: 7481723 ns
[7.775s][info][gc       ] GC(820) Pause Young (Normal) (G1 Evacuation Pause) 183M->177M(256M) 6.756ms
[7.775s][info][gc,cpu   ] GC(820) User=0.01s Sys=0.00s Real=0.01s
[7.777s][info][safepoint] Safepoint "G1CollectForAllocation", Time since last: 5313891 ns, Reaching safepoint: 2186 ns, Cleanup: 2555 ns, At safepoint: 6785746 ns, Leaving safepoint: 1538878 ns, Total: 8329365 ns
[7.783s][info][gc       ] GC(821) Pause Young (Concurrent Start) (G1 Evacuation Pause) 201M->197M(256M) 3.984ms
[7.783s][info][gc       ] GC(822) Concurrent Mark Cycle
[7.783s][info][gc,cpu   ] GC(821) User=0.01s Sys=0.00s Real=0.00s
[7.786s][info][safepoint] Safepoint "G1CollectForAllocation", Time since last: 2516568 ns, Reaching safepoint: 9977 ns, Cleanup: 2341 ns, At safepoint: 4104429 ns, Leaving safepoint: 2712870 ns, Total: 6829617 ns
[7.794s][info][gc       ] GC(823) Pause Young (Normal) (G1 Evacuation Pause) 214M->212M(256M) 3.153ms
[7.794s][info][gc,cpu   ] GC(823) User=0.01s Sys=0.00s Real=0.00s
[7.794s][info][safepoint] Safepoint "G1CollectForAllocation", Time since last: 4360162 ns, Reaching safepoint: 7110 ns, Cleanup: 2338 ns, At safepoint: 3174652 ns, Leaving safepoint: 1635 ns, Total: 3185735 ns
[7.799s][info][gc       ] GC(824) Pause Young (Normal) (G1 Evacuation Pause) 224M->223M(256M) 1.910ms
[7.799s][info][gc,cpu   ] GC(824) User=0.00s Sys=0.00s Real=0.00s
[7.799s][info][safepoint] Safepoint "G1CollectForAllocation", Time since last: 3117569 ns, Reaching safepoint: 8749 ns, Cleanup: 2468 ns, At safepoint: 1933969 ns, Leaving safepoint: 1748 ns, Total: 1946934 ns
[7.799s][info][gc       ] GC(822) Pause Remark 223M->223M(256M) 0.130ms
[7.799s][info][gc,cpu   ] GC(822) User=0.00s Sys=0.00s Real=0.00s
[7.801s][info][safepoint] Safepoint "G1PauseRemark", Time since last: 22275 ns, Reaching safepoint: 150900 ns, Cleanup: 1871 ns, At safepoint: 140821 ns, Leaving safepoint: 1723787 ns, Total: 2017379 ns
[7.802s][info][gc       ] GC(822) Pause Cleanup 224M->224M(256M) 0.102ms
[7.802s][info][gc,cpu   ] GC(822) User=0.00s Sys=0.00s Real=0.00s
[7.802s][info][safepoint] Safepoint "G1PauseCleanup", Time since last: 1478776 ns, Reaching safepoint: 5268 ns, Cleanup: 1280 ns, At safepoint: 117016 ns, Leaving safepoint: 3939 ns, Total: 127503 ns
[7.804s][info][gc       ] GC(822) Concurrent Mark Cycle 20.397ms
[7.805s][info][gc       ] GC(825) Pause Young (Prepare Mixed) (G1 Evacuation Pause) 233M->232M(256M) 1.709ms
[7.805s][info][gc,cpu   ] GC(825) User=0.00s Sys=0.00s Real=0.00s
[7.809s][info][safepoint] Safepoint "G1CollectForAllocation", Time since last: 1348336 ns, Reaching safepoint: 1076 ns, Cleanup: 845 ns, At safepoint: 1728469 ns, Leaving safepoint: 3314200 ns, Total: 5044590 ns
[7.812s][info][gc       ] GC(826) Pause Young (Mixed) (G1 Evacuation Pause) (Evacuation Failure) 242M->232M(256M) 2.062ms
[7.812s][info][gc,cpu   ] GC(826) User=0.00s Sys=0.00s Real=0.00s
[7.812s][info][safepoint] Safepoint "G1CollectForAllocation", Time since last: 794650 ns, Reaching safepoint: 5166 ns, Cleanup: 1112 ns, At safepoint: 2079018 ns, Leaving safepoint: 9851 ns, Total: 2095147 ns
[7.816s][info][gc       ] GC(827) Pause Young (Mixed) (G1 Evacuation Pause) (Evacuation Failure) 242M->231M(256M) 2.535ms
[7.816s][info][gc,cpu   ] GC(827) User=0.00s Sys=0.00s Real=0.00s
[7.816s][info][safepoint] Safepoint "G1CollectForAllocation", Time since last: 1394560 ns, Reaching safepoint: 876 ns, Cleanup: 1207 ns, At safepoint: 2553950 ns, Leaving safepoint: 1153 ns, Total: 2557186 ns
[7.821s][info][gc       ] GC(828) Pause Young (Mixed) (G1 Evacuation Pause) (Evacuation Failure) 241M->234M(256M) 3.433ms
[7.821s][info][gc,cpu   ] GC(828) User=0.00s Sys=0.00s Real=0.00s
[7.822s][info][safepoint] Safepoint "G1CollectForAllocation", Time since last: 2383527 ns, Reaching safepoint: 6361 ns, Cleanup: 1160 ns, At safepoint: 3618643 ns, Leaving safepoint: 3678 ns, Total: 3629842 ns
[7.829s][info][gc       ] GC(829) Pause Young (Mixed) (G1 Evacuation Pause) (Evacuation Failure) 244M->243M(256M) 2.951ms
[7.829s][info][gc,cpu   ] GC(829) User=0.00s Sys=0.00s Real=0.01s
[7.833s][info][safepoint] Safepoint "G1CollectForAllocation", Time since last: 4488064 ns, Reaching safepoint: 7906 ns, Cleanup: 1972 ns, At safepoint: 2977637 ns, Leaving safepoint: 3668193 ns, Total: 6655708 ns
[7.835s][info][gc       ] GC(830) Pause Young (Mixed) (G1 Evacuation Pause) (Evacuation Failure) 253M->254M(256M) 1.206ms
[7.835s][info][gc,cpu   ] GC(830) User=0.00s Sys=0.00s Real=0.00s
[7.858s][info][gc       ] GC(831) Pause Full (G1 Compaction Pause) 254M->108M(256M) 22.417ms
[7.858s][info][gc,cpu   ] GC(831) User=0.02s Sys=0.00s Real=0.03s
[7.861s][info][safepoint] Safepoint "G1CollectForAllocation", Time since last: 1298161 ns, Reaching safepoint: 6408 ns, Cleanup: 1605 ns, At safepoint: 23675531 ns, Leaving safepoint: 3018000 ns, Total: 26701544 ns
[7.878s][info][gc       ] GC(832) Pause Young (Normal) (G1 Evacuation Pause) 160M->150M(256M) 9.394ms
[7.878s][info][gc,cpu   ] GC(832) User=0.01s Sys=0.00s Real=0.02s
[7.881s][info][safepoint] Safepoint "G1CollectForAllocation", Time since last: 7833744 ns, Reaching safepoint: 2233 ns, Cleanup: 2951 ns, At safepoint: 9427538 ns, Leaving safepoint: 2742412 ns, Total: 12175134 ns
[7.895s][info][gc       ] GC(833) Pause Young (Normal) (G1 Evacuation Pause) 185M->179M(256M) 7.290ms
[7.895s][info][gc,cpu   ] GC(833) User=0.01s Sys=0.00s Real=0.01s
[7.897s][info][safepoint] Safepoint "G1CollectForAllocation", Time since last: 6665143 ns, Reaching safepoint: 2528 ns, Cleanup: 2237 ns, At safepoint: 7321839 ns, Leaving safepoint: 2010478 ns, Total: 9337082 ns
[7.905s][info][gc       ] GC(834) Pause Young (Concurrent Start) (G1 Evacuation Pause) 203M->198M(256M) 4.754ms
[7.905s][info][gc,cpu   ] GC(834) User=0.00s Sys=0.00s Real=0.00s
[7.905s][info][safepoint] Safepoint "G1CollectForAllocation", Time since last: 3181881 ns, Reaching safepoint: 12502 ns, Cleanup: 2718 ns, At safepoint: 4818597 ns, Leaving safepoint: 2059 ns, Total: 4835876 ns
[7.905s][info][gc       ] GC(835) Concurrent Mark Cycle
[7.913s][info][gc       ] GC(835) Pause Remark 206M->205M(256M) 0.147ms
[7.913s][info][gc,cpu   ] GC(835) User=0.00s Sys=0.00s Real=0.00s
[7.913s][info][safepoint] Safepoint "G1PauseRemark", Time since last: 8086331 ns, Reaching safepoint: 13945 ns, Cleanup: 2291 ns, At safepoint: 169167 ns, Leaving safepoint: 3878 ns, Total: 189281 ns
[7.919s][info][gc       ] GC(836) Pause Young (Normal) (G1 Evacuation Pause) 214M->212M(256M) 3.462ms
[7.919s][info][gc,cpu   ] GC(836) User=0.01s Sys=0.00s Real=0.01s
[7.921s][info][safepoint] Safepoint "G1CollectForAllocation", Time since last: 2724712 ns, Reaching safepoint: 1238 ns, Cleanup: 1545 ns, At safepoint: 3489481 ns, Leaving safepoint: 1481018 ns, Total: 4973282 ns
[7.922s][info][gc       ] GC(835) Pause Cleanup 220M->220M(256M) 0.123ms
[7.922s][info][gc,cpu   ] GC(835) User=0.00s Sys=0.00s Real=0.00s
[7.925s][info][safepoint] Safepoint "G1PauseCleanup", Time since last: 1031909 ns, Reaching safepoint: 138976 ns, Cleanup: 2428 ns, At safepoint: 141266 ns, Leaving safepoint: 2720374 ns, Total: 3003044 ns
[7.925s][info][gc       ] GC(835) Concurrent Mark Cycle 20.464ms
[7.928s][info][gc       ] GC(837) Pause Young (Prepare Mixed) (G1 Evacuation Pause) 224M->223M(256M) 2.635ms
[7.928s][info][gc,cpu   ] GC(837) User=0.01s Sys=0.00s Real=0.00s
[7.928s][info][safepoint] Safepoint "G1CollectForAllocation", Time since last: 922924 ns, Reaching safepoint: 8271 ns, Cleanup: 1910 ns, At safepoint: 2655754 ns, Leaving safepoint: 1934 ns, Total: 2667869 ns
[7.935s][info][gc       ] GC(838) Pause Young (Mixed) (G1 Evacuation Pause) 233M->210M(256M) 2.377ms
[7.935s][info][gc,cpu   ] GC(838) User=0.00s Sys=0.00s Real=0.00s
[7.935s][info][safepoint] Safepoint "G1CollectForAllocation", Time since last: 3904458 ns, Reaching safepoint: 8268 ns, Cleanup: 1668 ns, At safepoint: 2401172 ns, Leaving safepoint: 9290 ns, Total: 2420398 ns
[7.944s][info][gc       ] GC(839) Pause Young (Mixed) (G1 Evacuation Pause) 223M->202M(256M) 5.698ms
[7.944s][info][gc,cpu   ] GC(839) User=0.00s Sys=0.00s Real=0.00s
[7.949s][info][safepoint] Safepoint "G1CollectForAllocation", Time since last: 3488622 ns, Reaching safepoint: 7657 ns, Cleanup: 1763 ns, At safepoint: 5725279 ns, Leaving safepoint: 4842085 ns, Total: 10576784 ns
[7.955s][info][gc       ] GC(840) Pause Young (Mixed) (G1 Evacuation Pause) 218M->197M(256M) 4.171ms
[7.955s][info][gc,cpu   ] GC(840) User=0.00s Sys=0.00s Real=0.00s
[7.955s][info][safepoint] Safepoint "G1CollectForAllocation", Time since last: 1813008 ns, Reaching safepoint: 7046 ns, Cleanup: 1866 ns, At safepoint: 4197985 ns, Leaving safepoint: 2016 ns, Total: 4208913 ns
[7.965s][info][gc       ] GC(841) Pause Young (Mixed) (G1 Evacuation Pause) 215M->193M(256M) 4.531ms
[7.965s][info][gc,cpu   ] GC(841) User=0.00s Sys=0.00s Real=0.00s
[7.969s][info][safepoint] Safepoint "G1CollectForAllocation", Time since last: 5972296 ns, Reaching safepoint: 5012 ns, Cleanup: 2076 ns, At safepoint: 4556111 ns, Leaving safepoint: 3473755 ns, Total: 8036954 ns
[7.975s][info][gc       ] GC(842) Pause Young (Mixed) (G1 Evacuation Pause) 212M->195M(256M) 4.359ms
[7.975s][info][gc,cpu   ] GC(842) User=0.00s Sys=0.00s Real=0.00s
[7.976s][info][safepoint] Safepoint "G1CollectForAllocation", Time since last: 1835458 ns, Reaching safepoint: 7142 ns, Cleanup: 1651 ns, At safepoint: 4400319 ns, Leaving safepoint: 1220777 ns, Total: 5629889 ns
[7.985s][info][gc       ] GC(843) Pause Young (Concurrent Start) (G1 Evacuation Pause) 214M->213M(256M) 3.880ms
[7.985s][info][gc       ] GC(844) Concurrent Mark Cycle
[7.985s][info][gc,cpu   ] GC(843) User=0.00s Sys=0.00s Real=0.00s
[7.988s][info][safepoint] Safepoint "G1CollectForAllocation", Time since last: 4496723 ns, Reaching safepoint: 4631 ns, Cleanup: 1884 ns, At safepoint: 4036941 ns, Leaving safepoint: 2809320 ns, Total: 6852776 ns
[7.996s][info][gc       ] GC(845) Pause Young (Normal) (G1 Evacuation Pause) 224M->223M(256M) 3.260ms
[7.996s][info][gc,cpu   ] GC(845) User=0.00s Sys=0.00s Real=0.00s
[7.996s][info][safepoint] Safepoint "G1CollectForAllocation", Time since last: 5153008 ns, Reaching safepoint: 4665 ns, Cleanup: 2038 ns, At safepoint: 3287664 ns, Leaving safepoint: 1768 ns, Total: 3296135 ns
[8.003s][info][gc       ] GC(846) Pause Young (Normal) (G1 Evacuation Pause) 233M->233M(256M) 1.880ms
[8.003s][info][gc,cpu   ] GC(846) User=0.00s Sys=0.00s Real=0.00s
[8.003s][info][safepoint] Safepoint "G1CollectForAllocation", Time since last: 4721197 ns, Reaching safepoint: 11521 ns, Cleanup: 1949 ns, At safepoint: 1906940 ns, Leaving safepoint: 16831 ns, Total: 1937241 ns
[8.003s][info][gc       ] GC(844) Pause Remark 233M->227M(256M) 0.136ms
[8.003s][info][gc,cpu   ] GC(844) User=0.00s Sys=0.00s Real=0.00s
[8.003s][info][safepoint] Safepoint "G1PauseRemark", Time since last: 17557 ns, Reaching safepoint: 87954 ns, Cleanup: 1420 ns, At safepoint: 145223 ns, Leaving safepoint: 85855 ns, Total: 320452 ns
[8.006s][info][gc       ] GC(844) Pause Cleanup 228M->228M(256M) 0.131ms
[8.007s][info][gc,cpu   ] GC(844) User=0.00s Sys=0.00s Real=0.00s
[8.007s][info][safepoint] Safepoint "G1PauseCleanup", Time since last: 3297333 ns, Reaching safepoint: 7020 ns, Cleanup: 1558 ns, At safepoint: 250109 ns, Leaving safepoint: 17358 ns, Total: 276045 ns
[8.010s][info][gc       ] GC(847) Pause Young (Prepare Mixed) (G1 Evacuation Pause) 237M->236M(256M) 1.983ms
[8.010s][info][gc,cpu   ] GC(847) User=0.00s Sys=0.00s Real=0.01s
[8.010s][info][gc       ] GC(844) Concurrent Mark Cycle 25.461ms
[8.013s][info][safepoint] Safepoint "G1CollectForAllocation", Time since last: 1463976 ns, Reaching safepoint: 3457 ns, Cleanup: 2454 ns, At safepoint: 2010493 ns, Leaving safepoint: 2676502 ns, Total: 4692906 ns
[8.016s][info][gc       ] GC(848) Pause Young (Mixed) (G1 Evacuation Pause) (Evacuation Failure) 246M->237M(256M) 2.549ms
[8.017s][info][gc,cpu   ] GC(848) User=0.00s Sys=0.00s Real=0.00s
[8.017s][info][safepoint] Safepoint "G1CollectForAllocation", Time since last: 1119257 ns, Reaching safepoint: 8787 ns, Cleanup: 1990 ns, At safepoint: 2670113 ns, Leaving safepoint: 50291 ns, Total: 2731181 ns
[8.022s][info][gc       ] GC(849) Pause Young (Mixed) (G1 Evacuation Pause) (Evacuation Failure) 247M->240M(256M) 2.700ms
[8.022s][info][gc,cpu   ] GC(849) User=0.00s Sys=0.00s Real=0.00s
[8.025s][info][safepoint] Safepoint "G1CollectForAllocation", Time since last: 2664599 ns, Reaching safepoint: 1969 ns, Cleanup: 2077 ns, At safepoint: 2728191 ns, Leaving safepoint: 2712129 ns, Total: 5444366 ns
[8.029s][info][gc       ] GC(850) Pause Young (Mixed) (G1 Evacuation Pause) (Evacuation Failure) 250M->248M(256M) 2.502ms
[8.029s][info][gc,cpu   ] GC(850) User=0.00s Sys=0.00s Real=0.00s
[8.033s][info][safepoint] Safepoint "G1CollectForAllocation", Time since last: 1451759 ns, Reaching safepoint: 8227 ns, Cleanup: 2035 ns, At safepoint: 2561507 ns, Leaving safepoint: 4010832 ns, Total: 6582601 ns
[8.035s][info][gc       ] GC(851) Pause Young (Mixed) (G1 Evacuation Pause) (Evacuation Failure) 255M->253M(256M) 1.207ms
[8.035s][info][gc,cpu   ] GC(851) User=0.00s Sys=0.00s Real=0.00s
[8.035s][info][safepoint] Safepoint "G1CollectForAllocation", Time since last: 1171271 ns, Reaching safepoint: 7584 ns, Cleanup: 2086 ns, At safepoint: 1228338 ns, Leaving safepoint: 26496 ns, Total: 1264504 ns
[8.038s][info][gc       ] GC(852) Pause Young (Mixed) (G1 Evacuation Pause) (Evacuation Failure) 255M->254M(256M) 0.874ms
[8.038s][info][gc,cpu   ] GC(852) User=0.00s Sys=0.00s Real=0.00s
[8.038s][info][safepoint] Safepoint "G1CollectForAllocation", Time since last: 1544959 ns, Reaching safepoint: 4944 ns, Cleanup: 1441 ns, At safepoint: 895569 ns, Leaving safepoint: 5610 ns, Total: 907564 ns
[8.038s][info][gc       ] GC(853) Pause Young (Concurrent Start) (G1 Evacuation Pause) (Evacuation Failure) 255M->255M(256M) 0.206ms
[8.038s][info][gc,cpu   ] GC(853) User=0.00s Sys=0.00s Real=0.00s
[8.038s][info][gc       ] GC(855) Concurrent Mark Cycle
[8.064s][info][gc       ] GC(854) Pause Full (G1 Compaction Pause) 255M->108M(256M) 25.606ms
[8.064s][info][gc,cpu   ] GC(854) User=0.03s Sys=0.00s Real=0.02s
[8.065s][info][gc       ] GC(855) Concurrent Mark Cycle 26.717ms
[8.069s][info][safepoint] Safepoint "G1CollectForAllocation", Time since last: 133836 ns, Reaching safepoint: 518 ns, Cleanup: 1244 ns, At safepoint: 25859610 ns, Leaving safepoint: 5082366 ns, Total: 30943738 ns
[8.088s][info][gc       ] GC(856) Pause Young (Normal) (G1 Evacuation Pause) 166M->153M(256M) 10.029ms
[8.088s][info][gc,cpu   ] GC(856) User=0.01s Sys=0.00s Real=0.00s
[8.088s][info][safepoint] Safepoint "G1CollectForAllocation", Time since last: 9288611 ns, Reaching safepoint: 2623 ns, Cleanup: 3411 ns, At safepoint: 10064357 ns, Leaving safepoint: 1182 ns, Total: 10071573 ns
[8.101s][info][gc       ] GC(857) Pause Young (Normal) (G1 Evacuation Pause) 189M->180M(256M) 6.649ms
[8.101s][info][gc,cpu   ] GC(857) User=0.01s Sys=0.00s Real=0.01s
[8.105s][info][safepoint] Safepoint "G1CollectForAllocation", Time since last: 5804363 ns, Reaching safepoint: 2598 ns, Cleanup: 3255 ns, At safepoint: 6674495 ns, Leaving safepoint: 4182332 ns, Total: 10862680 ns
[8.119s][info][gc       ] GC(858) Pause Young (Concurrent Start) (G1 Evacuation Pause) 204M->202M(256M) 5.902ms
[8.119s][info][gc,cpu   ] GC(858) User=0.00s Sys=0.00s Real=0.01s
[8.119s][info][safepoint] Safepoint "G1CollectForAllocation", Time since last: 7981863 ns, Reaching safepoint: 6199 ns, Cleanup: 2960 ns, At safepoint: 5936769 ns, Leaving safepoint: 2630 ns, Total: 5948558 ns
[8.119s][info][gc       ] GC(859) Concurrent Mark Cycle
[8.132s][info][gc       ] GC(860) Pause Young (Normal) (G1 Evacuation Pause) 217M->215M(256M) 3.104ms
[8.132s][info][gc,cpu   ] GC(860) User=0.01s Sys=0.00s Real=0.00s
[8.132s][info][safepoint] Safepoint "G1CollectForAllocation", Time since last: 10053072 ns, Reaching safepoint: 9296 ns, Cleanup: 2265 ns, At safepoint: 3133429 ns, Leaving safepoint: 2289 ns, Total: 3147279 ns
[8.139s][info][gc       ] GC(861) Pause Young (Normal) (G1 Evacuation Pause) 226M->225M(256M) 2.523ms
[8.139s][info][gc,cpu   ] GC(861) User=0.01s Sys=0.00s Real=0.00s
[8.139s][info][safepoint] Safepoint "G1CollectForAllocation", Time since last: 4891404 ns, Reaching safepoint: 8862 ns, Cleanup: 2697 ns, At safepoint: 2550076 ns, Leaving safepoint: 2330 ns, Total: 2563965 ns
[8.147s][info][gc       ] GC(862) Pause Young (Normal) (G1 Evacuation Pause) 235M->234M(256M) 1.835ms
[8.147s][info][gc,cpu   ] GC(862) User=0.00s Sys=0.00s Real=0.00s
[8.147s][info][safepoint] Safepoint "G1CollectForAllocation", Time since last: 5396097 ns, Reaching safepoint: 7306 ns, Cleanup: 2175 ns, At safepoint: 1856637 ns, Leaving safepoint: 14722 ns, Total: 1880840 ns
[8.149s][info][gc       ] GC(863) Pause Young (Normal) (G1 Evacuation Pause) (Evacuation Failure) 244M->250M(256M) 1.620ms
[8.149s][info][gc,cpu   ] GC(863) User=0.01s Sys=0.00s Real=0.01s
[8.149s][info][safepoint] Safepoint "G1CollectForAllocation", Time since last: 1040708 ns, Reaching safepoint: 2054 ns, Cleanup: 1584 ns, At safepoint: 1638506 ns, Leaving safepoint: 8530 ns, Total: 1650674 ns
[8.153s][info][gc       ] GC(864) Pause Young (Normal) (G1 Evacuation Pause) (Evacuation Failure) 252M->252M(256M) 0.230ms
[8.153s][info][gc,cpu   ] GC(864) User=0.00s Sys=0.00s Real=0.00s
[8.176s][info][gc       ] GC(865) Pause Full (G1 Compaction Pause) 252M->108M(256M) 23.008ms
[8.176s][info][gc,cpu   ] GC(865) User=0.02s Sys=0.00s Real=0.02s
[8.176s][info][safepoint] Safepoint "G1CollectForAllocation", Time since last: 3654783 ns, Reaching safepoint: 9174 ns, Cleanup: 2122 ns, At safepoint: 23315767 ns, Leaving safepoint: 4382 ns, Total: 23331445 ns
[8.177s][info][gc       ] GC(859) Pause Remark 117M->117M(256M) 0.008ms
[8.177s][info][gc,cpu   ] GC(859) User=0.00s Sys=0.00s Real=0.00s
[8.177s][info][safepoint] Safepoint "G1PauseRemark", Time since last: 1173855 ns, Reaching safepoint: 2272 ns, Cleanup: 2908 ns, At safepoint: 24447 ns, Leaving safepoint: 726 ns, Total: 30353 ns
[8.177s][info][gc       ] GC(859) Concurrent Mark Cycle 58.813ms
[8.192s][info][gc       ] GC(866) Pause Young (Normal) (G1 Evacuation Pause) 158M->148M(256M) 7.111ms
[8.192s][info][gc,cpu   ] GC(866) User=0.01s Sys=0.00s Real=0.01s
[8.197s][info][safepoint] Safepoint "G1CollectForAllocation", Time since last: 7519325 ns, Reaching safepoint: 1414 ns, Cleanup: 1998 ns, At safepoint: 7137599 ns, Leaving safepoint: 4589377 ns, Total: 11730388 ns
[8.207s][info][gc       ] GC(867) Pause Young (Normal) (G1 Evacuation Pause) 182M->176M(256M) 5.815ms
[8.207s][info][gc,cpu   ] GC(867) User=0.00s Sys=0.00s Real=0.00s
[8.207s][info][safepoint] Safepoint "G1CollectForAllocation", Time since last: 4658914 ns, Reaching safepoint: 1814 ns, Cleanup: 2242 ns, At safepoint: 5957450 ns, Leaving safepoint: 2141 ns, Total: 5963647 ns
[8.221s][info][gc       ] GC(868) Pause Young (Concurrent Start) (G1 Evacuation Pause) 200M->197M(256M) 4.748ms
[8.221s][info][gc       ] GC(869) Concurrent Mark Cycle
[8.222s][info][gc,cpu   ] GC(868) User=0.01s Sys=0.00s Real=0.00s
[8.224s][info][safepoint] Safepoint "G1CollectForAllocation", Time since last: 9359512 ns, Reaching safepoint: 7994 ns, Cleanup: 1988 ns, At safepoint: 4876155 ns, Leaving safepoint: 2822858 ns, Total: 7708995 ns
[8.232s][info][gc       ] GC(870) Pause Young (Normal) (G1 Evacuation Pause) 214M->212M(256M) 2.967ms
[8.232s][info][gc,cpu   ] GC(870) User=0.01s Sys=0.00s Real=0.00s
[8.237s][info][safepoint] Safepoint "G1CollectForAllocation", Time since last: 4303145 ns, Reaching safepoint: 6276 ns, Cleanup: 2077 ns, At safepoint: 2990067 ns, Leaving safepoint: 5002675 ns, Total: 8001095 ns
[8.237s][info][gc       ] GC(869) Pause Remark 213M->210M(256M) 0.148ms
[8.237s][info][gc,cpu   ] GC(869) User=0.00s Sys=0.00s Real=0.00s
[8.237s][info][safepoint] Safepoint "G1PauseRemark", Time since last: 43266 ns, Reaching safepoint: 120300 ns, Cleanup: 2241 ns, At safepoint: 161280 ns, Leaving safepoint: 4098 ns, Total: 287919 ns
[8.242s][info][gc       ] GC(871) Pause Young (Normal) (G1 Evacuation Pause) 221M->221M(256M) 2.321ms
[8.242s][info][gc,cpu   ] GC(871) User=0.01s Sys=0.00s Real=0.00s
[8.242s][info][safepoint] Safepoint "G1CollectForAllocation", Time since last: 2780840 ns, Reaching safepoint: 1877 ns, Cleanup: 1682 ns, At safepoint: 2347770 ns, Leaving safepoint: 1205 ns, Total: 2352534 ns
[8.245s][info][gc       ] GC(872) Pause Young (Normal) (G1 Evacuation Pause) 231M->230M(256M) 2.157ms
[8.245s][info][gc,cpu   ] GC(872) User=0.00s Sys=0.00s Real=0.00s
[8.245s][info][safepoint] Safepoint "G1CollectForAllocation", Time since last: 982970 ns, Reaching safepoint: 1207 ns, Cleanup: 1457 ns, At safepoint: 2177360 ns, Leaving safepoint: 2038 ns, Total: 2182062 ns
[8.250s][info][gc       ] GC(873) Pause Young (Normal) (G1 Evacuation Pause) 240M->239M(256M) 1.556ms
[8.250s][info][gc,cpu   ] GC(873) User=0.01s Sys=0.00s Real=0.00s
[8.250s][info][safepoint] Safepoint "G1CollectForAllocation", Time since last: 3369953 ns, Reaching safepoint: 7801 ns, Cleanup: 2237 ns, At safepoint: 1583620 ns, Leaving safepoint: 1792 ns, Total: 1595450 ns
[8.252s][info][gc       ] GC(874) Pause Young (Normal) (G1 Evacuation Pause) (Evacuation Failure) 249M->252M(256M) 0.749ms
[8.252s][info][gc,cpu   ] GC(874) User=0.00s Sys=0.00s Real=0.00s
[8.275s][info][gc       ] GC(875) Pause Full (G1 Compaction Pause) 252M->108M(256M) 23.344ms
[8.275s][info][gc,cpu   ] GC(875) User=0.02s Sys=0.00s Real=0.02s
[8.277s][info][safepoint] Safepoint "G1CollectForAllocation", Time since last: 840317 ns, Reaching safepoint: 999 ns, Cleanup: 1647 ns, At safepoint: 24155579 ns, Leaving safepoint: 1388737 ns, Total: 25546962 ns
[8.277s][info][gc       ] GC(869) Pause Cleanup 109M->109M(256M) 0.005ms
[8.277s][info][gc,cpu   ] GC(869) User=0.00s Sys=0.00s Real=0.00s
[8.277s][info][safepoint] Safepoint "G1PauseCleanup", Time since last: 22512 ns, Reaching safepoint: 97446 ns, Cleanup: 1512 ns, At safepoint: 12957 ns, Leaving safepoint: 3044 ns, Total: 114959 ns
[8.277s][info][gc       ] GC(869) Concurrent Mark Cycle 55.358ms
[8.292s][info][gc       ] GC(876) Pause Young (Normal) (G1 Evacuation Pause) 158M->148M(256M) 7.302ms
[8.292s][info][gc,cpu   ] GC(876) User=0.01s Sys=0.00s Real=0.01s
[8.292s][info][safepoint] Safepoint "G1CollectForAllocation", Time since last: 8061190 ns, Reaching safepoint: 1983 ns, Cleanup: 1965 ns, At safepoint: 7341732 ns, Leaving safepoint: 1081 ns, Total: 7346761 ns
[8.311s][info][gc       ] GC(877) Pause Young (Concurrent Start) (G1 Evacuation Pause) 182M->176M(256M) 6.230ms
[8.311s][info][gc       ] GC(878) Concurrent Mark Cycle
[8.311s][info][gc,cpu   ] GC(877) User=0.00s Sys=0.00s Real=0.01s
[8.311s][info][safepoint] Safepoint "G1CollectForAllocation", Time since last: 12494644 ns, Reaching safepoint: 6860 ns, Cleanup: 2552 ns, At safepoint: 6391462 ns, Leaving safepoint: 6092 ns, Total: 6406966 ns
[8.325s][info][gc       ] GC(879) Pause Young (Normal) (G1 Evacuation Pause) 200M->196M(256M) 4.415ms
[8.325s][info][gc,cpu   ] GC(879) User=0.01s Sys=0.00s Real=0.00s
[8.329s][info][safepoint] Safepoint "G1CollectForAllocation", Time since last: 9563877 ns, Reaching safepoint: 9043 ns, Cleanup: 2263 ns, At safepoint: 4446459 ns, Leaving safepoint: 3531254 ns, Total: 7989019 ns
[8.336s][info][gc       ] GC(880) Pause Young (Normal) (G1 Evacuation Pause) 213M->211M(256M) 3.605ms
[8.336s][info][gc,cpu   ] GC(880) User=0.00s Sys=0.00s Real=0.00s
[8.336s][info][safepoint] Safepoint "G1CollectForAllocation", Time since last: 4018927 ns, Reaching safepoint: 4717 ns, Cleanup: 1775 ns, At safepoint: 3644276 ns, Leaving safepoint: 2281 ns, Total: 3653049 ns
[8.343s][info][gc       ] GC(881) Pause Young (Normal) (G1 Evacuation Pause) 223M->222M(256M) 2.203ms
[8.343s][info][gc,cpu   ] GC(881) User=0.01s Sys=0.00s Real=0.00s
[8.343s][info][safepoint] Safepoint "G1CollectForAllocation", Time since last: 4342502 ns, Reaching safepoint: 6588 ns, Cleanup: 1992 ns, At safepoint: 2226444 ns, Leaving safepoint: 10366 ns, Total: 2245390 ns
[8.346s][info][gc       ] GC(882) Pause Young (Normal) (G1 Evacuation Pause) 232M->231M(256M) 1.870ms
[8.346s][info][gc,cpu   ] GC(882) User=0.00s Sys=0.00s Real=0.00s
[8.346s][info][safepoint] Safepoint "G1CollectForAllocation", Time since last: 842950 ns, Reaching safepoint: 1142 ns, Cleanup: 1161 ns, At safepoint: 1890045 ns, Leaving safepoint: 1804 ns, Total: 1894152 ns
[8.350s][info][gc       ] GC(883) Pause Young (Normal) (G1 Evacuation Pause) 241M->240M(256M) 1.396ms
[8.350s][info][gc,cpu   ] GC(883) User=0.00s Sys=0.00s Real=0.00s
[8.350s][info][safepoint] Safepoint "G1CollectForAllocation", Time since last: 3015572 ns, Reaching safepoint: 5863 ns, Cleanup: 1944 ns, At safepoint: 1416659 ns, Leaving safepoint: 1788 ns, Total: 1426254 ns
[8.351s][info][gc       ] GC(884) Pause Young (Normal) (G1 Evacuation Pause) (Evacuation Failure) 250M->251M(256M) 0.554ms
[8.351s][info][gc,cpu   ] GC(884) User=0.01s Sys=0.00s Real=0.00s
[8.351s][info][safepoint] Safepoint "G1CollectForAllocation", Time since last: 730536 ns, Reaching safepoint: 1302 ns, Cleanup: 1226 ns, At safepoint: 570132 ns, Leaving safepoint: 1826 ns, Total: 574486 ns
[8.353s][info][gc       ] GC(885) Pause Young (Normal) (G1 Evacuation Pause) (Evacuation Failure) 252M->252M(256M) 0.141ms
[8.353s][info][gc,cpu   ] GC(885) User=0.00s Sys=0.00s Real=0.00s
[8.377s][info][gc       ] GC(886) Pause Full (G1 Compaction Pause) 252M->108M(256M) 23.571ms
[8.377s][info][gc,cpu   ] GC(886) User=0.02s Sys=0.00s Real=0.02s
[8.377s][info][safepoint] Safepoint "G1CollectForAllocation", Time since last: 1374976 ns, Reaching safepoint: 4192 ns, Cleanup: 978 ns, At safepoint: 23772420 ns, Leaving safepoint: 19452 ns, Total: 23797042 ns
[8.385s][info][gc       ] GC(878) Pause Remark 135M->135M(256M) 0.012ms
[8.385s][info][gc,cpu   ] GC(878) User=0.00s Sys=0.00s Real=0.00s
[8.385s][info][safepoint] Safepoint "G1PauseRemark", Time since last: 8115318 ns, Reaching safepoint: 105946 ns, Cleanup: 4006 ns, At safepoint: 39735 ns, Leaving safepoint: 134240 ns, Total: 283927 ns
[8.385s][info][gc       ] GC(878) Concurrent Mark Cycle 74.010ms
[8.396s][info][gc       ] GC(887) Pause Young (Normal) (G1 Evacuation Pause) 157M->146M(256M) 7.228ms
[8.396s][info][gc,cpu   ] GC(887) User=0.01s Sys=0.00s Real=0.01s
[8.396s][info][safepoint] Safepoint "G1CollectForAllocation", Time since last: 3517047 ns, Reaching safepoint: 1551 ns, Cleanup: 1581 ns, At safepoint: 7257922 ns, Leaving safepoint: 9356 ns, Total: 7270410 ns
[8.409s][info][gc       ] GC(888) Pause Young (Concurrent Start) (G1 Evacuation Pause) 181M->174M(256M) 6.532ms
[8.409s][info][gc       ] GC(889) Concurrent Mark Cycle
[8.409s][info][gc,cpu   ] GC(888) User=0.01s Sys=0.00s Real=0.01s
[8.417s][info][safepoint] Safepoint "G1CollectForAllocation", Time since last: 6496720 ns, Reaching safepoint: 1811 ns, Cleanup: 2045 ns, At safepoint: 6676564 ns, Leaving safepoint: 7721260 ns, Total: 14401680 ns
[8.417s][info][gc       ] GC(889) Pause Remark 175M->175M(256M) 0.134ms
[8.417s][info][gc,cpu   ] GC(889) User=0.00s Sys=0.00s Real=0.00s
[8.417s][info][safepoint] Safepoint "G1PauseRemark", Time since last: 28528 ns, Reaching safepoint: 115984 ns, Cleanup: 1700 ns, At safepoint: 147237 ns, Leaving safepoint: 3741 ns, Total: 268662 ns
[8.419s][info][gc       ] GC(889) Pause Cleanup 175M->175M(256M) 0.224ms
[8.419s][info][gc,cpu   ] GC(889) User=0.00s Sys=0.00s Real=0.00s
[8.419s][info][safepoint] Safepoint "G1PauseCleanup", Time since last: 1317862 ns, Reaching safepoint: 1729 ns, Cleanup: 1928 ns, At safepoint: 254031 ns, Leaving safepoint: 2444 ns, Total: 260132 ns
[8.419s][info][gc       ] GC(889) Concurrent Mark Cycle 10.096ms
[8.427s][info][gc       ] GC(890) Pause Young (Prepare Mixed) (G1 Evacuation Pause) 199M->196M(256M) 5.173ms
[8.427s][info][gc,cpu   ] GC(890) User=0.01s Sys=0.00s Real=0.00s
[8.429s][info][safepoint] Safepoint "G1CollectForAllocation", Time since last: 3591133 ns, Reaching safepoint: 2290 ns, Cleanup: 2287 ns, At safepoint: 5206121 ns, Leaving safepoint: 1325049 ns, Total: 6535747 ns
[8.437s][info][gc       ] GC(891) Pause Young (Mixed) (G1 Evacuation Pause) 214M->191M(256M) 4.110ms
[8.437s][info][gc,cpu   ] GC(891) User=0.00s Sys=0.00s Real=0.01s
[8.437s][info][safepoint] Safepoint "G1CollectForAllocation", Time since last: 4010445 ns, Reaching safepoint: 5463 ns, Cleanup: 1763 ns, At safepoint: 4129498 ns, Leaving safepoint: 1620 ns, Total: 4138344 ns
[8.447s][info][gc       ] GC(892) Pause Young (Mixed) (G1 Evacuation Pause) 210M->189M(256M) 4.137ms
[8.447s][info][gc,cpu   ] GC(892) User=0.00s Sys=0.00s Real=0.00s
[8.449s][info][safepoint] Safepoint "G1CollectForAllocation", Time since last: 5715216 ns, Reaching safepoint: 5580 ns, Cleanup: 1492 ns, At safepoint: 4169327 ns, Leaving safepoint: 1957413 ns, Total: 6133812 ns
[8.457s][info][gc       ] GC(893) Pause Young (Mixed) (G1 Evacuation Pause) 208M->186M(256M) 4.155ms
[8.457s][info][gc,cpu   ] GC(893) User=0.00s Sys=0.00s Real=0.01s
[8.457s][info][safepoint] Safepoint "G1CollectForAllocation", Time since last: 4009830 ns, Reaching safepoint: 4219 ns, Cleanup: 1631 ns, At safepoint: 4173216 ns, Leaving safepoint: 8139 ns, Total: 4187205 ns
[8.467s][info][gc       ] GC(894) Pause Young (Mixed) (G1 Evacuation Pause) 207M->195M(256M) 3.870ms
[8.467s][info][gc,cpu   ] GC(894) User=0.00s Sys=0.00s Real=0.00s
[8.469s][info][safepoint] Safepoint "G1CollectForAllocation", Time since last: 5748452 ns, Reaching safepoint: 5449 ns, Cleanup: 1090 ns, At safepoint: 3887022 ns, Leaving safepoint: 2159667 ns, Total: 6053228 ns
[8.476s][info][gc       ] GC(895) Pause Young (Concurrent Start) (G1 Evacuation Pause) 214M->211M(256M) 3.029ms
[8.476s][info][gc       ] GC(896) Concurrent Mark Cycle
[8.476s][info][gc,cpu   ] GC(895) User=0.00s Sys=0.00s Real=0.00s
[8.478s][info][safepoint] Safepoint "G1CollectForAllocation", Time since last: 4017424 ns, Reaching safepoint: 5872 ns, Cleanup: 2355 ns, At safepoint: 3117789 ns, Leaving safepoint: 2667520 ns, Total: 5793536 ns
[8.484s][info][gc       ] GC(897) Pause Young (Normal) (G1 Evacuation Pause) 224M->223M(256M) 2.115ms
[8.484s][info][gc,cpu   ] GC(897) User=0.01s Sys=0.00s Real=0.00s
[8.484s][info][safepoint] Safepoint "G1CollectForAllocation", Time since last: 3262163 ns, Reaching safepoint: 5495 ns, Cleanup: 2153 ns, At safepoint: 2136203 ns, Leaving safepoint: 1622 ns, Total: 2145473 ns
[8.490s][info][gc       ] GC(898) Pause Young (Normal) (G1 Evacuation Pause) 233M->233M(256M) 1.454ms
[8.490s][info][gc,cpu   ] GC(898) User=0.00s Sys=0.00s Real=0.00s
[8.490s][info][safepoint] Safepoint "G1CollectForAllocation", Time since last: 4787747 ns, Reaching safepoint: 6012 ns, Cleanup: 1785 ns, At safepoint: 1471107 ns, Leaving safepoint: 6485 ns, Total: 1485389 ns
[8.492s][info][gc       ] GC(899) Pause Young (Normal) (G1 Evacuation Pause) 243M->242M(256M) 1.196ms
[8.492s][info][gc,cpu   ] GC(899) User=0.00s Sys=0.00s Real=0.00s
[8.492s][info][safepoint] Safepoint "G1CollectForAllocation", Time since last: 750619 ns, Reaching safepoint: 727 ns, Cleanup: 999 ns, At safepoint: 1211371 ns, Leaving safepoint: 759 ns, Total: 1213856 ns
[8.494s][info][gc       ] GC(900) Pause Young (Normal) (G1 Evacuation Pause) (Evacuation Failure) 252M->254M(256M) 0.785ms
[8.494s][info][gc,cpu   ] GC(900) User=0.00s Sys=0.00s Real=0.00s
[8.494s][info][safepoint] Safepoint "G1CollectForAllocation", Time since last: 782539 ns, Reaching safepoint: 678 ns, Cleanup: 1108 ns, At safepoint: 809685 ns, Leaving safepoint: 1683 ns, Total: 813154 ns
[8.494s][info][gc       ] GC(896) Pause Remark 254M->248M(256M) 0.139ms
[8.494s][info][gc,cpu   ] GC(896) User=0.00s Sys=0.00s Real=0.00s
[8.497s][info][safepoint] Safepoint "G1PauseRemark", Time since last: 24266 ns, Reaching safepoint: 89312 ns, Cleanup: 1657 ns, At safepoint: 148910 ns, Leaving safepoint: 2714718 ns, Total: 2954597 ns
[8.499s][info][gc       ] GC(896) Pause Cleanup 249M->249M(256M) 0.153ms
[8.499s][info][gc,cpu   ] GC(896) User=0.00s Sys=0.00s Real=0.00s
[8.499s][info][safepoint] Safepoint "G1PauseCleanup", Time since last: 1644620 ns, Reaching safepoint: 9912 ns, Cleanup: 1558 ns, At safepoint: 171391 ns, Leaving safepoint: 4459 ns, Total: 187320 ns
[8.499s][info][gc       ] GC(896) Concurrent Mark Cycle 23.228ms
[8.500s][info][gc       ] GC(901) Pause Young (Prepare Mixed) (G1 Evacuation Pause) 249M->249M(256M) 0.594ms
[8.500s][info][gc,cpu   ] GC(901) User=0.00s Sys=0.00s Real=0.00s
[8.500s][info][safepoint] Safepoint "G1CollectForAllocation", Time since last: 458209 ns, Reaching safepoint: 883 ns, Cleanup: 908 ns, At safepoint: 613561 ns, Leaving safepoint: 845 ns, Total: 616197 ns
[8.502s][info][gc       ] GC(902) Pause Young (Mixed) (G1 Evacuation Pause) (Evacuation Failure) 255M->249M(256M) 1.191ms
[8.502s][info][gc,cpu   ] GC(902) User=0.00s Sys=0.00s Real=0.00s
[8.502s][info][safepoint] Safepoint "G1CollectForAllocation", Time since last: 855035 ns, Reaching safepoint: 1298 ns, Cleanup: 1213 ns, At safepoint: 1215162 ns, Leaving safepoint: 2789 ns, Total: 1220462 ns
[8.506s][info][gc       ] GC(903) Pause Young (Mixed) (G1 Evacuation Pause) (Evacuation Failure) 255M->250M(256M) 0.872ms
[8.506s][info][gc,cpu   ] GC(903) User=0.00s Sys=0.00s Real=0.00s
[8.506s][info][safepoint] Safepoint "G1CollectForAllocation", Time since last: 3000999 ns, Reaching safepoint: 7723 ns, Cleanup: 1727 ns, At safepoint: 889549 ns, Leaving safepoint: 24293 ns, Total: 923292 ns
[8.510s][info][gc       ] GC(904) Pause Young (Mixed) (G1 Evacuation Pause) (Evacuation Failure) 255M->255M(256M) 0.980ms
[8.510s][info][gc,cpu   ] GC(904) User=0.00s Sys=0.00s Real=0.00s
[8.531s][info][gc       ] GC(905) Pause Full (G1 Compaction Pause) 255M->108M(256M) 21.767ms
[8.531s][info][gc,cpu   ] GC(905) User=0.02s Sys=0.00s Real=0.02s
[8.533s][info][safepoint] Safepoint "G1CollectForAllocation", Time since last: 3072267 ns, Reaching safepoint: 3903 ns, Cleanup: 1037 ns, At safepoint: 22810721 ns, Leaving safepoint: 1181210 ns, Total: 23996871 ns
[8.548s][info][gc       ] GC(906) Pause Young (Normal) (G1 Evacuation Pause) 157M->148M(256M) 7.401ms
[8.548s][info][gc,cpu   ] GC(906) User=0.01s Sys=0.00s Real=0.00s
[8.548s][info][safepoint] Safepoint "G1CollectForAllocation", Time since last: 8054630 ns, Reaching safepoint: 2191 ns, Cleanup: 2401 ns, At safepoint: 7430917 ns, Leaving safepoint: 9407 ns, Total: 7444916 ns
[8.560s][info][gc       ] GC(907) Pause Young (Concurrent Start) (G1 Evacuation Pause) 183M->177M(256M) 5.982ms
[8.560s][info][gc       ] GC(908) Concurrent Mark Cycle
[8.560s][info][gc,cpu   ] GC(907) User=0.00s Sys=0.00s Real=0.01s
[8.566s][info][safepoint] Safepoint "G1CollectForAllocation", Time since last: 5437560 ns, Reaching safepoint: 2117 ns, Cleanup: 2238 ns, At safepoint: 6133903 ns, Leaving safepoint: 6418401 ns, Total: 12556659 ns
[8.569s][info][gc       ] GC(908) Pause Remark 198M->198M(256M) 0.137ms
[8.569s][info][gc,cpu   ] GC(908) User=0.00s Sys=0.00s Real=0.00s
[8.573s][info][safepoint] Safepoint "G1PauseRemark", Time since last: 2531070 ns, Reaching safepoint: 139338 ns, Cleanup: 3272 ns, At safepoint: 156360 ns, Leaving safepoint: 3673064 ns, Total: 3972034 ns
[8.574s][info][gc       ] GC(908) Pause Cleanup 199M->199M(256M) 0.088ms
[8.574s][info][gc,cpu   ] GC(908) User=0.00s Sys=0.00s Real=0.00s
[8.574s][info][safepoint] Safepoint "G1PauseCleanup", Time since last: 1299628 ns, Reaching safepoint: 10006 ns, Cleanup: 1824 ns, At safepoint: 104180 ns, Leaving safepoint: 3518 ns, Total: 119528 ns
[8.575s][info][gc       ] GC(908) Concurrent Mark Cycle 15.186ms
[8.580s][info][gc       ] GC(909) Pause Young (Prepare Mixed) (G1 Evacuation Pause) 201M->197M(256M) 5.063ms
[8.580s][info][gc,cpu   ] GC(909) User=0.01s Sys=0.00s Real=0.01s
[8.580s][info][safepoint] Safepoint "G1CollectForAllocation", Time since last: 745124 ns, Reaching safepoint: 2113 ns, Cleanup: 1763 ns, At safepoint: 5088324 ns, Leaving safepoint: 2148 ns, Total: 5094348 ns
[8.587s][info][gc       ] GC(910) Pause Young (Mixed) (G1 Evacuation Pause) 214M->191M(256M) 4.095ms
[8.587s][info][gc,cpu   ] GC(910) User=0.00s Sys=0.00s Real=0.00s
[8.587s][info][safepoint] Safepoint "G1CollectForAllocation", Time since last: 2738168 ns, Reaching safepoint: 1820 ns, Cleanup: 1815 ns, At safepoint: 4120109 ns, Leaving safepoint: 5398 ns, Total: 4129142 ns
[8.598s][info][gc       ] GC(911) Pause Young (Mixed) (G1 Evacuation Pause) 210M->188M(256M) 4.774ms
[8.598s][info][gc,cpu   ] GC(911) User=0.00s Sys=0.00s Real=0.01s
[8.601s][info][safepoint] Safepoint "G1CollectForAllocation", Time since last: 5919720 ns, Reaching safepoint: 8730 ns, Cleanup: 2264 ns, At safepoint: 4807730 ns, Leaving safepoint: 3167928 ns, Total: 7986652 ns
[8.609s][info][gc       ] GC(912) Pause Young (Mixed) (G1 Evacuation Pause) 208M->187M(256M) 4.545ms
[8.609s][info][gc,cpu   ] GC(912) User=0.01s Sys=0.00s Real=0.01s
[8.613s][info][safepoint] Safepoint "G1CollectForAllocation", Time since last: 4014472 ns, Reaching safepoint: 6691 ns, Cleanup: 2509 ns, At safepoint: 4572359 ns, Leaving safepoint: 3374476 ns, Total: 7956035 ns
[8.621s][info][gc       ] GC(913) Pause Young (Mixed) (G1 Evacuation Pause) 208M->192M(256M) 4.113ms
[8.621s][info][gc,cpu   ] GC(913) User=0.01s Sys=0.00s Real=0.00s
[8.621s][info][safepoint] Safepoint "G1CollectForAllocation", Time since last: 4010709 ns, Reaching safepoint: 6180 ns, Cleanup: 2146 ns, At safepoint: 4140290 ns, Leaving safepoint: 9731 ns, Total: 4158347 ns
[8.631s][info][gc       ] GC(914) Pause Young (Concurrent Start) (G1 Evacuation Pause) 211M->208M(256M) 4.135ms
[8.631s][info][gc,cpu   ] GC(914) User=0.01s Sys=0.00s Real=0.01s
[8.631s][info][gc       ] GC(915) Concurrent Mark Cycle
[8.637s][info][safepoint] Safepoint "G1CollectForAllocation", Time since last: 5892260 ns, Reaching safepoint: 8975 ns, Cleanup: 1946 ns, At safepoint: 4166630 ns, Leaving safepoint: 5761195 ns, Total: 9938746 ns
[8.637s][info][gc       ] GC(915) Pause Remark 213M->213M(256M) 0.169ms
[8.638s][info][gc,cpu   ] GC(915) User=0.00s Sys=0.00s Real=0.00s
[8.638s][info][safepoint] Safepoint "G1PauseRemark", Time since last: 610283 ns, Reaching safepoint: 17893 ns, Cleanup: 2598 ns, At safepoint: 188547 ns, Leaving safepoint: 1732 ns, Total: 210770 ns
[8.643s][info][gc       ] GC(916) Pause Young (Normal) (G1 Evacuation Pause) 222M->221M(256M) 2.888ms
[8.643s][info][gc,cpu   ] GC(916) User=0.00s Sys=0.00s Real=0.00s
[8.643s][info][safepoint] Safepoint "G1CollectForAllocation", Time since last: 2767231 ns, Reaching safepoint: 1277 ns, Cleanup: 1672 ns, At safepoint: 2913386 ns, Leaving safepoint: 1145 ns, Total: 2917480 ns
[8.651s][info][gc       ] GC(917) Pause Young (Normal) (G1 Evacuation Pause) 231M->230M(256M) 1.801ms
[8.651s][info][gc,cpu   ] GC(917) User=0.00s Sys=0.00s Real=0.00s
[8.651s][info][safepoint] Safepoint "G1CollectForAllocation", Time since last: 5503456 ns, Reaching safepoint: 8435 ns, Cleanup: 2026 ns, At safepoint: 1826143 ns, Leaving safepoint: 17087 ns, Total: 1853691 ns
[8.653s][info][gc       ] GC(918) Pause Young (Normal) (G1 Evacuation Pause) 240M->240M(256M) 1.434ms
[8.653s][info][gc,cpu   ] GC(918) User=0.00s Sys=0.00s Real=0.00s
[8.653s][info][safepoint] Safepoint "G1CollectForAllocation", Time since last: 807660 ns, Reaching safepoint: 1159 ns, Cleanup: 1518 ns, At safepoint: 1453088 ns, Leaving safepoint: 1691 ns, Total: 1457456 ns
[8.658s][info][gc       ] GC(919) Pause Young (Normal) (G1 Evacuation Pause) (Evacuation Failure) 250M->253M(256M) 0.902ms
[8.658s][info][gc,cpu   ] GC(919) User=0.00s Sys=0.00s Real=0.00s
[8.658s][info][safepoint] Safepoint "G1CollectForAllocation", Time since last: 3876478 ns, Reaching safepoint: 7561 ns, Cleanup: 1809 ns, At safepoint: 925676 ns, Leaving safepoint: 15272 ns, Total: 950318 ns
[8.658s][info][gc       ] GC(920) Pause Young (Normal) (G1 Evacuation Pause) (Evacuation Failure) 255M->255M(256M) 0.217ms
[8.658s][info][gc,cpu   ] GC(920) User=0.00s Sys=0.00s Real=0.00s
[8.680s][info][gc       ] GC(921) Pause Full (G1 Compaction Pause) 255M->108M(256M) 22.207ms
[8.680s][info][gc,cpu   ] GC(921) User=0.02s Sys=0.00s Real=0.02s
[8.685s][info][safepoint] Safepoint "G1CollectForAllocation", Time since last: 153986 ns, Reaching safepoint: 796 ns, Cleanup: 1193 ns, At safepoint: 22466913 ns, Leaving safepoint: 4466952 ns, Total: 26935854 ns
[8.685s][info][gc       ] GC(915) Pause Cleanup 109M->109M(256M) 0.008ms
[8.685s][info][gc,cpu   ] GC(915) User=0.00s Sys=0.00s Real=0.00s
[8.685s][info][safepoint] Safepoint "G1PauseCleanup", Time since last: 43493 ns, Reaching safepoint: 118822 ns, Cleanup: 2086 ns, At safepoint: 22943 ns, Leaving safepoint: 3600 ns, Total: 147451 ns
[8.685s][info][gc       ] GC(915) Concurrent Mark Cycle 54.000ms
[8.699s][info][gc       ] GC(922) Pause Young (Normal) (G1 Evacuation Pause) 157M->148M(256M) 7.624ms
[8.699s][info][gc,cpu   ] GC(922) User=0.01s Sys=0.00s Real=0.01s
[8.701s][info][safepoint] Safepoint "G1CollectForAllocation", Time since last: 6302391 ns, Reaching safepoint: 1489 ns, Cleanup: 1333 ns, At safepoint: 7652029 ns, Leaving safepoint: 1805811 ns, Total: 9460662 ns
[8.715s][info][gc       ] GC(923) Pause Young (Concurrent Start) (G1 Evacuation Pause) 182M->175M(256M) 5.953ms
[8.715s][info][gc,cpu   ] GC(923) User=0.00s Sys=0.00s Real=0.00s
[8.715s][info][safepoint] Safepoint "G1CollectForAllocation", Time since last: 8006220 ns, Reaching safepoint: 4380 ns, Cleanup: 1671 ns, At safepoint: 5978645 ns, Leaving safepoint: 2415 ns, Total: 5987111 ns
[8.715s][info][gc       ] GC(924) Concurrent Mark Cycle
[8.729s][info][gc       ] GC(925) Pause Young (Normal) (G1 Evacuation Pause) 200M->197M(256M) 4.325ms
[8.729s][info][gc,cpu   ] GC(925) User=0.01s Sys=0.00s Real=0.01s
[8.733s][info][safepoint] Safepoint "G1CollectForAllocation", Time since last: 10010536 ns, Reaching safepoint: 6445 ns, Cleanup: 1942 ns, At safepoint: 4350766 ns, Leaving safepoint: 3663812 ns, Total: 8022965 ns
[8.738s][info][gc       ] GC(926) Pause Young (Normal) (G1 Evacuation Pause) 214M->211M(256M) 3.137ms
[8.738s][info][gc,cpu   ] GC(926) User=0.01s Sys=0.00s Real=0.01s
[8.738s][info][safepoint] Safepoint "G1CollectForAllocation", Time since last: 1964520 ns, Reaching safepoint: 9085 ns, Cleanup: 1939 ns, At safepoint: 3163426 ns, Leaving safepoint: 1980 ns, Total: 3176430 ns
[8.743s][info][gc       ] GC(927) Pause Young (Normal) (G1 Evacuation Pause) 223M->222M(256M) 2.026ms
[8.743s][info][gc,cpu   ] GC(927) User=0.00s Sys=0.00s Real=0.00s
[8.743s][info][safepoint] Safepoint "G1CollectForAllocation", Time since last: 2843381 ns, Reaching safepoint: 4708 ns, Cleanup: 1901 ns, At safepoint: 2047232 ns, Leaving safepoint: 2100 ns, Total: 2055941 ns
[8.746s][info][gc       ] GC(928) Pause Young (Normal) (G1 Evacuation Pause) 232M->232M(256M) 1.480ms
[8.746s][info][gc,cpu   ] GC(928) User=0.00s Sys=0.00s Real=0.00s
[8.746s][info][safepoint] Safepoint "G1CollectForAllocation", Time since last: 1943600 ns, Reaching safepoint: 4542 ns, Cleanup: 1573 ns, At safepoint: 1499631 ns, Leaving safepoint: 2096 ns, Total: 1507842 ns
[8.750s][info][gc       ] GC(929) Pause Young (Normal) (G1 Evacuation Pause) (Evacuation Failure) 242M->244M(256M) 1.388ms
[8.750s][info][gc,cpu   ] GC(929) User=0.00s Sys=0.00s Real=0.00s
[8.750s][info][safepoint] Safepoint "G1CollectForAllocation", Time since last: 2534383 ns, Reaching safepoint: 8807 ns, Cleanup: 1928 ns, At safepoint: 1415140 ns, Leaving safepoint: 2013 ns, Total: 1427888 ns
[8.751s][info][gc       ] GC(924) Pause Remark 247M->247M(256M) 0.125ms
[8.751s][info][gc,cpu   ] GC(924) User=0.00s Sys=0.00s Real=0.00s
[8.751s][info][safepoint] Safepoint "G1PauseRemark", Time since last: 310192 ns, Reaching safepoint: 1342 ns, Cleanup: 1448 ns, At safepoint: 145398 ns, Leaving safepoint: 1248 ns, Total: 149436 ns
[8.758s][info][gc       ] GC(930) Pause Young (Normal) (G1 Evacuation Pause) (Evacuation Failure) 252M->252M(256M) 0.378ms
[8.758s][info][gc,cpu   ] GC(930) User=0.00s Sys=0.00s Real=0.00s
[8.784s][info][gc       ] GC(931) Pause Full (G1 Compaction Pause) 252M->108M(256M) 26.335ms
[8.784s][info][gc,cpu   ] GC(931) User=0.03s Sys=0.00s Real=0.02s
[8.784s][info][safepoint] Safepoint "G1CollectForAllocation", Time since last: 6516873 ns, Reaching safepoint: 5230 ns, Cleanup: 1555 ns, At safepoint: 26768424 ns, Leaving safepoint: 4640 ns, Total: 26779849 ns
[8.785s][info][gc       ] GC(924) Pause Cleanup 115M->115M(256M) 0.007ms
[8.785s][info][gc,cpu   ] GC(924) User=0.00s Sys=0.00s Real=0.00s
[8.789s][info][safepoint] Safepoint "G1PauseCleanup", Time since last: 791275 ns, Reaching safepoint: 101328 ns, Cleanup: 2468 ns, At safepoint: 24622 ns, Leaving safepoint: 3862630 ns, Total: 3991048 ns
[8.789s][info][gc       ] GC(924) Concurrent Mark Cycle 74.058ms
[8.806s][info][gc       ] GC(932) Pause Young (Normal) (G1 Evacuation Pause) 158M->149M(256M) 8.239ms
[8.806s][info][gc,cpu   ] GC(932) User=0.01s Sys=0.00s Real=0.00s
[8.806s][info][safepoint] Safepoint "G1CollectForAllocation", Time since last: 9126932 ns, Reaching safepoint: 2039 ns, Cleanup: 2439 ns, At safepoint: 8270782 ns, Leaving safepoint: 968 ns, Total: 8276228 ns
[8.821s][info][gc       ] GC(933) Pause Young (Normal) (G1 Evacuation Pause) 183M->178M(256M) 7.163ms
[8.821s][info][gc,cpu   ] GC(933) User=0.01s Sys=0.00s Real=0.01s
[8.821s][info][safepoint] Safepoint "G1CollectForAllocation", Time since last: 7295652 ns, Reaching safepoint: 2381 ns, Cleanup: 2580 ns, At safepoint: 7192965 ns, Leaving safepoint: 1143 ns, Total: 7199069 ns
[8.833s][info][gc       ] GC(934) Pause Young (Concurrent Start) (G1 Evacuation Pause) 200M->198M(256M) 5.436ms
[8.833s][info][gc       ] GC(935) Concurrent Mark Cycle
[8.834s][info][gc,cpu   ] GC(934) User=0.01s Sys=0.00s Real=0.01s
[8.843s][info][safepoint] Safepoint "G1CollectForAllocation", Time since last: 7240077 ns, Reaching safepoint: 7707 ns, Cleanup: 2362 ns, At safepoint: 5817920 ns, Leaving safepoint: 9224972 ns, Total: 15052961 ns
[8.843s][info][gc       ] GC(935) Pause Remark 199M->198M(256M) 0.155ms
[8.843s][info][gc,cpu   ] GC(935) User=0.00s Sys=0.00s Real=0.00s
[8.843s][info][safepoint] Safepoint "G1PauseRemark", Time since last: 51613 ns, Reaching safepoint: 126107 ns, Cleanup: 2187 ns, At safepoint: 170779 ns, Leaving safepoint: 5476 ns, Total: 304549 ns
[8.849s][info][gc       ] GC(936) Pause Young (Normal) (G1 Evacuation Pause) 213M->211M(256M) 2.870ms
[8.849s][info][gc,cpu   ] GC(936) User=0.01s Sys=0.00s Real=0.01s
[8.849s][info][safepoint] Safepoint "G1CollectForAllocation", Time since last: 3094328 ns, Reaching safepoint: 72197 ns, Cleanup: 1975 ns, At safepoint: 2894688 ns, Leaving safepoint: 12475 ns, Total: 2981335 ns
[8.857s][info][gc       ] GC(937) Pause Young (Normal) (G1 Evacuation Pause) 223M->221M(256M) 2.898ms
[8.857s][info][gc,cpu   ] GC(937) User=0.00s Sys=0.00s Real=0.01s
[8.861s][info][safepoint] Safepoint "G1CollectForAllocation", Time since last: 5021510 ns, Reaching safepoint: 6713 ns, Cleanup: 1693 ns, At safepoint: 2925355 ns, Leaving safepoint: 3414957 ns, Total: 6348718 ns
[8.864s][info][gc       ] GC(938) Pause Young (Normal) (G1 Evacuation Pause) 231M->230M(256M) 2.179ms
[8.864s][info][gc,cpu   ] GC(938) User=0.00s Sys=0.00s Real=0.00s
[8.864s][info][safepoint] Safepoint "G1CollectForAllocation", Time since last: 1062147 ns, Reaching safepoint: 8287 ns, Cleanup: 1990 ns, At safepoint: 2201708 ns, Leaving safepoint: 16871 ns, Total: 2228856 ns
[8.864s][info][gc       ] GC(935) Pause Cleanup 230M->230M(256M) 0.104ms
[8.864s][info][gc,cpu   ] GC(935) User=0.00s Sys=0.00s Real=0.00s
[8.864s][info][safepoint] Safepoint "G1PauseCleanup", Time since last: 15018 ns, Reaching safepoint: 87233 ns, Cleanup: 1426 ns, At safepoint: 113040 ns, Leaving safepoint: 79357 ns, Total: 281056 ns
[8.869s][info][gc       ] GC(935) Concurrent Mark Cycle 35.807ms
[8.872s][info][gc       ] GC(939) Pause Young (Prepare Mixed) (G1 Evacuation Pause) 240M->240M(256M) 1.712ms
[8.872s][info][gc,cpu   ] GC(939) User=0.00s Sys=0.00s Real=0.00s
[8.872s][info][safepoint] Safepoint "G1CollectForAllocation", Time since last: 5804853 ns, Reaching safepoint: 7704 ns, Cleanup: 1731 ns, At safepoint: 1731960 ns, Leaving safepoint: 27466 ns, Total: 1768861 ns
[8.874s][info][gc       ] GC(940) Pause Young (Mixed) (G1 Evacuation Pause) (Evacuation Failure) 250M->242M(256M) 1.350ms
[8.874s][info][gc,cpu   ] GC(940) User=0.00s Sys=0.00s Real=0.00s
[8.874s][info][safepoint] Safepoint "G1CollectForAllocation", Time since last: 1092946 ns, Reaching safepoint: 1393 ns, Cleanup: 1469 ns, At safepoint: 1370055 ns, Leaving safepoint: 28950 ns, Total: 1401867 ns
[8.879s][info][gc       ] GC(941) Pause Young (Mixed) (G1 Evacuation Pause) (Evacuation Failure) 253M->253M(256M) 1.290ms
[8.879s][info][gc,cpu   ] GC(941) User=0.00s Sys=0.00s Real=0.00s
[8.904s][info][gc       ] GC(942) Pause Full (G1 Compaction Pause) 253M->108M(256M) 24.331ms
[8.904s][info][gc,cpu   ] GC(942) User=0.02s Sys=0.00s Real=0.02s
[8.909s][info][safepoint] Safepoint "G1CollectForAllocation", Time since last: 3803893 ns, Reaching safepoint: 5173 ns, Cleanup: 1266 ns, At safepoint: 25671681 ns, Leaving safepoint: 4844399 ns, Total: 30522519 ns
[8.925s][info][gc       ] GC(943) Pause Young (Normal) (G1 Evacuation Pause) 159M->148M(256M) 7.502ms
[8.925s][info][gc,cpu   ] GC(943) User=0.01s Sys=0.00s Real=0.00s
[8.925s][info][safepoint] Safepoint "G1CollectForAllocation", Time since last: 8548369 ns, Reaching safepoint: 2408 ns, Cleanup: 2517 ns, At safepoint: 7533661 ns, Leaving safepoint: 10128 ns, Total: 7548714 ns
[8.936s][info][gc       ] GC(944) Pause Young (Normal) (G1 Evacuation Pause) 184M->176M(256M) 6.679ms
[8.936s][info][gc,cpu   ] GC(944) User=0.01s Sys=0.00s Real=0.00s
[8.941s][info][safepoint] Safepoint "G1CollectForAllocation", Time since last: 4811624 ns, Reaching safepoint: 2120 ns, Cleanup: 2818 ns, At safepoint: 6712894 ns, Leaving safepoint: 4385515 ns, Total: 11103347 ns
[8.949s][info][gc       ] GC(945) Pause Young (Concurrent Start) (G1 Evacuation Pause) 201M->198M(256M) 4.607ms
[8.949s][info][gc       ] GC(946) Concurrent Mark Cycle
[8.950s][info][gc,cpu   ] GC(945) User=0.00s Sys=0.00s Real=0.01s
[8.957s][info][safepoint] Safepoint "G1CollectForAllocation", Time since last: 4042290 ns, Reaching safepoint: 6726 ns, Cleanup: 2184 ns, At safepoint: 4893963 ns, Leaving safepoint: 7063016 ns, Total: 11965889 ns
[8.963s][info][gc       ] GC(947) Pause Young (Normal) (G1 Evacuation Pause) 215M->214M(256M) 4.315ms
[8.963s][info][gc,cpu   ] GC(947) User=0.01s Sys=0.00s Real=0.00s
[8.963s][info][safepoint] Safepoint "G1CollectForAllocation", Time since last: 2309091 ns, Reaching safepoint: 9762 ns, Cleanup: 2208 ns, At safepoint: 4342745 ns, Leaving safepoint: 2254 ns, Total: 4356969 ns
[8.968s][info][gc       ] GC(948) Pause Young (Normal) (G1 Evacuation Pause) 225M->224M(256M) 2.377ms
[8.968s][info][gc,cpu   ] GC(948) User=0.00s Sys=0.00s Real=0.00s
[8.968s][info][safepoint] Safepoint "G1CollectForAllocation", Time since last: 2458715 ns, Reaching safepoint: 8061 ns, Cleanup: 1841 ns, At safepoint: 2399117 ns, Leaving safepoint: 1837 ns, Total: 2410856 ns
[8.975s][info][gc       ] GC(949) Pause Young (Normal) (G1 Evacuation Pause) 234M->234M(256M) 2.409ms
[8.975s][info][gc,cpu   ] GC(949) User=0.01s Sys=0.00s Real=0.00s
[8.975s][info][safepoint] Safepoint "G1CollectForAllocation", Time since last: 4484803 ns, Reaching safepoint: 9202 ns, Cleanup: 2324 ns, At safepoint: 2438533 ns, Leaving safepoint: 13148 ns, Total: 2463207 ns
[8.977s][info][gc       ] GC(946) Pause Remark 243M->242M(256M) 0.230ms
[8.977s][info][gc,cpu   ] GC(946) User=0.00s Sys=0.00s Real=0.00s
[8.978s][info][safepoint] Safepoint "G1PauseRemark", Time since last: 1887114 ns, Reaching safepoint: 105805 ns, Cleanup: 2975 ns, At safepoint: 295078 ns, Leaving safepoint: 84787 ns, Total: 488645 ns
[8.983s][info][gc       ] GC(946) Pause Cleanup 243M->243M(256M) 0.129ms
[8.983s][info][gc,cpu   ] GC(946) User=0.00s Sys=0.00s Real=0.00s
[8.983s][info][safepoint] Safepoint "G1PauseCleanup", Time since last: 5218131 ns, Reaching safepoint: 12465 ns, Cleanup: 2073 ns, At safepoint: 155404 ns, Leaving safepoint: 4694 ns, Total: 174636 ns
[8.984s][info][gc       ] GC(946) Concurrent Mark Cycle 34.087ms
[8.986s][info][gc       ] GC(950) Pause Young (Prepare Mixed) (G1 Evacuation Pause) (Evacuation Failure) 243M->249M(256M) 2.321ms
[8.986s][info][gc,cpu   ] GC(950) User=0.00s Sys=0.00s Real=0.00s
[8.986s][info][safepoint] Safepoint "G1CollectForAllocation", Time since last: 564954 ns, Reaching safepoint: 1614 ns, Cleanup: 1367 ns, At safepoint: 2343773 ns, Leaving safepoint: 2265 ns, Total: 2349019 ns
[8.987s][info][gc       ] GC(951) Pause Young (Mixed) (G1 Evacuation Pause) (Evacuation Failure) 252M->244M(256M) 0.919ms
[8.987s][info][gc,cpu   ] GC(951) User=0.00s Sys=0.00s Real=0.00s
[8.987s][info][safepoint] Safepoint "G1CollectForAllocation", Time since last: 308791 ns, Reaching safepoint: 715 ns, Cleanup: 1215 ns, At safepoint: 934395 ns, Leaving safepoint: 9336 ns, Total: 945661 ns
[8.994s][info][gc       ] GC(952) Pause Young (Mixed) (G1 Evacuation Pause) (Evacuation Failure) 253M->252M(256M) 1.259ms
[8.994s][info][gc,cpu   ] GC(952) User=0.01s Sys=0.00s Real=0.00s
[8.994s][info][safepoint] Safepoint "G1CollectForAllocation", Time since last: 5588048 ns, Reaching safepoint: 7364 ns, Cleanup: 1646 ns, At safepoint: 1281596 ns, Leaving safepoint: 25108 ns, Total: 1315714 ns
[8.996s][info][gc       ] GC(953) Pause Young (Mixed) (G1 Evacuation Pause) (Evacuation Failure) 253M->252M(256M) 1.875ms
[8.996s][info][gc,cpu   ] GC(953) User=0.00s Sys=0.00s Real=0.00s
[9.001s][info][safepoint] Safepoint "G1CollectForAllocation", Time since last: 125244 ns, Reaching safepoint: 631 ns, Cleanup: 1068 ns, At safepoint: 1892613 ns, Leaving safepoint: 4635169 ns, Total: 6529481 ns
[9.002s][info][gc       ] GC(954) Pause Young (Mixed) (G1 Evacuation Pause) (Evacuation Failure) 253M->252M(256M) 0.999ms
[9.002s][info][gc,cpu   ] GC(954) User=0.00s Sys=0.00s Real=0.00s
[9.002s][info][safepoint] Safepoint "G1CollectForAllocation", Time since last: 148946 ns, Reaching safepoint: 3419 ns, Cleanup: 1371 ns, At safepoint: 1061219 ns, Leaving safepoint: 31166 ns, Total: 1097175 ns
[9.003s][info][gc       ] GC(955) Pause Young (Mixed) (G1 Evacuation Pause) (Evacuation Failure) 253M->253M(256M) 0.929ms
[9.003s][info][gc,cpu   ] GC(955) User=0.00s Sys=0.00s Real=0.00s
[9.029s][info][gc       ] GC(956) Pause Full (G1 Compaction Pause) 253M->108M(256M) 26.142ms
[9.029s][info][gc,cpu   ] GC(956) User=0.03s Sys=0.00s Real=0.03s
[9.029s][info][safepoint] Safepoint "G1CollectForAllocation", Time since last: 146213 ns, Reaching safepoint: 900 ns, Cleanup: 1459 ns, At safepoint: 27130018 ns, Leaving safepoint: 32819 ns, Total: 27165196 ns
[9.049s][info][gc       ] GC(957) Pause Young (Normal) (G1 Evacuation Pause) 157M->147M(256M) 8.535ms
[9.049s][info][gc,cpu   ] GC(957) User=0.01s Sys=0.00s Real=0.01s
[9.053s][info][safepoint] Safepoint "G1CollectForAllocation", Time since last: 11191463 ns, Reaching safepoint: 3216 ns, Cleanup: 3503 ns, At safepoint: 8575263 ns, Leaving safepoint: 3687085 ns, Total: 12269067 ns
[9.065s][info][gc       ] GC(958) Pause Young (Normal) (G1 Evacuation Pause) 182M->175M(256M) 6.815ms
[9.065s][info][gc,cpu   ] GC(958) User=0.01s Sys=0.00s Real=0.00s
[9.069s][info][safepoint] Safepoint "G1CollectForAllocation", Time since last: 5575141 ns, Reaching safepoint: 2665 ns, Cleanup: 3177 ns, At safepoint: 6849568 ns, Leaving safepoint: 3569914 ns, Total: 10425324 ns
[9.077s][info][gc       ] GC(959) Pause Young (Concurrent Start) (G1 Evacuation Pause) 200M->196M(256M) 4.433ms
[9.077s][info][gc,cpu   ] GC(959) User=0.01s Sys=0.00s Real=0.01s
[9.077s][info][safepoint] Safepoint "G1CollectForAllocation", Time since last: 3627038 ns, Reaching safepoint: 2385 ns, Cleanup: 3484 ns, At safepoint: 4472760 ns, Leaving safepoint: 1245 ns, Total: 4479874 ns
[9.077s][info][gc       ] GC(960) Concurrent Mark Cycle
[9.088s][info][gc       ] GC(961) Pause Young (Normal) (G1 Evacuation Pause) 213M->212M(256M) 3.513ms
[9.088s][info][gc,cpu   ] GC(961) User=0.01s Sys=0.00s Real=0.00s
[9.088s][info][safepoint] Safepoint "G1CollectForAllocation", Time since last: 7978237 ns, Reaching safepoint: 11827 ns, Cleanup: 2659 ns, At safepoint: 3543244 ns, Leaving safepoint: 1820 ns, Total: 3559550 ns
[9.097s][info][gc       ] GC(962) Pause Young (Normal) (G1 Evacuation Pause) 224M->223M(256M) 3.188ms
[9.097s][info][gc,cpu   ] GC(962) User=0.01s Sys=0.00s Real=0.01s
[9.097s][info][safepoint] Safepoint "G1CollectForAllocation", Time since last: 5871840 ns, Reaching safepoint: 8544 ns, Cleanup: 2748 ns, At safepoint: 3216266 ns, Leaving safepoint: 2353 ns, Total: 3229911 ns
[9.103s][info][gc       ] GC(963) Pause Young (Normal) (G1 Evacuation Pause) 233M->232M(256M) 1.881ms
[9.103s][info][gc,cpu   ] GC(963) User=0.00s Sys=0.00s Real=0.00s
[9.103s][info][safepoint] Safepoint "G1CollectForAllocation", Time since last: 3262316 ns, Reaching safepoint: 7914 ns, Cleanup: 2131 ns, At safepoint: 1906936 ns, Leaving safepoint: 1803 ns, Total: 1918784 ns
[9.107s][info][gc       ] GC(964) Pause Young (Normal) (G1 Evacuation Pause) (Evacuation Failure) 242M->248M(256M) 1.825ms
[9.107s][info][gc,cpu   ] GC(964) User=0.01s Sys=0.00s Real=0.00s
[9.107s][info][safepoint] Safepoint "G1CollectForAllocation", Time since last: 2070217 ns, Reaching safepoint: 4398 ns, Cleanup: 1985 ns, At safepoint: 1845853 ns, Leaving safepoint: 2164 ns, Total: 1854400 ns
[9.107s][info][gc       ] GC(960) Pause Remark 248M->248M(256M) 0.140ms
[9.107s][info][gc,cpu   ] GC(960) User=0.00s Sys=0.00s Real=0.00s
[9.109s][info][safepoint] Safepoint "G1PauseRemark", Time since last: 22037 ns, Reaching safepoint: 98534 ns, Cleanup: 1754 ns, At safepoint: 149893 ns, Leaving safepoint: 1902705 ns, Total: 2152886 ns
[9.111s][info][gc       ] GC(965) Pause Young (Normal) (G1 Evacuation Pause) (Evacuation Failure) 252M->252M(256M) 0.272ms
[9.111s][info][gc,cpu   ] GC(965) User=0.00s Sys=0.00s Real=0.00s
[9.136s][info][gc       ] GC(966) Pause Full (G1 Compaction Pause) 252M->108M(256M) 24.354ms
[9.136s][info][gc,cpu   ] GC(966) User=0.03s Sys=0.00s Real=0.02s
[9.137s][info][safepoint] Safepoint "G1CollectForAllocation", Time since last: 2169671 ns, Reaching safepoint: 9123 ns, Cleanup: 1695 ns, At safepoint: 24699396 ns, Leaving safepoint: 1080559 ns, Total: 25790773 ns
[9.141s][info][gc       ] GC(960) Pause Cleanup 137M->137M(256M) 0.007ms
[9.141s][info][gc,cpu   ] GC(960) User=0.00s Sys=0.00s Real=0.00s
[9.145s][info][safepoint] Safepoint "G1PauseCleanup", Time since last: 4019093 ns, Reaching safepoint: 94947 ns, Cleanup: 3146 ns, At safepoint: 25409 ns, Leaving safepoint: 3953392 ns, Total: 4076894 ns
[9.145s][info][gc       ] GC(960) Concurrent Mark Cycle 67.995ms
[9.156s][info][gc       ] GC(967) Pause Young (Normal) (G1 Evacuation Pause) 157M->149M(256M) 7.556ms
[9.156s][info][gc,cpu   ] GC(967) User=0.01s Sys=0.00s Real=0.00s
[9.161s][info][safepoint] Safepoint "G1CollectForAllocation", Time since last: 3909725 ns, Reaching safepoint: 6532 ns, Cleanup: 2132 ns, At safepoint: 7582431 ns, Leaving safepoint: 4402120 ns, Total: 11993215 ns
[9.173s][info][gc       ] GC(968) Pause Young (Normal) (G1 Evacuation Pause) 183M->177M(256M) 7.370ms
[9.173s][info][gc,cpu   ] GC(968) User=0.00s Sys=0.00s Real=0.01s
[9.177s][info][safepoint] Safepoint "G1CollectForAllocation", Time since last: 5019533 ns, Reaching safepoint: 1978 ns, Cleanup: 2025 ns, At safepoint: 7398034 ns, Leaving safepoint: 3574846 ns, Total: 10976883 ns
[9.187s][info][gc       ] GC(969) Pause Young (Concurrent Start) (G1 Evacuation Pause) 201M->197M(256M) 5.287ms
[9.187s][info][gc       ] GC(970) Concurrent Mark Cycle
[9.187s][info][gc,cpu   ] GC(969) User=0.01s Sys=0.00s Real=0.00s
[9.187s][info][safepoint] Safepoint "G1CollectForAllocation", Time since last: 4633163 ns, Reaching safepoint: 2042 ns, Cleanup: 2313 ns, At safepoint: 5412478 ns, Leaving safepoint: 2417 ns, Total: 5419250 ns
[9.193s][info][gc       ] GC(970) Pause Remark 211M->210M(256M) 0.158ms
[9.193s][info][gc,cpu   ] GC(970) User=0.00s Sys=0.00s Real=0.00s
[9.193s][info][safepoint] Safepoint "G1PauseRemark", Time since last: 5959031 ns, Reaching safepoint: 26733 ns, Cleanup: 2352 ns, At safepoint: 180488 ns, Leaving safepoint: 1614 ns, Total: 211187 ns
[9.198s][info][gc       ] GC(971) Pause Young (Normal) (G1 Evacuation Pause) 213M->210M(256M) 3.230ms
[9.198s][info][gc,cpu   ] GC(971) User=0.01s Sys=0.00s Real=0.01s
[9.198s][info][safepoint] Safepoint "G1CollectForAllocation", Time since last: 1822970 ns, Reaching safepoint: 1692 ns, Cleanup: 1565 ns, At safepoint: 3254051 ns, Leaving safepoint: 1919 ns, Total: 3259227 ns
[9.205s][info][gc       ] GC(972) Pause Young (Normal) (G1 Evacuation Pause) 223M->222M(256M) 2.706ms
[9.205s][info][gc,cpu   ] GC(972) User=0.00s Sys=0.00s Real=0.00s
[9.205s][info][safepoint] Safepoint "G1CollectForAllocation", Time since last: 4130732 ns, Reaching safepoint: 7297 ns, Cleanup: 1615 ns, At safepoint: 2724292 ns, Leaving safepoint: 1896 ns, Total: 2735100 ns
[9.205s][info][gc       ] GC(970) Pause Cleanup 223M->223M(256M) 0.098ms
[9.205s][info][gc,cpu   ] GC(970) User=0.00s Sys=0.00s Real=0.00s
[9.209s][info][safepoint] Safepoint "G1PauseCleanup", Time since last: 27004 ns, Reaching safepoint: 92400 ns, Cleanup: 1176 ns, At safepoint: 106644 ns, Leaving safepoint: 3606503 ns, Total: 3806723 ns
[9.210s][info][gc       ] GC(970) Concurrent Mark Cycle 23.309ms
[9.212s][info][gc       ] GC(973) Pause Young (Prepare Mixed) (G1 Evacuation Pause) 232M->232M(256M) 1.854ms
[9.212s][info][gc,cpu   ] GC(973) User=0.00s Sys=0.00s Real=0.00s
[9.212s][info][safepoint] Safepoint "G1CollectForAllocation", Time since last: 1281585 ns, Reaching safepoint: 5684 ns, Cleanup: 1489 ns, At safepoint: 1872166 ns, Leaving safepoint: 1868 ns, Total: 1881207 ns
[9.219s][info][gc       ] GC(974) Pause Young (Mixed) (G1 Evacuation Pause) (Evacuation Failure) 242M->229M(256M) 2.264ms
[9.219s][info][gc,cpu   ] GC(974) User=0.00s Sys=0.00s Real=0.00s
[9.219s][info][safepoint] Safepoint "G1CollectForAllocation", Time since last: 4882964 ns, Reaching safepoint: 5836 ns, Cleanup: 1852 ns, At safepoint: 2291829 ns, Leaving safepoint: 30024 ns, Total: 2329541 ns
[9.224s][info][gc       ] GC(975) Pause Young (Mixed) (G1 Evacuation Pause) (Evacuation Failure) 239M->220M(256M) 3.198ms
[9.224s][info][gc,cpu   ] GC(975) User=0.00s Sys=0.00s Real=0.00s
[9.224s][info][safepoint] Safepoint "G1CollectForAllocation", Time since last: 1238852 ns, Reaching safepoint: 1901 ns, Cleanup: 1548 ns, At safepoint: 3219063 ns, Leaving safepoint: 1855 ns, Total: 3224367 ns
[9.232s][info][gc       ] GC(976) Pause Young (Mixed) (G1 Evacuation Pause) 230M->210M(256M) 3.237ms
[9.232s][info][gc,cpu   ] GC(976) User=0.00s Sys=0.00s Real=0.00s
[9.232s][info][safepoint] Safepoint "G1CollectForAllocation", Time since last: 5169743 ns, Reaching safepoint: 5959 ns, Cleanup: 1824 ns, At safepoint: 3257590 ns, Leaving safepoint: 1592 ns, Total: 3266965 ns
[9.238s][info][gc       ] GC(977) Pause Young (Mixed) (G1 Evacuation Pause) 223M->202M(256M) 3.804ms
[9.238s][info][gc,cpu   ] GC(977) User=0.01s Sys=0.00s Real=0.01s
[9.241s][info][safepoint] Safepoint "G1CollectForAllocation", Time since last: 1950858 ns, Reaching safepoint: 1125 ns, Cleanup: 1464 ns, At safepoint: 3825261 ns, Leaving safepoint: 2961940 ns, Total: 6789790 ns
[9.248s][info][gc       ] GC(978) Pause Young (Mixed) (G1 Evacuation Pause) 218M->206M(256M) 3.241ms
[9.248s][info][gc,cpu   ] GC(978) User=0.01s Sys=0.00s Real=0.00s
[9.248s][info][safepoint] Safepoint "G1CollectForAllocation", Time since last: 4029728 ns, Reaching safepoint: 6529 ns, Cleanup: 1838 ns, At safepoint: 3267762 ns, Leaving safepoint: 1979 ns, Total: 3278108 ns
[9.256s][info][gc       ] GC(979) Pause Young (Concurrent Start) (G1 Evacuation Pause) 221M->219M(256M) 3.133ms
[9.256s][info][gc       ] GC(980) Concurrent Mark Cycle
[9.256s][info][gc,cpu   ] GC(979) User=0.00s Sys=0.00s Real=0.00s
[9.256s][info][safepoint] Safepoint "G1CollectForAllocation", Time since last: 4684987 ns, Reaching safepoint: 6969 ns, Cleanup: 1778 ns, At safepoint: 3248507 ns, Leaving safepoint: 7002 ns, Total: 3264256 ns
[9.266s][info][gc       ] GC(981) Pause Young (Normal) (G1 Evacuation Pause) 229M->229M(256M) 2.054ms
[9.266s][info][gc,cpu   ] GC(981) User=0.00s Sys=0.00s Real=0.00s
[9.266s][info][safepoint] Safepoint "G1CollectForAllocation", Time since last: 8058911 ns, Reaching safepoint: 10583 ns, Cleanup: 1832 ns, At safepoint: 2080819 ns, Leaving safepoint: 1773 ns, Total: 2095007 ns
[9.272s][info][gc       ] GC(982) Pause Young (Normal) (G1 Evacuation Pause) 239M->238M(256M) 1.829ms
[9.272s][info][gc,cpu   ] GC(982) User=0.00s Sys=0.00s Real=0.00s
[9.272s][info][safepoint] Safepoint "G1CollectForAllocation", Time since last: 3558729 ns, Reaching safepoint: 10618 ns, Cleanup: 2005 ns, At safepoint: 1854816 ns, Leaving safepoint: 10849 ns, Total: 1878288 ns
[9.272s][info][gc       ] GC(980) Pause Remark 239M->232M(256M) 0.129ms
[9.272s][info][gc,cpu   ] GC(980) User=0.00s Sys=0.00s Real=0.00s
[9.272s][info][safepoint] Safepoint "G1PauseRemark", Time since last: 95680 ns, Reaching safepoint: 658 ns, Cleanup: 1288 ns, At safepoint: 137526 ns, Leaving safepoint: 510 ns, Total: 139982 ns
[9.275s][info][gc       ] GC(980) Pause Cleanup 240M->240M(256M) 0.116ms
[9.275s][info][gc,cpu   ] GC(980) User=0.00s Sys=0.00s Real=0.00s
[9.275s][info][safepoint] Safepoint "G1PauseCleanup", Time since last: 2913052 ns, Reaching safepoint: 1606 ns, Cleanup: 1517 ns, At safepoint: 137906 ns, Leaving safepoint: 742 ns, Total: 141771 ns
[9.277s][info][gc       ] GC(983) Pause Young (Prepare Mixed) (G1 Evacuation Pause) 241M->241M(256M) 2.201ms
[9.277s][info][gc,cpu   ] GC(983) User=0.01s Sys=0.00s Real=0.01s
[9.278s][info][gc       ] GC(980) Concurrent Mark Cycle 22.092ms
[9.280s][info][safepoint] Safepoint "G1CollectForAllocation", Time since last: 102046 ns, Reaching safepoint: 624 ns, Cleanup: 581 ns, At safepoint: 2225633 ns, Leaving safepoint: 3226881 ns, Total: 5453719 ns
[9.283s][info][gc       ] GC(984) Pause Young (Mixed) (G1 Evacuation Pause) (Evacuation Failure) 251M->243M(256M) 1.492ms
[9.283s][info][gc,cpu   ] GC(984) User=0.00s Sys=0.00s Real=0.00s
[9.283s][info][safepoint] Safepoint "G1CollectForAllocation", Time since last: 973109 ns, Reaching safepoint: 29236 ns, Cleanup: 1706 ns, At safepoint: 1530536 ns, Leaving safepoint: 23861 ns, Total: 1585339 ns
[9.290s][info][gc       ] GC(985) Pause Young (Mixed) (G1 Evacuation Pause) (Evacuation Failure) 253M->252M(256M) 1.452ms
[9.290s][info][gc,cpu   ] GC(985) User=0.00s Sys=0.00s Real=0.00s
[9.290s][info][safepoint] Safepoint "G1CollectForAllocation", Time since last: 5764764 ns, Reaching safepoint: 5698 ns, Cleanup: 1982 ns, At safepoint: 1478868 ns, Leaving safepoint: 10242 ns, Total: 1496790 ns
[9.292s][info][gc       ] GC(986) Pause Young (Mixed) (G1 Evacuation Pause) (Evacuation Failure) 255M->255M(256M) 0.963ms
[9.292s][info][gc,cpu   ] GC(986) User=0.00s Sys=0.00s Real=0.00s
[9.316s][info][gc       ] GC(987) Pause Full (G1 Compaction Pause) 255M->108M(256M) 24.130ms
[9.316s][info][gc,cpu   ] GC(987) User=0.02s Sys=0.00s Real=0.02s
[9.321s][info][safepoint] Safepoint "G1CollectForAllocation", Time since last: 456397 ns, Reaching safepoint: 953 ns, Cleanup: 1367 ns, At safepoint: 25140743 ns, Leaving safepoint: 4864699 ns, Total: 30007762 ns
[9.338s][info][gc       ] GC(988) Pause Young (Normal) (G1 Evacuation Pause) 157M->148M(256M) 8.504ms
[9.338s][info][gc,cpu   ] GC(988) User=0.01s Sys=0.00s Real=0.01s
[9.338s][info][safepoint] Safepoint "G1CollectForAllocation", Time since last: 8819219 ns, Reaching safepoint: 2379 ns, Cleanup: 3110 ns, At safepoint: 8537073 ns, Leaving safepoint: 9763 ns, Total: 8552325 ns
[9.350s][info][gc       ] GC(989) Pause Young (Normal) (G1 Evacuation Pause) 183M->175M(256M) 6.277ms
[9.350s][info][gc,cpu   ] GC(989) User=0.01s Sys=0.00s Real=0.01s
[9.350s][info][safepoint] Safepoint "G1CollectForAllocation", Time since last: 5415328 ns, Reaching safepoint: 2740 ns, Cleanup: 2591 ns, At safepoint: 6303473 ns, Leaving safepoint: 8651 ns, Total: 6317455 ns
[9.358s][info][gc       ] GC(990) Pause Young (Concurrent Start) (G1 Evacuation Pause) 200M->196M(256M) 4.501ms
[9.358s][info][gc       ] GC(991) Concurrent Mark Cycle
[9.358s][info][gc,cpu   ] GC(990) User=0.01s Sys=0.00s Real=0.01s
[9.365s][info][safepoint] Safepoint "G1CollectForAllocation", Time since last: 3404355 ns, Reaching safepoint: 1817 ns, Cleanup: 2694 ns, At safepoint: 4631594 ns, Leaving safepoint: 6857628 ns, Total: 11493733 ns
[9.370s][info][gc       ] GC(992) Pause Young (Normal) (G1 Evacuation Pause) 213M->211M(256M) 3.487ms
[9.370s][info][gc,cpu   ] GC(992) User=0.01s Sys=0.00s Real=0.01s
[9.373s][info][safepoint] Safepoint "G1CollectForAllocation", Time since last: 2020122 ns, Reaching safepoint: 6162 ns, Cleanup: 1766 ns, At safepoint: 3514950 ns, Leaving safepoint: 2468748 ns, Total: 5991626 ns
[9.379s][info][gc       ] GC(993) Pause Young (Normal) (G1 Evacuation Pause) 223M->222M(256M) 2.235ms
[9.379s][info][gc,cpu   ] GC(993) User=0.01s Sys=0.00s Real=0.00s
[9.379s][info][safepoint] Safepoint "G1CollectForAllocation", Time since last: 3997938 ns, Reaching safepoint: 4315 ns, Cleanup: 2092 ns, At safepoint: 2261393 ns, Leaving safepoint: 24798 ns, Total: 2292598 ns
[9.383s][info][gc       ] GC(994) Pause Young (Normal) (G1 Evacuation Pause) 232M->232M(256M) 2.032ms
[9.383s][info][gc,cpu   ] GC(994) User=0.00s Sys=0.00s Real=0.00s
[9.383s][info][safepoint] Safepoint "G1CollectForAllocation", Time since last: 1514342 ns, Reaching safepoint: 1550 ns, Cleanup: 1797 ns, At safepoint: 2057465 ns, Leaving safepoint: 1839 ns, Total: 2062651 ns
[9.388s][info][gc       ] GC(995) Pause Young (Normal) (G1 Evacuation Pause) (Evacuation Failure) 242M->246M(256M) 1.882ms
[9.388s][info][gc,cpu   ] GC(995) User=0.00s Sys=0.00s Real=0.00s
[9.388s][info][safepoint] Safepoint "G1CollectForAllocation", Time since last: 3078830 ns, Reaching safepoint: 7485 ns, Cleanup: 1753 ns, At safepoint: 1902271 ns, Leaving safepoint: 1669 ns, Total: 1913178 ns
[9.390s][info][gc       ] GC(996) Pause Young (Normal) (G1 Evacuation Pause) (Evacuation Failure) 252M->252M(256M) 0.297ms
[9.390s][info][gc,cpu   ] GC(996) User=0.00s Sys=0.00s Real=0.00s
[9.413s][info][gc       ] GC(997) Pause Full (G1 Compaction Pause) 252M->108M(256M) 23.731ms
[9.413s][info][gc,cpu   ] GC(997) User=0.02s Sys=0.00s Real=0.02s
[9.417s][info][safepoint] Safepoint "G1CollectForAllocation", Time since last: 1647560 ns, Reaching safepoint: 5994 ns, Cleanup: 1427 ns, At safepoint: 24091726 ns, Leaving safepoint: 3388472 ns, Total: 27487619 ns
[9.417s][info][gc       ] GC(991) Pause Remark 109M->109M(256M) 0.009ms
[9.417s][info][gc,cpu   ] GC(991) User=0.00s Sys=0.00s Real=0.00s
[9.417s][info][safepoint] Safepoint "G1PauseRemark", Time since last: 30639 ns, Reaching safepoint: 134883 ns, Cleanup: 2394 ns, At safepoint: 23486 ns, Leaving safepoint: 4214 ns, Total: 164977 ns
[9.417s][info][gc       ] GC(991) Concurrent Mark Cycle 59.181ms
[9.431s][info][gc       ] GC(998) Pause Young (Normal) (G1 Evacuation Pause) 156M->148M(256M) 6.518ms
[9.431s][info][gc,cpu   ] GC(998) User=0.01s Sys=0.00s Real=0.01s
[9.431s][info][safepoint] Safepoint "G1CollectForAllocation", Time since last: 7175534 ns, Reaching safepoint: 1457 ns, Cleanup: 2023 ns, At safepoint: 6547948 ns, Leaving safepoint: 825 ns, Total: 6552253 ns
[9.442s][info][gc       ] GC(999) Pause Young (Normal) (G1 Evacuation Pause) 182M->176M(256M) 6.359ms
[9.442s][info][gc,cpu   ] GC(999) User=0.01s Sys=0.00s Real=0.01s
[9.445s][info][safepoint] Safepoint "G1CollectForAllocation", Time since last: 4530981 ns, Reaching safepoint: 1307 ns, Cleanup: 1963 ns, At safepoint: 6390590 ns, Leaving safepoint: 3148469 ns, Total: 9542329 ns
[9.457s][info][gc       ] GC(1000) Pause Young (Concurrent Start) (G1 Evacuation Pause) 200M->197M(256M) 4.182ms
[9.457s][info][gc,cpu   ] GC(1000) User=0.00s Sys=0.00s Real=0.01s
[9.457s][info][safepoint] Safepoint "G1CollectForAllocation", Time since last: 8004313 ns, Reaching safepoint: 4558 ns, Cleanup: 2118 ns, At safepoint: 4210911 ns, Leaving safepoint: 2040 ns, Total: 4219627 ns
[9.457s][info][gc       ] GC(1001) Concurrent Mark Cycle
[9.466s][info][gc       ] GC(1002) Pause Young (Normal) (G1 Evacuation Pause) 214M->212M(256M) 2.824ms
[9.466s][info][gc,cpu   ] GC(1002) User=0.00s Sys=0.00s Real=0.00s
[9.466s][info][safepoint] Safepoint "G1CollectForAllocation", Time since last: 6642802 ns, Reaching safepoint: 11769 ns, Cleanup: 1979 ns, At safepoint: 2852191 ns, Leaving safepoint: 2900 ns, Total: 2868839 ns
[9.471s][info][gc       ] GC(1003) Pause Young (Normal) (G1 Evacuation Pause) 224M->223M(256M) 1.961ms
[9.471s][info][gc,cpu   ] GC(1003) User=0.01s Sys=0.00s Real=0.00s
[9.471s][info][safepoint] Safepoint "G1CollectForAllocation", Time since last: 2273805 ns, Reaching safepoint: 5552 ns, Cleanup: 1911 ns, At safepoint: 1980843 ns, Leaving safepoint: 1696 ns, Total: 1990002 ns
[9.474s][info][gc       ] GC(1004) Pause Young (Normal) (G1 Evacuation Pause) 233M->232M(256M) 1.404ms
[9.474s][info][gc,cpu   ] GC(1004) User=0.00s Sys=0.00s Real=0.00s
[9.474s][info][safepoint] Safepoint "G1CollectForAllocation", Time since last: 2007973 ns, Reaching safepoint: 4056 ns, Cleanup: 1368 ns, At safepoint: 1425281 ns, Leaving safepoint: 1637 ns, Total: 1432342 ns
[9.478s][info][gc       ] GC(1005) Pause Young (Normal) (G1 Evacuation Pause) (Evacuation Failure) 242M->243M(256M) 1.359ms
[9.478s][info][gc,cpu   ] GC(1005) User=0.00s Sys=0.00s Real=0.00s
[9.478s][info][safepoint] Safepoint "G1CollectForAllocation", Time since last: 2569939 ns, Reaching safepoint: 4098 ns, Cleanup: 1793 ns, At safepoint: 1378107 ns, Leaving safepoint: 1991 ns, Total: 1385989 ns
[9.479s][info][gc       ] GC(1006) Pause Young (Normal) (G1 Evacuation Pause) (Evacuation Failure) 252M->252M(256M) 0.324ms
[9.479s][info][gc,cpu   ] GC(1006) User=0.01s Sys=0.00s Real=0.00s
[9.503s][info][gc       ] GC(1007) Pause Full (G1 Compaction Pause) 252M->108M(256M) 23.449ms
[9.503s][info][gc,cpu   ] GC(1007) User=0.02s Sys=0.00s Real=0.02s
[9.503s][info][safepoint] Safepoint "G1CollectForAllocation", Time since last: 653158 ns, Reaching safepoint: 1229 ns, Cleanup: 1099 ns, At safepoint: 23817664 ns, Leaving safepoint: 3243 ns, Total: 23823235 ns
[9.509s][info][gc       ] GC(1001) Pause Remark 144M->144M(256M) 0.006ms
[9.509s][info][gc,cpu   ] GC(1001) User=0.00s Sys=0.00s Real=0.00s
[9.513s][info][safepoint] Safepoint "G1PauseRemark", Time since last: 6147166 ns, Reaching safepoint: 102772 ns, Cleanup: 2439 ns, At safepoint: 23229 ns, Leaving safepoint: 3849254 ns, Total: 3977694 ns
[9.513s][info][gc       ] GC(1001) Concurrent Mark Cycle 55.775ms
[9.522s][info][gc       ] GC(1008) Pause Young (Normal) (G1 Evacuation Pause) 156M->148M(256M) 7.482ms
[9.522s][info][gc,cpu   ] GC(1008) User=0.01s Sys=0.00s Real=0.01s
[9.525s][info][safepoint] Safepoint "G1CollectForAllocation", Time since last: 1670504 ns, Reaching safepoint: 8808 ns, Cleanup: 2119 ns, At safepoint: 7516741 ns, Leaving safepoint: 2816845 ns, Total: 10344513 ns
[9.539s][info][gc       ] GC(1009) Pause Young (Normal) (G1 Evacuation Pause) 182M->174M(256M) 6.560ms
[9.539s][info][gc,cpu   ] GC(1009) User=0.01s Sys=0.00s Real=0.01s
[9.539s][info][safepoint] Safepoint "G1CollectForAllocation", Time since last: 8020687 ns, Reaching safepoint: 8022 ns, Cleanup: 3028 ns, At safepoint: 6592732 ns, Leaving safepoint: 3443 ns, Total: 6607225 ns
[9.548s][info][gc       ] GC(1010) Pause Young (Concurrent Start) (G1 Evacuation Pause) 198M->195M(256M) 4.572ms
[9.548s][info][gc       ] GC(1011) Concurrent Mark Cycle
[9.548s][info][gc,cpu   ] GC(1010) User=0.00s Sys=0.00s Real=0.00s
[9.557s][info][safepoint] Safepoint "G1CollectForAllocation", Time since last: 4117115 ns, Reaching safepoint: 2356 ns, Cleanup: 2817 ns, At safepoint: 4682545 ns, Leaving safepoint: 8553332 ns, Total: 13241050 ns
[9.557s][info][gc       ] GC(1011) Pause Remark 196M->194M(256M) 0.130ms
[9.557s][info][gc,cpu   ] GC(1011) User=0.00s Sys=0.00s Real=0.00s
[9.557s][info][safepoint] Safepoint "G1PauseRemark", Time since last: 26172 ns, Reaching safepoint: 110672 ns, Cleanup: 1782 ns, At safepoint: 143029 ns, Leaving safepoint: 10203 ns, Total: 265686 ns
[9.559s][info][gc       ] GC(1011) Pause Cleanup 194M->194M(256M) 0.094ms
[9.559s][info][gc,cpu   ] GC(1011) User=0.00s Sys=0.00s Real=0.00s
[9.559s][info][safepoint] Safepoint "G1PauseCleanup", Time since last: 1450154 ns, Reaching safepoint: 1069 ns, Cleanup: 1378 ns, At safepoint: 108203 ns, Leaving safepoint: 626 ns, Total: 111276 ns
[9.561s][info][gc       ] GC(1011) Concurrent Mark Cycle 12.986ms
[9.564s][info][gc       ] GC(1012) Pause Young (Prepare Mixed) (G1 Evacuation Pause) 210M->208M(256M) 3.055ms
[9.564s][info][gc,cpu   ] GC(1012) User=0.01s Sys=0.00s Real=0.00s
[9.564s][info][safepoint] Safepoint "G1CollectForAllocation", Time since last: 2518284 ns, Reaching safepoint: 1383 ns, Cleanup: 1040 ns, At safepoint: 3072480 ns, Leaving safepoint: 18633 ns, Total: 3093536 ns
[9.572s][info][gc       ] GC(1013) Pause Young (Mixed) (G1 Evacuation Pause) 221M->199M(256M) 2.920ms
[9.572s][info][gc,cpu   ] GC(1013) User=0.00s Sys=0.00s Real=0.00s
[9.572s][info][safepoint] Safepoint "G1CollectForAllocation", Time since last: 4542630 ns, Reaching safepoint: 7302 ns, Cleanup: 1219 ns, At safepoint: 2937229 ns, Leaving safepoint: 19745 ns, Total: 2965495 ns
[9.577s][info][gc       ] GC(1014) Pause Young (Mixed) (G1 Evacuation Pause) 215M->194M(256M) 3.353ms
[9.577s][info][gc,cpu   ] GC(1014) User=0.01s Sys=0.00s Real=0.01s
[9.581s][info][safepoint] Safepoint "G1CollectForAllocation", Time since last: 1927415 ns, Reaching safepoint: 1771 ns, Cleanup: 1652 ns, At safepoint: 3384099 ns, Leaving safepoint: 3755209 ns, Total: 7142731 ns
[9.586s][info][gc       ] GC(1015) Pause Young (Mixed) (G1 Evacuation Pause) 212M->190M(256M) 3.868ms
[9.586s][info][gc,cpu   ] GC(1015) User=0.01s Sys=0.00s Real=0.00s
[9.586s][info][safepoint] Safepoint "G1CollectForAllocation", Time since last: 1817827 ns, Reaching safepoint: 9299 ns, Cleanup: 2234 ns, At safepoint: 3895806 ns, Leaving safepoint: 25469 ns, Total: 3932808 ns
[9.595s][info][gc       ] GC(1016) Pause Young (Mixed) (G1 Evacuation Pause) 210M->188M(256M) 4.709ms
[9.595s][info][gc,cpu   ] GC(1016) User=0.01s Sys=0.00s Real=0.00s
[9.601s][info][safepoint] Safepoint "G1CollectForAllocation", Time since last: 3881004 ns, Reaching safepoint: 7382 ns, Cleanup: 1888 ns, At safepoint: 4752973 ns, Leaving safepoint: 5561214 ns, Total: 10323457 ns
[9.607s][info][gc       ] GC(1017) Pause Young (Mixed) (G1 Evacuation Pause) 209M->196M(256M) 4.217ms
[9.607s][info][gc,cpu   ] GC(1017) User=0.01s Sys=0.00s Real=0.00s
[9.607s][info][safepoint] Safepoint "G1CollectForAllocation", Time since last: 1760055 ns, Reaching safepoint: 8012 ns, Cleanup: 1550 ns, At safepoint: 4242726 ns, Leaving safepoint: 21820 ns, Total: 4274108 ns
[9.616s][info][gc       ] GC(1018) Pause Young (Concurrent Start) (G1 Evacuation Pause) 214M->212M(256M) 2.836ms
[9.616s][info][gc,cpu   ] GC(1018) User=0.01s Sys=0.00s Real=0.00s
[9.616s][info][gc       ] GC(1019) Concurrent Mark Cycle
[9.616s][info][safepoint] Safepoint "G1CollectForAllocation", Time since last: 5991991 ns, Reaching safepoint: 5111 ns, Cleanup: 1735 ns, At safepoint: 2875709 ns, Leaving safepoint: 84622 ns, Total: 2967177 ns
[9.620s][info][gc       ] GC(1019) Pause Remark 225M->223M(256M) 0.150ms
[9.620s][info][gc,cpu   ] GC(1019) User=0.00s Sys=0.00s Real=0.00s
[9.620s][info][safepoint] Safepoint "G1PauseRemark", Time since last: 3843959 ns, Reaching safepoint: 1228 ns, Cleanup: 1783 ns, At safepoint: 167898 ns, Leaving safepoint: 800 ns, Total: 171709 ns
[9.622s][info][gc       ] GC(1020) Pause Young (Normal) (G1 Evacuation Pause) 223M->222M(256M) 2.159ms
[9.622s][info][gc,cpu   ] GC(1020) User=0.00s Sys=0.00s Real=0.00s
[9.622s][info][safepoint] Safepoint "G1CollectForAllocation", Time since last: 16474 ns, Reaching safepoint: 361 ns, Cleanup: 422 ns, At safepoint: 2176390 ns, Leaving safepoint: 3324 ns, Total: 2180497 ns
[9.625s][info][gc       ] GC(1021) Pause Young (Normal) (G1 Evacuation Pause) 232M->231M(256M) 2.016ms
[9.625s][info][gc,cpu   ] GC(1021) User=0.01s Sys=0.00s Real=0.00s
[9.629s][info][safepoint] Safepoint "G1CollectForAllocation", Time since last: 818312 ns, Reaching safepoint: 1237 ns, Cleanup: 1246 ns, At safepoint: 2033795 ns, Leaving safepoint: 3947433 ns, Total: 5983711 ns
[9.631s][info][gc       ] GC(1022) Pause Young (Normal) (G1 Evacuation Pause) 241M->241M(256M) 1.261ms
[9.631s][info][gc,cpu   ] GC(1022) User=0.00s Sys=0.00s Real=0.00s
[9.631s][info][safepoint] Safepoint "G1CollectForAllocation", Time since last: 779245 ns, Reaching safepoint: 7447 ns, Cleanup: 1231 ns, At safepoint: 1278531 ns, Leaving safepoint: 10246 ns, Total: 1297455 ns
[9.632s][info][gc       ] GC(1023) Pause Young (Normal) (G1 Evacuation Pause) (Evacuation Failure) 251M->253M(256M) 0.755ms
[9.632s][info][gc,cpu   ] GC(1023) User=0.00s Sys=0.00s Real=0.00s
[9.632s][info][safepoint] Safepoint "G1CollectForAllocation", Time since last: 732845 ns, Reaching safepoint: 932 ns, Cleanup: 1143 ns, At safepoint: 770347 ns, Leaving safepoint: 1240 ns, Total: 773662 ns
[9.633s][info][gc       ] GC(1019) Pause Cleanup 254M->254M(256M) 0.174ms
[9.633s][info][gc,cpu   ] GC(1019) User=0.00s Sys=0.00s Real=0.00s
[9.633s][info][safepoint] Safepoint "G1PauseCleanup", Time since last: 120982 ns, Reaching safepoint: 569 ns, Cleanup: 649 ns, At safepoint: 202260 ns, Leaving safepoint: 2455 ns, Total: 205933 ns
[9.633s][info][gc       ] GC(1019) Concurrent Mark Cycle 17.461ms
[9.633s][info][gc       ] GC(1024) Pause Young (Prepare Mixed) (G1 Evacuation Pause) (Evacuation Failure) 255M->255M(256M) 0.307ms
[9.633s][info][gc,cpu   ] GC(1024) User=0.00s Sys=0.00s Real=0.00s
[9.655s][info][gc       ] GC(1025) Pause Full (G1 Compaction Pause) 255M->108M(256M) 21.395ms
[9.655s][info][gc,cpu   ] GC(1025) User=0.03s Sys=0.00s Real=0.02s
[9.657s][info][safepoint] Safepoint "G1CollectForAllocation", Time since last: 554381 ns, Reaching safepoint: 1764 ns, Cleanup: 1659 ns, At safepoint: 21761135 ns, Leaving safepoint: 1817448 ns, Total: 23582006 ns
[9.672s][info][gc       ] GC(1026) Pause Young (Normal) (G1 Evacuation Pause) 160M->151M(256M) 7.669ms
[9.672s][info][gc,cpu   ] GC(1026) User=0.01s Sys=0.00s Real=0.01s
[9.672s][info][safepoint] Safepoint "G1CollectForAllocation", Time since last: 7687454 ns, Reaching safepoint: 2547 ns, Cleanup: 2601 ns, At safepoint: 7718219 ns, Leaving safepoint: 9061 ns, Total: 7732428 ns
[9.683s][info][gc       ] GC(1027) Pause Young (Normal) (G1 Evacuation Pause) 185M->178M(256M) 6.088ms
[9.683s][info][gc,cpu   ] GC(1027) User=0.00s Sys=0.01s Real=0.01s
[9.685s][info][safepoint] Safepoint "G1CollectForAllocation", Time since last: 4412951 ns, Reaching safepoint: 2528 ns, Cleanup: 2716 ns, At safepoint: 6117878 ns, Leaving safepoint: 2002463 ns, Total: 8125585 ns
[9.692s][info][gc       ] GC(1028) Pause Young (Concurrent Start) (G1 Evacuation Pause) 202M->199M(256M) 4.536ms
[9.692s][info][gc       ] GC(1029) Concurrent Mark Cycle
[9.692s][info][gc,cpu   ] GC(1028) User=0.01s Sys=0.00s Real=0.01s
[9.692s][info][safepoint] Safepoint "G1CollectForAllocation", Time since last: 2499671 ns, Reaching safepoint: 2298 ns, Cleanup: 2221 ns, At safepoint: 4677894 ns, Leaving safepoint: 6201 ns, Total: 4688614 ns
[9.697s][info][gc       ] GC(1029) Pause Remark 213M->211M(256M) 0.146ms
[9.697s][info][gc,cpu   ] GC(1029) User=0.00s Sys=0.00s Real=0.00s
[9.701s][info][safepoint] Safepoint "G1PauseRemark", Time since last: 4826287 ns, Reaching safepoint: 106075 ns, Cleanup: 2669 ns, At safepoint: 165238 ns, Leaving safepoint: 3701358 ns, Total: 3975340 ns
[9.705s][info][gc       ] GC(1030) Pause Young (Normal) (G1 Evacuation Pause) 212M->210M(256M) 2.682ms
[9.705s][info][gc,cpu   ] GC(1030) User=0.00s Sys=0.00s Real=0.00s
[9.705s][info][safepoint] Safepoint "G1CollectForAllocation", Time since last: 1470764 ns, Reaching safepoint: 6428 ns, Cleanup: 1549 ns, At safepoint: 2703161 ns, Leaving safepoint: 2085 ns, Total: 2713223 ns
[9.711s][info][gc       ] GC(1031) Pause Young (Normal) (G1 Evacuation Pause) 223M->222M(256M) 2.049ms
[9.711s][info][gc,cpu   ] GC(1031) User=0.01s Sys=0.00s Real=0.00s
[9.711s][info][safepoint] Safepoint "G1CollectForAllocation", Time since last: 3843264 ns, Reaching safepoint: 5761 ns, Cleanup: 1258 ns, At safepoint: 2070364 ns, Leaving safepoint: 1791 ns, Total: 2079174 ns
[9.714s][info][gc       ] GC(1032) Pause Young (Normal) (G1 Evacuation Pause) 232M->231M(256M) 1.501ms
[9.714s][info][gc,cpu   ] GC(1032) User=0.00s Sys=0.00s Real=0.00s
[9.714s][info][safepoint] Safepoint "G1CollectForAllocation", Time since last: 1902420 ns, Reaching safepoint: 3958 ns, Cleanup: 1656 ns, At safepoint: 1518460 ns, Leaving safepoint: 2082 ns, Total: 1526156 ns
[9.718s][info][gc       ] GC(1033) Pause Young (Normal) (G1 Evacuation Pause) 241M->240M(256M) 1.309ms
[9.718s][info][gc,cpu   ] GC(1033) User=0.00s Sys=0.00s Real=0.00s
[9.718s][info][safepoint] Safepoint "G1CollectForAllocation", Time since last: 2470870 ns, Reaching safepoint: 3590 ns, Cleanup: 1223 ns, At safepoint: 1325041 ns, Leaving safepoint: 1994 ns, Total: 1331848 ns
[9.719s][info][gc       ] GC(1034) Pause Young (Normal) (G1 Evacuation Pause) (Evacuation Failure) 250M->252M(256M) 0.641ms
[9.719s][info][gc,cpu   ] GC(1034) User=0.01s Sys=0.00s Real=0.00s
[9.719s][info][safepoint] Safepoint "G1CollectForAllocation", Time since last: 696620 ns, Reaching safepoint: 1138 ns, Cleanup: 997 ns, At safepoint: 683465 ns, Leaving safepoint: 2866 ns, Total: 688466 ns
[9.721s][info][gc       ] GC(1029) Pause Cleanup 253M->253M(256M) 0.105ms
[9.721s][info][gc,cpu   ] GC(1029) User=0.00s Sys=0.00s Real=0.00s
[9.721s][info][safepoint] Safepoint "G1PauseCleanup", Time since last: 1289325 ns, Reaching safepoint: 74156 ns, Cleanup: 632 ns, At safepoint: 115698 ns, Leaving safepoint: 1310 ns, Total: 191796 ns
[9.721s][info][gc       ] GC(1029) Concurrent Mark Cycle 29.496ms
[9.722s][info][gc       ] GC(1035) Pause Young (Prepare Mixed) (G1 Evacuation Pause) (Evacuation Failure) 253M->253M(256M) 0.255ms
[9.722s][info][gc,cpu   ] GC(1035) User=0.00s Sys=0.00s Real=0.00s
[9.745s][info][gc       ] GC(1036) Pause Full (G1 Compaction Pause) 253M->108M(256M) 22.964ms
[9.745s][info][gc,cpu   ] GC(1036) User=0.02s Sys=0.00s Real=0.02s
[9.749s][info][safepoint] Safepoint "G1CollectForAllocation", Time since last: 390547 ns, Reaching safepoint: 819 ns, Cleanup: 799 ns, At safepoint: 23276695 ns, Leaving safepoint: 4126278 ns, Total: 27404591 ns
[9.766s][info][gc       ] GC(1037) Pause Young (Normal) (G1 Evacuation Pause) 165M->153M(256M) 8.520ms
[9.766s][info][gc,cpu   ] GC(1037) User=0.01s Sys=0.00s Real=0.00s
[9.766s][info][safepoint] Safepoint "G1CollectForAllocation", Time since last: 8321248 ns, Reaching safepoint: 2148 ns, Cleanup: 2886 ns, At safepoint: 8554199 ns, Leaving safepoint: 1308 ns, Total: 8560541 ns
[9.780s][info][gc       ] GC(1038) Pause Young (Concurrent Start) (G1 Evacuation Pause) 188M->181M(256M) 6.264ms
[9.780s][info][gc       ] GC(1039) Concurrent Mark Cycle
[9.780s][info][gc,cpu   ] GC(1038) User=0.00s Sys=0.00s Real=0.01s
[9.785s][info][safepoint] Safepoint "G1CollectForAllocation", Time since last: 8097494 ns, Reaching safepoint: 2142 ns, Cleanup: 2556 ns, At safepoint: 6396445 ns, Leaving safepoint: 4629320 ns, Total: 11030463 ns
[9.799s][info][gc       ] GC(1040) Pause Young (Normal) (G1 Evacuation Pause) 204M->201M(256M) 5.947ms
[9.799s][info][gc,cpu   ] GC(1040) User=0.01s Sys=0.00s Real=0.01s
[9.799s][info][safepoint] Safepoint "G1CollectForAllocation", Time since last: 8040764 ns, Reaching safepoint: 7568 ns, Cleanup: 2779 ns, At safepoint: 5981823 ns, Leaving safepoint: 2715 ns, Total: 5994885 ns
[9.801s][info][gc       ] GC(1039) Pause Remark 216M->216M(256M) 0.162ms
[9.801s][info][gc,cpu   ] GC(1039) User=0.00s Sys=0.00s Real=0.00s
[9.805s][info][safepoint] Safepoint "G1PauseRemark", Time since last: 2027207 ns, Reaching safepoint: 119364 ns, Cleanup: 2527 ns, At safepoint: 184968 ns, Leaving safepoint: 3631333 ns, Total: 3938192 ns
[9.809s][info][gc       ] GC(1041) Pause Young (Normal) (G1 Evacuation Pause) 216M->214M(256M) 2.848ms
[9.809s][info][gc,cpu   ] GC(1041) User=0.00s Sys=0.00s Real=0.01s
[9.809s][info][safepoint] Safepoint "G1CollectForAllocation", Time since last: 1500180 ns, Reaching safepoint: 7357 ns, Cleanup: 1715 ns, At safepoint: 2874520 ns, Leaving safepoint: 2797 ns, Total: 2886389 ns
[9.816s][info][gc       ] GC(1042) Pause Young (Normal) (G1 Evacuation Pause) 225M->224M(256M) 1.803ms
[9.816s][info][gc,cpu   ] GC(1042) User=0.01s Sys=0.00s Real=0.00s
[9.816s][info][safepoint] Safepoint "G1CollectForAllocation", Time since last: 4652920 ns, Reaching safepoint: 10825 ns, Cleanup: 2426 ns, At safepoint: 1829939 ns, Leaving safepoint: 11275 ns, Total: 1854465 ns
[9.818s][info][gc       ] GC(1043) Pause Young (Normal) (G1 Evacuation Pause) 234M->233M(256M) 1.568ms
[9.818s][info][gc,cpu   ] GC(1043) User=0.00s Sys=0.00s Real=0.01s
[9.818s][info][safepoint] Safepoint "G1CollectForAllocation", Time since last: 962233 ns, Reaching safepoint: 1424 ns, Cleanup: 1337 ns, At safepoint: 1587447 ns, Leaving safepoint: 720 ns, Total: 1590928 ns
[9.820s][info][gc       ] GC(1044) Pause Young (Normal) (G1 Evacuation Pause) (Evacuation Failure) 243M->250M(256M) 1.430ms
[9.820s][info][gc,cpu   ] GC(1044) User=0.00s Sys=0.00s Real=0.00s
[9.820s][info][safepoint] Safepoint "G1CollectForAllocation", Time since last: 755587 ns, Reaching safepoint: 1592 ns, Cleanup: 1321 ns, At safepoint: 1454973 ns, Leaving safepoint: 2278 ns, Total: 1460164 ns
[9.825s][info][gc       ] GC(1045) Pause Young (Normal) (G1 Evacuation Pause) (Evacuation Failure) 252M->252M(256M) 0.220ms
[9.825s][info][gc,cpu   ] GC(1045) User=0.00s Sys=0.00s Real=0.00s
[9.851s][info][gc       ] GC(1046) Pause Full (G1 Compaction Pause) 252M->108M(256M) 25.843ms
[9.851s][info][gc,cpu   ] GC(1046) User=0.02s Sys=0.00s Real=0.03s
[9.853s][info][safepoint] Safepoint "G1CollectForAllocation", Time since last: 4490943 ns, Reaching safepoint: 6980 ns, Cleanup: 1637 ns, At safepoint: 26123470 ns, Leaving safepoint: 1729335 ns, Total: 27861422 ns
[9.853s][info][gc       ] GC(1039) Pause Cleanup 109M->109M(256M) 0.009ms
[9.853s][info][gc,cpu   ] GC(1039) User=0.00s Sys=0.00s Real=0.00s
[9.853s][info][safepoint] Safepoint "G1PauseCleanup", Time since last: 168469 ns, Reaching safepoint: 6536 ns, Cleanup: 1680 ns, At safepoint: 23096 ns, Leaving safepoint: 3872 ns, Total: 35184 ns
[9.853s][info][gc       ] GC(1039) Concurrent Mark Cycle 72.991ms
[9.867s][info][gc       ] GC(1047) Pause Young (Normal) (G1 Evacuation Pause) 157M->148M(256M) 7.681ms
[9.867s][info][gc,cpu   ] GC(1047) User=0.01s Sys=0.00s Real=0.00s
[9.867s][info][safepoint] Safepoint "G1CollectForAllocation", Time since last: 6546484 ns, Reaching safepoint: 2697 ns, Cleanup: 1389 ns, At safepoint: 7709261 ns, Leaving safepoint: 1559 ns, Total: 7714906 ns
[9.884s][info][gc       ] GC(1048) Pause Young (Concurrent Start) (G1 Evacuation Pause) 182M->176M(256M) 6.399ms
[9.884s][info][gc       ] GC(1049) Concurrent Mark Cycle
[9.884s][info][gc,cpu   ] GC(1048) User=0.00s Sys=0.00s Real=0.00s
[9.889s][info][safepoint] Safepoint "G1CollectForAllocation", Time since last: 10448954 ns, Reaching safepoint: 2405 ns, Cleanup: 1965 ns, At safepoint: 6558216 ns, Leaving safepoint: 4556305 ns, Total: 11118891 ns
[9.901s][info][gc       ] GC(1050) Pause Young (Normal) (G1 Evacuation Pause) 200M->196M(256M) 5.412ms
[9.901s][info][gc,cpu   ] GC(1050) User=0.01s Sys=0.00s Real=0.01s
[9.901s][info][safepoint] Safepoint "G1CollectForAllocation", Time since last: 6995156 ns, Reaching safepoint: 8213 ns, Cleanup: 2098 ns, At safepoint: 5442151 ns, Leaving safepoint: 3457 ns, Total: 5455919 ns
[9.905s][info][gc       ] GC(1049) Pause Remark 197M->196M(256M) 0.147ms
[9.905s][info][gc,cpu   ] GC(1049) User=0.00s Sys=0.00s Real=0.00s
[9.905s][info][safepoint] Safepoint "G1PauseRemark", Time since last: 3499390 ns, Reaching safepoint: 5720 ns, Cleanup: 1928 ns, At safepoint: 161699 ns, Leaving safepoint: 3236 ns, Total: 172583 ns
[9.906s][info][gc       ] GC(1049) Pause Cleanup 196M->196M(256M) 0.123ms
[9.906s][info][gc,cpu   ] GC(1049) User=0.00s Sys=0.00s Real=0.00s
[9.906s][info][safepoint] Safepoint "G1PauseCleanup", Time since last: 1422269 ns, Reaching safepoint: 1436 ns, Cleanup: 1519 ns, At safepoint: 138894 ns, Leaving safepoint: 662 ns, Total: 142511 ns
[9.907s][info][gc       ] GC(1049) Concurrent Mark Cycle 22.761ms
[9.913s][info][gc       ] GC(1051) Pause Young (Prepare Mixed) (G1 Evacuation Pause) 212M->210M(256M) 3.443ms
[9.913s][info][gc,cpu   ] GC(1051) User=0.01s Sys=0.00s Real=0.00s
[9.917s][info][safepoint] Safepoint "G1CollectForAllocation", Time since last: 2840969 ns, Reaching safepoint: 1322 ns, Cleanup: 1194 ns, At safepoint: 3467470 ns, Leaving safepoint: 3951352 ns, Total: 7421338 ns
[9.922s][info][gc       ] GC(1052) Pause Young (Mixed) (G1 Evacuation Pause) 222M->200M(256M) 3.570ms
[9.922s][info][gc,cpu   ] GC(1052) User=0.01s Sys=0.00s Real=0.00s
[9.922s][info][safepoint] Safepoint "G1CollectForAllocation", Time since last: 1244717 ns, Reaching safepoint: 7060 ns, Cleanup: 1938 ns, At safepoint: 3599854 ns, Leaving safepoint: 2920 ns, Total: 3611772 ns
[9.933s][info][gc       ] GC(1053) Pause Young (Mixed) (G1 Evacuation Pause) 216M->195M(256M) 3.838ms
[9.933s][info][gc,cpu   ] GC(1053) User=0.01s Sys=0.00s Real=0.00s
[9.933s][info][safepoint] Safepoint "G1CollectForAllocation", Time since last: 7167549 ns, Reaching safepoint: 6287 ns, Cleanup: 1893 ns, At safepoint: 3874404 ns, Leaving safepoint: 8272 ns, Total: 3890856 ns
[9.941s][info][gc       ] GC(1054) Pause Young (Mixed) (G1 Evacuation Pause) 213M->192M(256M) 4.664ms
[9.941s][info][gc,cpu   ] GC(1054) User=0.01s Sys=0.00s Real=0.00s
[9.941s][info][safepoint] Safepoint "G1CollectForAllocation", Time since last: 4143160 ns, Reaching safepoint: 5335 ns, Cleanup: 1834 ns, At safepoint: 4696076 ns, Leaving safepoint: 2905 ns, Total: 4706150 ns
[9.954s][info][gc       ] GC(1055) Pause Young (Mixed) (G1 Evacuation Pause) 212M->197M(256M) 4.898ms
[9.954s][info][gc,cpu   ] GC(1055) User=0.01s Sys=0.00s Real=0.00s
[9.954s][info][safepoint] Safepoint "G1CollectForAllocation", Time since last: 7281025 ns, Reaching safepoint: 7667 ns, Cleanup: 2276 ns, At safepoint: 4930741 ns, Leaving safepoint: 3179 ns, Total: 4943863 ns
[9.964s][info][gc       ] GC(1056) Pause Young (Concurrent Start) (G1 Evacuation Pause) 215M->213M(256M) 3.066ms
[9.964s][info][gc       ] GC(1057) Concurrent Mark Cycle
[9.964s][info][gc,cpu   ] GC(1056) User=0.00s Sys=0.00s Real=0.00s
[9.964s][info][safepoint] Safepoint "G1CollectForAllocation", Time since last: 7046595 ns, Reaching safepoint: 8212 ns, Cleanup: 1861 ns, At safepoint: 3198565 ns, Leaving safepoint: 10789 ns, Total: 3219427 ns
[9.972s][info][gc       ] GC(1058) Pause Young (Normal) (G1 Evacuation Pause) 224M->224M(256M) 3.145ms
[9.972s][info][gc,cpu   ] GC(1058) User=0.01s Sys=0.00s Real=0.00s
[9.972s][info][safepoint] Safepoint "G1CollectForAllocation", Time since last: 4784085 ns, Reaching safepoint: 20561 ns, Cleanup: 2453 ns, At safepoint: 3183128 ns, Leaving safepoint: 3883 ns, Total: 3210025 ns
[9.981s][info][gc       ] GC(1059) Pause Young (Normal) (G1 Evacuation Pause) 234M->233M(256M) 2.688ms
[9.981s][info][gc,cpu   ] GC(1059) User=0.01s Sys=0.00s Real=0.00s
[9.981s][info][safepoint] Safepoint "G1CollectForAllocation", Time since last: 6217158 ns, Reaching safepoint: 11333 ns, Cleanup: 2525 ns, At safepoint: 2723219 ns, Leaving safepoint: 15847 ns, Total: 2752924 ns
[9.981s][info][gc       ] GC(1057) Pause Remark 233M->229M(256M) 0.136ms
[9.981s][info][gc,cpu   ] GC(1057) User=0.00s Sys=0.00s Real=0.00s
[9.981s][info][safepoint] Safepoint "G1PauseRemark", Time since last: 27992 ns, Reaching safepoint: 98506 ns, Cleanup: 1436 ns, At safepoint: 147531 ns, Leaving safepoint: 96725 ns, Total: 344198 ns
[9.989s][info][gc       ] GC(1060) Pause Young (Normal) (G1 Evacuation Pause) 239M->238M(256M) 1.705ms
[9.989s][info][gc,cpu   ] GC(1060) User=0.00s Sys=0.00s Real=0.01s
[9.989s][info][safepoint] Safepoint "G1CollectForAllocation", Time since last: 5882474 ns, Reaching safepoint: 7430 ns, Cleanup: 1629 ns, At safepoint: 1782171 ns, Leaving safepoint: 8555 ns, Total: 1799785 ns
[9.991s][info][gc       ] GC(1061) Pause Young (Normal) (G1 Evacuation Pause) (Evacuation Failure) 248M->253M(256M) 1.221ms
[9.991s][info][gc,cpu   ] GC(1061) User=0.00s Sys=0.00s Real=0.00s
[9.991s][info][safepoint] Safepoint "G1CollectForAllocation", Time since last: 861865 ns, Reaching safepoint: 1214 ns, Cleanup: 1533 ns, At safepoint: 1242107 ns, Leaving safepoint: 838 ns, Total: 1245692 ns
[9.992s][info][gc       ] GC(1062) Pause Young (Normal) (G1 Evacuation Pause) (Evacuation Failure) 255M->255M(256M) 0.249ms
[9.992s][info][gc,cpu   ] GC(1062) User=0.00s Sys=0.00s Real=0.00s
[10.038s][info][gc       ] GC(1063) Pause Full (G1 Compaction Pause) 255M->109M(256M) 46.813ms
[10.039s][info][gc,cpu   ] GC(1063) User=0.02s Sys=0.00s Real=0.05s
[10.039s][info][safepoint] Safepoint "G1CollectForAllocation", Time since last: 189729 ns, Reaching safepoint: 774 ns, Cleanup: 998 ns, At safepoint: 47304905 ns, Leaving safepoint: 14400 ns, Total: 47321077 ns
[10.039s][info][gc       ] GC(1057) Pause Cleanup 111M->111M(256M) 0.011ms
[10.039s][info][gc,cpu   ] GC(1057) User=0.00s Sys=0.00s Real=0.00s
[10.039s][info][safepoint] Safepoint "G1PauseCleanup", Time since last: 608998 ns, Reaching safepoint: 2454 ns, Cleanup: 3332 ns, At safepoint: 29426 ns, Leaving safepoint: 789 ns, Total: 36001 ns
[10.039s][info][gc       ] GC(1057) Concurrent Mark Cycle 75.366ms
[10.073s][info][gc       ] GC(1064) Pause Young (Normal) (G1 Evacuation Pause) 157M->146M(256M) 15.777ms
[10.073s][info][gc,cpu   ] GC(1064) User=0.01s Sys=0.00s Real=0.01s
[10.073s][info][safepoint] Safepoint "G1CollectForAllocation", Time since last: 17542155 ns, Reaching safepoint: 4424 ns, Cleanup: 4279 ns, At safepoint: 15820960 ns, Leaving safepoint: 1730 ns, Total: 15831393 ns
[10.101s][info][gc       ] GC(1065) Pause Young (Concurrent Start) (G1 Evacuation Pause) 181M->174M(256M) 14.040ms
[10.101s][info][gc,cpu   ] GC(1065) User=0.01s Sys=0.00s Real=0.02s
[10.101s][info][gc       ] GC(1066) Concurrent Mark Cycle
[10.101s][info][safepoint] Safepoint "G1CollectForAllocation", Time since last: 14220287 ns, Reaching safepoint: 2762 ns, Cleanup: 3551 ns, At safepoint: 14132586 ns, Leaving safepoint: 141747 ns, Total: 14280646 ns
[10.119s][info][gc       ] GC(1066) Pause Remark 183M->182M(256M) 0.339ms
[10.119s][info][gc,cpu   ] GC(1066) User=0.00s Sys=0.00s Real=0.00s
[10.119s][info][safepoint] Safepoint "G1PauseRemark", Time since last: 11114857 ns, Reaching safepoint: 6020972 ns, Cleanup: 4857 ns, At safepoint: 378890 ns, Leaving safepoint: 3799 ns, Total: 6408518 ns
[10.154s][info][gc       ] GC(1067) Pause Young (Normal) (G1 Evacuation Pause) 198M->194M(256M) 17.823ms
[10.154s][info][gc,cpu   ] GC(1067) User=0.00s Sys=0.00s Real=0.02s
[10.154s][info][safepoint] Safepoint "G1CollectForAllocation", Time since last: 10065316 ns, Reaching safepoint: 7206631 ns, Cleanup: 4478 ns, At safepoint: 17868909 ns, Leaving safepoint: 2731 ns, Total: 25082749 ns
[10.173s][info][gc       ] GC(1068) Pause Young (Normal) (G1 Evacuation Pause) 212M->209M(256M) 7.642ms
[10.173s][info][gc,cpu   ] GC(1068) User=0.00s Sys=0.00s Real=0.01s
[10.173s][info][safepoint] Safepoint "G1CollectForAllocation", Time since last: 6976168 ns, Reaching safepoint: 4917999 ns, Cleanup: 4047 ns, At safepoint: 7682975 ns, Leaving safepoint: 2678 ns, Total: 12607699 ns
[10.185s][info][gc       ] GC(1069) Pause Young (Normal) (G1 Evacuation Pause) 222M->221M(256M) 4.362ms
[10.185s][info][gc,cpu   ] GC(1069) User=0.00s Sys=0.00s Real=0.00s
[10.185s][info][safepoint] Safepoint "G1CollectForAllocation", Time since last: 7511110 ns, Reaching safepoint: 8672 ns, Cleanup: 2924 ns, At safepoint: 4395893 ns, Leaving safepoint: 2396 ns, Total: 4409885 ns
[10.193s][info][gc       ] GC(1070) Pause Young (Normal) (G1 Evacuation Pause) 231M->230M(256M) 3.982ms
[10.193s][info][gc,cpu   ] GC(1070) User=0.01s Sys=0.00s Real=0.00s
[10.193s][info][safepoint] Safepoint "G1CollectForAllocation", Time since last: 3455166 ns, Reaching safepoint: 409120 ns, Cleanup: 2847 ns, At safepoint: 4013464 ns, Leaving safepoint: 2918 ns, Total: 4428349 ns
[10.202s][info][gc       ] GC(1071) Pause Young (Normal) (G1 Evacuation Pause) 240M->239M(256M) 4.124ms
[10.202s][info][gc,cpu   ] GC(1071) User=0.00s Sys=0.00s Real=0.00s
[10.202s][info][safepoint] Safepoint "G1CollectForAllocation", Time since last: 3544485 ns, Reaching safepoint: 1465123 ns, Cleanup: 3022 ns, At safepoint: 4155893 ns, Leaving safepoint: 2194 ns, Total: 5626232 ns
[10.208s][info][gc       ] GC(1072) Pause Young (Normal) (G1 Evacuation Pause) (Evacuation Failure) 249M->251M(256M) 1.738ms
[10.208s][info][gc,cpu   ] GC(1072) User=0.00s Sys=0.00s Real=0.00s
[10.208s][info][safepoint] Safepoint "G1CollectForAllocation", Time since last: 3497127 ns, Reaching safepoint: 667647 ns, Cleanup: 2772 ns, At safepoint: 1766893 ns, Leaving safepoint: 2246 ns, Total: 2439558 ns
[10.220s][info][gc       ] GC(1073) Pause Young (Normal) (G1 Evacuation Pause) (Evacuation Failure) 253M->253M(256M) 0.410ms
[10.220s][info][gc,cpu   ] GC(1073) User=0.00s Sys=0.00s Real=0.00s
[10.280s][info][gc       ] GC(1074) Pause Full (G1 Compaction Pause) 253M->108M(256M) 60.370ms
[10.280s][info][gc,cpu   ] GC(1074) User=0.03s Sys=0.00s Real=0.06s
[10.280s][info][safepoint] Safepoint "G1CollectForAllocation", Time since last: 4423493 ns, Reaching safepoint: 6919164 ns, Cleanup: 3257 ns, At safepoint: 60860154 ns, Leaving safepoint: 6931 ns, Total: 67789506 ns
[10.281s][info][gc       ] GC(1066) Pause Cleanup 108M->108M(256M) 0.005ms
[10.281s][info][gc,cpu   ] GC(1066) User=0.00s Sys=0.00s Real=0.00s
[10.281s][info][safepoint] Safepoint "G1PauseCleanup", Time since last: 86497 ns, Reaching safepoint: 121848 ns, Cleanup: 2856 ns, At safepoint: 14956 ns, Leaving safepoint: 1671 ns, Total: 141331 ns
[10.281s][info][gc       ] GC(1066) Concurrent Mark Cycle 179.756ms
[10.316s][info][gc       ] GC(1075) Pause Young (Normal) (G1 Evacuation Pause) 157M->149M(256M) 18.578ms
[10.316s][info][gc,cpu   ] GC(1075) User=0.01s Sys=0.00s Real=0.01s
[10.317s][info][safepoint] Safepoint "G1CollectForAllocation", Time since last: 17156141 ns, Reaching safepoint: 6696 ns, Cleanup: 3545 ns, At safepoint: 18624822 ns, Leaving safepoint: 2783 ns, Total: 18637846 ns
[10.335s][info][gc       ] GC(1076) Pause Young (Concurrent Start) (G1 Evacuation Pause) 183M->176M(256M) 7.737ms
[10.335s][info][gc,cpu   ] GC(1076) User=0.00s Sys=0.00s Real=0.01s
[10.335s][info][safepoint] Safepoint "G1CollectForAllocation", Time since last: 10646471 ns, Reaching safepoint: 3372 ns, Cleanup: 3546 ns, At safepoint: 7793737 ns, Leaving safepoint: 1960 ns, Total: 7802615 ns
[10.335s][info][gc       ] GC(1077) Concurrent Mark Cycle
[10.341s][info][gc       ] GC(1077) Pause Remark 196M->195M(256M) 0.158ms
[10.341s][info][gc,cpu   ] GC(1077) User=0.00s Sys=0.00s Real=0.00s
[10.341s][info][safepoint] Safepoint "G1PauseRemark", Time since last: 6151591 ns, Reaching safepoint: 94227 ns, Cleanup: 3524 ns, At safepoint: 214805 ns, Leaving safepoint: 1417 ns, Total: 313973 ns
[10.343s][info][gc       ] GC(1077) Pause Cleanup 196M->196M(256M) 0.115ms
[10.343s][info][gc,cpu   ] GC(1077) User=0.00s Sys=0.00s Real=0.00s
[10.343s][info][safepoint] Safepoint "G1PauseCleanup", Time since last: 1488306 ns, Reaching safepoint: 2270 ns, Cleanup: 1840 ns, At safepoint: 135577 ns, Leaving safepoint: 1029 ns, Total: 140716 ns
[10.349s][info][gc       ] GC(1078) Pause Young (Prepare Mixed) (G1 Evacuation Pause) 199M->196M(256M) 5.487ms
[10.349s][info][gc,cpu   ] GC(1078) User=0.01s Sys=0.00s Real=0.01s
[10.353s][info][gc       ] GC(1077) Concurrent Mark Cycle 18.163ms
[10.353s][info][safepoint] Safepoint "G1CollectForAllocation", Time since last: 434886 ns, Reaching safepoint: 1671 ns, Cleanup: 1254 ns, At safepoint: 5516172 ns, Leaving safepoint: 4144350 ns, Total: 9663447 ns
[10.366s][info][gc       ] GC(1079) Pause Young (Mixed) (G1 Evacuation Pause) 212M->191M(256M) 4.868ms
[10.366s][info][gc,cpu   ] GC(1079) User=0.01s Sys=0.00s Real=0.00s
[10.366s][info][safepoint] Safepoint "G1CollectForAllocation", Time since last: 7567395 ns, Reaching safepoint: 6880 ns, Cleanup: 2167 ns, At safepoint: 4899551 ns, Leaving safepoint: 3049 ns, Total: 4911647 ns
[10.378s][info][gc       ] GC(1080) Pause Young (Mixed) (G1 Evacuation Pause) 210M->189M(256M) 5.328ms
[10.378s][info][gc,cpu   ] GC(1080) User=0.01s Sys=0.00s Real=0.01s
[10.378s][info][safepoint] Safepoint "G1CollectForAllocation", Time since last: 7063651 ns, Reaching safepoint: 6449 ns, Cleanup: 1487 ns, At safepoint: 5350005 ns, Leaving safepoint: 2153 ns, Total: 5360094 ns
[10.390s][info][gc       ] GC(1081) Pause Young (Mixed) (G1 Evacuation Pause) 209M->189M(256M) 4.954ms
[10.390s][info][gc,cpu   ] GC(1081) User=0.01s Sys=0.00s Real=0.01s
[10.393s][info][safepoint] Safepoint "G1CollectForAllocation", Time since last: 6643224 ns, Reaching safepoint: 6813 ns, Cleanup: 1317 ns, At safepoint: 4975454 ns, Leaving safepoint: 3026103 ns, Total: 8009687 ns
[10.401s][info][gc       ] GC(1082) Pause Young (Mixed) (G1 Evacuation Pause) 209M->193M(256M) 4.590ms
[10.401s][info][gc,cpu   ] GC(1082) User=0.00s Sys=0.00s Real=0.00s
[10.405s][info][safepoint] Safepoint "G1CollectForAllocation", Time since last: 3986686 ns, Reaching safepoint: 4506 ns, Cleanup: 1386 ns, At safepoint: 4614291 ns, Leaving safepoint: 3375900 ns, Total: 7996083 ns
[10.416s][info][gc       ] GC(1083) Pause Young (Concurrent Start) (G1 Evacuation Pause) 212M->211M(256M) 4.070ms
[10.416s][info][gc       ] GC(1084) Concurrent Mark Cycle
[10.417s][info][gc,cpu   ] GC(1083) User=0.01s Sys=0.00s Real=0.00s
[10.417s][info][safepoint] Safepoint "G1CollectForAllocation", Time since last: 7408229 ns, Reaching safepoint: 116743 ns, Cleanup: 2092 ns, At safepoint: 4338163 ns, Leaving safepoint: 4143 ns, Total: 4461141 ns
[10.427s][info][gc       ] GC(1085) Pause Young (Normal) (G1 Evacuation Pause) 224M->222M(256M) 2.565ms
[10.427s][info][gc,cpu   ] GC(1085) User=0.01s Sys=0.00s Real=0.00s
[10.427s][info][safepoint] Safepoint "G1CollectForAllocation", Time since last: 8137593 ns, Reaching safepoint: 14139 ns, Cleanup: 2571 ns, At safepoint: 2593733 ns, Leaving safepoint: 8414 ns, Total: 2618857 ns
[10.429s][info][gc       ] GC(1084) Pause Remark 231M->224M(256M) 0.175ms
[10.429s][info][gc,cpu   ] GC(1084) User=0.00s Sys=0.00s Real=0.00s
[10.429s][info][safepoint] Safepoint "G1PauseRemark", Time since last: 1408096 ns, Reaching safepoint: 100580 ns, Cleanup: 2777 ns, At safepoint: 194636 ns, Leaving safepoint: 54207 ns, Total: 352200 ns
[10.435s][info][gc       ] GC(1086) Pause Young (Normal) (G1 Evacuation Pause) 225M->225M(256M) 1.905ms
[10.435s][info][gc,cpu   ] GC(1086) User=0.00s Sys=0.00s Real=0.00s
[10.435s][info][safepoint] Safepoint "G1CollectForAllocation", Time since last: 3764937 ns, Reaching safepoint: 9380 ns, Cleanup: 1913 ns, At safepoint: 1932128 ns, Leaving safepoint: 2739 ns, Total: 1946160 ns
[10.442s][info][gc       ] GC(1087) Pause Young (Normal) (G1 Evacuation Pause) 235M->234M(256M) 1.970ms
[10.442s][info][gc,cpu   ] GC(1087) User=0.00s Sys=0.00s Real=0.00s
[10.442s][info][safepoint] Safepoint "G1CollectForAllocation", Time since last: 5111456 ns, Reaching safepoint: 8556 ns, Cleanup: 2011 ns, At safepoint: 1996784 ns, Leaving safepoint: 2428 ns, Total: 2009779 ns
[10.446s][info][gc       ] GC(1088) Pause Young (Normal) (G1 Evacuation Pause) 244M->243M(256M) 1.604ms
[10.446s][info][gc,cpu   ] GC(1088) User=0.01s Sys=0.00s Real=0.00s
[10.446s][info][safepoint] Safepoint "G1CollectForAllocation", Time since last: 2791957 ns, Reaching safepoint: 4606 ns, Cleanup: 1609 ns, At safepoint: 1627583 ns, Leaving safepoint: 2297 ns, Total: 1636095 ns
[10.448s][info][gc       ] GC(1089) Pause Young (Normal) (G1 Evacuation Pause) (Evacuation Failure) 253M->255M(256M) 0.663ms
[10.448s][info][gc,cpu   ] GC(1089) User=0.00s Sys=0.00s Real=0.00s
[10.472s][info][gc       ] GC(1090) Pause Full (G1 Compaction Pause) 255M->108M(256M) 24.018ms
[10.472s][info][gc,cpu   ] GC(1090) User=0.02s Sys=0.00s Real=0.03s
[10.477s][info][safepoint] Safepoint "G1CollectForAllocation", Time since last: 830858 ns, Reaching safepoint: 1521 ns, Cleanup: 1492 ns, At safepoint: 24734260 ns, Leaving safepoint: 4800015 ns, Total: 29537288 ns
[10.477s][info][gc       ] GC(1084) Pause Cleanup 109M->109M(256M) 0.009ms
[10.477s][info][gc,cpu   ] GC(1084) User=0.00s Sys=0.00s Real=0.00s
[10.477s][info][safepoint] Safepoint "G1PauseCleanup", Time since last: 237785 ns, Reaching safepoint: 8988 ns, Cleanup: 2359 ns, At safepoint: 24804 ns, Leaving safepoint: 3466 ns, Total: 39617 ns
[10.477s][info][gc       ] GC(1084) Concurrent Mark Cycle 60.669ms
[10.493s][info][gc       ] GC(1091) Pause Young (Normal) (G1 Evacuation Pause) 157M->148M(256M) 7.751ms
[10.493s][info][gc,cpu   ] GC(1091) User=0.01s Sys=0.00s Real=0.01s
[10.493s][info][safepoint] Safepoint "G1CollectForAllocation", Time since last: 7962855 ns, Reaching safepoint: 2393 ns, Cleanup: 2252 ns, At safepoint: 7782149 ns, Leaving safepoint: 10100 ns, Total: 7796894 ns
[10.504s][info][gc       ] GC(1092) Pause Young (Concurrent Start) (G1 Evacuation Pause) 183M->176M(256M) 6.556ms
[10.504s][info][gc,cpu   ] GC(1092) User=0.00s Sys=0.00s Real=0.00s
[10.504s][info][safepoint] Safepoint "G1CollectForAllocation", Time since last: 5111897 ns, Reaching safepoint: 1726 ns, Cleanup: 2208 ns, At safepoint: 6590411 ns, Leaving safepoint: 1340 ns, Total: 6595685 ns
[10.504s][info][gc       ] GC(1093) Concurrent Mark Cycle
[10.520s][info][gc       ] GC(1094) Pause Young (Normal) (G1 Evacuation Pause) 200M->195M(256M) 4.800ms
[10.520s][info][gc,cpu   ] GC(1094) User=0.01s Sys=0.00s Real=0.01s
[10.520s][info][safepoint] Safepoint "G1CollectForAllocation", Time since last: 11061979 ns, Reaching safepoint: 7206 ns, Cleanup: 1897 ns, At safepoint: 4829259 ns, Leaving safepoint: 2067 ns, Total: 4840429 ns
[10.532s][info][gc       ] GC(1095) Pause Young (Normal) (G1 Evacuation Pause) 212M->211M(256M) 3.226ms
[10.532s][info][gc,cpu   ] GC(1095) User=0.00s Sys=0.00s Real=0.00s
[10.532s][info][safepoint] Safepoint "G1CollectForAllocation", Time since last: 8342328 ns, Reaching safepoint: 7822 ns, Cleanup: 2789 ns, At safepoint: 3255811 ns, Leaving safepoint: 17208 ns, Total: 3283630 ns
[10.532s][info][gc       ] GC(1093) Pause Remark 212M->212M(256M) 0.127ms
[10.532s][info][gc,cpu   ] GC(1093) User=0.00s Sys=0.00s Real=0.00s
[10.532s][info][safepoint] Safepoint "G1PauseRemark", Time since last: 124007 ns, Reaching safepoint: 839 ns, Cleanup: 1461 ns, At safepoint: 134797 ns, Leaving safepoint: 526 ns, Total: 137623 ns
[10.538s][info][gc       ] GC(1093) Pause Cleanup 212M->212M(256M) 0.106ms
[10.538s][info][gc,cpu   ] GC(1093) User=0.00s Sys=0.00s Real=0.00s
[10.538s][info][safepoint] Safepoint "G1PauseCleanup", Time since last: 5991306 ns, Reaching safepoint: 8487 ns, Cleanup: 1697 ns, At safepoint: 130454 ns, Leaving safepoint: 26880 ns, Total: 167518 ns
[10.539s][info][gc       ] GC(1093) Concurrent Mark Cycle 34.361ms
[10.543s][info][gc       ] GC(1096) Pause Young (Prepare Mixed) (G1 Evacuation Pause) 223M->222M(256M) 2.579ms
[10.543s][info][gc,cpu   ] GC(1096) User=0.00s Sys=0.00s Real=0.00s
[10.543s][info][safepoint] Safepoint "G1CollectForAllocation", Time since last: 1519910 ns, Reaching safepoint: 1263 ns, Cleanup: 1220 ns, At safepoint: 2606496 ns, Leaving safepoint: 2150 ns, Total: 2611129 ns
[10.547s][info][gc       ] GC(1097) Pause Young (Mixed) (G1 Evacuation Pause) 232M->209M(256M) 2.170ms
[10.547s][info][gc,cpu   ] GC(1097) User=0.01s Sys=0.00s Real=0.00s
[10.547s][info][safepoint] Safepoint "G1CollectForAllocation", Time since last: 2166342 ns, Reaching safepoint: 5380 ns, Cleanup: 1782 ns, At safepoint: 2190611 ns, Leaving safepoint: 1853 ns, Total: 2199626 ns
[10.556s][info][gc       ] GC(1098) Pause Young (Mixed) (G1 Evacuation Pause) 222M->201M(256M) 3.435ms
[10.556s][info][gc,cpu   ] GC(1098) User=0.00s Sys=0.00s Real=0.00s
[10.556s][info][safepoint] Safepoint "G1CollectForAllocation", Time since last: 5820562 ns, Reaching safepoint: 7987 ns, Cleanup: 1989 ns, At safepoint: 3462957 ns, Leaving safepoint: 23960 ns, Total: 3496893 ns
[10.562s][info][gc       ] GC(1099) Pause Young (Mixed) (G1 Evacuation Pause) 217M->195M(256M) 3.916ms
[10.562s][info][gc,cpu   ] GC(1099) User=0.00s Sys=0.00s Real=0.00s
[10.565s][info][safepoint] Safepoint "G1CollectForAllocation", Time since last: 1780700 ns, Reaching safepoint: 1673 ns, Cleanup: 1944 ns, At safepoint: 3942777 ns, Leaving safepoint: 2764768 ns, Total: 6711162 ns
[10.573s][info][gc       ] GC(1100) Pause Young (Mixed) (G1 Evacuation Pause) 213M->196M(256M) 4.289ms
[10.573s][info][gc,cpu   ] GC(1100) User=0.00s Sys=0.00s Real=0.00s
[10.573s][info][safepoint] Safepoint "G1CollectForAllocation", Time since last: 3994707 ns, Reaching safepoint: 5396 ns, Cleanup: 1860 ns, At safepoint: 4315910 ns, Leaving safepoint: 9979 ns, Total: 4333145 ns
[10.583s][info][gc       ] GC(1101) Pause Young (Concurrent Start) (G1 Evacuation Pause) 214M->212M(256M) 3.296ms
[10.583s][info][gc       ] GC(1102) Concurrent Mark Cycle
[10.583s][info][gc,cpu   ] GC(1101) User=0.00s Sys=0.00s Real=0.00s
[10.586s][info][safepoint] Safepoint "G1CollectForAllocation", Time since last: 6857466 ns, Reaching safepoint: 1708 ns, Cleanup: 2078 ns, At safepoint: 3403271 ns, Leaving safepoint: 2763583 ns, Total: 6170640 ns
[10.591s][info][gc       ] GC(1103) Pause Young (Normal) (G1 Evacuation Pause) 225M->224M(256M) 2.705ms
[10.591s][info][gc,cpu   ] GC(1103) User=0.00s Sys=0.00s Real=0.00s
[10.591s][info][safepoint] Safepoint "G1CollectForAllocation", Time since last: 2645573 ns, Reaching safepoint: 5715 ns, Cleanup: 1985 ns, At safepoint: 2728398 ns, Leaving safepoint: 11401 ns, Total: 2747499 ns
[10.592s][info][gc       ] GC(1102) Pause Remark 224M->223M(256M) 0.119ms
[10.592s][info][gc,cpu   ] GC(1102) User=0.00s Sys=0.00s Real=0.00s
[10.593s][info][safepoint] Safepoint "G1PauseRemark", Time since last: 14534 ns, Reaching safepoint: 133963 ns, Cleanup: 1408 ns, At safepoint: 129114 ns, Leaving safepoint: 956592 ns, Total: 1221077 ns
[10.598s][info][gc       ] GC(1104) Pause Young (Normal) (G1 Evacuation Pause) 233M->232M(256M) 2.232ms
[10.598s][info][gc,cpu   ] GC(1104) User=0.00s Sys=0.00s Real=0.01s
[10.601s][info][safepoint] Safepoint "G1CollectForAllocation", Time since last: 2602826 ns, Reaching safepoint: 8461 ns, Cleanup: 1456 ns, At safepoint: 2260170 ns, Leaving safepoint: 3134229 ns, Total: 5404316 ns
[10.601s][info][gc       ] GC(1102) Pause Cleanup 233M->233M(256M) 0.113ms
[10.601s][info][gc,cpu   ] GC(1102) User=0.00s Sys=0.00s Real=0.00s
[10.601s][info][safepoint] Safepoint "G1PauseCleanup", Time since last: 21156 ns, Reaching safepoint: 77965 ns, Cleanup: 1451 ns, At safepoint: 140732 ns, Leaving safepoint: 3864 ns, Total: 224012 ns
[10.601s][info][gc       ] GC(1102) Concurrent Mark Cycle 18.143ms
[10.604s][info][gc       ] GC(1105) Pause Young (Prepare Mixed) (G1 Evacuation Pause) 242M->242M(256M) 1.667ms
[10.604s][info][gc,cpu   ] GC(1105) User=0.00s Sys=0.00s Real=0.00s
[10.604s][info][safepoint] Safepoint "G1CollectForAllocation", Time since last: 1238302 ns, Reaching safepoint: 943 ns, Cleanup: 1382 ns, At safepoint: 1685380 ns, Leaving safepoint: 15855 ns, Total: 1703560 ns
[10.610s][info][gc       ] GC(1106) Pause Young (Mixed) (G1 Evacuation Pause) (Evacuation Failure) 252M->242M(256M) 1.375ms
[10.610s][info][gc,cpu   ] GC(1106) User=0.00s Sys=0.00s Real=0.00s
[10.610s][info][safepoint] Safepoint "G1CollectForAllocation", Time since last: 4836199 ns, Reaching safepoint: 8467 ns, Cleanup: 2030 ns, At safepoint: 1402799 ns, Leaving safepoint: 31870 ns, Total: 1445166 ns
[10.614s][info][gc       ] GC(1107) Pause Young (Mixed) (G1 Evacuation Pause) (Evacuation Failure) 252M->249M(256M) 1.935ms
[10.614s][info][gc,cpu   ] GC(1107) User=0.00s Sys=0.00s Real=0.00s
[10.616s][info][safepoint] Safepoint "G1CollectForAllocation", Time since last: 1509081 ns, Reaching safepoint: 1445 ns, Cleanup: 1728 ns, At safepoint: 1957068 ns, Leaving safepoint: 2056281 ns, Total: 4016522 ns
[10.622s][info][gc       ] GC(1108) Pause Young (Mixed) (G1 Evacuation Pause) (Evacuation Failure) 255M->255M(256M) 1.099ms
[10.622s][info][gc,cpu   ] GC(1108) User=0.00s Sys=0.00s Real=0.00s
[10.647s][info][gc       ] GC(1109) Pause Full (G1 Compaction Pause) 255M->108M(256M) 25.247ms
[10.647s][info][gc,cpu   ] GC(1109) User=0.02s Sys=0.00s Real=0.02s
[10.653s][info][safepoint] Safepoint "G1CollectForAllocation", Time since last: 5040949 ns, Reaching safepoint: 6346 ns, Cleanup: 2120 ns, At safepoint: 26417489 ns, Leaving safepoint: 5568817 ns, Total: 31994772 ns
[10.672s][info][gc       ] GC(1110) Pause Young (Normal) (G1 Evacuation Pause) 159M->149M(256M) 9.455ms
[10.672s][info][gc,cpu   ] GC(1110) User=0.01s Sys=0.00s Real=0.01s
[10.677s][info][safepoint] Safepoint "G1CollectForAllocation", Time since last: 9560521 ns, Reaching safepoint: 2523 ns, Cleanup: 3663 ns, At safepoint: 9489879 ns, Leaving safepoint: 4905143 ns, Total: 14401208 ns
[10.688s][info][gc       ] GC(1111) Pause Young (Normal) (G1 Evacuation Pause) 184M->177M(256M) 6.385ms
[10.688s][info][gc,cpu   ] GC(1111) User=0.00s Sys=0.00s Real=0.00s
[10.690s][info][safepoint] Safepoint "G1CollectForAllocation", Time since last: 4929744 ns, Reaching safepoint: 2256 ns, Cleanup: 2826 ns, At safepoint: 6413735 ns, Leaving safepoint: 2303763 ns, Total: 8722580 ns
[10.698s][info][gc       ] GC(1112) Pause Young (Concurrent Start) (G1 Evacuation Pause) 201M->197M(256M) 4.965ms
[10.698s][info][gc,cpu   ] GC(1112) User=0.01s Sys=0.00s Real=0.01s
[10.698s][info][safepoint] Safepoint "G1CollectForAllocation", Time since last: 2958274 ns, Reaching safepoint: 2057 ns, Cleanup: 5327 ns, At safepoint: 4993551 ns, Leaving safepoint: 717 ns, Total: 5001652 ns
[10.700s][info][gc       ] GC(1113) Concurrent Mark Cycle
[10.708s][info][gc       ] GC(1114) Pause Young (Normal) (G1 Evacuation Pause) 214M->213M(256M) 3.247ms
[10.708s][info][gc,cpu   ] GC(1114) User=0.00s Sys=0.00s Real=0.00s
[10.708s][info][safepoint] Safepoint "G1CollectForAllocation", Time since last: 6406466 ns, Reaching safepoint: 90018 ns, Cleanup: 2496 ns, At safepoint: 3275973 ns, Leaving safepoint: 4233 ns, Total: 3372720 ns
[10.709s][info][gc       ] GC(1113) Pause Remark 217M->215M(256M) 0.142ms
[10.709s][info][gc,cpu   ] GC(1113) User=0.00s Sys=0.00s Real=0.00s
[10.709s][info][safepoint] Safepoint "G1PauseRemark", Time since last: 750618 ns, Reaching safepoint: 1909 ns, Cleanup: 1684 ns, At safepoint: 157658 ns, Leaving safepoint: 713 ns, Total: 161964 ns
[10.711s][info][gc       ] GC(1113) Pause Cleanup 216M->216M(256M) 0.095ms
[10.711s][info][gc,cpu   ] GC(1113) User=0.00s Sys=0.00s Real=0.00s
[10.711s][info][safepoint] Safepoint "G1PauseCleanup", Time since last: 1827095 ns, Reaching safepoint: 1262 ns, Cleanup: 1338 ns, At safepoint: 136109 ns, Leaving safepoint: 830 ns, Total: 139539 ns
[10.712s][info][gc       ] GC(1113) Concurrent Mark Cycle 11.707ms
[10.714s][info][gc       ] GC(1115) Pause Young (Prepare Mixed) (G1 Evacuation Pause) 222M->221M(256M) 2.299ms
[10.714s][info][gc,cpu   ] GC(1115) User=0.00s Sys=0.00s Real=0.00s
[10.714s][info][safepoint] Safepoint "G1CollectForAllocation", Time since last: 1086956 ns, Reaching safepoint: 1557 ns, Cleanup: 1343 ns, At safepoint: 2324653 ns, Leaving safepoint: 47984 ns, Total: 2375537 ns
[10.720s][info][gc       ] GC(1116) Pause Young (Mixed) (G1 Evacuation Pause) 230M->209M(256M) 2.894ms
[10.720s][info][gc,cpu   ] GC(1116) User=0.01s Sys=0.00s Real=0.00s
[10.720s][info][safepoint] Safepoint "G1CollectForAllocation", Time since last: 2483437 ns, Reaching safepoint: 1693 ns, Cleanup: 1585 ns, At safepoint: 2914788 ns, Leaving safepoint: 5214 ns, Total: 2923280 ns
[10.728s][info][gc       ] GC(1117) Pause Young (Mixed) (G1 Evacuation Pause) 222M->201M(256M) 3.351ms
[10.728s][info][gc,cpu   ] GC(1117) User=0.00s Sys=0.00s Real=0.00s
[10.728s][info][safepoint] Safepoint "G1CollectForAllocation", Time since last: 4882267 ns, Reaching safepoint: 6680 ns, Cleanup: 1848 ns, At safepoint: 3374856 ns, Leaving safepoint: 18614 ns, Total: 3401998 ns
[10.738s][info][gc       ] GC(1118) Pause Young (Mixed) (G1 Evacuation Pause) 217M->195M(256M) 3.988ms
[10.738s][info][gc,cpu   ] GC(1118) User=0.01s Sys=0.00s Real=0.01s
[10.738s][info][safepoint] Safepoint "G1CollectForAllocation", Time since last: 6094786 ns, Reaching safepoint: 5929 ns, Cleanup: 1869 ns, At safepoint: 4010506 ns, Leaving safepoint: 1924 ns, Total: 4020228 ns
[10.745s][info][gc       ] GC(1119) Pause Young (Mixed) (G1 Evacuation Pause) 213M->191M(256M) 4.442ms
[10.745s][info][gc,cpu   ] GC(1119) User=0.00s Sys=0.00s Real=0.00s
[10.749s][info][safepoint] Safepoint "G1CollectForAllocation", Time since last: 2309902 ns, Reaching safepoint: 963 ns, Cleanup: 1421 ns, At safepoint: 4462759 ns, Leaving safepoint: 3701100 ns, Total: 8166243 ns
[10.755s][info][gc       ] GC(1120) Pause Young (Mixed) (G1 Evacuation Pause) 211M->195M(256M) 4.429ms
[10.755s][info][gc,cpu   ] GC(1120) User=0.00s Sys=0.00s Real=0.00s
[10.755s][info][safepoint] Safepoint "G1CollectForAllocation", Time since last: 2081366 ns, Reaching safepoint: 5621 ns, Cleanup: 1501 ns, At safepoint: 4447852 ns, Leaving safepoint: 2320 ns, Total: 4457294 ns
[10.760s][info][gc       ] GC(1121) Pause Young (Concurrent Start) (G1 Evacuation Pause) 214M->212M(256M) 3.075ms
[10.760s][info][gc       ] GC(1122) Concurrent Mark Cycle
[10.760s][info][gc,cpu   ] GC(1121) User=0.01s Sys=0.00s Real=0.00s
[10.765s][info][safepoint] Safepoint "G1CollectForAllocation", Time since last: 1616505 ns, Reaching safepoint: 974 ns, Cleanup: 1317 ns, At safepoint: 3171602 ns, Leaving safepoint: 4669732 ns, Total: 7843625 ns
[10.770s][info][gc       ] GC(1123) Pause Young (Normal) (G1 Evacuation Pause) 225M->224M(256M) 2.571ms
[10.770s][info][gc,cpu   ] GC(1123) User=0.01s Sys=0.00s Real=0.01s
[10.773s][info][safepoint] Safepoint "G1CollectForAllocation", Time since last: 2272155 ns, Reaching safepoint: 6618 ns, Cleanup: 1620 ns, At safepoint: 2595189 ns, Leaving safepoint: 3132739 ns, Total: 5736166 ns
[10.773s][info][gc       ] GC(1122) Pause Remark 225M->222M(256M) 0.154ms
[10.773s][info][gc,cpu   ] GC(1122) User=0.00s Sys=0.00s Real=0.00s
[10.773s][info][safepoint] Safepoint "G1PauseRemark", Time since last: 40823 ns, Reaching safepoint: 85247 ns, Cleanup: 1734 ns, At safepoint: 169750 ns, Leaving safepoint: 3896 ns, Total: 260627 ns
[10.775s][info][gc       ] GC(1122) Pause Cleanup 222M->222M(256M) 0.102ms
[10.775s][info][gc,cpu   ] GC(1122) User=0.00s Sys=0.00s Real=0.00s
[10.775s][info][safepoint] Safepoint "G1PauseCleanup", Time since last: 1643560 ns, Reaching safepoint: 1301 ns, Cleanup: 1573 ns, At safepoint: 118823 ns, Leaving safepoint: 700 ns, Total: 122397 ns
[10.777s][info][gc       ] GC(1124) Pause Young (Prepare Mixed) (G1 Evacuation Pause) 231M->230M(256M) 1.858ms
[10.777s][info][gc,cpu   ] GC(1124) User=0.00s Sys=0.00s Real=0.01s
[10.777s][info][safepoint] Safepoint "G1CollectForAllocation", Time since last: 714387 ns, Reaching safepoint: 1103 ns, Cleanup: 1140 ns, At safepoint: 1918202 ns, Leaving safepoint: 2671 ns, Total: 1923116 ns
[10.779s][info][gc       ] GC(1122) Concurrent Mark Cycle 18.643ms
[10.781s][info][gc       ] GC(1125) Pause Young (Mixed) (G1 Evacuation Pause) 240M->216M(256M) 2.244ms
[10.781s][info][gc,cpu   ] GC(1125) User=0.00s Sys=0.00s Real=0.00s
[10.785s][info][safepoint] Safepoint "G1CollectForAllocation", Time since last: 1204837 ns, Reaching safepoint: 1632 ns, Cleanup: 1414 ns, At safepoint: 2265902 ns, Leaving safepoint: 3818976 ns, Total: 6087924 ns
[10.788s][info][gc       ] GC(1126) Pause Young (Mixed) (G1 Evacuation Pause) 227M->204M(256M) 2.492ms
[10.788s][info][gc,cpu   ] GC(1126) User=0.00s Sys=0.00s Real=0.00s
[10.788s][info][safepoint] Safepoint "G1CollectForAllocation", Time since last: 838487 ns, Reaching safepoint: 6781 ns, Cleanup: 1982 ns, At safepoint: 2513206 ns, Leaving safepoint: 1894 ns, Total: 2523863 ns
[10.796s][info][gc       ] GC(1127) Pause Young (Mixed) (G1 Evacuation Pause) 219M->198M(256M) 3.541ms
[10.796s][info][gc,cpu   ] GC(1127) User=0.00s Sys=0.00s Real=0.00s
[10.801s][info][safepoint] Safepoint "G1CollectForAllocation", Time since last: 4626145 ns, Reaching safepoint: 5504 ns, Cleanup: 1753 ns, At safepoint: 3562602 ns, Leaving safepoint: 4433503 ns, Total: 8003362 ns
[10.806s][info][gc       ] GC(1128) Pause Young (Mixed) (G1 Evacuation Pause) 216M->194M(256M) 4.348ms
[10.806s][info][gc,cpu   ] GC(1128) User=0.00s Sys=0.00s Real=0.00s
[10.809s][info][safepoint] Safepoint "G1CollectForAllocation", Time since last: 1419565 ns, Reaching safepoint: 5459 ns, Cleanup: 1400 ns, At safepoint: 4367240 ns, Leaving safepoint: 2194089 ns, Total: 6568188 ns
[10.817s][info][gc       ] GC(1129) Pause Young (Mixed) (G1 Evacuation Pause) 213M->191M(256M) 4.175ms
[10.817s][info][gc,cpu   ] GC(1129) User=0.00s Sys=0.00s Real=0.01s
[10.821s][info][safepoint] Safepoint "G1CollectForAllocation", Time since last: 4010456 ns, Reaching safepoint: 3668 ns, Cleanup: 1415 ns, At safepoint: 4193721 ns, Leaving safepoint: 3802934 ns, Total: 8001738 ns
[10.827s][info][gc       ] GC(1130) Pause Young (Mixed) (G1 Evacuation Pause) 211M->204M(256M) 3.505ms
[10.827s][info][gc,cpu   ] GC(1130) User=0.00s Sys=0.00s Real=0.00s
[10.827s][info][safepoint] Safepoint "G1CollectForAllocation", Time since last: 3037113 ns, Reaching safepoint: 1831 ns, Cleanup: 1959 ns, At safepoint: 3530550 ns, Leaving safepoint: 1100 ns, Total: 3535440 ns
[10.836s][info][gc       ] GC(1131) Pause Young (Concurrent Start) (G1 Evacuation Pause) 220M->219M(256M) 2.829ms
[10.836s][info][gc,cpu   ] GC(1131) User=0.00s Sys=0.00s Real=0.00s
[10.836s][info][gc       ] GC(1132) Concurrent Mark Cycle
[10.838s][info][safepoint] Safepoint "G1CollectForAllocation", Time since last: 5426153 ns, Reaching safepoint: 7147 ns, Cleanup: 1554 ns, At safepoint: 2855634 ns, Leaving safepoint: 2585069 ns, Total: 5449404 ns
[10.841s][info][gc       ] GC(1133) Pause Young (Normal) (G1 Evacuation Pause) 228M->228M(256M) 1.799ms
[10.841s][info][gc,cpu   ] GC(1133) User=0.00s Sys=0.00s Real=0.00s
[10.845s][info][safepoint] Safepoint "G1CollectForAllocation", Time since last: 785529 ns, Reaching safepoint: 1238 ns, Cleanup: 1905 ns, At safepoint: 1821246 ns, Leaving safepoint: 3823247 ns, Total: 5647636 ns
[10.847s][info][gc       ] GC(1134) Pause Young (Normal) (G1 Evacuation Pause) 238M->238M(256M) 1.805ms
[10.847s][info][gc,cpu   ] GC(1134) User=0.00s Sys=0.00s Real=0.00s
[10.847s][info][safepoint] Safepoint "G1CollectForAllocation", Time since last: 736355 ns, Reaching safepoint: 6578 ns, Cleanup: 1590 ns, At safepoint: 1823400 ns, Leaving safepoint: 10040 ns, Total: 1841608 ns
[10.850s][info][gc       ] GC(1135) Pause Young (Normal) (G1 Evacuation Pause) (Evacuation Failure) 247M->254M(256M) 1.580ms
[10.850s][info][gc,cpu   ] GC(1135) User=0.00s Sys=0.00s Real=0.01s
[10.850s][info][safepoint] Safepoint "G1CollectForAllocation", Time since last: 834049 ns, Reaching safepoint: 1805 ns, Cleanup: 2010 ns, At safepoint: 1606639 ns, Leaving safepoint: 1974 ns, Total: 1612428 ns
[10.853s][info][gc       ] GC(1136) Pause Young (Normal) (G1 Evacuation Pause) (Evacuation Failure) 255M->255M(256M) 0.192ms
[10.853s][info][gc,cpu   ] GC(1136) User=0.00s Sys=0.00s Real=0.00s
[10.875s][info][gc       ] GC(1137) Pause Full (G1 Compaction Pause) 255M->109M(256M) 22.426ms
[10.875s][info][gc,cpu   ] GC(1137) User=0.02s Sys=0.00s Real=0.02s
[10.875s][info][safepoint] Safepoint "G1CollectForAllocation", Time since last: 3103338 ns, Reaching safepoint: 5948 ns, Cleanup: 1572 ns, At safepoint: 22691176 ns, Leaving safepoint: 4757 ns, Total: 22703453 ns
[10.885s][info][gc       ] GC(1132) Pause Remark 141M->141M(256M) 0.008ms
[10.885s][info][gc,cpu   ] GC(1132) User=0.00s Sys=0.00s Real=0.00s
[10.885s][info][safepoint] Safepoint "G1PauseRemark", Time since last: 9283255 ns, Reaching safepoint: 111833 ns, Cleanup: 3486 ns, At safepoint: 33688 ns, Leaving safepoint: 4028 ns, Total: 153035 ns
[10.885s][info][gc       ] GC(1132) Concurrent Mark Cycle 49.296ms
[10.895s][info][gc       ] GC(1138) Pause Young (Normal) (G1 Evacuation Pause) 158M->150M(256M) 7.604ms
[10.895s][info][gc,cpu   ] GC(1138) User=0.01s Sys=0.00s Real=0.01s
[10.897s][info][safepoint] Safepoint "G1CollectForAllocation", Time since last: 2821048 ns, Reaching safepoint: 1632 ns, Cleanup: 2173 ns, At safepoint: 7634494 ns, Leaving safepoint: 1398486 ns, Total: 9036785 ns
[10.912s][info][gc       ] GC(1139) Pause Young (Concurrent Start) (G1 Evacuation Pause) 184M->176M(256M) 7.070ms
[10.912s][info][gc,cpu   ] GC(1139) User=0.00s Sys=0.00s Real=0.01s
[10.912s][info][safepoint] Safepoint "G1CollectForAllocation", Time since last: 8463352 ns, Reaching safepoint: 1535 ns, Cleanup: 2047 ns, At safepoint: 7101096 ns, Leaving safepoint: 1036 ns, Total: 7105714 ns
[10.912s][info][gc       ] GC(1140) Concurrent Mark Cycle
[10.925s][info][gc       ] GC(1141) Pause Young (Normal) (G1 Evacuation Pause) 201M->197M(256M) 4.733ms
[10.925s][info][gc,cpu   ] GC(1141) User=0.00s Sys=0.00s Real=0.00s
[10.925s][info][safepoint] Safepoint "G1CollectForAllocation", Time since last: 8425707 ns, Reaching safepoint: 9180 ns, Cleanup: 1895 ns, At safepoint: 4762857 ns, Leaving safepoint: 12364 ns, Total: 4786296 ns
[10.934s][info][gc       ] GC(1142) Pause Young (Normal) (G1 Evacuation Pause) 214M->212M(256M) 3.229ms
[10.934s][info][gc,cpu   ] GC(1142) User=0.00s Sys=0.00s Real=0.00s
[10.934s][info][safepoint] Safepoint "G1CollectForAllocation", Time since last: 4959777 ns, Reaching safepoint: 8243 ns, Cleanup: 1756 ns, At safepoint: 3254422 ns, Leaving safepoint: 2088 ns, Total: 3266509 ns
[10.938s][info][gc       ] GC(1140) Pause Remark 221M->221M(256M) 0.199ms
[10.938s][info][gc,cpu   ] GC(1140) User=0.00s Sys=0.00s Real=0.00s
[10.938s][info][safepoint] Safepoint "G1PauseRemark", Time since last: 4099818 ns, Reaching safepoint: 13885 ns, Cleanup: 2206 ns, At safepoint: 225164 ns, Leaving safepoint: 4492 ns, Total: 245747 ns
[10.940s][info][gc       ] GC(1140) Pause Cleanup 221M->221M(256M) 0.099ms
[10.940s][info][gc,cpu   ] GC(1140) User=0.00s Sys=0.00s Real=0.00s
[10.940s][info][safepoint] Safepoint "G1PauseCleanup", Time since last: 1559753 ns, Reaching safepoint: 1397 ns, Cleanup: 1427 ns, At safepoint: 115193 ns, Leaving safepoint: 714 ns, Total: 118731 ns
[10.943s][info][gc       ] GC(1143) Pause Young (Prepare Mixed) (G1 Evacuation Pause) 224M->223M(256M) 2.682ms
[10.943s][info][gc,cpu   ] GC(1143) User=0.00s Sys=0.00s Real=0.00s
[10.943s][info][safepoint] Safepoint "G1CollectForAllocation", Time since last: 278857 ns, Reaching safepoint: 740 ns, Cleanup: 882 ns, At safepoint: 2704935 ns, Leaving safepoint: 2789 ns, Total: 2709346 ns
[10.945s][info][gc       ] GC(1140) Concurrent Mark Cycle 32.858ms
[10.949s][info][gc       ] GC(1144) Pause Young (Mixed) (G1 Evacuation Pause) 233M->212M(256M) 3.170ms
[10.949s][info][gc,cpu   ] GC(1144) User=0.01s Sys=0.00s Real=0.01s
[10.949s][info][safepoint] Safepoint "G1CollectForAllocation", Time since last: 3350087 ns, Reaching safepoint: 5955 ns, Cleanup: 1359 ns, At safepoint: 3189906 ns, Leaving safepoint: 2380 ns, Total: 3199600 ns
[10.956s][info][gc       ] GC(1145) Pause Young (Mixed) (G1 Evacuation Pause) 225M->205M(256M) 3.456ms
[10.956s][info][gc,cpu   ] GC(1145) User=0.00s Sys=0.00s Real=0.00s
[10.956s][info][safepoint] Safepoint "G1CollectForAllocation", Time since last: 3440383 ns, Reaching safepoint: 6206 ns, Cleanup: 1996 ns, At safepoint: 3483853 ns, Leaving safepoint: 2103 ns, Total: 3494158 ns
[10.966s][info][gc       ] GC(1146) Pause Young (Mixed) (G1 Evacuation Pause) 220M->197M(256M) 3.659ms
[10.966s][info][gc,cpu   ] GC(1146) User=0.00s Sys=0.00s Real=0.00s
[10.966s][info][safepoint] Safepoint "G1CollectForAllocation", Time since last: 5776603 ns, Reaching safepoint: 6367 ns, Cleanup: 1278 ns, At safepoint: 3681351 ns, Leaving safepoint: 1785 ns, Total: 3690781 ns
[10.976s][info][gc       ] GC(1147) Pause Young (Mixed) (G1 Evacuation Pause) 215M->198M(256M) 3.613ms
[10.976s][info][gc,cpu   ] GC(1147) User=0.00s Sys=0.00s Real=0.00s
[10.976s][info][safepoint] Safepoint "G1CollectForAllocation", Time since last: 7014441 ns, Reaching safepoint: 6209 ns, Cleanup: 1817 ns, At safepoint: 3636422 ns, Leaving safepoint: 22282 ns, Total: 3666730 ns
[10.981s][info][gc       ] GC(1148) Pause Young (Concurrent Start) (G1 Evacuation Pause) 215M->213M(256M) 3.017ms
[10.981s][info][gc       ] GC(1149) Concurrent Mark Cycle
[10.981s][info][gc,cpu   ] GC(1148) User=0.00s Sys=0.00s Real=0.00s
[10.989s][info][safepoint] Safepoint "G1CollectForAllocation", Time since last: 1662902 ns, Reaching safepoint: 2013 ns, Cleanup: 1936 ns, At safepoint: 3133977 ns, Leaving safepoint: 7528157 ns, Total: 10666083 ns
[10.989s][info][gc       ] GC(1149) Pause Remark 214M->212M(256M) 0.132ms
[10.989s][info][gc,cpu   ] GC(1149) User=0.00s Sys=0.00s Real=0.00s
[10.989s][info][safepoint] Safepoint "G1PauseRemark", Time since last: 34443 ns, Reaching safepoint: 90662 ns, Cleanup: 1597 ns, At safepoint: 145467 ns, Leaving safepoint: 4618 ns, Total: 242344 ns
[10.991s][info][gc       ] GC(1149) Pause Cleanup 212M->212M(256M) 0.098ms
[10.991s][info][gc,cpu   ] GC(1149) User=0.00s Sys=0.00s Real=0.00s
[10.991s][info][safepoint] Safepoint "G1PauseCleanup", Time since last: 1567528 ns, Reaching safepoint: 1589 ns, Cleanup: 1334 ns, At safepoint: 111845 ns, Leaving safepoint: 647 ns, Total: 115415 ns
[10.992s][info][gc       ] GC(1149) Concurrent Mark Cycle 11.349ms
[10.995s][info][gc       ] GC(1150) Pause Young (Prepare Mixed) (G1 Evacuation Pause) 224M->223M(256M) 2.297ms
[10.995s][info][gc,cpu   ] GC(1150) User=0.00s Sys=0.00s Real=0.00s
[10.995s][info][safepoint] Safepoint "G1CollectForAllocation", Time since last: 1795026 ns, Reaching safepoint: 1313 ns, Cleanup: 885 ns, At safepoint: 2318565 ns, Leaving safepoint: 794 ns, Total: 2321557 ns
[10.999s][info][gc       ] GC(1151) Pause Young (Mixed) (G1 Evacuation Pause) 233M->209M(256M) 3.056ms
[10.999s][info][gc,cpu   ] GC(1151) User=0.01s Sys=0.00s Real=0.01s
[10.999s][info][safepoint] Safepoint "G1CollectForAllocation", Time since last: 781947 ns, Reaching safepoint: 1116 ns, Cleanup: 1336 ns, At safepoint: 3081147 ns, Leaving safepoint: 22348 ns, Total: 3105947 ns
[11.008s][info][gc       ] GC(1152) Pause Young (Mixed) (G1 Evacuation Pause) 223M->201M(256M) 3.413ms
[11.008s][info][gc,cpu   ] GC(1152) User=0.01s Sys=0.00s Real=0.00s
[11.008s][info][safepoint] Safepoint "G1CollectForAllocation", Time since last: 6062255 ns, Reaching safepoint: 5715 ns, Cleanup: 1945 ns, At safepoint: 3439491 ns, Leaving safepoint: 26931 ns, Total: 3474082 ns
[11.014s][info][gc       ] GC(1153) Pause Young (Mixed) (G1 Evacuation Pause) 217M->196M(256M) 3.974ms
[11.014s][info][gc,cpu   ] GC(1153) User=0.00s Sys=0.00s Real=0.00s
[11.017s][info][safepoint] Safepoint "G1CollectForAllocation", Time since last: 1370916 ns, Reaching safepoint: 1624 ns, Cleanup: 1846 ns, At safepoint: 4020108 ns, Leaving safepoint: 3133247 ns, Total: 7156825 ns
[11.025s][info][gc       ] GC(1154) Pause Young (Mixed) (G1 Evacuation Pause) 215M->193M(256M) 4.495ms
[11.025s][info][gc,cpu   ] GC(1154) User=0.00s Sys=0.00s Real=0.00s
[11.029s][info][safepoint] Safepoint "G1CollectForAllocation", Time since last: 3998943 ns, Reaching safepoint: 9856 ns, Cleanup: 3646 ns, At safepoint: 4525358 ns, Leaving safepoint: 3461289 ns, Total: 8000149 ns
[11.042s][info][gc       ] GC(1155) Pause Young (Mixed) (G1 Evacuation Pause) 213M->190M(256M) 4.964ms
[11.042s][info][gc,cpu   ] GC(1155) User=0.01s Sys=0.00s Real=0.00s
[11.042s][info][safepoint] Safepoint "G1CollectForAllocation", Time since last: 7999097 ns, Reaching safepoint: 8087 ns, Cleanup: 2240 ns, At safepoint: 4990765 ns, Leaving safepoint: 2333 ns, Total: 5003425 ns
[11.050s][info][gc       ] GC(1156) Pause Young (Mixed) (G1 Evacuation Pause) 211M->207M(256M) 3.886ms
[11.050s][info][gc,cpu   ] GC(1156) User=0.01s Sys=0.00s Real=0.01s
[11.053s][info][safepoint] Safepoint "G1CollectForAllocation", Time since last: 4844190 ns, Reaching safepoint: 6962 ns, Cleanup: 2400 ns, At safepoint: 3913563 ns, Leaving safepoint: 2236478 ns, Total: 6159403 ns
[11.058s][info][gc       ] GC(1157) Pause Young (Concurrent Start) (G1 Evacuation Pause) 221M->220M(256M) 2.867ms
[11.058s][info][gc       ] GC(1158) Concurrent Mark Cycle
[11.058s][info][gc,cpu   ] GC(1157) User=0.00s Sys=0.00s Real=0.01s
[11.058s][info][safepoint] Safepoint "G1CollectForAllocation", Time since last: 2385308 ns, Reaching safepoint: 1454 ns, Cleanup: 1911 ns, At safepoint: 2970814 ns, Leaving safepoint: 1954 ns, Total: 2976133 ns
[11.062s][info][gc       ] GC(1159) Pause Young (Normal) (G1 Evacuation Pause) 230M->229M(256M) 1.755ms
[11.062s][info][gc,cpu   ] GC(1159) User=0.00s Sys=0.00s Real=0.00s
[11.062s][info][safepoint] Safepoint "G1CollectForAllocation", Time since last: 2270590 ns, Reaching safepoint: 18521 ns, Cleanup: 1896 ns, At safepoint: 1813708 ns, Leaving safepoint: 2295 ns, Total: 1836420 ns
[11.068s][info][gc       ] GC(1160) Pause Young (Normal) (G1 Evacuation Pause) 239M->239M(256M) 1.399ms
[11.068s][info][gc,cpu   ] GC(1160) User=0.00s Sys=0.00s Real=0.00s
[11.068s][info][safepoint] Safepoint "G1CollectForAllocation", Time since last: 4844904 ns, Reaching safepoint: 9340 ns, Cleanup: 1886 ns, At safepoint: 1422505 ns, Leaving safepoint: 11335 ns, Total: 1445066 ns
[11.070s][info][gc       ] GC(1161) Pause Young (Normal) (G1 Evacuation Pause) (Evacuation Failure) 248M->255M(256M) 1.081ms
[11.070s][info][gc,cpu   ] GC(1161) User=0.00s Sys=0.00s Real=0.00s
[11.095s][info][gc       ] GC(1162) Pause Full (G1 Compaction Pause) 255M->108M(256M) 24.252ms
[11.095s][info][gc,cpu   ] GC(1162) User=0.02s Sys=0.00s Real=0.02s
[11.095s][info][safepoint] Safepoint "G1CollectForAllocation", Time since last: 763653 ns, Reaching safepoint: 1212 ns, Cleanup: 1428 ns, At safepoint: 25381054 ns, Leaving safepoint: 17405 ns, Total: 25401099 ns
[11.095s][info][gc       ] GC(1158) Pause Remark 109M->109M(256M) 0.005ms
[11.095s][info][gc,cpu   ] GC(1158) User=0.00s Sys=0.00s Real=0.00s
[11.097s][info][safepoint] Safepoint "G1PauseRemark", Time since last: 61254 ns, Reaching safepoint: 124934 ns, Cleanup: 1835 ns, At safepoint: 14969 ns, Leaving safepoint: 1839494 ns, Total: 1981232 ns
[11.097s][info][gc       ] GC(1158) Concurrent Mark Cycle 38.699ms
[11.112s][info][gc       ] GC(1163) Pause Young (Normal) (G1 Evacuation Pause) 157M->148M(256M) 7.591ms
[11.112s][info][gc,cpu   ] GC(1163) User=0.01s Sys=0.00s Real=0.01s
[11.112s][info][safepoint] Safepoint "G1CollectForAllocation", Time since last: 7468682 ns, Reaching safepoint: 2243 ns, Cleanup: 2005 ns, At safepoint: 7621947 ns, Leaving safepoint: 1255 ns, Total: 7627450 ns
[11.124s][info][gc       ] GC(1164) Pause Young (Concurrent Start) (G1 Evacuation Pause) 183M->176M(256M) 7.103ms
[11.124s][info][gc       ] GC(1165) Concurrent Mark Cycle
[11.124s][info][gc,cpu   ] GC(1164) User=0.01s Sys=0.00s Real=0.00s
[11.124s][info][safepoint] Safepoint "G1CollectForAllocation", Time since last: 4935241 ns, Reaching safepoint: 2137 ns, Cleanup: 1835 ns, At safepoint: 7270003 ns, Leaving safepoint: 7085 ns, Total: 7281060 ns
[11.133s][info][gc       ] GC(1165) Pause Remark 189M->189M(256M) 0.137ms
[11.133s][info][gc,cpu   ] GC(1165) User=0.00s Sys=0.00s Real=0.00s
[11.133s][info][safepoint] Safepoint "G1PauseRemark", Time since last: 8716279 ns, Reaching safepoint: 16449 ns, Cleanup: 2359 ns, At safepoint: 159301 ns, Leaving safepoint: 3696 ns, Total: 181805 ns
[11.134s][info][gc       ] GC(1165) Pause Cleanup 189M->189M(256M) 0.088ms
[11.134s][info][gc,cpu   ] GC(1165) User=0.00s Sys=0.00s Real=0.00s
[11.134s][info][safepoint] Safepoint "G1PauseCleanup", Time since last: 1314833 ns, Reaching safepoint: 1327 ns, Cleanup: 1366 ns, At safepoint: 105740 ns, Leaving safepoint: 828 ns, Total: 109261 ns
[11.137s][info][gc       ] GC(1165) Concurrent Mark Cycle 12.845ms
[11.142s][info][gc       ] GC(1166) Pause Young (Prepare Mixed) (G1 Evacuation Pause) 200M->197M(256M) 4.958ms
[11.142s][info][gc,cpu   ] GC(1166) User=0.00s Sys=0.00s Real=0.00s
[11.142s][info][safepoint] Safepoint "G1CollectForAllocation", Time since last: 2406558 ns, Reaching safepoint: 1564 ns, Cleanup: 1130 ns, At safepoint: 4980675 ns, Leaving safepoint: 11477 ns, Total: 4994846 ns
[11.151s][info][gc       ] GC(1167) Pause Young (Mixed) (G1 Evacuation Pause) 214M->192M(256M) 4.363ms
[11.151s][info][gc,cpu   ] GC(1167) User=0.00s Sys=0.00s Real=0.01s
[11.153s][info][safepoint] Safepoint "G1CollectForAllocation", Time since last: 4701517 ns, Reaching safepoint: 5640 ns, Cleanup: 1373 ns, At safepoint: 4388406 ns, Leaving safepoint: 1877648 ns, Total: 6273067 ns
[11.161s][info][gc       ] GC(1168) Pause Young (Mixed) (G1 Evacuation Pause) 211M->189M(256M) 4.332ms
[11.161s][info][gc,cpu   ] GC(1168) User=0.00s Sys=0.00s Real=0.00s
[11.161s][info][safepoint] Safepoint "G1CollectForAllocation", Time since last: 4013695 ns, Reaching safepoint: 6266 ns, Cleanup: 1745 ns, At safepoint: 4359737 ns, Leaving safepoint: 10976 ns, Total: 4378724 ns
[11.172s][info][gc       ] GC(1169) Pause Young (Mixed) (G1 Evacuation Pause) 209M->187M(256M) 5.189ms
[11.172s][info][gc,cpu   ] GC(1169) User=0.00s Sys=0.00s Real=0.01s
[11.177s][info][safepoint] Safepoint "G1CollectForAllocation", Time since last: 5705598 ns, Reaching safepoint: 6683 ns, Cleanup: 1992 ns, At safepoint: 5215064 ns, Leaving safepoint: 4664395 ns, Total: 9888134 ns
[11.187s][info][gc       ] GC(1170) Pause Young (Mixed) (G1 Evacuation Pause) 208M->194M(256M) 5.222ms
[11.187s][info][gc,cpu   ] GC(1170) User=0.01s Sys=0.00s Real=0.00s
[11.187s][info][safepoint] Safepoint "G1CollectForAllocation", Time since last: 4656012 ns, Reaching safepoint: 1789 ns, Cleanup: 2057 ns, At safepoint: 5250229 ns, Leaving safepoint: 17101 ns, Total: 5271176 ns
[11.193s][info][gc       ] GC(1171) Pause Young (Concurrent Start) (G1 Evacuation Pause) 213M->210M(256M) 3.891ms
[11.193s][info][gc       ] GC(1172) Concurrent Mark Cycle
[11.193s][info][gc,cpu   ] GC(1171) User=0.00s Sys=0.00s Real=0.00s
[11.200s][info][safepoint] Safepoint "G1CollectForAllocation", Time since last: 2467015 ns, Reaching safepoint: 1622 ns, Cleanup: 2088 ns, At safepoint: 4009279 ns, Leaving safepoint: 6611123 ns, Total: 10624112 ns
[11.200s][info][gc       ] GC(1172) Pause Remark 211M->206M(256M) 0.141ms
[11.200s][info][gc,cpu   ] GC(1172) User=0.00s Sys=0.00s Real=0.00s
[11.200s][info][safepoint] Safepoint "G1PauseRemark", Time since last: 35146 ns, Reaching safepoint: 117088 ns, Cleanup: 1757 ns, At safepoint: 155126 ns, Leaving safepoint: 3805 ns, Total: 277776 ns
[11.202s][info][gc       ] GC(1172) Pause Cleanup 206M->206M(256M) 0.096ms
[11.202s][info][gc,cpu   ] GC(1172) User=0.00s Sys=0.00s Real=0.00s
[11.202s][info][safepoint] Safepoint "G1PauseCleanup", Time since last: 1584460 ns, Reaching safepoint: 1328 ns, Cleanup: 1316 ns, At safepoint: 114568 ns, Leaving safepoint: 640 ns, Total: 117852 ns
[11.205s][info][gc       ] GC(1173) Pause Young (Prepare Mixed) (G1 Evacuation Pause) 218M->217M(256M) 2.583ms
[11.205s][info][gc,cpu   ] GC(1173) User=0.01s Sys=0.00s Real=0.00s
[11.209s][info][gc       ] GC(1172) Concurrent Mark Cycle 16.103ms
[11.209s][info][safepoint] Safepoint "G1CollectForAllocation", Time since last: 1145707 ns, Reaching safepoint: 1262 ns, Cleanup: 1178 ns, At safepoint: 2607853 ns, Leaving safepoint: 3658389 ns, Total: 6268682 ns
[11.214s][info][gc       ] GC(1174) Pause Young (Mixed) (G1 Evacuation Pause) 228M->204M(256M) 3.088ms
[11.214s][info][gc,cpu   ] GC(1174) User=0.00s Sys=0.00s Real=0.00s
[11.214s][info][safepoint] Safepoint "G1CollectForAllocation", Time since last: 1431740 ns, Reaching safepoint: 8046 ns, Cleanup: 1831 ns, At safepoint: 3114990 ns, Leaving safepoint: 2493 ns, Total: 3127360 ns
[11.223s][info][gc       ] GC(1175) Pause Young (Mixed) (G1 Evacuation Pause) 220M->197M(256M) 4.769ms
[11.223s][info][gc,cpu   ] GC(1175) User=0.00s Sys=0.00s Real=0.00s
[11.225s][info][safepoint] Safepoint "G1CollectForAllocation", Time since last: 4645292 ns, Reaching safepoint: 6291 ns, Cleanup: 1815 ns, At safepoint: 4795455 ns, Leaving safepoint: 1564970 ns, Total: 6368531 ns
[11.234s][info][gc       ] GC(1176) Pause Young (Mixed) (G1 Evacuation Pause) 215M->194M(256M) 5.415ms
[11.234s][info][gc,cpu   ] GC(1176) User=0.00s Sys=0.00s Real=0.00s
[11.237s][info][safepoint] Safepoint "G1CollectForAllocation", Time since last: 4004556 ns, Reaching safepoint: 6323 ns, Cleanup: 1919 ns, At safepoint: 5445148 ns, Leaving safepoint: 2563783 ns, Total: 8017173 ns
[11.245s][info][gc       ] GC(1177) Pause Young (Mixed) (G1 Evacuation Pause) 213M->191M(256M) 4.510ms
[11.245s][info][gc,cpu   ] GC(1177) User=0.01s Sys=0.00s Real=0.00s
[11.249s][info][safepoint] Safepoint "G1CollectForAllocation", Time since last: 3994168 ns, Reaching safepoint: 8290 ns, Cleanup: 1821 ns, At safepoint: 4535772 ns, Leaving safepoint: 3426916 ns, Total: 7972799 ns
[11.257s][info][gc       ] GC(1178) Pause Young (Mixed) (G1 Evacuation Pause) 211M->187M(256M) 4.576ms
[11.257s][info][gc,cpu   ] GC(1178) User=0.01s Sys=0.00s Real=0.01s
[11.261s][info][safepoint] Safepoint "G1CollectForAllocation", Time since last: 4013297 ns, Reaching safepoint: 4942 ns, Cleanup: 1878 ns, At safepoint: 4613061 ns, Leaving safepoint: 3400015 ns, Total: 8019896 ns
[11.269s][info][gc       ] GC(1179) Pause Young (Concurrent Start) (G1 Evacuation Pause) 209M->206M(256M) 3.838ms
[11.269s][info][gc,cpu   ] GC(1179) User=0.00s Sys=0.00s Real=0.00s
[11.269s][info][gc       ] GC(1180) Concurrent Mark Cycle
[11.275s][info][safepoint] Safepoint "G1CollectForAllocation", Time since last: 3984833 ns, Reaching safepoint: 6154 ns, Cleanup: 1993 ns, At safepoint: 3869638 ns, Leaving safepoint: 6089699 ns, Total: 9967484 ns
[11.283s][info][gc       ] GC(1181) Pause Young (Normal) (G1 Evacuation Pause) 221M->219M(256M) 2.698ms
[11.283s][info][gc,cpu   ] GC(1181) User=0.00s Sys=0.00s Real=0.00s
[11.283s][info][safepoint] Safepoint "G1CollectForAllocation", Time since last: 6044908 ns, Reaching safepoint: 5769 ns, Cleanup: 1920 ns, At safepoint: 2724541 ns, Leaving safepoint: 20542 ns, Total: 2752772 ns
[11.287s][info][gc       ] GC(1182) Pause Young (Normal) (G1 Evacuation Pause) 229M->228M(256M) 2.368ms
[11.287s][info][gc,cpu   ] GC(1182) User=0.00s Sys=0.00s Real=0.00s
[11.289s][info][safepoint] Safepoint "G1CollectForAllocation", Time since last: 757300 ns, Reaching safepoint: 1585 ns, Cleanup: 1397 ns, At safepoint: 2394455 ns, Leaving safepoint: 2078000 ns, Total: 4475437 ns
[11.291s][info][gc       ] GC(1183) Pause Young (Normal) (G1 Evacuation Pause) 238M->238M(256M) 1.596ms
[11.291s][info][gc,cpu   ] GC(1183) User=0.00s Sys=0.00s Real=0.00s
[11.291s][info][safepoint] Safepoint "G1CollectForAllocation", Time since last: 865902 ns, Reaching safepoint: 10862 ns, Cleanup: 2018 ns, At safepoint: 1619860 ns, Leaving safepoint: 10913 ns, Total: 1643653 ns
[11.295s][info][gc       ] GC(1184) Pause Young (Normal) (G1 Evacuation Pause) (Evacuation Failure) 247M->253M(256M) 1.622ms
[11.295s][info][gc,cpu   ] GC(1184) User=0.01s Sys=0.00s Real=0.00s
[11.295s][info][safepoint] Safepoint "G1CollectForAllocation", Time since last: 2345665 ns, Reaching safepoint: 11310 ns, Cleanup: 2096 ns, At safepoint: 1668187 ns, Leaving safepoint: 3083 ns, Total: 1684676 ns
[11.296s][info][gc       ] GC(1185) Pause Young (Normal) (G1 Evacuation Pause) (Evacuation Failure) 255M->255M(256M) 0.246ms
[11.296s][info][gc,cpu   ] GC(1185) User=0.00s Sys=0.00s Real=0.00s
[11.324s][info][gc       ] GC(1186) Pause Full (G1 Compaction Pause) 255M->108M(256M) 28.332ms
[11.324s][info][gc,cpu   ] GC(1186) User=0.02s Sys=0.00s Real=0.03s
[11.329s][info][safepoint] Safepoint "G1CollectForAllocation", Time since last: 363201 ns, Reaching safepoint: 1666 ns, Cleanup: 1888 ns, At safepoint: 28643903 ns, Leaving safepoint: 4423400 ns, Total: 33070857 ns
[11.329s][info][gc       ] GC(1180) Pause Remark 109M->109M(256M) 0.006ms
[11.329s][info][gc,cpu   ] GC(1180) User=0.00s Sys=0.00s Real=0.00s
[11.329s][info][safepoint] Safepoint "G1PauseRemark", Time since last: 120703 ns, Reaching safepoint: 4368 ns, Cleanup: 2301 ns, At safepoint: 14662 ns, Leaving safepoint: 3132 ns, Total: 24463 ns
[11.329s][info][gc       ] GC(1180) Concurrent Mark Cycle 60.245ms
[11.347s][info][gc       ] GC(1187) Pause Young (Normal) (G1 Evacuation Pause) 158M->148M(256M) 8.920ms
[11.347s][info][gc,cpu   ] GC(1187) User=0.01s Sys=0.00s Real=0.00s
[11.347s][info][safepoint] Safepoint "G1CollectForAllocation", Time since last: 9480238 ns, Reaching safepoint: 2878 ns, Cleanup: 2638 ns, At safepoint: 8961037 ns, Leaving safepoint: 1308 ns, Total: 8967861 ns
[11.360s][info][gc       ] GC(1188) Pause Young (Normal) (G1 Evacuation Pause) 183M->176M(256M) 6.779ms
[11.360s][info][gc,cpu   ] GC(1188) User=0.01s Sys=0.00s Real=0.01s
[11.365s][info][safepoint] Safepoint "G1CollectForAllocation", Time since last: 5980076 ns, Reaching safepoint: 2664 ns, Cleanup: 2435 ns, At safepoint: 6813411 ns, Leaving safepoint: 4632773 ns, Total: 11451283 ns
[11.378s][info][gc       ] GC(1189) Pause Young (Concurrent Start) (G1 Evacuation Pause) 201M->197M(256M) 6.117ms
[11.378s][info][gc,cpu   ] GC(1189) User=0.01s Sys=0.00s Real=0.01s
[11.378s][info][gc       ] GC(1190) Concurrent Mark Cycle
[11.383s][info][safepoint] Safepoint "G1CollectForAllocation", Time since last: 7150906 ns, Reaching safepoint: 8320 ns, Cleanup: 2159 ns, At safepoint: 6153821 ns, Leaving safepoint: 5314907 ns, Total: 11479207 ns
[11.385s][info][gc       ] GC(1190) Pause Remark 208M->208M(256M) 0.133ms
[11.385s][info][gc,cpu   ] GC(1190) User=0.00s Sys=0.00s Real=0.00s
[11.389s][info][safepoint] Safepoint "G1PauseRemark", Time since last: 1386776 ns, Reaching safepoint: 103869 ns, Cleanup: 2534 ns, At safepoint: 150564 ns, Leaving safepoint: 3729668 ns, Total: 3986635 ns
[11.390s][info][gc       ] GC(1190) Pause Cleanup 208M->208M(256M) 0.128ms
[11.390s][info][gc,cpu   ] GC(1190) User=0.00s Sys=0.00s Real=0.00s
[11.390s][info][safepoint] Safepoint "G1PauseCleanup", Time since last: 1586779 ns, Reaching safepoint: 8153 ns, Cleanup: 1831 ns, At safepoint: 148076 ns, Leaving safepoint: 4186 ns, Total: 162246 ns
[11.392s][info][gc       ] GC(1190) Concurrent Mark Cycle 13.561ms
[11.395s][info][gc       ] GC(1191) Pause Young (Prepare Mixed) (G1 Evacuation Pause) 214M->212M(256M) 3.599ms
[11.395s][info][gc,cpu   ] GC(1191) User=0.00s Sys=0.00s Real=0.00s
[11.397s][info][safepoint] Safepoint "G1CollectForAllocation", Time since last: 1251969 ns, Reaching safepoint: 1681 ns, Cleanup: 1146 ns, At safepoint: 3624364 ns, Leaving safepoint: 1351190 ns, Total: 4978381 ns
[11.404s][info][gc       ] GC(1192) Pause Young (Mixed) (G1 Evacuation Pause) 224M->202M(256M) 3.172ms
[11.404s][info][gc,cpu   ] GC(1192) User=0.00s Sys=0.00s Real=0.00s
[11.404s][info][safepoint] Safepoint "G1CollectForAllocation", Time since last: 4015701 ns, Reaching safepoint: 7033 ns, Cleanup: 1737 ns, At safepoint: 3199211 ns, Leaving safepoint: 35377 ns, Total: 3243358 ns
[11.410s][info][gc       ] GC(1193) Pause Young (Mixed) (G1 Evacuation Pause) 217M->195M(256M) 3.986ms
[11.410s][info][gc,cpu   ] GC(1193) User=0.00s Sys=0.00s Real=0.01s
[11.413s][info][safepoint] Safepoint "G1CollectForAllocation", Time since last: 1740289 ns, Reaching safepoint: 1533 ns, Cleanup: 1747 ns, At safepoint: 4026761 ns, Leaving safepoint: 2999763 ns, Total: 7029804 ns
[11.421s][info][gc       ] GC(1194) Pause Young (Mixed) (G1 Evacuation Pause) 213M->191M(256M) 6.300ms
[11.421s][info][gc,cpu   ] GC(1194) User=0.01s Sys=0.00s Real=0.01s
[11.425s][info][safepoint] Safepoint "G1CollectForAllocation", Time since last: 2117793 ns, Reaching safepoint: 13770 ns, Cleanup: 2066 ns, At safepoint: 6335559 ns, Leaving safepoint: 3501494 ns, Total: 9852889 ns
[11.438s][info][gc       ] GC(1195) Pause Young (Mixed) (G1 Evacuation Pause) 211M->189M(256M) 4.998ms
[11.438s][info][gc,cpu   ] GC(1195) User=0.01s Sys=0.00s Real=0.01s
[11.438s][info][safepoint] Safepoint "G1CollectForAllocation", Time since last: 8035454 ns, Reaching safepoint: 7169 ns, Cleanup: 2552 ns, At safepoint: 5032546 ns, Leaving safepoint: 3191 ns, Total: 5045458 ns
[11.447s][info][gc       ] GC(1196) Pause Young (Mixed) (G1 Evacuation Pause) 210M->194M(256M) 5.180ms
[11.447s][info][gc,cpu   ] GC(1196) User=0.01s Sys=0.00s Real=0.00s
[11.453s][info][safepoint] Safepoint "G1CollectForAllocation", Time since last: 4015381 ns, Reaching safepoint: 2159 ns, Cleanup: 2061 ns, At safepoint: 5211023 ns, Leaving safepoint: 5688382 ns, Total: 10903625 ns
[11.459s][info][gc       ] GC(1197) Pause Young (Concurrent Start) (G1 Evacuation Pause) 213M->211M(256M) 3.693ms
[11.459s][info][gc,cpu   ] GC(1197) User=0.01s Sys=0.00s Real=0.01s
[11.459s][info][safepoint] Safepoint "G1CollectForAllocation", Time since last: 2111773 ns, Reaching safepoint: 6687 ns, Cleanup: 1848 ns, At safepoint: 3724457 ns, Leaving safepoint: 1724 ns, Total: 3734716 ns
[11.459s][info][gc       ] GC(1198) Concurrent Mark Cycle
[11.467s][info][gc       ] GC(1199) Pause Young (Normal) (G1 Evacuation Pause) 224M->223M(256M) 2.623ms
[11.467s][info][gc,cpu   ] GC(1199) User=0.01s Sys=0.00s Real=0.00s
[11.467s][info][safepoint] Safepoint "G1CollectForAllocation", Time since last: 6181552 ns, Reaching safepoint: 22112 ns, Cleanup: 1934 ns, At safepoint: 2694248 ns, Leaving safepoint: 3462 ns, Total: 2721756 ns
[11.472s][info][gc       ] GC(1200) Pause Young (Normal) (G1 Evacuation Pause) 233M->232M(256M) 1.841ms
[11.472s][info][gc,cpu   ] GC(1200) User=0.00s Sys=0.00s Real=0.00s
[11.472s][info][safepoint] Safepoint "G1CollectForAllocation", Time since last: 2624274 ns, Reaching safepoint: 7443 ns, Cleanup: 1847 ns, At safepoint: 1867243 ns, Leaving safepoint: 2284 ns, Total: 1878817 ns
[11.477s][info][gc       ] GC(1198) Pause Remark 236M->234M(256M) 0.184ms
[11.477s][info][gc,cpu   ] GC(1198) User=0.00s Sys=0.00s Real=0.00s
[11.477s][info][safepoint] Safepoint "G1PauseRemark", Time since last: 4749124 ns, Reaching safepoint: 8068 ns, Cleanup: 2442 ns, At safepoint: 205238 ns, Leaving safepoint: 3592 ns, Total: 219340 ns
[11.479s][info][gc       ] GC(1198) Pause Cleanup 234M->234M(256M) 0.112ms
[11.479s][info][gc,cpu   ] GC(1198) User=0.00s Sys=0.00s Real=0.00s
[11.479s][info][safepoint] Safepoint "G1PauseCleanup", Time since last: 2278244 ns, Reaching safepoint: 1981 ns, Cleanup: 1740 ns, At safepoint: 132968 ns, Leaving safepoint: 752 ns, Total: 137441 ns
[11.482s][info][gc       ] GC(1201) Pause Young (Prepare Mixed) (G1 Evacuation Pause) 240M->240M(256M) 2.147ms
[11.482s][info][gc,cpu   ] GC(1201) User=0.00s Sys=0.00s Real=0.00s
[11.482s][info][safepoint] Safepoint "G1CollectForAllocation", Time since last: 616100 ns, Reaching safepoint: 1412 ns, Cleanup: 1613 ns, At safepoint: 2170227 ns, Leaving safepoint: 1159 ns, Total: 2174411 ns
[11.485s][info][gc       ] GC(1202) Pause Young (Mixed) (G1 Evacuation Pause) (Evacuation Failure) 250M->246M(256M) 2.241ms
[11.485s][info][gc,cpu   ] GC(1202) User=0.00s Sys=0.00s Real=0.00s
[11.485s][info][safepoint] Safepoint "G1CollectForAllocation", Time since last: 966176 ns, Reaching safepoint: 1076 ns, Cleanup: 1656 ns, At safepoint: 2267835 ns, Leaving safepoint: 3278 ns, Total: 2273845 ns
[11.488s][info][gc       ] GC(1198) Concurrent Mark Cycle 28.944ms
[11.490s][info][gc       ] GC(1203) Pause Young (Mixed) (G1 Evacuation Pause) (Evacuation Failure) 255M->254M(256M) 1.110ms
[11.490s][info][gc,cpu   ] GC(1203) User=0.00s Sys=0.00s Real=0.00s
[11.490s][info][safepoint] Safepoint "G1CollectForAllocation", Time since last: 3348357 ns, Reaching safepoint: 5699 ns, Cleanup: 1418 ns, At safepoint: 1140004 ns, Leaving safepoint: 2030 ns, Total: 1149151 ns
[11.494s][info][gc       ] GC(1204) Pause Young (Mixed) (G1 Evacuation Pause) (Evacuation Failure) 255M->253M(256M) 1.589ms
[11.494s][info][gc,cpu   ] GC(1204) User=0.00s Sys=0.00s Real=0.00s
[11.494s][info][safepoint] Safepoint "G1CollectForAllocation", Time since last: 2239308 ns, Reaching safepoint: 8323 ns, Cleanup: 2013 ns, At safepoint: 1614660 ns, Leaving safepoint: 1913 ns, Total: 1626909 ns
[11.498s][info][gc       ] GC(1205) Pause Young (Mixed) (G1 Evacuation Pause) (Evacuation Failure) 255M->254M(256M) 1.006ms
[11.498s][info][gc,cpu   ] GC(1205) User=0.00s Sys=0.00s Real=0.00s
[11.498s][info][safepoint] Safepoint "G1CollectForAllocation", Time since last: 3252694 ns, Reaching safepoint: 5672 ns, Cleanup: 1636 ns, At safepoint: 1029224 ns, Leaving safepoint: 9269 ns, Total: 1045801 ns
[11.499s][info][gc       ] GC(1206) Pause Young (Mixed) (G1 Evacuation Pause) (Evacuation Failure) 255M->255M(256M) 0.961ms
[11.499s][info][gc,cpu   ] GC(1206) User=0.00s Sys=0.00s Real=0.00s
[11.523s][info][gc       ] GC(1207) Pause Full (G1 Compaction Pause) 255M->108M(256M) 23.944ms
[11.523s][info][gc,cpu   ] GC(1207) User=0.02s Sys=0.00s Real=0.02s
[11.525s][info][safepoint] Safepoint "G1CollectForAllocation", Time since last: 147875 ns, Reaching safepoint: 556 ns, Cleanup: 883 ns, At safepoint: 24956439 ns, Leaving safepoint: 1594407 ns, Total: 26552285 ns
[11.540s][info][gc       ] GC(1208) Pause Young (Normal) (G1 Evacuation Pause) 157M->147M(256M) 7.670ms
[11.540s][info][gc,cpu   ] GC(1208) User=0.01s Sys=0.00s Real=0.01s
[11.540s][info][safepoint] Safepoint "G1CollectForAllocation", Time since last: 7542613 ns, Reaching safepoint: 2012 ns, Cleanup: 2425 ns, At safepoint: 7699701 ns, Leaving safepoint: 6311 ns, Total: 7710449 ns
[11.553s][info][gc       ] GC(1209) Pause Young (Normal) (G1 Evacuation Pause) 182M->174M(256M) 6.457ms
[11.553s][info][gc,cpu   ] GC(1209) User=0.00s Sys=0.00s Real=0.01s
[11.557s][info][safepoint] Safepoint "G1CollectForAllocation", Time since last: 6980984 ns, Reaching safepoint: 1885 ns, Cleanup: 1923 ns, At safepoint: 6481994 ns, Leaving safepoint: 3262530 ns, Total: 9748332 ns
[11.570s][info][gc       ] GC(1210) Pause Young (Concurrent Start) (G1 Evacuation Pause) 199M->194M(256M) 5.038ms
[11.570s][info][gc,cpu   ] GC(1210) User=0.01s Sys=0.00s Real=0.01s
[11.570s][info][gc       ] GC(1211) Concurrent Mark Cycle
[11.570s][info][safepoint] Safepoint "G1CollectForAllocation", Time since last: 7991107 ns, Reaching safepoint: 5548 ns, Cleanup: 2318 ns, At safepoint: 5083848 ns, Leaving safepoint: 82678 ns, Total: 5174392 ns
[11.584s][info][gc       ] GC(1212) Pause Young (Normal) (G1 Evacuation Pause) 212M->210M(256M) 3.784ms
[11.585s][info][gc,cpu   ] GC(1212) User=0.00s Sys=0.00s Real=0.00s
[11.585s][info][safepoint] Safepoint "G1CollectForAllocation", Time since last: 10829225 ns, Reaching safepoint: 6622 ns, Cleanup: 2428 ns, At safepoint: 3816121 ns, Leaving safepoint: 2344 ns, Total: 3827515 ns
[11.591s][info][gc       ] GC(1213) Pause Young (Normal) (G1 Evacuation Pause) 223M->221M(256M) 2.532ms
[11.591s][info][gc,cpu   ] GC(1213) User=0.00s Sys=0.00s Real=0.00s
[11.591s][info][safepoint] Safepoint "G1CollectForAllocation", Time since last: 4189418 ns, Reaching safepoint: 8902 ns, Cleanup: 1961 ns, At safepoint: 2559741 ns, Leaving safepoint: 1814 ns, Total: 2572418 ns
[11.596s][info][gc       ] GC(1214) Pause Young (Normal) (G1 Evacuation Pause) 231M->230M(256M) 1.976ms
[11.596s][info][gc,cpu   ] GC(1214) User=0.00s Sys=0.00s Real=0.00s
[11.596s][info][safepoint] Safepoint "G1CollectForAllocation", Time since last: 2511281 ns, Reaching safepoint: 8725 ns, Cleanup: 1806 ns, At safepoint: 2019722 ns, Leaving safepoint: 2402 ns, Total: 2032655 ns
[11.596s][info][gc       ] GC(1211) Pause Remark 230M->230M(256M) 0.146ms
[11.596s][info][gc,cpu   ] GC(1211) User=0.00s Sys=0.00s Real=0.00s
[11.601s][info][safepoint] Safepoint "G1PauseRemark", Time since last: 24300 ns, Reaching safepoint: 106862 ns, Cleanup: 1615 ns, At safepoint: 154980 ns, Leaving safepoint: 4592350 ns, Total: 4855807 ns
[11.603s][info][gc       ] GC(1211) Pause Cleanup 231M->231M(256M) 0.107ms
[11.603s][info][gc,cpu   ] GC(1211) User=0.00s Sys=0.00s Real=0.00s
[11.603s][info][safepoint] Safepoint "G1PauseCleanup", Time since last: 1835147 ns, Reaching safepoint: 11353 ns, Cleanup: 1387 ns, At safepoint: 126897 ns, Leaving safepoint: 4899 ns, Total: 144536 ns
[11.605s][info][gc       ] GC(1211) Concurrent Mark Cycle 34.717ms
[11.607s][info][gc       ] GC(1215) Pause Young (Prepare Mixed) (G1 Evacuation Pause) 240M->239M(256M) 2.049ms
[11.607s][info][gc,cpu   ] GC(1215) User=0.00s Sys=0.00s Real=0.00s
[11.607s][info][safepoint] Safepoint "G1CollectForAllocation", Time since last: 1837961 ns, Reaching safepoint: 1214 ns, Cleanup: 900 ns, At safepoint: 2070545 ns, Leaving safepoint: 1237 ns, Total: 2073896 ns
[11.609s][info][gc       ] GC(1216) Pause Young (Mixed) (G1 Evacuation Pause) (Evacuation Failure) 249M->247M(256M) 1.478ms
[11.609s][info][gc,cpu   ] GC(1216) User=0.00s Sys=0.00s Real=0.01s
[11.609s][info][safepoint] Safepoint "G1CollectForAllocation", Time since last: 966184 ns, Reaching safepoint: 1105 ns, Cleanup: 1253 ns, At safepoint: 1497474 ns, Leaving safepoint: 2146 ns, Total: 1501978 ns
[11.614s][info][gc       ] GC(1217) Pause Young (Mixed) (G1 Evacuation Pause) (Evacuation Failure) 252M->250M(256M) 1.014ms
[11.614s][info][gc,cpu   ] GC(1217) User=0.00s Sys=0.00s Real=0.00s
[11.614s][info][safepoint] Safepoint "G1CollectForAllocation", Time since last: 4265804 ns, Reaching safepoint: 6178 ns, Cleanup: 1592 ns, At safepoint: 1052119 ns, Leaving safepoint: 8991 ns, Total: 1068880 ns
[11.616s][info][gc       ] GC(1218) Pause Young (Mixed) (G1 Evacuation Pause) (Evacuation Failure) 252M->252M(256M) 0.903ms
[11.616s][info][gc,cpu   ] GC(1218) User=0.00s Sys=0.00s Real=0.00s
[11.639s][info][gc       ] GC(1219) Pause Full (G1 Compaction Pause) 252M->108M(256M) 23.689ms
[11.639s][info][gc,cpu   ] GC(1219) User=0.03s Sys=0.00s Real=0.03s
[11.641s][info][safepoint] Safepoint "G1CollectForAllocation", Time since last: 266261 ns, Reaching safepoint: 632 ns, Cleanup: 780 ns, At safepoint: 24636573 ns, Leaving safepoint: 1382105 ns, Total: 26020090 ns
[11.656s][info][gc       ] GC(1220) Pause Young (Normal) (G1 Evacuation Pause) 158M->149M(256M) 8.304ms
[11.656s][info][gc,cpu   ] GC(1220) User=0.00s Sys=0.00s Real=0.01s
[11.661s][info][safepoint] Safepoint "G1CollectForAllocation", Time since last: 6669101 ns, Reaching safepoint: 1622 ns, Cleanup: 2167 ns, At safepoint: 8335944 ns, Leaving safepoint: 5017846 ns, Total: 13357579 ns
[11.673s][info][gc       ] GC(1221) Pause Young (Normal) (G1 Evacuation Pause) 183M->177M(256M) 7.205ms
[11.673s][info][gc,cpu   ] GC(1221) User=0.01s Sys=0.00s Real=0.01s
[11.673s][info][safepoint] Safepoint "G1CollectForAllocation", Time since last: 4979912 ns, Reaching safepoint: 2142 ns, Cleanup: 1923 ns, At safepoint: 7235470 ns, Leaving safepoint: 986 ns, Total: 7240521 ns
[11.690s][info][gc       ] GC(1222) Pause Young (Concurrent Start) (G1 Evacuation Pause) 201M->198M(256M) 5.027ms
[11.690s][info][gc       ] GC(1223) Concurrent Mark Cycle
[11.690s][info][gc,cpu   ] GC(1222) User=0.01s Sys=0.00s Real=0.01s
[11.697s][info][safepoint] Safepoint "G1CollectForAllocation", Time since last: 11756417 ns, Reaching safepoint: 5112 ns, Cleanup: 2236 ns, At safepoint: 5164500 ns, Leaving safepoint: 6828751 ns, Total: 12000599 ns
[11.703s][info][gc       ] GC(1224) Pause Young (Normal) (G1 Evacuation Pause) 215M->212M(256M) 3.405ms
[11.703s][info][gc,cpu   ] GC(1224) User=0.00s Sys=0.00s Real=0.00s
[11.703s][info][safepoint] Safepoint "G1CollectForAllocation", Time since last: 2486534 ns, Reaching safepoint: 5873 ns, Cleanup: 1609 ns, At safepoint: 3450619 ns, Leaving safepoint: 2163 ns, Total: 3460264 ns
[11.704s][info][gc       ] GC(1223) Pause Remark 224M->222M(256M) 0.159ms
[11.704s][info][gc,cpu   ] GC(1223) User=0.00s Sys=0.00s Real=0.00s
[11.704s][info][safepoint] Safepoint "G1PauseRemark", Time since last: 1292387 ns, Reaching safepoint: 1247 ns, Cleanup: 1914 ns, At safepoint: 173705 ns, Leaving safepoint: 1357 ns, Total: 178223 ns
[11.707s][info][gc       ] GC(1223) Pause Cleanup 222M->222M(256M) 0.100ms
[11.707s][info][gc,cpu   ] GC(1223) User=0.00s Sys=0.00s Real=0.00s
[11.707s][info][safepoint] Safepoint "G1PauseCleanup", Time since last: 2473094 ns, Reaching safepoint: 6170 ns, Cleanup: 1390 ns, At safepoint: 118425 ns, Leaving safepoint: 1437 ns, Total: 127422 ns
[11.709s][info][gc       ] GC(1225) Pause Young (Prepare Mixed) (G1 Evacuation Pause) 222M->222M(256M) 2.421ms
[11.709s][info][gc,cpu   ] GC(1225) User=0.01s Sys=0.00s Real=0.01s
[11.710s][info][gc       ] GC(1223) Concurrent Mark Cycle 19.899ms
[11.713s][info][safepoint] Safepoint "G1CollectForAllocation", Time since last: 41335 ns, Reaching safepoint: 319 ns, Cleanup: 401 ns, At safepoint: 2440271 ns, Leaving safepoint: 3496003 ns, Total: 5936994 ns
[11.717s][info][gc       ] GC(1226) Pause Young (Mixed) (G1 Evacuation Pause) 231M->209M(256M) 2.853ms
[11.717s][info][gc,cpu   ] GC(1226) User=0.00s Sys=0.00s Real=0.00s
[11.717s][info][safepoint] Safepoint "G1CollectForAllocation", Time since last: 947126 ns, Reaching safepoint: 6175 ns, Cleanup: 1798 ns, At safepoint: 2873207 ns, Leaving safepoint: 1600 ns, Total: 2882780 ns
[11.726s][info][gc       ] GC(1227) Pause Young (Mixed) (G1 Evacuation Pause) 222M->201M(256M) 3.967ms
[11.726s][info][gc,cpu   ] GC(1227) User=0.00s Sys=0.00s Real=0.00s
[11.726s][info][safepoint] Safepoint "G1CollectForAllocation", Time since last: 5404015 ns, Reaching safepoint: 5829 ns, Cleanup: 1908 ns, At safepoint: 3996412 ns, Leaving safepoint: 2653 ns, Total: 4006802 ns
[11.737s][info][gc       ] GC(1228) Pause Young (Mixed) (G1 Evacuation Pause) 216M->195M(256M) 4.067ms
[11.737s][info][gc,cpu   ] GC(1228) User=0.00s Sys=0.00s Real=0.01s
[11.737s][info][safepoint] Safepoint "G1CollectForAllocation", Time since last: 6796138 ns, Reaching safepoint: 6046 ns, Cleanup: 2041 ns, At safepoint: 4093596 ns, Leaving safepoint: 1919 ns, Total: 4103602 ns
[11.747s][info][gc       ] GC(1229) Pause Young (Mixed) (G1 Evacuation Pause) 213M->192M(256M) 4.510ms
[11.747s][info][gc,cpu   ] GC(1229) User=0.01s Sys=0.00s Real=0.00s
[11.747s][info][safepoint] Safepoint "G1CollectForAllocation", Time since last: 5681532 ns, Reaching safepoint: 9504 ns, Cleanup: 1970 ns, At safepoint: 4536901 ns, Leaving safepoint: 2200 ns, Total: 4550575 ns
[11.754s][info][gc       ] GC(1230) Pause Young (Mixed) (G1 Evacuation Pause) 211M->199M(256M) 4.564ms
[11.754s][info][gc,cpu   ] GC(1230) User=0.00s Sys=0.00s Real=0.00s
[11.757s][info][safepoint] Safepoint "G1CollectForAllocation", Time since last: 2204749 ns, Reaching safepoint: 1516 ns, Cleanup: 1636 ns, At safepoint: 4590918 ns, Leaving safepoint: 2856896 ns, Total: 7450966 ns
[11.764s][info][gc       ] GC(1231) Pause Young (Concurrent Start) (G1 Evacuation Pause) 215M->214M(256M) 2.937ms
[11.764s][info][gc,cpu   ] GC(1231) User=0.00s Sys=0.00s Real=0.00s
[11.764s][info][safepoint] Safepoint "G1CollectForAllocation", Time since last: 3979856 ns, Reaching safepoint: 4910 ns, Cleanup: 1901 ns, At safepoint: 2965081 ns, Leaving safepoint: 1438 ns, Total: 2973330 ns
[11.765s][info][gc       ] GC(1232) Concurrent Mark Cycle
[11.774s][info][gc       ] GC(1233) Pause Young (Normal) (G1 Evacuation Pause) 226M->225M(256M) 2.195ms
[11.774s][info][gc,cpu   ] GC(1233) User=0.00s Sys=0.00s Real=0.00s
[11.774s][info][safepoint] Safepoint "G1CollectForAllocation", Time since last: 7836842 ns, Reaching safepoint: 10385 ns, Cleanup: 1638 ns, At safepoint: 2222475 ns, Leaving safepoint: 12107 ns, Total: 2246605 ns
[11.776s][info][gc       ] GC(1234) Pause Young (Normal) (G1 Evacuation Pause) 235M->234M(256M) 1.656ms
[11.776s][info][gc,cpu   ] GC(1234) User=0.00s Sys=0.00s Real=0.00s
[11.776s][info][safepoint] Safepoint "G1CollectForAllocation", Time since last: 1033605 ns, Reaching safepoint: 2060 ns, Cleanup: 2162 ns, At safepoint: 1681020 ns, Leaving safepoint: 1777 ns, Total: 1687019 ns
[11.782s][info][gc       ] GC(1235) Pause Young (Normal) (G1 Evacuation Pause) 244M->243M(256M) 1.398ms
[11.782s][info][gc,cpu   ] GC(1235) User=0.00s Sys=0.00s Real=0.00s
[11.782s][info][safepoint] Safepoint "G1CollectForAllocation", Time since last: 4246264 ns, Reaching safepoint: 8971 ns, Cleanup: 1913 ns, At safepoint: 1425966 ns, Leaving safepoint: 12491 ns, Total: 1449341 ns
[11.784s][info][gc       ] GC(1236) Pause Young (Normal) (G1 Evacuation Pause) (Evacuation Failure) 253M->255M(256M) 0.603ms
[11.784s][info][gc,cpu   ] GC(1236) User=0.00s Sys=0.00s Real=0.00s
[11.808s][info][gc       ] GC(1237) Pause Full (G1 Compaction Pause) 255M->108M(256M) 24.822ms
[11.808s][info][gc,cpu   ] GC(1237) User=0.03s Sys=0.00s Real=0.02s
[11.813s][info][safepoint] Safepoint "G1CollectForAllocation", Time since last: 822499 ns, Reaching safepoint: 1339 ns, Cleanup: 1569 ns, At safepoint: 25481162 ns, Leaving safepoint: 4206744 ns, Total: 29690814 ns
[11.816s][info][gc       ] GC(1232) Pause Remark 134M->134M(256M) 0.011ms
[11.816s][info][gc,cpu   ] GC(1232) User=0.00s Sys=0.00s Real=0.00s
[11.821s][info][safepoint] Safepoint "G1PauseRemark", Time since last: 3356387 ns, Reaching safepoint: 253105 ns, Cleanup: 3356 ns, At safepoint: 34092 ns, Leaving safepoint: 4350471 ns, Total: 4641024 ns
[11.821s][info][gc       ] GC(1232) Concurrent Mark Cycle 56.012ms
[11.837s][info][gc       ] GC(1238) Pause Young (Normal) (G1 Evacuation Pause) 158M->149M(256M) 8.089ms
[11.837s][info][gc,cpu   ] GC(1238) User=0.00s Sys=0.00s Real=0.01s
[11.837s][info][safepoint] Safepoint "G1CollectForAllocation", Time since last: 8012948 ns, Reaching safepoint: 6173 ns, Cleanup: 2512 ns, At safepoint: 8122267 ns, Leaving safepoint: 2375 ns, Total: 8133327 ns
[11.855s][info][gc       ] GC(1239) Pause Young (Normal) (G1 Evacuation Pause) 183M->176M(256M) 7.317ms
[11.855s][info][gc,cpu   ] GC(1239) User=0.01s Sys=0.00s Real=0.01s
[11.855s][info][safepoint] Safepoint "G1CollectForAllocation", Time since last: 10598396 ns, Reaching safepoint: 2147 ns, Cleanup: 2457 ns, At safepoint: 7349607 ns, Leaving safepoint: 9219 ns, Total: 7363430 ns
[11.866s][info][gc       ] GC(1240) Pause Young (Concurrent Start) (G1 Evacuation Pause) 200M->197M(256M) 4.957ms
[11.866s][info][gc       ] GC(1241) Concurrent Mark Cycle
[11.866s][info][gc,cpu   ] GC(1240) User=0.00s Sys=0.00s Real=0.00s
[11.873s][info][safepoint] Safepoint "G1CollectForAllocation", Time since last: 5928780 ns, Reaching safepoint: 6365 ns, Cleanup: 2279 ns, At safepoint: 5101142 ns, Leaving safepoint: 6882484 ns, Total: 11992270 ns
[11.879s][info][gc       ] GC(1242) Pause Young (Normal) (G1 Evacuation Pause) 214M->212M(256M) 3.629ms
[11.879s][info][gc,cpu   ] GC(1242) User=0.01s Sys=0.00s Real=0.01s
[11.879s][info][safepoint] Safepoint "G1CollectForAllocation", Time since last: 2418131 ns, Reaching safepoint: 9542 ns, Cleanup: 2092 ns, At safepoint: 3658634 ns, Leaving safepoint: 1656 ns, Total: 3671924 ns
[11.881s][info][gc       ] GC(1241) Pause Remark 213M->212M(256M) 0.149ms
[11.881s][info][gc,cpu   ] GC(1241) User=0.00s Sys=0.00s Real=0.00s
[11.881s][info][safepoint] Safepoint "G1PauseRemark", Time since last: 2012467 ns, Reaching safepoint: 4792 ns, Cleanup: 1398 ns, At safepoint: 163173 ns, Leaving safepoint: 3963 ns, Total: 173326 ns
[11.887s][info][gc       ] GC(1243) Pause Young (Normal) (G1 Evacuation Pause) 223M->222M(256M) 2.660ms
[11.887s][info][gc,cpu   ] GC(1243) User=0.00s Sys=0.00s Real=0.00s
[11.887s][info][safepoint] Safepoint "G1CollectForAllocation", Time since last: 2990414 ns, Reaching safepoint: 1518 ns, Cleanup: 6229 ns, At safepoint: 2694683 ns, Leaving safepoint: 1989 ns, Total: 2704419 ns
[11.892s][info][gc       ] GC(1244) Pause Young (Normal) (G1 Evacuation Pause) 232M->232M(256M) 2.098ms
[11.892s][info][gc,cpu   ] GC(1244) User=0.00s Sys=0.00s Real=0.00s
[11.892s][info][safepoint] Safepoint "G1CollectForAllocation", Time since last: 3003178 ns, Reaching safepoint: 6739 ns, Cleanup: 1700 ns, At safepoint: 2120033 ns, Leaving safepoint: 2304 ns, Total: 2130776 ns
[11.893s][info][gc       ] GC(1241) Pause Cleanup 233M->233M(256M) 0.119ms
[11.893s][info][gc,cpu   ] GC(1241) User=0.00s Sys=0.00s Real=0.00s
[11.893s][info][safepoint] Safepoint "G1PauseCleanup", Time since last: 888974 ns, Reaching safepoint: 98630 ns, Cleanup: 1745 ns, At safepoint: 142525 ns, Leaving safepoint: 1507 ns, Total: 244407 ns
[11.893s][info][gc       ] GC(1241) Concurrent Mark Cycle 27.734ms
[11.896s][info][gc       ] GC(1245) Pause Young (Prepare Mixed) (G1 Evacuation Pause) 242M->241M(256M) 1.746ms
[11.896s][info][gc,cpu   ] GC(1245) User=0.00s Sys=0.00s Real=0.00s
[11.896s][info][safepoint] Safepoint "G1CollectForAllocation", Time since last: 1301153 ns, Reaching safepoint: 1226 ns, Cleanup: 1274 ns, At safepoint: 1763937 ns, Leaving safepoint: 8414 ns, Total: 1774851 ns
[11.902s][info][gc       ] GC(1246) Pause Young (Mixed) (G1 Evacuation Pause) (Evacuation Failure) 251M->246M(256M) 1.332ms
[11.902s][info][gc,cpu   ] GC(1246) User=0.00s Sys=0.00s Real=0.00s
[11.902s][info][safepoint] Safepoint "G1CollectForAllocation", Time since last: 4709326 ns, Reaching safepoint: 9090 ns, Cleanup: 1802 ns, At safepoint: 1361166 ns, Leaving safepoint: 31205 ns, Total: 1403263 ns
[11.904s][info][gc       ] GC(1247) Pause Young (Mixed) (G1 Evacuation Pause) (Evacuation Failure) 253M->249M(256M) 1.011ms
[11.904s][info][gc,cpu   ] GC(1247) User=0.00s Sys=0.00s Real=0.00s
[11.909s][info][safepoint] Safepoint "G1CollectForAllocation", Time since last: 1019604 ns, Reaching safepoint: 1215 ns, Cleanup: 1808 ns, At safepoint: 1030278 ns, Leaving safepoint: 4494974 ns, Total: 5528275 ns
[11.910s][info][gc       ] GC(1248) Pause Young (Mixed) (G1 Evacuation Pause) (Evacuation Failure) 253M->252M(256M) 0.962ms
[11.910s][info][gc,cpu   ] GC(1248) User=0.00s Sys=0.00s Real=0.00s
[11.910s][info][safepoint] Safepoint "G1CollectForAllocation", Time since last: 539029 ns, Reaching safepoint: 6704 ns, Cleanup: 1791 ns, At safepoint: 979469 ns, Leaving safepoint: 29648 ns, Total: 1017612 ns
[11.911s][info][gc       ] GC(1249) Pause Young (Mixed) (G1 Evacuation Pause) (Evacuation Failure) 253M->253M(256M) 0.906ms
[11.911s][info][gc,cpu   ] GC(1249) User=0.00s Sys=0.00s Real=0.00s
[11.936s][info][gc       ] GC(1250) Pause Full (G1 Compaction Pause) 253M->108M(256M) 24.456ms
[11.936s][info][gc,cpu   ] GC(1250) User=0.02s Sys=0.00s Real=0.02s
[11.941s][info][safepoint] Safepoint "G1CollectForAllocation", Time since last: 124614 ns, Reaching safepoint: 472 ns, Cleanup: 930 ns, At safepoint: 25405666 ns, Leaving safepoint: 4909924 ns, Total: 30316992 ns
[11.959s][info][gc       ] GC(1251) Pause Young (Normal) (G1 Evacuation Pause) 158M->149M(256M) 9.736ms
[11.959s][info][gc,cpu   ] GC(1251) User=0.01s Sys=0.00s Real=0.01s
[11.959s][info][safepoint] Safepoint "G1CollectForAllocation", Time since last: 8307330 ns, Reaching safepoint: 2971 ns, Cleanup: 3102 ns, At safepoint: 9774522 ns, Leaving safepoint: 1248 ns, Total: 9781843 ns
[11.974s][info][gc       ] GC(1252) Pause Young (Normal) (G1 Evacuation Pause) 184M->178M(256M) 7.412ms
[11.974s][info][gc,cpu   ] GC(1252) User=0.01s Sys=0.00s Real=0.01s
[11.977s][info][safepoint] Safepoint "G1CollectForAllocation", Time since last: 7816009 ns, Reaching safepoint: 2054 ns, Cleanup: 2610 ns, At safepoint: 7444047 ns, Leaving safepoint: 2700779 ns, Total: 10149490 ns
[11.986s][info][gc       ] GC(1253) Pause Young (Concurrent Start) (G1 Evacuation Pause) 201M->198M(256M) 4.317ms
[11.986s][info][gc       ] GC(1254) Concurrent Mark Cycle
[11.986s][info][gc,cpu   ] GC(1253) User=0.00s Sys=0.00s Real=0.00s
[11.988s][info][safepoint] Safepoint "G1CollectForAllocation", Time since last: 4452679 ns, Reaching safepoint: 2073 ns, Cleanup: 2424 ns, At safepoint: 4457692 ns, Leaving safepoint: 2629653 ns, Total: 7091842 ns
[11.996s][info][gc       ] GC(1255) Pause Young (Normal) (G1 Evacuation Pause) 214M->213M(256M) 3.591ms
[11.996s][info][gc,cpu   ] GC(1255) User=0.00s Sys=0.00s Real=0.00s
[11.996s][info][safepoint] Safepoint "G1CollectForAllocation", Time since last: 4450690 ns, Reaching safepoint: 7444 ns, Cleanup: 2125 ns, At safepoint: 3620353 ns, Leaving safepoint: 1883 ns, Total: 3631805 ns
[12.002s][info][gc       ] GC(1254) Pause Remark 220M->217M(256M) 0.151ms
[12.002s][info][gc,cpu   ] GC(1254) User=0.00s Sys=0.00s Real=0.00s
[12.002s][info][safepoint] Safepoint "G1PauseRemark", Time since last: 5738289 ns, Reaching safepoint: 27940 ns, Cleanup: 2227 ns, At safepoint: 184313 ns, Leaving safepoint: 4439 ns, Total: 218919 ns
[12.007s][info][gc       ] GC(1256) Pause Young (Normal) (G1 Evacuation Pause) 221M->220M(256M) 2.307ms
[12.007s][info][gc,cpu   ] GC(1256) User=0.00s Sys=0.00s Real=0.00s
[12.007s][info][safepoint] Safepoint "G1CollectForAllocation", Time since last: 2138831 ns, Reaching safepoint: 1456 ns, Cleanup: 1453 ns, At safepoint: 2331030 ns, Leaving safepoint: 823 ns, Total: 2334762 ns
[12.010s][info][gc       ] GC(1257) Pause Young (Normal) (G1 Evacuation Pause) 230M->230M(256M) 2.102ms
[12.010s][info][gc,cpu   ] GC(1257) User=0.01s Sys=0.00s Real=0.01s
[12.010s][info][safepoint] Safepoint "G1CollectForAllocation", Time since last: 1132383 ns, Reaching safepoint: 1507 ns, Cleanup: 1197 ns, At safepoint: 2135418 ns, Leaving safepoint: 1718 ns, Total: 2139840 ns
[12.016s][info][gc       ] GC(1258) Pause Young (Normal) (G1 Evacuation Pause) 240M->239M(256M) 2.223ms
[12.016s][info][gc,cpu   ] GC(1258) User=0.00s Sys=0.00s Real=0.00s
[12.016s][info][safepoint] Safepoint "G1CollectForAllocation", Time since last: 3630767 ns, Reaching safepoint: 8732 ns, Cleanup: 1679 ns, At safepoint: 2248679 ns, Leaving safepoint: 2158 ns, Total: 2261248 ns
[12.016s][info][gc       ] GC(1254) Pause Cleanup 240M->240M(256M) 0.095ms
[12.016s][info][gc,cpu   ] GC(1254) User=0.00s Sys=0.00s Real=0.00s
[12.021s][info][safepoint] Safepoint "G1PauseCleanup", Time since last: 23455 ns, Reaching safepoint: 143934 ns, Cleanup: 1682 ns, At safepoint: 106281 ns, Leaving safepoint: 4464662 ns, Total: 4716559 ns
[12.021s][info][gc       ] GC(1254) Concurrent Mark Cycle 35.629ms
[12.023s][info][gc       ] GC(1259) Pause Young (Prepare Mixed) (G1 Evacuation Pause) (Evacuation Failure) 249M->252M(256M) 0.864ms
[12.023s][info][gc,cpu   ] GC(1259) User=0.00s Sys=0.00s Real=0.00s
[12.050s][info][gc       ] GC(1260) Pause Full (G1 Compaction Pause) 252M->108M(256M) 26.633ms
[12.050s][info][gc,cpu   ] GC(1260) User=0.02s Sys=0.00s Real=0.03s
[12.050s][info][safepoint] Safepoint "G1CollectForAllocation", Time since last: 1419153 ns, Reaching safepoint: 7762 ns, Cleanup: 1870 ns, At safepoint: 27550094 ns, Leaving safepoint: 64843 ns, Total: 27624569 ns
[12.065s][info][gc       ] GC(1261) Pause Young (Normal) (G1 Evacuation Pause) 159M->150M(256M) 8.505ms
[12.065s][info][gc,cpu   ] GC(1261) User=0.01s Sys=0.00s Real=0.00s
[12.069s][info][safepoint] Safepoint "G1CollectForAllocation", Time since last: 6997621 ns, Reaching safepoint: 2449 ns, Cleanup: 2308 ns, At safepoint: 8536483 ns, Leaving safepoint: 3405930 ns, Total: 11947170 ns
[12.080s][info][gc       ] GC(1262) Pause Young (Normal) (G1 Evacuation Pause) 184M->177M(256M) 5.980ms
[12.080s][info][gc,cpu   ] GC(1262) User=0.00s Sys=0.00s Real=0.01s
[12.080s][info][safepoint] Safepoint "G1CollectForAllocation", Time since last: 4997877 ns, Reaching safepoint: 1885 ns, Cleanup: 2561 ns, At safepoint: 6005481 ns, Leaving safepoint: 8219 ns, Total: 6018146 ns
[12.088s][info][gc       ] GC(1263) Pause Young (Concurrent Start) (G1 Evacuation Pause) 201M->198M(256M) 4.951ms
[12.088s][info][gc       ] GC(1264) Concurrent Mark Cycle
[12.088s][info][gc,cpu   ] GC(1263) User=0.00s Sys=0.00s Real=0.00s
[12.095s][info][safepoint] Safepoint "G1CollectForAllocation", Time since last: 3019838 ns, Reaching safepoint: 1933 ns, Cleanup: 6065 ns, At safepoint: 5135941 ns, Leaving safepoint: 6826012 ns, Total: 11969951 ns
[12.095s][info][gc       ] GC(1264) Pause Remark 199M->196M(256M) 0.219ms
[12.095s][info][gc,cpu   ] GC(1264) User=0.00s Sys=0.00s Real=0.00s
[12.095s][info][safepoint] Safepoint "G1PauseRemark", Time since last: 53226 ns, Reaching safepoint: 150241 ns, Cleanup: 10875 ns, At safepoint: 239694 ns, Leaving safepoint: 19371 ns, Total: 420181 ns
[12.099s][info][gc       ] GC(1264) Pause Cleanup 210M->210M(256M) 0.111ms
[12.099s][info][gc,cpu   ] GC(1264) User=0.00s Sys=0.00s Real=0.00s
[12.099s][info][safepoint] Safepoint "G1PauseCleanup", Time since last: 3380946 ns, Reaching safepoint: 1997 ns, Cleanup: 1725 ns, At safepoint: 134008 ns, Leaving safepoint: 956 ns, Total: 138686 ns
[12.099s][info][gc       ] GC(1264) Concurrent Mark Cycle 11.323ms
[12.102s][info][gc       ] GC(1265) Pause Young (Prepare Mixed) (G1 Evacuation Pause) 211M->209M(256M) 2.899ms
[12.102s][info][gc,cpu   ] GC(1265) User=0.01s Sys=0.00s Real=0.00s
[12.102s][info][safepoint] Safepoint "G1CollectForAllocation", Time since last: 868228 ns, Reaching safepoint: 1376 ns, Cleanup: 1605 ns, At safepoint: 2924721 ns, Leaving safepoint: 1160 ns, Total: 2928862 ns
[12.108s][info][gc       ] GC(1266) Pause Young (Mixed) (G1 Evacuation Pause) 222M->199M(256M) 3.061ms
[12.108s][info][gc,cpu   ] GC(1266) User=0.00s Sys=0.00s Real=0.00s
[12.108s][info][safepoint] Safepoint "G1CollectForAllocation", Time since last: 2223276 ns, Reaching safepoint: 6070 ns, Cleanup: 1964 ns, At safepoint: 3087620 ns, Leaving safepoint: 2271 ns, Total: 3097925 ns
[12.114s][info][gc       ] GC(1267) Pause Young (Mixed) (G1 Evacuation Pause) 215M->193M(256M) 3.887ms
[12.114s][info][gc,cpu   ] GC(1267) User=0.01s Sys=0.00s Real=0.00s
[12.114s][info][safepoint] Safepoint "G1CollectForAllocation", Time since last: 1896309 ns, Reaching safepoint: 1727 ns, Cleanup: 1978 ns, At safepoint: 3913213 ns, Leaving safepoint: 1013 ns, Total: 3917931 ns
[12.121s][info][gc       ] GC(1268) Pause Young (Mixed) (G1 Evacuation Pause) 212M->191M(256M) 4.492ms
[12.121s][info][gc,cpu   ] GC(1268) User=0.01s Sys=0.00s Real=0.00s
[12.121s][info][safepoint] Safepoint "G1CollectForAllocation", Time since last: 3120192 ns, Reaching safepoint: 4802 ns, Cleanup: 1621 ns, At safepoint: 4517476 ns, Leaving safepoint: 2466 ns, Total: 4526365 ns
[12.129s][info][gc       ] GC(1269) Pause Young (Mixed) (G1 Evacuation Pause) 211M->189M(256M) 5.369ms
[12.129s][info][gc,cpu   ] GC(1269) User=0.00s Sys=0.00s Real=0.01s
[12.129s][info][safepoint] Safepoint "G1CollectForAllocation", Time since last: 2712094 ns, Reaching safepoint: 1616 ns, Cleanup: 2111 ns, At safepoint: 5438450 ns, Leaving safepoint: 1215 ns, Total: 5443392 ns
[12.142s][info][gc       ] GC(1270) Pause Young (Mixed) (G1 Evacuation Pause) 210M->199M(256M) 5.049ms
[12.142s][info][gc,cpu   ] GC(1270) User=0.01s Sys=0.00s Real=0.00s
[12.142s][info][safepoint] Safepoint "G1CollectForAllocation", Time since last: 7323740 ns, Reaching safepoint: 8083 ns, Cleanup: 1869 ns, At safepoint: 5077836 ns, Leaving safepoint: 2131 ns, Total: 5089919 ns
[12.152s][info][gc       ] GC(1271) Pause Young (Concurrent Start) (G1 Evacuation Pause) 216M->214M(256M) 2.799ms
[12.152s][info][gc,cpu   ] GC(1271) User=0.01s Sys=0.00s Real=0.00s
[12.152s][info][gc       ] GC(1272) Concurrent Mark Cycle
[12.155s][info][safepoint] Safepoint "G1CollectForAllocation", Time since last: 6866205 ns, Reaching safepoint: 7862 ns, Cleanup: 1821 ns, At safepoint: 2829262 ns, Leaving safepoint: 3371962 ns, Total: 6210907 ns
[12.158s][info][gc       ] GC(1273) Pause Young (Normal) (G1 Evacuation Pause) 226M->225M(256M) 2.125ms
[12.158s][info][gc,cpu   ] GC(1273) User=0.00s Sys=0.00s Real=0.01s
[12.158s][info][safepoint] Safepoint "G1CollectForAllocation", Time since last: 1082538 ns, Reaching safepoint: 1642 ns, Cleanup: 1805 ns, At safepoint: 2155705 ns, Leaving safepoint: 2305 ns, Total: 2161457 ns
[12.162s][info][gc       ] GC(1274) Pause Young (Normal) (G1 Evacuation Pause) 235M->234M(256M) 1.711ms
[12.162s][info][gc,cpu   ] GC(1274) User=0.01s Sys=0.00s Real=0.00s
[12.162s][info][safepoint] Safepoint "G1CollectForAllocation", Time since last: 2547278 ns, Reaching safepoint: 5105 ns, Cleanup: 1732 ns, At safepoint: 1759745 ns, Leaving safepoint: 2235 ns, Total: 1768817 ns
[12.163s][info][gc       ] GC(1272) Pause Remark 234M->230M(256M) 0.121ms
[12.163s][info][gc,cpu   ] GC(1272) User=0.00s Sys=0.00s Real=0.00s
[12.165s][info][safepoint] Safepoint "G1PauseRemark", Time since last: 24504 ns, Reaching safepoint: 102817 ns, Cleanup: 1524 ns, At safepoint: 130630 ns, Leaving safepoint: 1975446 ns, Total: 2210417 ns
[12.167s][info][gc       ] GC(1272) Pause Cleanup 231M->231M(256M) 0.140ms
[12.167s][info][gc,cpu   ] GC(1272) User=0.00s Sys=0.00s Real=0.00s
[12.167s][info][safepoint] Safepoint "G1PauseCleanup", Time since last: 2096326 ns, Reaching safepoint: 10068 ns, Cleanup: 1665 ns, At safepoint: 164634 ns, Leaving safepoint: 5353 ns, Total: 181720 ns
[12.169s][info][gc       ] GC(1272) Concurrent Mark Cycle 17.080ms
[12.171s][info][gc       ] GC(1275) Pause Young (Prepare Mixed) (G1 Evacuation Pause) 240M->240M(256M) 2.153ms
[12.171s][info][gc,cpu   ] GC(1275) User=0.00s Sys=0.00s Real=0.01s
[12.171s][info][safepoint] Safepoint "G1CollectForAllocation", Time since last: 1669420 ns, Reaching safepoint: 2493 ns, Cleanup: 2085 ns, At safepoint: 2183345 ns, Leaving safepoint: 10521 ns, Total: 2198444 ns
[12.176s][info][gc       ] GC(1276) Pause Young (Mixed) (G1 Evacuation Pause) (Evacuation Failure) 250M->241M(256M) 1.991ms
[12.176s][info][gc,cpu   ] GC(1276) User=0.00s Sys=0.00s Real=0.00s
[12.176s][info][safepoint] Safepoint "G1CollectForAllocation", Time since last: 2744403 ns, Reaching safepoint: 11881 ns, Cleanup: 2067 ns, At safepoint: 2021487 ns, Leaving safepoint: 28513 ns, Total: 2063948 ns
[12.180s][info][gc       ] GC(1277) Pause Young (Mixed) (G1 Evacuation Pause) (Evacuation Failure) 251M->253M(256M) 2.961ms
[12.180s][info][gc,cpu   ] GC(1277) User=0.00s Sys=0.00s Real=0.00s
[12.185s][info][safepoint] Safepoint "G1CollectForAllocation", Time since last: 1595972 ns, Reaching safepoint: 1484 ns, Cleanup: 1976 ns, At safepoint: 2987541 ns, Leaving safepoint: 4447771 ns, Total: 7438772 ns
[12.186s][info][gc       ] GC(1278) Pause Young (Mixed) (G1 Evacuation Pause) (Evacuation Failure) 255M->255M(256M) 1.459ms
[12.186s][info][gc,cpu   ] GC(1278) User=0.00s Sys=0.00s Real=0.00s
[12.213s][info][gc       ] GC(1279) Pause Full (G1 Compaction Pause) 255M->108M(256M) 26.616ms
[12.213s][info][gc,cpu   ] GC(1279) User=0.03s Sys=0.00s Real=0.03s
[12.217s][info][safepoint] Safepoint "G1CollectForAllocation", Time since last: 280350 ns, Reaching safepoint: 6389 ns, Cleanup: 1619 ns, At safepoint: 28139675 ns, Leaving safepoint: 3610535 ns, Total: 31758218 ns
[12.235s][info][gc       ] GC(1280) Pause Young (Normal) (G1 Evacuation Pause) 156M->147M(256M) 9.127ms
[12.235s][info][gc,cpu   ] GC(1280) User=0.01s Sys=0.00s Real=0.01s
[12.237s][info][safepoint] Safepoint "G1CollectForAllocation", Time since last: 8843178 ns, Reaching safepoint: 4510 ns, Cleanup: 3778 ns, At safepoint: 9161057 ns, Leaving safepoint: 1960242 ns, Total: 11129587 ns
[12.249s][info][gc       ] GC(1281) Pause Young (Normal) (G1 Evacuation Pause) 182M->175M(256M) 7.227ms
[12.249s][info][gc,cpu   ] GC(1281) User=0.01s Sys=0.00s Real=0.01s
[12.253s][info][safepoint] Safepoint "G1CollectForAllocation", Time since last: 5248439 ns, Reaching safepoint: 2255 ns, Cleanup: 2581 ns, At safepoint: 7256863 ns, Leaving safepoint: 3475853 ns, Total: 10737552 ns
[12.267s][info][gc       ] GC(1282) Pause Young (Concurrent Start) (G1 Evacuation Pause) 200M->197M(256M) 6.180ms
[12.267s][info][gc,cpu   ] GC(1282) User=0.01s Sys=0.00s Real=0.00s
[12.267s][info][safepoint] Safepoint "G1CollectForAllocation", Time since last: 8053110 ns, Reaching safepoint: 9549 ns, Cleanup: 3422 ns, At safepoint: 6220824 ns, Leaving safepoint: 2536 ns, Total: 6236331 ns
[12.267s][info][gc       ] GC(1283) Concurrent Mark Cycle
[12.272s][info][gc       ] GC(1283) Pause Remark 211M->211M(256M) 0.145ms
[12.272s][info][gc,cpu   ] GC(1283) User=0.00s Sys=0.00s Real=0.00s
[12.272s][info][safepoint] Safepoint "G1PauseRemark", Time since last: 4875395 ns, Reaching safepoint: 1898 ns, Cleanup: 2562 ns, At safepoint: 186278 ns, Leaving safepoint: 753 ns, Total: 191491 ns
[12.278s][info][gc       ] GC(1284) Pause Young (Normal) (G1 Evacuation Pause) 214M->211M(256M) 5.745ms
[12.278s][info][gc,cpu   ] GC(1284) User=0.00s Sys=0.00s Real=0.01s
[12.278s][info][safepoint] Safepoint "G1CollectForAllocation", Time since last: 451063 ns, Reaching safepoint: 1951 ns, Cleanup: 2129 ns, At safepoint: 5774634 ns, Leaving safepoint: 6593 ns, Total: 5785307 ns
[12.288s][info][gc       ] GC(1285) Pause Young (Normal) (G1 Evacuation Pause) 223M->222M(256M) 3.238ms
[12.288s][info][gc,cpu   ] GC(1285) User=0.00s Sys=0.00s Real=0.00s
[12.288s][info][safepoint] Safepoint "G1CollectForAllocation", Time since last: 6081337 ns, Reaching safepoint: 49539 ns, Cleanup: 2445 ns, At safepoint: 3268299 ns, Leaving safepoint: 10123 ns, Total: 3330406 ns
[12.289s][info][gc       ] GC(1283) Pause Cleanup 227M->227M(256M) 0.146ms
[12.289s][info][gc,cpu   ] GC(1283) User=0.00s Sys=0.00s Real=0.00s
[12.293s][info][safepoint] Safepoint "G1PauseCleanup", Time since last: 1067165 ns, Reaching safepoint: 99905 ns, Cleanup: 2477 ns, At safepoint: 173841 ns, Leaving safepoint: 3663320 ns, Total: 3939543 ns
[12.293s][info][gc       ] GC(1283) Concurrent Mark Cycle 26.259ms
[12.296s][info][gc       ] GC(1286) Pause Young (Prepare Mixed) (G1 Evacuation Pause) 232M->231M(256M) 2.078ms
[12.296s][info][gc,cpu   ] GC(1286) User=0.00s Sys=0.00s Real=0.00s
[12.296s][info][safepoint] Safepoint "G1CollectForAllocation", Time since last: 1175269 ns, Reaching safepoint: 9395 ns, Cleanup: 2051 ns, At safepoint: 2101197 ns, Leaving safepoint: 2214 ns, Total: 2114857 ns
[12.304s][info][gc       ] GC(1287) Pause Young (Mixed) (G1 Evacuation Pause) (Evacuation Failure) 241M->232M(256M) 2.839ms
[12.304s][info][gc,cpu   ] GC(1287) User=0.01s Sys=0.00s Real=0.00s
[12.304s][info][safepoint] Safepoint "G1CollectForAllocation", Time since last: 4703232 ns, Reaching safepoint: 4641 ns, Cleanup: 1773 ns, At safepoint: 2865914 ns, Leaving safepoint: 1765 ns, Total: 2874093 ns
[12.312s][info][gc       ] GC(1288) Pause Young (Mixed) (G1 Evacuation Pause) (Evacuation Failure) 242M->236M(256M) 2.826ms
[12.312s][info][gc,cpu   ] GC(1288) User=0.00s Sys=0.00s Real=0.00s
[12.312s][info][safepoint] Safepoint "G1CollectForAllocation", Time since last: 5137468 ns, Reaching safepoint: 11089 ns, Cleanup: 2238 ns, At safepoint: 2854114 ns, Leaving safepoint: 34593 ns, Total: 2902034 ns
[12.316s][info][gc       ] GC(1289) Pause Young (Mixed) (G1 Evacuation Pause) (Evacuation Failure) 246M->243M(256M) 2.434ms
[12.316s][info][gc,cpu   ] GC(1289) User=0.00s Sys=0.00s Real=0.00s
[12.316s][info][safepoint] Safepoint "G1CollectForAllocation", Time since last: 1617050 ns, Reaching safepoint: 1428 ns, Cleanup: 1819 ns, At safepoint: 2460085 ns, Leaving safepoint: 30579 ns, Total: 2493911 ns
[12.323s][info][gc       ] GC(1290) Pause Young (Mixed) (G1 Evacuation Pause) (Evacuation Failure) 253M->254M(256M) 1.602ms
[12.323s][info][gc,cpu   ] GC(1290) User=0.01s Sys=0.00s Real=0.00s
[12.351s][info][gc       ] GC(1291) Pause Full (G1 Compaction Pause) 254M->108M(256M) 27.820ms
[12.351s][info][gc,cpu   ] GC(1291) User=0.02s Sys=0.00s Real=0.03s
[12.353s][info][safepoint] Safepoint "G1CollectForAllocation", Time since last: 6117950 ns, Reaching safepoint: 6846 ns, Cleanup: 1805 ns, At safepoint: 29491876 ns, Leaving safepoint: 1383985 ns, Total: 30884512 ns
[12.371s][info][gc       ] GC(1292) Pause Young (Normal) (G1 Evacuation Pause) 158M->150M(256M) 9.549ms
[12.371s][info][gc,cpu   ] GC(1292) User=0.01s Sys=0.00s Real=0.01s
[12.371s][info][safepoint] Safepoint "G1CollectForAllocation", Time since last: 8295000 ns, Reaching safepoint: 2980 ns, Cleanup: 3831 ns, At safepoint: 9582332 ns, Leaving safepoint: 1249 ns, Total: 9590392 ns
[12.386s][info][gc       ] GC(1293) Pause Young (Normal) (G1 Evacuation Pause) 184M->177M(256M) 7.151ms
[12.387s][info][gc,cpu   ] GC(1293) User=0.01s Sys=0.00s Real=0.00s
[12.393s][info][safepoint] Safepoint "G1CollectForAllocation", Time since last: 8693635 ns, Reaching safepoint: 2350 ns, Cleanup: 2401 ns, At safepoint: 7199515 ns, Leaving safepoint: 6190757 ns, Total: 13395023 ns
[12.402s][info][gc       ] GC(1294) Pause Young (Concurrent Start) (G1 Evacuation Pause) 201M->197M(256M) 5.585ms
[12.402s][info][gc,cpu   ] GC(1294) User=0.00s Sys=0.00s Real=0.01s
[12.402s][info][safepoint] Safepoint "G1CollectForAllocation", Time since last: 3523526 ns, Reaching safepoint: 1941 ns, Cleanup: 2522 ns, At safepoint: 5628410 ns, Leaving safepoint: 1613 ns, Total: 5634486 ns
[12.405s][info][gc       ] GC(1295) Concurrent Mark Cycle
[12.417s][info][gc       ] GC(1296) Pause Young (Normal) (G1 Evacuation Pause) 214M->213M(256M) 3.968ms
[12.417s][info][gc,cpu   ] GC(1296) User=0.01s Sys=0.00s Real=0.01s
[12.417s][info][safepoint] Safepoint "G1CollectForAllocation", Time since last: 10865019 ns, Reaching safepoint: 19700 ns, Cleanup: 2392 ns, At safepoint: 3997236 ns, Leaving safepoint: 3135 ns, Total: 4022463 ns
[12.424s][info][gc       ] GC(1297) Pause Young (Normal) (G1 Evacuation Pause) 223M->223M(256M) 2.498ms
[12.424s][info][gc,cpu   ] GC(1297) User=0.01s Sys=0.00s Real=0.00s
[12.424s][info][safepoint] Safepoint "G1CollectForAllocation", Time since last: 4494804 ns, Reaching safepoint: 7443 ns, Cleanup: 2230 ns, At safepoint: 2529644 ns, Leaving safepoint: 2301 ns, Total: 2541618 ns
[12.426s][info][gc       ] GC(1295) Pause Remark 229M->228M(256M) 0.170ms
[12.426s][info][gc,cpu   ] GC(1295) User=0.00s Sys=0.00s Real=0.00s
[12.426s][info][safepoint] Safepoint "G1PauseRemark", Time since last: 1974016 ns, Reaching safepoint: 89002 ns, Cleanup: 2193 ns, At safepoint: 189191 ns, Leaving safepoint: 1527 ns, Total: 281913 ns
[12.431s][info][gc       ] GC(1298) Pause Young (Normal) (G1 Evacuation Pause) 232M->231M(256M) 1.968ms
[12.431s][info][gc,cpu   ] GC(1298) User=0.00s Sys=0.00s Real=0.01s
[12.431s][info][safepoint] Safepoint "G1CollectForAllocation", Time since last: 2567813 ns, Reaching safepoint: 1833 ns, Cleanup: 1961 ns, At safepoint: 2003369 ns, Leaving safepoint: 2205 ns, Total: 2009368 ns
[12.436s][info][gc       ] GC(1299) Pause Young (Normal) (G1 Evacuation Pause) 241M->240M(256M) 2.507ms
[12.436s][info][gc,cpu   ] GC(1299) User=0.00s Sys=0.00s Real=0.00s
[12.436s][info][safepoint] Safepoint "G1CollectForAllocation", Time since last: 3209275 ns, Reaching safepoint: 6236 ns, Cleanup: 1780 ns, At safepoint: 2537486 ns, Leaving safepoint: 2884 ns, Total: 2548386 ns
[12.437s][info][gc       ] GC(1295) Pause Cleanup 240M->240M(256M) 0.163ms
[12.437s][info][gc,cpu   ] GC(1295) User=0.00s Sys=0.00s Real=0.01s
[12.441s][info][safepoint] Safepoint "G1PauseCleanup", Time since last: 96958 ns, Reaching safepoint: 105015 ns, Cleanup: 2244 ns, At safepoint: 182890 ns, Leaving safepoint: 3945996 ns, Total: 4236145 ns
[12.441s][info][gc       ] GC(1295) Concurrent Mark Cycle 36.689ms
[12.443s][info][gc       ] GC(1300) Pause Young (Prepare Mixed) (G1 Evacuation Pause) (Evacuation Failure) 250M->252M(256M) 0.715ms
[12.443s][info][gc,cpu   ] GC(1300) User=0.00s Sys=0.00s Real=0.00s
[12.470s][info][gc       ] GC(1301) Pause Full (G1 Compaction Pause) 252M->108M(256M) 26.809ms
[12.470s][info][gc,cpu   ] GC(1301) User=0.03s Sys=0.00s Real=0.03s
[12.470s][info][safepoint] Safepoint "G1CollectForAllocation", Time since last: 1474224 ns, Reaching safepoint: 6791 ns, Cleanup: 1782 ns, At safepoint: 27586690 ns, Leaving safepoint: 3881 ns, Total: 27599144 ns
[12.487s][info][gc       ] GC(1302) Pause Young (Normal) (G1 Evacuation Pause) 162M->151M(256M) 8.736ms
[12.487s][info][gc,cpu   ] GC(1302) User=0.01s Sys=0.00s Real=0.00s
[12.487s][info][safepoint] Safepoint "G1CollectForAllocation", Time since last: 8546341 ns, Reaching safepoint: 2088 ns, Cleanup: 3013 ns, At safepoint: 8790772 ns, Leaving safepoint: 6922 ns, Total: 8802795 ns
[12.502s][info][gc       ] GC(1303) Pause Young (Normal) (G1 Evacuation Pause) 186M->179M(256M) 7.642ms
[12.502s][info][gc,cpu   ] GC(1303) User=0.01s Sys=0.00s Real=0.01s
[12.505s][info][safepoint] Safepoint "G1CollectForAllocation", Time since last: 7180707 ns, Reaching safepoint: 2421 ns, Cleanup: 3980 ns, At safepoint: 7694168 ns, Leaving safepoint: 2704950 ns, Total: 10405519 ns
[12.514s][info][gc       ] GC(1304) Pause Young (Concurrent Start) (G1 Evacuation Pause) 202M->199M(256M) 5.225ms
[12.514s][info][gc       ] GC(1305) Concurrent Mark Cycle
[12.514s][info][gc,cpu   ] GC(1304) User=0.00s Sys=0.00s Real=0.01s
[12.521s][info][safepoint] Safepoint "G1CollectForAllocation", Time since last: 3555430 ns, Reaching safepoint: 12954 ns, Cleanup: 2787 ns, At safepoint: 5398121 ns, Leaving safepoint: 7002277 ns, Total: 12416139 ns
[12.529s][info][gc       ] GC(1306) Pause Young (Normal) (G1 Evacuation Pause) 215M->213M(256M) 3.949ms
[12.529s][info][gc,cpu   ] GC(1306) User=0.01s Sys=0.00s Real=0.01s
[12.529s][info][safepoint] Safepoint "G1CollectForAllocation", Time since last: 4011787 ns, Reaching safepoint: 6415 ns, Cleanup: 2254 ns, At safepoint: 4011047 ns, Leaving safepoint: 2084 ns, Total: 4021800 ns
[12.536s][info][gc       ] GC(1307) Pause Young (Normal) (G1 Evacuation Pause) 224M->223M(256M) 2.450ms
[12.536s][info][gc,cpu   ] GC(1307) User=0.01s Sys=0.00s Real=0.00s
[12.536s][info][safepoint] Safepoint "G1CollectForAllocation", Time since last: 5253674 ns, Reaching safepoint: 10629 ns, Cleanup: 2413 ns, At safepoint: 2476979 ns, Leaving safepoint: 14443 ns, Total: 2504464 ns
[12.540s][info][gc       ] GC(1308) Pause Young (Normal) (G1 Evacuation Pause) 233M->233M(256M) 2.387ms
[12.540s][info][gc,cpu   ] GC(1308) User=0.00s Sys=0.00s Real=0.00s
[12.545s][info][safepoint] Safepoint "G1CollectForAllocation", Time since last: 1024690 ns, Reaching safepoint: 1401 ns, Cleanup: 1387 ns, At safepoint: 2408210 ns, Leaving safepoint: 4780397 ns, Total: 7191395 ns
[12.545s][info][gc       ] GC(1305) Pause Remark 234M->233M(256M) 0.168ms
[12.545s][info][gc,cpu   ] GC(1305) User=0.01s Sys=0.00s Real=0.00s
[12.545s][info][safepoint] Safepoint "G1PauseRemark", Time since last: 41799 ns, Reaching safepoint: 91428 ns, Cleanup: 1985 ns, At safepoint: 183064 ns, Leaving safepoint: 3778 ns, Total: 280255 ns
[12.549s][info][gc       ] GC(1309) Pause Young (Normal) (G1 Evacuation Pause) (Evacuation Failure) 242M->247M(256M) 1.654ms
[12.549s][info][gc,cpu   ] GC(1309) User=0.00s Sys=0.00s Real=0.01s
[12.549s][info][safepoint] Safepoint "G1CollectForAllocation", Time since last: 2169222 ns, Reaching safepoint: 15476 ns, Cleanup: 1585 ns, At safepoint: 1676857 ns, Leaving safepoint: 2036 ns, Total: 1695954 ns
[12.550s][info][gc       ] GC(1310) Pause Young (Normal) (G1 Evacuation Pause) (Evacuation Failure) 253M->253M(256M) 0.301ms
[12.550s][info][gc,cpu   ] GC(1310) User=0.00s Sys=0.00s Real=0.00s
[12.576s][info][gc       ] GC(1311) Pause Full (G1 Compaction Pause) 253M->108M(256M) 25.900ms
[12.576s][info][gc,cpu   ] GC(1311) User=0.03s Sys=0.00s Real=0.02s
[12.576s][info][safepoint] Safepoint "G1CollectForAllocation", Time since last: 1080006 ns, Reaching safepoint: 1131 ns, Cleanup: 1596 ns, At safepoint: 26251330 ns, Leaving safepoint: 31557 ns, Total: 26285614 ns
[12.585s][info][gc       ] GC(1305) Pause Cleanup 141M->141M(256M) 0.010ms
[12.585s][info][gc,cpu   ] GC(1305) User=0.00s Sys=0.00s Real=0.00s
[12.589s][info][safepoint] Safepoint "G1PauseCleanup", Time since last: 8466575 ns, Reaching safepoint: 182744 ns, Cleanup: 11068 ns, At safepoint: 38192 ns, Leaving safepoint: 3760463 ns, Total: 3992467 ns
[12.589s][info][gc       ] GC(1305) Concurrent Mark Cycle 75.187ms
[12.599s][info][gc       ] GC(1312) Pause Young (Normal) (G1 Evacuation Pause) 158M->149M(256M) 8.264ms
[12.599s][info][gc,cpu   ] GC(1312) User=0.01s Sys=0.00s Real=0.01s
[12.599s][info][safepoint] Safepoint "G1CollectForAllocation", Time since last: 2474482 ns, Reaching safepoint: 8077 ns, Cleanup: 1866 ns, At safepoint: 8295391 ns, Leaving safepoint: 2354 ns, Total: 8307688 ns
[12.611s][info][gc       ] GC(1313) Pause Young (Normal) (G1 Evacuation Pause) 183M->177M(256M) 5.942ms
[12.611s][info][gc,cpu   ] GC(1313) User=0.00s Sys=0.00s Real=0.01s
[12.617s][info][safepoint] Safepoint "G1CollectForAllocation", Time since last: 5622603 ns, Reaching safepoint: 1968 ns, Cleanup: 1764 ns, At safepoint: 5986976 ns, Leaving safepoint: 5599717 ns, Total: 11590425 ns
[12.626s][info][gc       ] GC(1314) Pause Young (Concurrent Start) (G1 Evacuation Pause) 201M->198M(256M) 5.697ms
[12.626s][info][gc       ] GC(1315) Concurrent Mark Cycle
[12.626s][info][gc,cpu   ] GC(1314) User=0.01s Sys=0.00s Real=0.00s
[12.626s][info][safepoint] Safepoint "G1CollectForAllocation", Time since last: 3403065 ns, Reaching safepoint: 9031 ns, Cleanup: 2193 ns, At safepoint: 5817403 ns, Leaving safepoint: 2960 ns, Total: 5831587 ns
[12.631s][info][gc       ] GC(1315) Pause Remark 213M->212M(256M) 0.161ms
[12.632s][info][gc,cpu   ] GC(1315) User=0.00s Sys=0.00s Real=0.00s
[12.632s][info][safepoint] Safepoint "G1PauseRemark", Time since last: 5380475 ns, Reaching safepoint: 7312 ns, Cleanup: 2599 ns, At safepoint: 183159 ns, Leaving safepoint: 1848 ns, Total: 194918 ns
[12.633s][info][gc       ] GC(1315) Pause Cleanup 212M->212M(256M) 0.110ms
[12.633s][info][gc,cpu   ] GC(1315) User=0.00s Sys=0.00s Real=0.00s
[12.634s][info][safepoint] Safepoint "G1PauseCleanup", Time since last: 1569954 ns, Reaching safepoint: 88232 ns, Cleanup: 2143 ns, At safepoint: 137091 ns, Leaving safepoint: 396541 ns, Total: 624007 ns
[12.634s][info][gc       ] GC(1315) Concurrent Mark Cycle 8.318ms
[12.639s][info][gc       ] GC(1316) Pause Young (Prepare Mixed) (G1 Evacuation Pause) 213M->211M(256M) 4.431ms
[12.639s][info][gc,cpu   ] GC(1316) User=0.01s Sys=0.00s Real=0.01s
[12.639s][info][safepoint] Safepoint "G1CollectForAllocation", Time since last: 481015 ns, Reaching safepoint: 2100 ns, Cleanup: 1827 ns, At safepoint: 4460002 ns, Leaving safepoint: 1574 ns, Total: 4465503 ns
[12.648s][info][gc       ] GC(1317) Pause Young (Mixed) (G1 Evacuation Pause) 222M->201M(256M) 3.367ms
[12.648s][info][gc,cpu   ] GC(1317) User=0.01s Sys=0.00s Real=0.00s
[12.648s][info][safepoint] Safepoint "G1CollectForAllocation", Time since last: 6042271 ns, Reaching safepoint: 8109 ns, Cleanup: 1990 ns, At safepoint: 3393102 ns, Leaving safepoint: 12054 ns, Total: 3415255 ns
[12.655s][info][gc       ] GC(1318) Pause Young (Mixed) (G1 Evacuation Pause) 217M->195M(256M) 4.179ms
[12.655s][info][gc,cpu   ] GC(1318) User=0.00s Sys=0.00s Real=0.00s
[12.657s][info][safepoint] Safepoint "G1CollectForAllocation", Time since last: 2372698 ns, Reaching safepoint: 1342 ns, Cleanup: 1343 ns, At safepoint: 4201982 ns, Leaving safepoint: 2004108 ns, Total: 6208775 ns
[12.665s][info][gc       ] GC(1319) Pause Young (Mixed) (G1 Evacuation Pause) 213M->192M(256M) 4.623ms
[12.665s][info][gc,cpu   ] GC(1319) User=0.01s Sys=0.00s Real=0.00s
[12.665s][info][safepoint] Safepoint "G1CollectForAllocation", Time since last: 4007515 ns, Reaching safepoint: 4849 ns, Cleanup: 1897 ns, At safepoint: 4650015 ns, Leaving safepoint: 10980 ns, Total: 4667741 ns
[12.682s][info][gc       ] GC(1320) Pause Young (Mixed) (G1 Evacuation Pause) 212M->189M(256M) 11.860ms
[12.682s][info][gc,cpu   ] GC(1320) User=0.01s Sys=0.00s Real=0.01s
[12.685s][info][safepoint] Safepoint "G1CollectForAllocation", Time since last: 5227305 ns, Reaching safepoint: 6133 ns, Cleanup: 1777 ns, At safepoint: 11889904 ns, Leaving safepoint: 2225492 ns, Total: 14123306 ns
[12.693s][info][gc       ] GC(1321) Pause Young (Mixed) (G1 Evacuation Pause) 209M->196M(256M) 4.083ms
[12.693s][info][gc,cpu   ] GC(1321) User=0.00s Sys=0.00s Real=0.00s
[12.696s][info][safepoint] Safepoint "G1CollectForAllocation", Time since last: 3986323 ns, Reaching safepoint: 5685 ns, Cleanup: 1941 ns, At safepoint: 4110497 ns, Leaving safepoint: 3273448 ns, Total: 7391571 ns
[12.704s][info][gc       ] GC(1322) Pause Young (Concurrent Start) (G1 Evacuation Pause) 214M->212M(256M) 3.587ms
[12.704s][info][gc       ] GC(1323) Concurrent Mark Cycle
[12.704s][info][gc,cpu   ] GC(1322) User=0.00s Sys=0.00s Real=0.00s
[12.709s][info][safepoint] Safepoint "G1CollectForAllocation", Time since last: 4627207 ns, Reaching safepoint: 5972 ns, Cleanup: 2245 ns, At safepoint: 3748617 ns, Leaving safepoint: 4210399 ns, Total: 7967233 ns
[12.717s][info][gc       ] GC(1324) Pause Young (Normal) (G1 Evacuation Pause) 225M->224M(256M) 2.689ms
[12.717s][info][gc,cpu   ] GC(1324) User=0.01s Sys=0.00s Real=0.01s
[12.717s][info][safepoint] Safepoint "G1CollectForAllocation", Time since last: 5325881 ns, Reaching safepoint: 8666 ns, Cleanup: 1966 ns, At safepoint: 2714241 ns, Leaving safepoint: 7668 ns, Total: 2732541 ns
[12.720s][info][gc       ] GC(1325) Pause Young (Normal) (G1 Evacuation Pause) 234M->233M(256M) 1.958ms
[12.720s][info][gc,cpu   ] GC(1325) User=0.00s Sys=0.00s Real=0.00s
[12.720s][info][safepoint] Safepoint "G1CollectForAllocation", Time since last: 960280 ns, Reaching safepoint: 1509 ns, Cleanup: 1821 ns, At safepoint: 1980558 ns, Leaving safepoint: 2058 ns, Total: 1985946 ns
[12.726s][info][gc       ] GC(1326) Pause Young (Normal) (G1 Evacuation Pause) 243M->242M(256M) 1.401ms
[12.726s][info][gc,cpu   ] GC(1326) User=0.01s Sys=0.00s Real=0.00s
[12.726s][info][safepoint] Safepoint "G1CollectForAllocation", Time since last: 5008979 ns, Reaching safepoint: 8880 ns, Cleanup: 1953 ns, At safepoint: 1428978 ns, Leaving safepoint: 17838 ns, Total: 1457649 ns
[12.728s][info][gc       ] GC(1327) Pause Young (Normal) (G1 Evacuation Pause) (Evacuation Failure) 252M->254M(256M) 0.817ms
[12.728s][info][gc,cpu   ] GC(1327) User=0.00s Sys=0.00s Real=0.00s
[12.729s][info][safepoint] Safepoint "G1CollectForAllocation", Time since last: 844581 ns, Reaching safepoint: 1549 ns, Cleanup: 1531 ns, At safepoint: 835402 ns, Leaving safepoint: 1522373 ns, Total: 2360855 ns
[12.730s][info][gc       ] GC(1323) Pause Remark 255M->254M(256M) 0.150ms
[12.730s][info][gc,cpu   ] GC(1323) User=0.00s Sys=0.00s Real=0.00s
[12.730s][info][safepoint] Safepoint "G1PauseRemark", Time since last: 57062 ns, Reaching safepoint: 78953 ns, Cleanup: 1761 ns, At safepoint: 164164 ns, Leaving safepoint: 3862 ns, Total: 248740 ns
[12.732s][info][gc       ] GC(1323) Pause Cleanup 254M->254M(256M) 0.143ms
[12.732s][info][gc,cpu   ] GC(1323) User=0.00s Sys=0.00s Real=0.00s
[12.732s][info][safepoint] Safepoint "G1PauseCleanup", Time since last: 1685524 ns, Reaching safepoint: 1435 ns, Cleanup: 1437 ns, At safepoint: 160210 ns, Leaving safepoint: 891 ns, Total: 163973 ns
[12.732s][info][gc       ] GC(1323) Concurrent Mark Cycle 27.632ms
[12.732s][info][gc       ] GC(1328) Pause Young (Prepare Mixed) (G1 Evacuation Pause) (Evacuation Failure) 254M->254M(256M) 0.349ms
[12.732s][info][gc,cpu   ] GC(1328) User=0.00s Sys=0.00s Real=0.00s
[12.732s][info][safepoint] Safepoint "G1CollectForAllocation", Time since last: 474843 ns, Reaching safepoint: 1177 ns, Cleanup: 931 ns, At safepoint: 366311 ns, Leaving safepoint: 1097 ns, Total: 369516 ns
[12.733s][info][gc       ] GC(1329) Pause Young (Mixed) (G1 Evacuation Pause) (Evacuation Failure) 255M->247M(256M) 0.828ms
[12.733s][info][gc,cpu   ] GC(1329) User=0.00s Sys=0.00s Real=0.00s
[12.733s][info][safepoint] Safepoint "G1CollectForAllocation", Time since last: 123780 ns, Reaching safepoint: 488 ns, Cleanup: 731 ns, At safepoint: 844295 ns, Leaving safepoint: 1651 ns, Total: 847165 ns
[12.736s][info][gc       ] GC(1330) Pause Young (Mixed) (G1 Evacuation Pause) (Evacuation Failure) 255M->250M(256M) 1.041ms
[12.736s][info][gc,cpu   ] GC(1330) User=0.01s Sys=0.00s Real=0.00s
[12.736s][info][safepoint] Safepoint "G1CollectForAllocation", Time since last: 1306108 ns, Reaching safepoint: 1465 ns, Cleanup: 1433 ns, At safepoint: 1059868 ns, Leaving safepoint: 20546 ns, Total: 1083312 ns
[12.742s][info][gc       ] GC(1331) Pause Young (Mixed) (G1 Evacuation Pause) (Evacuation Failure) 255M->253M(256M) 1.621ms
[12.742s][info][gc,cpu   ] GC(1331) User=0.00s Sys=0.00s Real=0.00s
[12.743s][info][safepoint] Safepoint "G1CollectForAllocation", Time since last: 5091384 ns, Reaching safepoint: 13118 ns, Cleanup: 1886 ns, At safepoint: 1650444 ns, Leaving safepoint: 32111 ns, Total: 1697559 ns
[12.744s][info][gc       ] GC(1332) Pause Young (Mixed) (G1 Evacuation Pause) (Evacuation Failure) 255M->255M(256M) 0.909ms
[12.744s][info][gc,cpu   ] GC(1332) User=0.00s Sys=0.00s Real=0.00s
[12.767s][info][gc       ] GC(1333) Pause Full (G1 Compaction Pause) 255M->108M(256M) 23.166ms
[12.767s][info][gc,cpu   ] GC(1333) User=0.03s Sys=0.00s Real=0.02s
[12.773s][info][safepoint] Safepoint "G1CollectForAllocation", Time since last: 267223 ns, Reaching safepoint: 1195 ns, Cleanup: 1328 ns, At safepoint: 24123410 ns, Leaving safepoint: 5786307 ns, Total: 29912240 ns
[12.790s][info][gc       ] GC(1334) Pause Young (Normal) (G1 Evacuation Pause) 158M->149M(256M) 8.450ms
[12.790s][info][gc,cpu   ] GC(1334) User=0.01s Sys=0.00s Real=0.01s
[12.790s][info][safepoint] Safepoint "G1CollectForAllocation", Time since last: 8989413 ns, Reaching safepoint: 2531 ns, Cleanup: 4184 ns, At safepoint: 8483304 ns, Leaving safepoint: 1566 ns, Total: 8491585 ns
[12.803s][info][gc       ] GC(1335) Pause Young (Normal) (G1 Evacuation Pause) 184M->177M(256M) 7.436ms
[12.803s][info][gc,cpu   ] GC(1335) User=0.01s Sys=0.00s Real=0.01s
[12.805s][info][safepoint] Safepoint "G1CollectForAllocation", Time since last: 5119310 ns, Reaching safepoint: 2090 ns, Cleanup: 2619 ns, At safepoint: 7467478 ns, Leaving safepoint: 1931557 ns, Total: 9403744 ns
[12.813s][info][gc       ] GC(1336) Pause Young (Concurrent Start) (G1 Evacuation Pause) 201M->197M(256M) 4.977ms
[12.813s][info][gc       ] GC(1337) Concurrent Mark Cycle
[12.813s][info][gc,cpu   ] GC(1336) User=0.00s Sys=0.00s Real=0.01s
[12.813s][info][safepoint] Safepoint "G1CollectForAllocation", Time since last: 3086964 ns, Reaching safepoint: 8300 ns, Cleanup: 2340 ns, At safepoint: 5131002 ns, Leaving safepoint: 2624 ns, Total: 5144266 ns
[12.817s][info][gc       ] GC(1337) Pause Remark 204M->203M(256M) 0.154ms
[12.817s][info][gc,cpu   ] GC(1337) User=0.00s Sys=0.00s Real=0.00s
[12.821s][info][safepoint] Safepoint "G1PauseRemark", Time since last: 3786636 ns, Reaching safepoint: 100143 ns, Cleanup: 2724 ns, At safepoint: 174185 ns, Leaving safepoint: 3732432 ns, Total: 4009484 ns
[12.827s][info][gc       ] GC(1338) Pause Young (Normal) (G1 Evacuation Pause) 213M->211M(256M) 3.432ms
[12.827s][info][gc,cpu   ] GC(1338) User=0.01s Sys=0.00s Real=0.00s
[12.827s][info][safepoint] Safepoint "G1CollectForAllocation", Time since last: 2683251 ns, Reaching safepoint: 8278 ns, Cleanup: 1779 ns, At safepoint: 3458188 ns, Leaving safepoint: 2252 ns, Total: 3470497 ns
[12.835s][info][gc       ] GC(1339) Pause Young (Normal) (G1 Evacuation Pause) 223M->222M(256M) 2.352ms
[12.835s][info][gc,cpu   ] GC(1339) User=0.00s Sys=0.00s Real=0.00s
[12.835s][info][safepoint] Safepoint "G1CollectForAllocation", Time since last: 5811230 ns, Reaching safepoint: 7143 ns, Cleanup: 2035 ns, At safepoint: 2376390 ns, Leaving safepoint: 24091 ns, Total: 2409659 ns
[12.835s][info][gc       ] GC(1337) Pause Cleanup 223M->223M(256M) 0.097ms
[12.835s][info][gc,cpu   ] GC(1337) User=0.00s Sys=0.00s Real=0.00s
[12.837s][info][safepoint] Safepoint "G1PauseCleanup", Time since last: 107789 ns, Reaching safepoint: 658 ns, Cleanup: 1210 ns, At safepoint: 105392 ns, Leaving safepoint: 1379409 ns, Total: 1486669 ns
[12.838s][info][gc       ] GC(1337) Concurrent Mark Cycle 25.342ms
[12.840s][info][gc       ] GC(1340) Pause Young (Prepare Mixed) (G1 Evacuation Pause) 232M->231M(256M) 2.109ms
[12.840s][info][gc,cpu   ] GC(1340) User=0.00s Sys=0.00s Real=0.00s
[12.840s][info][safepoint] Safepoint "G1CollectForAllocation", Time since last: 1470370 ns, Reaching safepoint: 5876 ns, Cleanup: 1112 ns, At safepoint: 2130427 ns, Leaving safepoint: 1690 ns, Total: 2139105 ns
[12.848s][info][gc       ] GC(1341) Pause Young (Mixed) (G1 Evacuation Pause) (Evacuation Failure) 241M->231M(256M) 2.590ms
[12.848s][info][gc,cpu   ] GC(1341) User=0.01s Sys=0.00s Real=0.00s
[12.848s][info][safepoint] Safepoint "G1CollectForAllocation", Time since last: 5504400 ns, Reaching safepoint: 6895 ns, Cleanup: 1836 ns, At safepoint: 2617215 ns, Leaving safepoint: 29717 ns, Total: 2655663 ns
[12.853s][info][gc       ] GC(1342) Pause Young (Mixed) (G1 Evacuation Pause) (Evacuation Failure) 241M->231M(256M) 3.149ms
[12.853s][info][gc,cpu   ] GC(1342) User=0.00s Sys=0.00s Real=0.00s
[12.857s][info][safepoint] Safepoint "G1CollectForAllocation", Time since last: 1266601 ns, Reaching safepoint: 1444 ns, Cleanup: 1802 ns, At safepoint: 3172411 ns, Leaving safepoint: 3794393 ns, Total: 6970050 ns
[12.861s][info][gc       ] GC(1343) Pause Young (Mixed) (G1 Evacuation Pause) (Evacuation Failure) 241M->233M(256M) 2.876ms
[12.861s][info][gc,cpu   ] GC(1343) User=0.00s Sys=0.00s Real=0.00s
[12.861s][info][safepoint] Safepoint "G1CollectForAllocation", Time since last: 1271728 ns, Reaching safepoint: 7373 ns, Cleanup: 1793 ns, At safepoint: 2908082 ns, Leaving safepoint: 1654 ns, Total: 2918902 ns
[12.867s][info][gc       ] GC(1344) Pause Young (Mixed) (G1 Evacuation Pause) (Evacuation Failure) 243M->241M(256M) 2.754ms
[12.867s][info][gc,cpu   ] GC(1344) User=0.01s Sys=0.00s Real=0.00s
[12.867s][info][safepoint] Safepoint "G1CollectForAllocation", Time since last: 3808614 ns, Reaching safepoint: 3855 ns, Cleanup: 1695 ns, At safepoint: 2774965 ns, Leaving safepoint: 1530 ns, Total: 2782045 ns
[12.874s][info][gc       ] GC(1345) Pause Young (Mixed) (G1 Evacuation Pause) (Evacuation Failure) 251M->253M(256M) 1.512ms
[12.874s][info][gc,cpu   ] GC(1345) User=0.00s Sys=0.00s Real=0.00s
[12.874s][info][safepoint] Safepoint "G1CollectForAllocation", Time since last: 5246246 ns, Reaching safepoint: 6901 ns, Cleanup: 1885 ns, At safepoint: 1539688 ns, Leaving safepoint: 11098 ns, Total: 1559572 ns
[12.875s][info][gc       ] GC(1346) Pause Young (Concurrent Start) (G1 Evacuation Pause) (Evacuation Failure) 254M->254M(256M) 0.236ms
[12.875s][info][gc       ] GC(1347) Concurrent Mark Cycle
[12.875s][info][gc,cpu   ] GC(1346) User=0.00s Sys=0.00s Real=0.00s
[12.900s][info][gc       ] GC(1348) Pause Full (G1 Compaction Pause) 254M->108M(256M) 24.965ms
[12.900s][info][gc,cpu   ] GC(1348) User=0.03s Sys=0.00s Real=0.03s
[12.900s][info][gc       ] GC(1347) Concurrent Mark Cycle 25.046ms
[12.901s][info][safepoint] Safepoint "G1CollectForAllocation", Time since last: 203685 ns, Reaching safepoint: 1134 ns, Cleanup: 1469 ns, At safepoint: 25275315 ns, Leaving safepoint: 919814 ns, Total: 26197732 ns
[12.919s][info][gc       ] GC(1349) Pause Young (Normal) (G1 Evacuation Pause) 163M->150M(256M) 8.995ms
[12.919s][info][gc,cpu   ] GC(1349) User=0.01s Sys=0.00s Real=0.01s
[12.925s][info][safepoint] Safepoint "G1CollectForAllocation", Time since last: 9567524 ns, Reaching safepoint: 2308 ns, Cleanup: 3098 ns, At safepoint: 9028544 ns, Leaving safepoint: 5410429 ns, Total: 14444379 ns
[12.937s][info][gc       ] GC(1350) Pause Young (Normal) (G1 Evacuation Pause) 186M->180M(256M) 6.969ms
[12.937s][info][gc,cpu   ] GC(1350) User=0.00s Sys=0.00s Real=0.01s
[12.937s][info][safepoint] Safepoint "G1CollectForAllocation", Time since last: 5620752 ns, Reaching safepoint: 2689 ns, Cleanup: 3041 ns, At safepoint: 7001096 ns, Leaving safepoint: 942 ns, Total: 7007768 ns
[12.946s][info][gc       ] GC(1351) Pause Young (Concurrent Start) (G1 Evacuation Pause) 203M->199M(256M) 4.784ms
[12.946s][info][gc       ] GC(1352) Concurrent Mark Cycle
[12.946s][info][gc,cpu   ] GC(1351) User=0.00s Sys=0.00s Real=0.00s
[12.946s][info][safepoint] Safepoint "G1CollectForAllocation", Time since last: 3933817 ns, Reaching safepoint: 1847 ns, Cleanup: 2256 ns, At safepoint: 4906999 ns, Leaving safepoint: 7215 ns, Total: 4918317 ns
[12.958s][info][gc       ] GC(1353) Pause Young (Normal) (G1 Evacuation Pause) 215M->213M(256M) 2.925ms
[12.958s][info][gc,cpu   ] GC(1353) User=0.01s Sys=0.00s Real=0.01s
[12.958s][info][safepoint] Safepoint "G1CollectForAllocation", Time since last: 9114468 ns, Reaching safepoint: 7869 ns, Cleanup: 2091 ns, At safepoint: 2951890 ns, Leaving safepoint: 9435 ns, Total: 2971285 ns
[12.964s][info][gc       ] GC(1354) Pause Young (Normal) (G1 Evacuation Pause) 225M->223M(256M) 2.134ms
[12.964s][info][gc,cpu   ] GC(1354) User=0.00s Sys=0.00s Real=0.00s
[12.964s][info][safepoint] Safepoint "G1CollectForAllocation", Time since last: 3892509 ns, Reaching safepoint: 8542 ns, Cleanup: 2247 ns, At safepoint: 2177552 ns, Leaving safepoint: 2327 ns, Total: 2190668 ns
[12.968s][info][gc       ] GC(1355) Pause Young (Normal) (G1 Evacuation Pause) 233M->233M(256M) 2.443ms
[12.968s][info][gc,cpu   ] GC(1355) User=0.00s Sys=0.00s Real=0.00s
[12.968s][info][safepoint] Safepoint "G1CollectForAllocation", Time since last: 1176396 ns, Reaching safepoint: 1579 ns, Cleanup: 1700 ns, At safepoint: 2463080 ns, Leaving safepoint: 7808 ns, Total: 2474167 ns
[12.976s][info][gc       ] GC(1356) Pause Young (Normal) (G1 Evacuation Pause) (Evacuation Failure) 243M->248M(256M) 1.865ms
[12.976s][info][gc,cpu   ] GC(1356) User=0.00s Sys=0.00s Real=0.00s
[12.976s][info][safepoint] Safepoint "G1CollectForAllocation", Time since last: 5795159 ns, Reaching safepoint: 7540 ns, Cleanup: 1859 ns, At safepoint: 1890266 ns, Leaving safepoint: 14451 ns, Total: 1914116 ns
[12.976s][info][gc       ] GC(1357) Pause Young (Normal) (G1 Evacuation Pause) (Evacuation Failure) 252M->252M(256M) 0.240ms
[12.976s][info][gc,cpu   ] GC(1357) User=0.00s Sys=0.00s Real=0.00s
[13.000s][info][gc       ] GC(1358) Pause Full (G1 Compaction Pause) 252M->108M(256M) 23.571ms
[13.000s][info][gc,cpu   ] GC(1358) User=0.03s Sys=0.00s Real=0.03s
[13.004s][info][safepoint] Safepoint "G1CollectForAllocation", Time since last: 382990 ns, Reaching safepoint: 1523 ns, Cleanup: 1202 ns, At safepoint: 23854417 ns, Leaving safepoint: 3743279 ns, Total: 27600421 ns
[13.004s][info][gc       ] GC(1352) Pause Remark 109M->109M(256M) 0.008ms
[13.004s][info][gc,cpu   ] GC(1352) User=0.00s Sys=0.00s Real=0.00s
[13.004s][info][safepoint] Safepoint "G1PauseRemark", Time since last: 34854 ns, Reaching safepoint: 127908 ns, Cleanup: 2154 ns, At safepoint: 21295 ns, Leaving safepoint: 3618 ns, Total: 154975 ns
[13.004s][info][gc       ] GC(1352) Concurrent Mark Cycle 57.816ms
[13.019s][info][gc       ] GC(1359) Pause Young (Normal) (G1 Evacuation Pause) 158M->149M(256M) 8.140ms
[13.019s][info][gc,cpu   ] GC(1359) User=0.01s Sys=0.00s Real=0.01s
[13.021s][info][safepoint] Safepoint "G1CollectForAllocation", Time since last: 6854334 ns, Reaching safepoint: 2244 ns, Cleanup: 2166 ns, At safepoint: 8169036 ns, Leaving safepoint: 1777189 ns, Total: 9950635 ns
[13.041s][info][gc       ] GC(1360) Pause Young (Normal) (G1 Evacuation Pause) 183M->176M(256M) 9.406ms
[13.041s][info][gc,cpu   ] GC(1360) User=0.00s Sys=0.00s Real=0.01s
[13.041s][info][safepoint] Safepoint "G1CollectForAllocation", Time since last: 10530090 ns, Reaching safepoint: 1937 ns, Cleanup: 2005 ns, At safepoint: 9436126 ns, Leaving safepoint: 2091 ns, Total: 9442159 ns
[13.058s][info][gc       ] GC(1361) Pause Young (Concurrent Start) (G1 Evacuation Pause) 200M->196M(256M) 7.439ms
[13.058s][info][gc,cpu   ] GC(1361) User=0.00s Sys=0.00s Real=0.01s
[13.058s][info][safepoint] Safepoint "G1CollectForAllocation", Time since last: 10151576 ns, Reaching safepoint: 6375 ns, Cleanup: 2093 ns, At safepoint: 7482364 ns, Leaving safepoint: 2993 ns, Total: 7493825 ns
[13.058s][info][gc       ] GC(1362) Concurrent Mark Cycle
[13.068s][info][gc       ] GC(1363) Pause Young (Normal) (G1 Evacuation Pause) 213M->212M(256M) 4.694ms
[13.068s][info][gc,cpu   ] GC(1363) User=0.00s Sys=0.00s Real=0.00s
[13.073s][info][safepoint] Safepoint "G1CollectForAllocation", Time since last: 5247498 ns, Reaching safepoint: 1455 ns, Cleanup: 1788 ns, At safepoint: 4718424 ns, Leaving safepoint: 4424696 ns, Total: 9146363 ns
[13.077s][info][gc       ] GC(1364) Pause Young (Normal) (G1 Evacuation Pause) 223M->223M(256M) 2.522ms
[13.077s][info][gc,cpu   ] GC(1364) User=0.01s Sys=0.00s Real=0.01s
[13.077s][info][safepoint] Safepoint "G1CollectForAllocation", Time since last: 1613457 ns, Reaching safepoint: 8275 ns, Cleanup: 1809 ns, At safepoint: 2547189 ns, Leaving safepoint: 15340 ns, Total: 2572613 ns
[13.077s][info][gc       ] GC(1362) Pause Remark 223M->222M(256M) 0.139ms
[13.077s][info][gc,cpu   ] GC(1362) User=0.00s Sys=0.00s Real=0.00s
[13.077s][info][safepoint] Safepoint "G1PauseRemark", Time since last: 14893 ns, Reaching safepoint: 96271 ns, Cleanup: 1490 ns, At safepoint: 163771 ns, Leaving safepoint: 90298 ns, Total: 351830 ns
[13.085s][info][gc       ] GC(1365) Pause Young (Normal) (G1 Evacuation Pause) 232M->231M(256M) 2.442ms
[13.085s][info][gc,cpu   ] GC(1365) User=0.01s Sys=0.00s Real=0.00s
[13.085s][info][safepoint] Safepoint "G1CollectForAllocation", Time since last: 5415727 ns, Reaching safepoint: 81405 ns, Cleanup: 1670 ns, At safepoint: 2467302 ns, Leaving safepoint: 200964 ns, Total: 2751341 ns
[13.089s][info][gc       ] GC(1366) Pause Young (Normal) (G1 Evacuation Pause) (Evacuation Failure) 241M->241M(256M) 1.669ms
[13.089s][info][gc,cpu   ] GC(1366) User=0.00s Sys=0.00s Real=0.01s
[13.089s][info][safepoint] Safepoint "G1CollectForAllocation", Time since last: 1896279 ns, Reaching safepoint: 4537 ns, Cleanup: 1792 ns, At safepoint: 1691803 ns, Leaving safepoint: 1805 ns, Total: 1699937 ns
[13.094s][info][gc       ] GC(1367) Pause Young (Normal) (G1 Evacuation Pause) (Evacuation Failure) 251M->252M(256M) 0.522ms
[13.094s][info][gc,cpu   ] GC(1367) User=0.00s Sys=0.00s Real=0.00s
[13.121s][info][gc       ] GC(1368) Pause Full (G1 Compaction Pause) 252M->108M(256M) 26.294ms
[13.121s][info][gc,cpu   ] GC(1368) User=0.03s Sys=0.00s Real=0.03s
[13.125s][info][safepoint] Safepoint "G1CollectForAllocation", Time since last: 4627846 ns, Reaching safepoint: 12011 ns, Cleanup: 1798 ns, At safepoint: 26871508 ns, Leaving safepoint: 4152758 ns, Total: 31038075 ns
[13.129s][info][gc       ] GC(1362) Pause Cleanup 138M->138M(256M) 0.009ms
[13.129s][info][gc,cpu   ] GC(1362) User=0.00s Sys=0.00s Real=0.00s
[13.131s][info][safepoint] Safepoint "G1PauseCleanup", Time since last: 4312477 ns, Reaching safepoint: 129518 ns, Cleanup: 3308 ns, At safepoint: 30731 ns, Leaving safepoint: 2027821 ns, Total: 2191378 ns
[13.131s][info][gc       ] GC(1362) Concurrent Mark Cycle 72.910ms
[13.145s][info][gc       ] GC(1369) Pause Young (Normal) (G1 Evacuation Pause) 159M->149M(256M) 8.011ms
[13.145s][info][gc,cpu   ] GC(1369) User=0.00s Sys=0.00s Real=0.00s
[13.145s][info][safepoint] Safepoint "G1CollectForAllocation", Time since last: 5519369 ns, Reaching safepoint: 6657 ns, Cleanup: 1979 ns, At safepoint: 8041713 ns, Leaving safepoint: 3232 ns, Total: 8053581 ns
[13.163s][info][gc       ] GC(1370) Pause Young (Normal) (G1 Evacuation Pause) 183M->175M(256M) 6.371ms
[13.163s][info][gc,cpu   ] GC(1370) User=0.00s Sys=0.00s Real=0.00s
[13.163s][info][safepoint] Safepoint "G1CollectForAllocation", Time since last: 11956833 ns, Reaching safepoint: 6973 ns, Cleanup: 2359 ns, At safepoint: 6401119 ns, Leaving safepoint: 2589 ns, Total: 6413040 ns
[13.174s][info][gc       ] GC(1371) Pause Young (Concurrent Start) (G1 Evacuation Pause) 199M->195M(256M) 5.091ms
[13.174s][info][gc       ] GC(1372) Concurrent Mark Cycle
[13.174s][info][gc,cpu   ] GC(1371) User=0.00s Sys=0.00s Real=0.00s
[13.181s][info][safepoint] Safepoint "G1CollectForAllocation", Time since last: 5644473 ns, Reaching safepoint: 1803 ns, Cleanup: 2197 ns, At safepoint: 5231402 ns, Leaving safepoint: 6684781 ns, Total: 11920183 ns
[13.186s][info][gc       ] GC(1373) Pause Young (Normal) (G1 Evacuation Pause) 212M->210M(256M) 3.090ms
[13.186s][info][gc,cpu   ] GC(1373) User=0.00s Sys=0.00s Real=0.00s
[13.189s][info][safepoint] Safepoint "G1CollectForAllocation", Time since last: 2122569 ns, Reaching safepoint: 6291 ns, Cleanup: 2074 ns, At safepoint: 3116283 ns, Leaving safepoint: 2748484 ns, Total: 5873132 ns
[13.189s][info][gc       ] GC(1372) Pause Remark 211M->211M(256M) 0.147ms
[13.189s][info][gc,cpu   ] GC(1372) User=0.00s Sys=0.00s Real=0.00s
[13.189s][info][safepoint] Safepoint "G1PauseRemark", Time since last: 18555 ns, Reaching safepoint: 111898 ns, Cleanup: 1657 ns, At safepoint: 156716 ns, Leaving safepoint: 3429 ns, Total: 273700 ns
[13.191s][info][gc       ] GC(1372) Pause Cleanup 211M->211M(256M) 0.120ms
[13.191s][info][gc,cpu   ] GC(1372) User=0.00s Sys=0.00s Real=0.00s
[13.191s][info][safepoint] Safepoint "G1PauseCleanup", Time since last: 1566413 ns, Reaching safepoint: 1159 ns, Cleanup: 1379 ns, At safepoint: 158927 ns, Leaving safepoint: 967 ns, Total: 162432 ns
[13.195s][info][gc       ] GC(1374) Pause Young (Prepare Mixed) (G1 Evacuation Pause) 222M->221M(256M) 2.587ms
[13.195s][info][gc,cpu   ] GC(1374) User=0.00s Sys=0.00s Real=0.00s
[13.195s][info][gc       ] GC(1372) Concurrent Mark Cycle 21.466ms
[13.197s][info][safepoint] Safepoint "G1CollectForAllocation", Time since last: 1439626 ns, Reaching safepoint: 1312 ns, Cleanup: 1120 ns, At safepoint: 2617437 ns, Leaving safepoint: 1941927 ns, Total: 4561796 ns
[13.201s][info][gc       ] GC(1375) Pause Young (Mixed) (G1 Evacuation Pause) 231M->208M(256M) 2.766ms
[13.201s][info][gc,cpu   ] GC(1375) User=0.00s Sys=0.00s Real=0.00s
[13.201s][info][safepoint] Safepoint "G1CollectForAllocation", Time since last: 1039217 ns, Reaching safepoint: 6686 ns, Cleanup: 2053 ns, At safepoint: 2787487 ns, Leaving safepoint: 24392 ns, Total: 2820618 ns
[13.208s][info][gc       ] GC(1376) Pause Young (Mixed) (G1 Evacuation Pause) 221M->200M(256M) 3.422ms
[13.208s][info][gc,cpu   ] GC(1376) User=0.01s Sys=0.00s Real=0.00s
[13.208s][info][safepoint] Safepoint "G1CollectForAllocation", Time since last: 4151453 ns, Reaching safepoint: 6100 ns, Cleanup: 1824 ns, At safepoint: 3448996 ns, Leaving safepoint: 2587 ns, Total: 3459507 ns
[13.216s][info][gc       ] GC(1377) Pause Young (Mixed) (G1 Evacuation Pause) 216M->195M(256M) 3.515ms
[13.216s][info][gc,cpu   ] GC(1377) User=0.00s Sys=0.00s Real=0.00s
[13.216s][info][safepoint] Safepoint "G1CollectForAllocation", Time since last: 4523044 ns, Reaching safepoint: 5273 ns, Cleanup: 1896 ns, At safepoint: 3538911 ns, Leaving safepoint: 1963 ns, Total: 3548043 ns
[13.227s][info][gc       ] GC(1378) Pause Young (Mixed) (G1 Evacuation Pause) 213M->191M(256M) 4.798ms
[13.227s][info][gc,cpu   ] GC(1378) User=0.01s Sys=0.00s Real=0.00s
[13.227s][info][safepoint] Safepoint "G1CollectForAllocation", Time since last: 6259480 ns, Reaching safepoint: 8750 ns, Cleanup: 1777 ns, At safepoint: 4826479 ns, Leaving safepoint: 2800 ns, Total: 4839806 ns
[13.235s][info][gc       ] GC(1379) Pause Young (Mixed) (G1 Evacuation Pause) 211M->199M(256M) 5.146ms
[13.235s][info][gc,cpu   ] GC(1379) User=0.00s Sys=0.00s Real=0.00s
[13.235s][info][safepoint] Safepoint "G1CollectForAllocation", Time since last: 2304724 ns, Reaching safepoint: 1500 ns, Cleanup: 2177 ns, At safepoint: 5173129 ns, Leaving safepoint: 1117 ns, Total: 5177923 ns
[13.243s][info][gc       ] GC(1380) Pause Young (Concurrent Start) (G1 Evacuation Pause) 216M->214M(256M) 2.763ms
[13.243s][info][gc       ] GC(1381) Concurrent Mark Cycle
[13.244s][info][gc,cpu   ] GC(1380) User=0.00s Sys=0.00s Real=0.00s
[13.244s][info][safepoint] Safepoint "G1CollectForAllocation", Time since last: 5859169 ns, Reaching safepoint: 7199 ns, Cleanup: 1540 ns, At safepoint: 2872539 ns, Leaving safepoint: 2345 ns, Total: 2883623 ns
[13.251s][info][gc       ] GC(1382) Pause Young (Normal) (G1 Evacuation Pause) 226M->225M(256M) 2.003ms
[13.251s][info][gc,cpu   ] GC(1382) User=0.00s Sys=0.00s Real=0.00s
[13.253s][info][safepoint] Safepoint "G1CollectForAllocation", Time since last: 5113515 ns, Reaching safepoint: 15426 ns, Cleanup: 1802 ns, At safepoint: 2027212 ns, Leaving safepoint: 1952043 ns, Total: 3996483 ns
[13.255s][info][gc       ] GC(1383) Pause Young (Normal) (G1 Evacuation Pause) 235M->234M(256M) 1.536ms
[13.255s][info][gc,cpu   ] GC(1383) User=0.00s Sys=0.00s Real=0.00s
[13.255s][info][safepoint] Safepoint "G1CollectForAllocation", Time since last: 1177208 ns, Reaching safepoint: 7153 ns, Cleanup: 1431 ns, At safepoint: 1553798 ns, Leaving safepoint: 11134 ns, Total: 1573516 ns
[13.256s][info][gc       ] GC(1381) Pause Remark 235M->233M(256M) 0.128ms
[13.256s][info][gc,cpu   ] GC(1381) User=0.00s Sys=0.00s Real=0.00s
[13.257s][info][safepoint] Safepoint "G1PauseRemark", Time since last: 14213 ns, Reaching safepoint: 100130 ns, Cleanup: 1134 ns, At safepoint: 137501 ns, Leaving safepoint: 998281 ns, Total: 1237046 ns
[13.260s][info][gc       ] GC(1384) Pause Young (Normal) (G1 Evacuation Pause) 242M->242M(256M) 1.331ms
[13.260s][info][gc,cpu   ] GC(1384) User=0.00s Sys=0.00s Real=0.00s
[13.265s][info][safepoint] Safepoint "G1CollectForAllocation", Time since last: 2321116 ns, Reaching safepoint: 5040 ns, Cleanup: 1483 ns, At safepoint: 1348178 ns, Leaving safepoint: 4315061 ns, Total: 5669762 ns
[13.266s][info][gc       ] GC(1385) Pause Young (Normal) (G1 Evacuation Pause) (Evacuation Failure) 252M->255M(256M) 0.746ms
[13.266s][info][gc,cpu   ] GC(1385) User=0.00s Sys=0.00s Real=0.00s
[13.287s][info][gc       ] GC(1386) Pause Full (G1 Compaction Pause) 255M->108M(256M) 21.035ms
[13.287s][info][gc,cpu   ] GC(1386) User=0.03s Sys=0.00s Real=0.02s
[13.287s][info][safepoint] Safepoint "G1CollectForAllocation", Time since last: 774941 ns, Reaching safepoint: 5116 ns, Cleanup: 1377 ns, At safepoint: 21824915 ns, Leaving safepoint: 3555 ns, Total: 21834963 ns
[13.287s][info][gc       ] GC(1381) Pause Cleanup 109M->109M(256M) 0.004ms
[13.287s][info][gc,cpu   ] GC(1381) User=0.00s Sys=0.00s Real=0.00s
[13.293s][info][safepoint] Safepoint "G1PauseCleanup", Time since last: 62206 ns, Reaching safepoint: 82931 ns, Cleanup: 1727 ns, At safepoint: 12157 ns, Leaving safepoint: 5234615 ns, Total: 5331430 ns
[13.293s][info][gc       ] GC(1381) Concurrent Mark Cycle 49.205ms
[13.308s][info][gc       ] GC(1387) Pause Young (Normal) (G1 Evacuation Pause) 158M->148M(256M) 7.462ms
[13.308s][info][gc,cpu   ] GC(1387) User=0.01s Sys=0.00s Real=0.00s
[13.308s][info][safepoint] Safepoint "G1CollectForAllocation", Time since last: 8067551 ns, Reaching safepoint: 2001 ns, Cleanup: 2038 ns, At safepoint: 7493965 ns, Leaving safepoint: 970 ns, Total: 7498974 ns
[13.327s][info][gc       ] GC(1388) Pause Young (Normal) (G1 Evacuation Pause) 183M->175M(256M) 6.625ms
[13.327s][info][gc,cpu   ] GC(1388) User=0.00s Sys=0.00s Real=0.00s
[13.327s][info][safepoint] Safepoint "G1CollectForAllocation", Time since last: 12439522 ns, Reaching safepoint: 5331 ns, Cleanup: 2781 ns, At safepoint: 6657783 ns, Leaving safepoint: 1804 ns, Total: 6667699 ns
[13.341s][info][gc       ] GC(1389) Pause Young (Concurrent Start) (G1 Evacuation Pause) 200M->196M(256M) 4.742ms
[13.342s][info][gc       ] GC(1390) Concurrent Mark Cycle
[13.342s][info][gc,cpu   ] GC(1389) User=0.01s Sys=0.00s Real=0.00s
[13.342s][info][safepoint] Safepoint "G1CollectForAllocation", Time since last: 9357717 ns, Reaching safepoint: 8074 ns, Cleanup: 2497 ns, At safepoint: 4887637 ns, Leaving safepoint: 3027 ns, Total: 4901235 ns
[13.346s][info][gc       ] GC(1390) Pause Remark 209M->208M(256M) 0.141ms
[13.346s][info][gc,cpu   ] GC(1390) User=0.00s Sys=0.00s Real=0.00s
[13.349s][info][safepoint] Safepoint "G1PauseRemark", Time since last: 4024972 ns, Reaching safepoint: 85133 ns, Cleanup: 2590 ns, At safepoint: 160193 ns, Leaving safepoint: 2805790 ns, Total: 3053706 ns
[13.354s][info][gc       ] GC(1391) Pause Young (Normal) (G1 Evacuation Pause) 212M->210M(256M) 3.521ms
[13.354s][info][gc,cpu   ] GC(1391) User=0.00s Sys=0.00s Real=0.00s
[13.357s][info][safepoint] Safepoint "G1CollectForAllocation", Time since last: 1826257 ns, Reaching safepoint: 9311 ns, Cleanup: 1774 ns, At safepoint: 3547130 ns, Leaving safepoint: 2606240 ns, Total: 6164455 ns
[13.360s][info][gc       ] GC(1392) Pause Young (Normal) (G1 Evacuation Pause) 222M->221M(256M) 1.987ms
[13.360s][info][gc,cpu   ] GC(1392) User=0.01s Sys=0.00s Real=0.00s
[13.360s][info][safepoint] Safepoint "G1CollectForAllocation", Time since last: 1063242 ns, Reaching safepoint: 9359 ns, Cleanup: 1421 ns, At safepoint: 2004875 ns, Leaving safepoint: 1881 ns, Total: 2017536 ns
[13.366s][info][gc       ] GC(1393) Pause Young (Normal) (G1 Evacuation Pause) 231M->230M(256M) 1.456ms
[13.366s][info][gc,cpu   ] GC(1393) User=0.00s Sys=0.00s Real=0.00s
[13.366s][info][safepoint] Safepoint "G1CollectForAllocation", Time since last: 4919558 ns, Reaching safepoint: 5987 ns, Cleanup: 1061 ns, At safepoint: 1472840 ns, Leaving safepoint: 13652 ns, Total: 1493540 ns
[13.369s][info][gc       ] GC(1394) Pause Young (Normal) (G1 Evacuation Pause) 240M->239M(256M) 1.675ms
[13.369s][info][gc,cpu   ] GC(1394) User=0.01s Sys=0.00s Real=0.00s
[13.373s][info][safepoint] Safepoint "G1CollectForAllocation", Time since last: 792830 ns, Reaching safepoint: 1117 ns, Cleanup: 1214 ns, At safepoint: 1718851 ns, Leaving safepoint: 3986097 ns, Total: 5707279 ns
[13.374s][info][gc       ] GC(1395) Pause Young (Normal) (G1 Evacuation Pause) (Evacuation Failure) 249M->252M(256M) 0.665ms
[13.374s][info][gc,cpu   ] GC(1395) User=0.00s Sys=0.00s Real=0.00s
[13.396s][info][gc       ] GC(1396) Pause Full (G1 Compaction Pause) 252M->108M(256M) 22.049ms
[13.396s][info][gc,cpu   ] GC(1396) User=0.02s Sys=0.00s Real=0.02s
[13.396s][info][safepoint] Safepoint "G1CollectForAllocation", Time since last: 729681 ns, Reaching safepoint: 5913 ns, Cleanup: 950 ns, At safepoint: 22759852 ns, Leaving safepoint: 3789 ns, Total: 22770504 ns
[13.401s][info][gc       ] GC(1390) Pause Cleanup 132M->132M(256M) 0.009ms
[13.401s][info][gc,cpu   ] GC(1390) User=0.00s Sys=0.00s Real=0.00s
[13.405s][info][safepoint] Safepoint "G1PauseCleanup", Time since last: 4532539 ns, Reaching safepoint: 105843 ns, Cleanup: 2472 ns, At safepoint: 32448 ns, Leaving safepoint: 3830656 ns, Total: 3971419 ns
[13.405s][info][gc       ] GC(1390) Concurrent Mark Cycle 63.201ms
[13.420s][info][gc       ] GC(1397) Pause Young (Normal) (G1 Evacuation Pause) 158M->149M(256M) 7.608ms
[13.420s][info][gc,cpu   ] GC(1397) User=0.01s Sys=0.00s Real=0.01s
[13.420s][info][safepoint] Safepoint "G1CollectForAllocation", Time since last: 8005988 ns, Reaching safepoint: 5905 ns, Cleanup: 1871 ns, At safepoint: 7636865 ns, Leaving safepoint: 2669 ns, Total: 7647310 ns
[13.437s][info][gc       ] GC(1398) Pause Young (Normal) (G1 Evacuation Pause) 184M->178M(256M) 6.693ms
[13.437s][info][gc,cpu   ] GC(1398) User=0.00s Sys=0.00s Real=0.01s
[13.437s][info][safepoint] Safepoint "G1CollectForAllocation", Time since last: 10020660 ns, Reaching safepoint: 1945 ns, Cleanup: 2156 ns, At safepoint: 6723177 ns, Leaving safepoint: 1267 ns, Total: 6728545 ns
[13.449s][info][gc       ] GC(1399) Pause Young (Concurrent Start) (G1 Evacuation Pause) 202M->198M(256M) 4.745ms
[13.449s][info][gc       ] GC(1400) Concurrent Mark Cycle
[13.450s][info][gc,cpu   ] GC(1399) User=0.01s Sys=0.00s Real=0.01s
[13.452s][info][safepoint] Safepoint "G1CollectForAllocation", Time since last: 7616684 ns, Reaching safepoint: 6906 ns, Cleanup: 2338 ns, At safepoint: 4875777 ns, Leaving safepoint: 2852919 ns, Total: 7737940 ns
[13.460s][info][gc       ] GC(1401) Pause Young (Normal) (G1 Evacuation Pause) 215M->213M(256M) 3.448ms
[13.460s][info][gc,cpu   ] GC(1401) User=0.01s Sys=0.00s Real=0.00s
[13.460s][info][safepoint] Safepoint "G1CollectForAllocation", Time since last: 4260192 ns, Reaching safepoint: 5810 ns, Cleanup: 2208 ns, At safepoint: 3477180 ns, Leaving safepoint: 2270 ns, Total: 3487468 ns
[13.468s][info][gc       ] GC(1402) Pause Young (Normal) (G1 Evacuation Pause) 224M->223M(256M) 2.341ms
[13.468s][info][gc,cpu   ] GC(1402) User=0.00s Sys=0.00s Real=0.00s
[13.468s][info][safepoint] Safepoint "G1CollectForAllocation", Time since last: 5491553 ns, Reaching safepoint: 10300 ns, Cleanup: 1963 ns, At safepoint: 2364988 ns, Leaving safepoint: 16144 ns, Total: 2393395 ns
[13.468s][info][gc       ] GC(1400) Pause Remark 224M->223M(256M) 0.148ms
[13.468s][info][gc,cpu   ] GC(1400) User=0.00s Sys=0.00s Real=0.00s
[13.468s][info][safepoint] Safepoint "G1PauseRemark", Time since last: 89047 ns, Reaching safepoint: 691 ns, Cleanup: 975 ns, At safepoint: 156507 ns, Leaving safepoint: 664 ns, Total: 158837 ns
[13.473s][info][gc       ] GC(1403) Pause Young (Normal) (G1 Evacuation Pause) 232M->232M(256M) 1.721ms
[13.473s][info][gc,cpu   ] GC(1403) User=0.00s Sys=0.00s Real=0.00s
[13.473s][info][safepoint] Safepoint "G1CollectForAllocation", Time since last: 2537460 ns, Reaching safepoint: 1016 ns, Cleanup: 1444 ns, At safepoint: 1744713 ns, Leaving safepoint: 2131 ns, Total: 1749304 ns
[13.479s][info][gc       ] GC(1404) Pause Young (Normal) (G1 Evacuation Pause) (Evacuation Failure) 242M->245M(256M) 1.480ms
[13.479s][info][gc,cpu   ] GC(1404) User=0.00s Sys=0.00s Real=0.00s
[13.479s][info][safepoint] Safepoint "G1CollectForAllocation", Time since last: 4889810 ns, Reaching safepoint: 6778 ns, Cleanup: 2141 ns, At safepoint: 1506085 ns, Leaving safepoint: 10360 ns, Total: 1525364 ns
[13.479s][info][gc       ] GC(1400) Pause Cleanup 246M->246M(256M) 0.110ms
[13.479s][info][gc,cpu   ] GC(1400) User=0.00s Sys=0.00s Real=0.00s
[13.479s][info][safepoint] Safepoint "G1PauseCleanup", Time since last: 21493 ns, Reaching safepoint: 97493 ns, Cleanup: 1301 ns, At safepoint: 119351 ns, Leaving safepoint: 68424 ns, Total: 286569 ns
[13.482s][info][gc       ] GC(1400) Concurrent Mark Cycle 32.128ms
[13.482s][info][gc       ] GC(1405) Pause Young (Prepare Mixed) (G1 Evacuation Pause) (Evacuation Failure) 252M->252M(256M) 0.335ms
[13.482s][info][gc,cpu   ] GC(1405) User=0.00s Sys=0.00s Real=0.00s
[13.506s][info][gc       ] GC(1406) Pause Full (G1 Compaction Pause) 252M->108M(256M) 23.577ms
[13.506s][info][gc,cpu   ] GC(1406) User=0.02s Sys=0.00s Real=0.02s
[13.509s][info][safepoint] Safepoint "G1CollectForAllocation", Time since last: 2311185 ns, Reaching safepoint: 7274 ns, Cleanup: 1681 ns, At safepoint: 23959554 ns, Leaving safepoint: 3077637 ns, Total: 27046146 ns
[13.525s][info][gc       ] GC(1407) Pause Young (Normal) (G1 Evacuation Pause) 162M->151M(256M) 8.239ms
[13.525s][info][gc,cpu   ] GC(1407) User=0.01s Sys=0.00s Real=0.00s
[13.525s][info][safepoint] Safepoint "G1CollectForAllocation", Time since last: 8376126 ns, Reaching safepoint: 2640 ns, Cleanup: 3586 ns, At safepoint: 8275623 ns, Leaving safepoint: 1324 ns, Total: 8283173 ns
[13.540s][info][gc       ] GC(1408) Pause Young (Normal) (G1 Evacuation Pause) 186M->179M(256M) 7.103ms
[13.540s][info][gc,cpu   ] GC(1408) User=0.01s Sys=0.00s Real=0.01s
[13.540s][info][safepoint] Safepoint "G1CollectForAllocation", Time since last: 7951780 ns, Reaching safepoint: 2258 ns, Cleanup: 2611 ns, At safepoint: 7140440 ns, Leaving safepoint: 1647 ns, Total: 7146956 ns
[13.551s][info][gc       ] GC(1409) Pause Young (Concurrent Start) (G1 Evacuation Pause) 202M->197M(256M) 5.512ms
[13.551s][info][gc       ] GC(1410) Concurrent Mark Cycle
[13.551s][info][gc,cpu   ] GC(1409) User=0.01s Sys=0.00s Real=0.01s
[13.557s][info][safepoint] Safepoint "G1CollectForAllocation", Time since last: 4751810 ns, Reaching safepoint: 2466 ns, Cleanup: 2827 ns, At safepoint: 5637157 ns, Leaving safepoint: 5881367 ns, Total: 11523817 ns
[13.563s][info][gc       ] GC(1411) Pause Young (Normal) (G1 Evacuation Pause) 214M->213M(256M) 3.325ms
[13.563s][info][gc,cpu   ] GC(1411) User=0.01s Sys=0.00s Real=0.00s
[13.565s][info][safepoint] Safepoint "G1CollectForAllocation", Time since last: 3154892 ns, Reaching safepoint: 7195 ns, Cleanup: 2327 ns, At safepoint: 3353426 ns, Leaving safepoint: 1452864 ns, Total: 4815812 ns
[13.572s][info][gc       ] GC(1412) Pause Young (Normal) (G1 Evacuation Pause) 224M->223M(256M) 2.276ms
[13.572s][info][gc,cpu   ] GC(1412) User=0.01s Sys=0.00s Real=0.00s
[13.572s][info][safepoint] Safepoint "G1CollectForAllocation", Time since last: 5162923 ns, Reaching safepoint: 7491 ns, Cleanup: 2734 ns, At safepoint: 2303240 ns, Leaving safepoint: 17092 ns, Total: 2330557 ns
[13.572s][info][gc       ] GC(1410) Pause Remark 223M->219M(256M) 0.194ms
[13.572s][info][gc,cpu   ] GC(1410) User=0.00s Sys=0.00s Real=0.00s
[13.573s][info][safepoint] Safepoint "G1PauseRemark", Time since last: 16890 ns, Reaching safepoint: 88026 ns, Cleanup: 1717 ns, At safepoint: 204570 ns, Leaving safepoint: 136856 ns, Total: 431169 ns
[13.581s][info][gc       ] GC(1413) Pause Young (Normal) (G1 Evacuation Pause) 229M->228M(256M) 1.855ms
[13.581s][info][gc,cpu   ] GC(1413) User=0.01s Sys=0.00s Real=0.00s
[13.581s][info][safepoint] Safepoint "G1CollectForAllocation", Time since last: 6544884 ns, Reaching safepoint: 8429 ns, Cleanup: 1743 ns, At safepoint: 1884024 ns, Leaving safepoint: 2085 ns, Total: 1896281 ns
[13.584s][info][gc       ] GC(1414) Pause Young (Normal) (G1 Evacuation Pause) 238M->238M(256M) 1.774ms
[13.584s][info][gc,cpu   ] GC(1414) User=0.00s Sys=0.00s Real=0.00s
[13.589s][info][safepoint] Safepoint "G1CollectForAllocation", Time since last: 962263 ns, Reaching safepoint: 1543 ns, Cleanup: 1809 ns, At safepoint: 1807844 ns, Leaving safepoint: 4831252 ns, Total: 6642448 ns
[13.591s][info][gc       ] GC(1415) Pause Young (Normal) (G1 Evacuation Pause) (Evacuation Failure) 248M->253M(256M) 1.079ms
[13.591s][info][gc,cpu   ] GC(1415) User=0.01s Sys=0.00s Real=0.00s
[13.613s][info][gc       ] GC(1416) Pause Full (G1 Compaction Pause) 253M->108M(256M) 22.841ms
[13.613s][info][gc,cpu   ] GC(1416) User=0.02s Sys=0.00s Real=0.02s
[13.614s][info][safepoint] Safepoint "G1CollectForAllocation", Time since last: 842661 ns, Reaching safepoint: 7182 ns, Cleanup: 2079 ns, At safepoint: 23972054 ns, Leaving safepoint: 63073 ns, Total: 24044388 ns
[13.621s][info][gc       ] GC(1410) Pause Cleanup 140M->140M(256M) 0.011ms
[13.621s][info][gc,cpu   ] GC(1410) User=0.00s Sys=0.00s Real=0.00s
[13.625s][info][safepoint] Safepoint "G1PauseCleanup", Time since last: 7154157 ns, Reaching safepoint: 105832 ns, Cleanup: 3899 ns, At safepoint: 45921 ns, Leaving safepoint: 3811379 ns, Total: 3967031 ns
[13.625s][info][gc       ] GC(1410) Concurrent Mark Cycle 73.969ms
[13.637s][info][gc       ] GC(1417) Pause Young (Normal) (G1 Evacuation Pause) 160M->151M(256M) 8.011ms
[13.637s][info][gc,cpu   ] GC(1417) User=0.01s Sys=0.00s Real=0.01s
[13.641s][info][safepoint] Safepoint "G1CollectForAllocation", Time since last: 4016805 ns, Reaching safepoint: 7396 ns, Cleanup: 2307 ns, At safepoint: 8041202 ns, Leaving safepoint: 3938666 ns, Total: 11989571 ns
[13.653s][info][gc       ] GC(1418) Pause Young (Normal) (G1 Evacuation Pause) 185M->178M(256M) 7.321ms
[13.653s][info][gc,cpu   ] GC(1418) User=0.00s Sys=0.00s Real=0.01s
[13.657s][info][safepoint] Safepoint "G1CollectForAllocation", Time since last: 4529787 ns, Reaching safepoint: 1567 ns, Cleanup: 2546 ns, At safepoint: 7354387 ns, Leaving safepoint: 4106827 ns, Total: 11465327 ns
[13.666s][info][gc       ] GC(1419) Pause Young (Concurrent Start) (G1 Evacuation Pause) 201M->198M(256M) 4.965ms
[13.666s][info][gc       ] GC(1420) Concurrent Mark Cycle
[13.666s][info][gc,cpu   ] GC(1419) User=0.01s Sys=0.00s Real=0.00s
[13.669s][info][safepoint] Safepoint "G1CollectForAllocation", Time since last: 4038521 ns, Reaching safepoint: 7197 ns, Cleanup: 2260 ns, At safepoint: 5088879 ns, Leaving safepoint: 2871818 ns, Total: 7970154 ns
[13.678s][info][gc       ] GC(1421) Pause Young (Normal) (G1 Evacuation Pause) 214M->213M(256M) 3.488ms
[13.678s][info][gc,cpu   ] GC(1421) User=0.00s Sys=0.00s Real=0.01s
[13.678s][info][safepoint] Safepoint "G1CollectForAllocation", Time since last: 6054761 ns, Reaching safepoint: 7948 ns, Cleanup: 2340 ns, At safepoint: 3514342 ns, Leaving safepoint: 1783 ns, Total: 3526413 ns
[13.681s][info][gc       ] GC(1420) Pause Remark 214M->213M(256M) 0.154ms
[13.681s][info][gc,cpu   ] GC(1420) User=0.00s Sys=0.00s Real=0.00s
[13.681s][info][safepoint] Safepoint "G1PauseRemark", Time since last: 2427202 ns, Reaching safepoint: 13004 ns, Cleanup: 3089 ns, At safepoint: 176043 ns, Leaving safepoint: 10227 ns, Total: 202363 ns
[13.683s][info][gc       ] GC(1420) Pause Cleanup 213M->213M(256M) 0.107ms
[13.683s][info][gc,cpu   ] GC(1420) User=0.00s Sys=0.00s Real=0.00s
[13.683s][info][safepoint] Safepoint "G1PauseCleanup", Time since last: 1621889 ns, Reaching safepoint: 1219 ns, Cleanup: 1769 ns, At safepoint: 124090 ns, Leaving safepoint: 812 ns, Total: 127890 ns
[13.684s][info][gc       ] GC(1420) Concurrent Mark Cycle 18.106ms
[13.688s][info][gc       ] GC(1422) Pause Young (Prepare Mixed) (G1 Evacuation Pause) 223M->222M(256M) 2.508ms
[13.688s][info][gc,cpu   ] GC(1422) User=0.01s Sys=0.00s Real=0.00s
[13.688s][info][safepoint] Safepoint "G1CollectForAllocation", Time since last: 2455176 ns, Reaching safepoint: 1339 ns, Cleanup: 2351 ns, At safepoint: 2533267 ns, Leaving safepoint: 950 ns, Total: 2537907 ns
[13.691s][info][gc       ] GC(1423) Pause Young (Mixed) (G1 Evacuation Pause) 232M->209M(256M) 2.417ms
[13.691s][info][gc,cpu   ] GC(1423) User=0.00s Sys=0.00s Real=0.00s
[13.693s][info][safepoint] Safepoint "G1CollectForAllocation", Time since last: 1110438 ns, Reaching safepoint: 1544 ns, Cleanup: 2195 ns, At safepoint: 2446575 ns, Leaving safepoint: 1473323 ns, Total: 3923637 ns
[13.697s][info][gc       ] GC(1424) Pause Young (Mixed) (G1 Evacuation Pause) 222M->200M(256M) 3.372ms
[13.697s][info][gc,cpu   ] GC(1424) User=0.01s Sys=0.00s Real=0.01s
[13.700s][info][safepoint] Safepoint "G1CollectForAllocation", Time since last: 1123467 ns, Reaching safepoint: 6780 ns, Cleanup: 2005 ns, At safepoint: 3391012 ns, Leaving safepoint: 2411913 ns, Total: 5811710 ns
[13.709s][info][gc       ] GC(1425) Pause Young (Mixed) (G1 Evacuation Pause) 217M->195M(256M) 3.858ms
[13.709s][info][gc,cpu   ] GC(1425) User=0.01s Sys=0.00s Real=0.00s
[13.709s][info][safepoint] Safepoint "G1CollectForAllocation", Time since last: 5075910 ns, Reaching safepoint: 6055 ns, Cleanup: 2385 ns, At safepoint: 3888733 ns, Leaving safepoint: 2290 ns, Total: 3899463 ns
[13.717s][info][gc       ] GC(1426) Pause Young (Mixed) (G1 Evacuation Pause) 213M->191M(256M) 4.211ms
[13.717s][info][gc,cpu   ] GC(1426) User=0.01s Sys=0.00s Real=0.01s
[13.717s][info][safepoint] Safepoint "G1CollectForAllocation", Time since last: 4116871 ns, Reaching safepoint: 6927 ns, Cleanup: 1674 ns, At safepoint: 4235667 ns, Leaving safepoint: 2331 ns, Total: 4246599 ns
[13.727s][info][gc       ] GC(1427) Pause Young (Mixed) (G1 Evacuation Pause) 211M->194M(256M) 4.288ms
[13.727s][info][gc,cpu   ] GC(1427) User=0.01s Sys=0.00s Real=0.00s
[13.727s][info][safepoint] Safepoint "G1CollectForAllocation", Time since last: 5597982 ns, Reaching safepoint: 9705 ns, Cleanup: 1837 ns, At safepoint: 4314337 ns, Leaving safepoint: 16598 ns, Total: 4342477 ns
[13.732s][info][gc       ] GC(1428) Pause Young (Concurrent Start) (G1 Evacuation Pause) 212M->211M(256M) 3.085ms
[13.732s][info][gc       ] GC(1429) Concurrent Mark Cycle
[13.732s][info][gc,cpu   ] GC(1428) User=0.00s Sys=0.00s Real=0.00s
[13.732s][info][safepoint] Safepoint "G1CollectForAllocation", Time since last: 2057582 ns, Reaching safepoint: 1627 ns, Cleanup: 1836 ns, At safepoint: 3191318 ns, Leaving safepoint: 6353 ns, Total: 3201134 ns
[13.740s][info][gc       ] GC(1430) Pause Young (Normal) (G1 Evacuation Pause) 224M->223M(256M) 2.426ms
[13.740s][info][gc,cpu   ] GC(1430) User=0.01s Sys=0.00s Real=0.00s
[13.741s][info][safepoint] Safepoint "G1CollectForAllocation", Time since last: 5520093 ns, Reaching safepoint: 25700 ns, Cleanup: 1655 ns, At safepoint: 2450933 ns, Leaving safepoint: 1048877 ns, Total: 3527165 ns
[13.746s][info][gc       ] GC(1431) Pause Young (Normal) (G1 Evacuation Pause) 233M->232M(256M) 1.417ms
[13.746s][info][gc,cpu   ] GC(1431) User=0.00s Sys=0.00s Real=0.00s
[13.746s][info][safepoint] Safepoint "G1CollectForAllocation", Time since last: 3490850 ns, Reaching safepoint: 8875 ns, Cleanup: 2022 ns, At safepoint: 1437735 ns, Leaving safepoint: 6599 ns, Total: 1455231 ns
[13.746s][info][gc       ] GC(1429) Pause Remark 232M->224M(256M) 0.149ms
[13.746s][info][gc,cpu   ] GC(1429) User=0.00s Sys=0.00s Real=0.00s
[13.746s][info][safepoint] Safepoint "G1PauseRemark", Time since last: 21822 ns, Reaching safepoint: 93851 ns, Cleanup: 1115 ns, At safepoint: 158570 ns, Leaving safepoint: 69214 ns, Total: 322750 ns
[13.753s][info][gc       ] GC(1432) Pause Young (Normal) (G1 Evacuation Pause) 234M->234M(256M) 1.604ms
[13.753s][info][gc,cpu   ] GC(1432) User=0.00s Sys=0.00s Real=0.00s
[13.753s][info][safepoint] Safepoint "G1CollectForAllocation", Time since last: 4633989 ns, Reaching safepoint: 7426 ns, Cleanup: 1698 ns, At safepoint: 1633692 ns, Leaving safepoint: 2707 ns, Total: 1645523 ns
[13.759s][info][gc       ] GC(1433) Pause Young (Normal) (G1 Evacuation Pause) 244M->243M(256M) 1.598ms
[13.759s][info][gc,cpu   ] GC(1433) User=0.00s Sys=0.00s Real=0.00s
[13.759s][info][safepoint] Safepoint "G1CollectForAllocation", Time since last: 4646726 ns, Reaching safepoint: 5929 ns, Cleanup: 1895 ns, At safepoint: 1639369 ns, Leaving safepoint: 8990 ns, Total: 1656183 ns
[13.760s][info][gc       ] GC(1434) Pause Young (Normal) (G1 Evacuation Pause) (Evacuation Failure) 253M->254M(256M) 0.618ms
[13.760s][info][gc,cpu   ] GC(1434) User=0.00s Sys=0.00s Real=0.00s
[13.760s][info][safepoint] Safepoint "G1CollectForAllocation", Time since last: 748208 ns, Reaching safepoint: 1353 ns, Cleanup: 1709 ns, At safepoint: 647658 ns, Leaving safepoint: 1142 ns, Total: 651862 ns
[13.761s][info][gc       ] GC(1435) Pause Young (Normal) (G1 Evacuation Pause) (Evacuation Failure) 255M->255M(256M) 0.217ms
[13.761s][info][gc,cpu   ] GC(1435) User=0.00s Sys=0.00s Real=0.00s
[13.784s][info][gc       ] GC(1436) Pause Full (G1 Compaction Pause) 255M->108M(256M) 23.377ms
[13.784s][info][gc,cpu   ] GC(1436) User=0.02s Sys=0.00s Real=0.02s
[13.787s][info][safepoint] Safepoint "G1CollectForAllocation", Time since last: 103112 ns, Reaching safepoint: 462 ns, Cleanup: 976 ns, At safepoint: 23636770 ns, Leaving safepoint: 2563713 ns, Total: 26201921 ns
[13.787s][info][gc       ] GC(1429) Pause Cleanup 109M->109M(256M) 0.006ms
[13.787s][info][gc,cpu   ] GC(1429) User=0.00s Sys=0.00s Real=0.00s
[13.787s][info][safepoint] Safepoint "G1PauseCleanup", Time since last: 23060 ns, Reaching safepoint: 105698 ns, Cleanup: 1811 ns, At safepoint: 14503 ns, Leaving safepoint: 3029 ns, Total: 125041 ns
[13.787s][info][gc       ] GC(1429) Concurrent Mark Cycle 54.866ms
[13.803s][info][gc       ] GC(1437) Pause Young (Normal) (G1 Evacuation Pause) 158M->147M(256M) 8.061ms
[13.803s][info][gc,cpu   ] GC(1437) User=0.01s Sys=0.00s Real=0.01s
[13.809s][info][safepoint] Safepoint "G1CollectForAllocation", Time since last: 7859359 ns, Reaching safepoint: 2236 ns, Cleanup: 1907 ns, At safepoint: 8096002 ns, Leaving safepoint: 5789363 ns, Total: 13889508 ns
[13.821s][info][gc       ] GC(1438) Pause Young (Normal) (G1 Evacuation Pause) 182M->176M(256M) 7.178ms
[13.821s][info][gc,cpu   ] GC(1438) User=0.00s Sys=0.01s Real=0.01s
[13.825s][info][safepoint] Safepoint "G1CollectForAllocation", Time since last: 4990509 ns, Reaching safepoint: 2119 ns, Cleanup: 2086 ns, At safepoint: 7207545 ns, Leaving safepoint: 3812084 ns, Total: 11023834 ns
[13.833s][info][gc       ] GC(1439) Pause Young (Concurrent Start) (G1 Evacuation Pause) 200M->197M(256M) 4.490ms
[13.833s][info][gc       ] GC(1440) Concurrent Mark Cycle
[13.833s][info][gc,cpu   ] GC(1439) User=0.00s Sys=0.00s Real=0.00s
[13.841s][info][safepoint] Safepoint "G1CollectForAllocation", Time since last: 4008144 ns, Reaching safepoint: 7535 ns, Cleanup: 2135 ns, At safepoint: 4622347 ns, Leaving safepoint: 7375648 ns, Total: 12007665 ns
[13.845s][info][gc       ] GC(1441) Pause Young (Normal) (G1 Evacuation Pause) 214M->212M(256M) 2.751ms
[13.845s][info][gc,cpu   ] GC(1441) User=0.01s Sys=0.00s Real=0.00s
[13.845s][info][safepoint] Safepoint "G1CollectForAllocation", Time since last: 1813149 ns, Reaching safepoint: 8864 ns, Cleanup: 2053 ns, At safepoint: 2775477 ns, Leaving safepoint: 11278 ns, Total: 2797672 ns
[13.846s][info][gc       ] GC(1440) Pause Remark 218M->218M(256M) 0.141ms
[13.846s][info][gc,cpu   ] GC(1440) User=0.00s Sys=0.00s Real=0.00s
[13.846s][info][safepoint] Safepoint "G1PauseRemark", Time since last: 575103 ns, Reaching safepoint: 1389 ns, Cleanup: 1567 ns, At safepoint: 154329 ns, Leaving safepoint: 856 ns, Total: 158141 ns
[13.848s][info][gc       ] GC(1440) Pause Cleanup 218M->218M(256M) 0.103ms
[13.848s][info][gc,cpu   ] GC(1440) User=0.00s Sys=0.00s Real=0.00s
[13.848s][info][safepoint] Safepoint "G1PauseCleanup", Time since last: 1470004 ns, Reaching safepoint: 1079 ns, Cleanup: 1387 ns, At safepoint: 116228 ns, Leaving safepoint: 556 ns, Total: 119250 ns
[13.849s][info][gc       ] GC(1440) Concurrent Mark Cycle 15.308ms
[13.851s][info][gc       ] GC(1442) Pause Young (Prepare Mixed) (G1 Evacuation Pause) 224M->223M(256M) 2.331ms
[13.851s][info][gc,cpu   ] GC(1442) User=0.00s Sys=0.00s Real=0.01s
[13.851s][info][safepoint] Safepoint "G1CollectForAllocation", Time since last: 909760 ns, Reaching safepoint: 1021 ns, Cleanup: 964 ns, At safepoint: 2370854 ns, Leaving safepoint: 18120 ns, Total: 2390959 ns
[13.855s][info][gc       ] GC(1443) Pause Young (Mixed) (G1 Evacuation Pause) 233M->211M(256M) 2.119ms
[13.855s][info][gc,cpu   ] GC(1443) User=0.01s Sys=0.00s Real=0.00s
[13.855s][info][safepoint] Safepoint "G1CollectForAllocation", Time since last: 1751616 ns, Reaching safepoint: 3877 ns, Cleanup: 1709 ns, At safepoint: 2144528 ns, Leaving safepoint: 22032 ns, Total: 2172146 ns
[13.859s][info][gc       ] GC(1444) Pause Young (Mixed) (G1 Evacuation Pause) 223M->201M(256M) 2.595ms
[13.859s][info][gc,cpu   ] GC(1444) User=0.00s Sys=0.00s Real=0.00s
[13.861s][info][safepoint] Safepoint "G1CollectForAllocation", Time since last: 1823283 ns, Reaching safepoint: 6501 ns, Cleanup: 1613 ns, At safepoint: 2616573 ns, Leaving safepoint: 1379087 ns, Total: 4003774 ns
[13.869s][info][gc       ] GC(1445) Pause Young (Mixed) (G1 Evacuation Pause) 217M->195M(256M) 3.404ms
[13.869s][info][gc,cpu   ] GC(1445) User=0.00s Sys=0.00s Real=0.01s
[13.869s][info][safepoint] Safepoint "G1CollectForAllocation", Time since last: 5130310 ns, Reaching safepoint: 5793 ns, Cleanup: 9251 ns, At safepoint: 3425127 ns, Leaving safepoint: 2444 ns, Total: 3442615 ns
[13.876s][info][gc       ] GC(1446) Pause Young (Mixed) (G1 Evacuation Pause) 213M->190M(256M) 3.321ms
[13.876s][info][gc,cpu   ] GC(1446) User=0.01s Sys=0.00s Real=0.00s
[13.876s][info][safepoint] Safepoint "G1CollectForAllocation", Time since last: 3421784 ns, Reaching safepoint: 4173 ns, Cleanup: 1136 ns, At safepoint: 3338211 ns, Leaving safepoint: 2031 ns, Total: 3345551 ns
[13.884s][info][gc       ] GC(1447) Pause Young (Mixed) (G1 Evacuation Pause) 210M->194M(256M) 3.324ms
[13.884s][info][gc,cpu   ] GC(1447) User=0.00s Sys=0.00s Real=0.00s
[13.884s][info][safepoint] Safepoint "G1CollectForAllocation", Time since last: 4678646 ns, Reaching safepoint: 7913 ns, Cleanup: 1795 ns, At safepoint: 3349844 ns, Leaving safepoint: 1938 ns, Total: 3361490 ns
[13.892s][info][gc       ] GC(1448) Pause Young (Concurrent Start) (G1 Evacuation Pause) 213M->211M(256M) 3.098ms
[13.892s][info][gc,cpu   ] GC(1448) User=0.00s Sys=0.00s Real=0.01s
[13.892s][info][gc       ] GC(1449) Concurrent Mark Cycle
[13.892s][info][safepoint] Safepoint "G1CollectForAllocation", Time since last: 4334386 ns, Reaching safepoint: 8028 ns, Cleanup: 1629 ns, At safepoint: 3133843 ns, Leaving safepoint: 70150 ns, Total: 3213650 ns
[13.903s][info][gc       ] GC(1450) Pause Young (Normal) (G1 Evacuation Pause) 224M->222M(256M) 2.003ms
[13.903s][info][gc,cpu   ] GC(1450) User=0.00s Sys=0.00s Real=0.00s
[13.903s][info][safepoint] Safepoint "G1CollectForAllocation", Time since last: 9014101 ns, Reaching safepoint: 10747 ns, Cleanup: 1936 ns, At safepoint: 2028092 ns, Leaving safepoint: 9653 ns, Total: 2050428 ns
[13.903s][info][gc       ] GC(1449) Pause Remark 223M->222M(256M) 0.148ms
[13.903s][info][gc,cpu   ] GC(1449) User=0.00s Sys=0.00s Real=0.00s
[13.903s][info][safepoint] Safepoint "G1PauseRemark", Time since last: 165175 ns, Reaching safepoint: 1171 ns, Cleanup: 1536 ns, At safepoint: 165540 ns, Leaving safepoint: 769 ns, Total: 169016 ns
[13.907s][info][gc       ] GC(1451) Pause Young (Normal) (G1 Evacuation Pause) 230M->230M(256M) 1.908ms
[13.907s][info][gc,cpu   ] GC(1451) User=0.00s Sys=0.00s Real=0.00s
[13.907s][info][safepoint] Safepoint "G1CollectForAllocation", Time since last: 2229027 ns, Reaching safepoint: 1118 ns, Cleanup: 1698 ns, At safepoint: 1931576 ns, Leaving safepoint: 2177 ns, Total: 1936569 ns
[13.911s][info][gc       ] GC(1452) Pause Young (Normal) (G1 Evacuation Pause) 240M->239M(256M) 1.329ms
[13.911s][info][gc,cpu   ] GC(1452) User=0.00s Sys=0.00s Real=0.00s
[13.911s][info][safepoint] Safepoint "G1CollectForAllocation", Time since last: 2222751 ns, Reaching safepoint: 8003 ns, Cleanup: 1698 ns, At safepoint: 1349374 ns, Leaving safepoint: 1756 ns, Total: 1360831 ns
[13.914s][info][gc       ] GC(1453) Pause Young (Normal) (G1 Evacuation Pause) (Evacuation Failure) 249M->253M(256M) 1.036ms
[13.914s][info][gc,cpu   ] GC(1453) User=0.01s Sys=0.00s Real=0.00s
[13.914s][info][safepoint] Safepoint "G1CollectForAllocation", Time since last: 2633187 ns, Reaching safepoint: 10207 ns, Cleanup: 1905 ns, At safepoint: 1060475 ns, Leaving safepoint: 17754 ns, Total: 1090341 ns
[13.915s][info][gc       ] GC(1449) Pause Cleanup 253M->253M(256M) 0.124ms
[13.915s][info][gc,cpu   ] GC(1449) User=0.00s Sys=0.00s Real=0.00s
[13.915s][info][safepoint] Safepoint "G1PauseCleanup", Time since last: 17866 ns, Reaching safepoint: 131491 ns, Cleanup: 1618 ns, At safepoint: 134518 ns, Leaving safepoint: 70431 ns, Total: 338058 ns
[13.917s][info][gc       ] GC(1449) Concurrent Mark Cycle 25.626ms
[13.918s][info][gc       ] GC(1454) Pause Young (Prepare Mixed) (G1 Evacuation Pause) (Evacuation Failure) 255M->255M(256M) 0.272ms
[13.918s][info][gc,cpu   ] GC(1454) User=0.00s Sys=0.00s Real=0.00s
[13.940s][info][gc       ] GC(1455) Pause Full (G1 Compaction Pause) 255M->108M(256M) 22.578ms
[13.940s][info][gc,cpu   ] GC(1455) User=0.02s Sys=0.00s Real=0.02s
[13.940s][info][safepoint] Safepoint "G1CollectForAllocation", Time since last: 2445801 ns, Reaching safepoint: 6761 ns, Cleanup: 1763 ns, At safepoint: 22902992 ns, Leaving safepoint: 4744 ns, Total: 22916260 ns
[13.956s][info][gc       ] GC(1456) Pause Young (Normal) (G1 Evacuation Pause) 162M->152M(256M) 8.008ms
[13.956s][info][gc,cpu   ] GC(1456) User=0.01s Sys=0.00s Real=0.01s
[13.961s][info][safepoint] Safepoint "G1CollectForAllocation", Time since last: 7908130 ns, Reaching safepoint: 2355 ns, Cleanup: 2138 ns, At safepoint: 8040591 ns, Leaving safepoint: 4538958 ns, Total: 12584042 ns
[13.972s][info][gc       ] GC(1457) Pause Young (Normal) (G1 Evacuation Pause) 187M->180M(256M) 6.455ms
[13.972s][info][gc,cpu   ] GC(1457) User=0.00s Sys=0.00s Real=0.01s
[13.972s][info][safepoint] Safepoint "G1CollectForAllocation", Time since last: 4661917 ns, Reaching safepoint: 2685 ns, Cleanup: 26103 ns, At safepoint: 6483231 ns, Leaving safepoint: 5677 ns, Total: 6517696 ns
[13.986s][info][gc       ] GC(1458) Pause Young (Concurrent Start) (G1 Evacuation Pause) 203M->200M(256M) 4.807ms
[13.986s][info][gc       ] GC(1459) Concurrent Mark Cycle
[13.986s][info][gc,cpu   ] GC(1458) User=0.01s Sys=0.00s Real=0.00s
[13.989s][info][safepoint] Safepoint "G1CollectForAllocation", Time since last: 8800955 ns, Reaching safepoint: 6845 ns, Cleanup: 2811 ns, At safepoint: 4935461 ns, Leaving safepoint: 3052666 ns, Total: 7997783 ns
[13.996s][info][gc       ] GC(1460) Pause Young (Normal) (G1 Evacuation Pause) 216M->214M(256M) 2.832ms
[13.996s][info][gc,cpu   ] GC(1460) User=0.01s Sys=0.00s Real=0.00s
[13.996s][info][safepoint] Safepoint "G1CollectForAllocation", Time since last: 4033318 ns, Reaching safepoint: 4682 ns, Cleanup: 1965 ns, At safepoint: 2865549 ns, Leaving safepoint: 1958 ns, Total: 2874154 ns
[14.003s][info][gc       ] GC(1461) Pause Young (Normal) (G1 Evacuation Pause) 224M->224M(256M) 1.911ms
[14.003s][info][gc,cpu   ] GC(1461) User=0.00s Sys=0.00s Real=0.00s
[14.003s][info][safepoint] Safepoint "G1CollectForAllocation", Time since last: 5115888 ns, Reaching safepoint: 5317 ns, Cleanup: 2111 ns, At safepoint: 1937219 ns, Leaving safepoint: 1735 ns, Total: 1946382 ns
[14.007s][info][gc       ] GC(1462) Pause Young (Normal) (G1 Evacuation Pause) 233M->233M(256M) 2.632ms
[14.007s][info][gc,cpu   ] GC(1462) User=0.01s Sys=0.00s Real=0.00s
[14.007s][info][safepoint] Safepoint "G1CollectForAllocation", Time since last: 2047592 ns, Reaching safepoint: 4957 ns, Cleanup: 1787 ns, At safepoint: 2657502 ns, Leaving safepoint: 2831 ns, Total: 2667077 ns
[14.014s][info][gc       ] GC(1463) Pause Young (Normal) (G1 Evacuation Pause) (Evacuation Failure) 243M->249M(256M) 1.588ms
[14.014s][info][gc,cpu   ] GC(1463) User=0.00s Sys=0.00s Real=0.00s
[14.014s][info][safepoint] Safepoint "G1CollectForAllocation", Time since last: 5319027 ns, Reaching safepoint: 6555 ns, Cleanup: 1763 ns, At safepoint: 1613816 ns, Leaving safepoint: 14989 ns, Total: 1637123 ns
[14.015s][info][gc       ] GC(1464) Pause Young (Normal) (G1 Evacuation Pause) (Evacuation Failure) 252M->252M(256M) 0.274ms
[14.015s][info][gc,cpu   ] GC(1464) User=0.00s Sys=0.00s Real=0.00s
[14.040s][info][gc       ] GC(1465) Pause Full (G1 Compaction Pause) 252M->108M(256M) 25.118ms
[14.040s][info][gc,cpu   ] GC(1465) User=0.03s Sys=0.00s Real=0.03s
[14.045s][info][safepoint] Safepoint "G1CollectForAllocation", Time since last: 543873 ns, Reaching safepoint: 11759 ns, Cleanup: 2031 ns, At safepoint: 25452500 ns, Leaving safepoint: 4366144 ns, Total: 29832434 ns
[14.046s][info][gc       ] GC(1459) Pause Remark 116M->116M(256M) 0.009ms
[14.046s][info][gc,cpu   ] GC(1459) User=0.00s Sys=0.00s Real=0.00s
[14.046s][info][safepoint] Safepoint "G1PauseRemark", Time since last: 934250 ns, Reaching safepoint: 8073 ns, Cleanup: 2807 ns, At safepoint: 28545 ns, Leaving safepoint: 3813 ns, Total: 43238 ns
[14.046s][info][gc       ] GC(1459) Concurrent Mark Cycle 60.165ms
[14.061s][info][gc       ] GC(1466) Pause Young (Normal) (G1 Evacuation Pause) 158M->148M(256M) 8.059ms
[14.061s][info][gc,cpu   ] GC(1466) User=0.01s Sys=0.00s Real=0.01s
[14.061s][info][safepoint] Safepoint "G1CollectForAllocation", Time since last: 7133512 ns, Reaching safepoint: 2428 ns, Cleanup: 2307 ns, At safepoint: 8089674 ns, Leaving safepoint: 1544 ns, Total: 8095953 ns
[14.072s][info][gc       ] GC(1467) Pause Young (Normal) (G1 Evacuation Pause) 182M->175M(256M) 5.817ms
[14.072s][info][gc,cpu   ] GC(1467) User=0.01s Sys=0.00s Real=0.01s
[14.077s][info][safepoint] Safepoint "G1CollectForAllocation", Time since last: 4789586 ns, Reaching safepoint: 1970 ns, Cleanup: 1958 ns, At safepoint: 5842104 ns, Leaving safepoint: 5146115 ns, Total: 10992147 ns
[14.088s][info][gc       ] GC(1468) Pause Young (Concurrent Start) (G1 Evacuation Pause) 199M->195M(256M) 4.970ms
[14.088s][info][gc       ] GC(1469) Concurrent Mark Cycle
[14.088s][info][gc,cpu   ] GC(1468) User=0.01s Sys=0.00s Real=0.00s
[14.088s][info][safepoint] Safepoint "G1CollectForAllocation", Time since last: 5868171 ns, Reaching safepoint: 4907 ns, Cleanup: 1937 ns, At safepoint: 5103274 ns, Leaving safepoint: 6332 ns, Total: 5116450 ns
[14.100s][info][gc       ] GC(1470) Pause Young (Normal) (G1 Evacuation Pause) 213M->211M(256M) 3.219ms
[14.100s][info][gc,cpu   ] GC(1470) User=0.01s Sys=0.00s Real=0.01s
[14.100s][info][safepoint] Safepoint "G1CollectForAllocation", Time since last: 8901780 ns, Reaching safepoint: 6078 ns, Cleanup: 1896 ns, At safepoint: 3246155 ns, Leaving safepoint: 2049 ns, Total: 3256178 ns
[14.107s][info][gc       ] GC(1471) Pause Young (Normal) (G1 Evacuation Pause) 223M->221M(256M) 2.056ms
[14.107s][info][gc,cpu   ] GC(1471) User=0.00s Sys=0.00s Real=0.00s
[14.107s][info][safepoint] Safepoint "G1CollectForAllocation", Time since last: 4858883 ns, Reaching safepoint: 6942 ns, Cleanup: 2005 ns, At safepoint: 2077426 ns, Leaving safepoint: 13753 ns, Total: 2100126 ns
[14.110s][info][gc       ] GC(1472) Pause Young (Normal) (G1 Evacuation Pause) 231M->231M(256M) 1.863ms
[14.110s][info][gc,cpu   ] GC(1472) User=0.00s Sys=0.00s Real=0.01s
[14.113s][info][safepoint] Safepoint "G1CollectForAllocation", Time since last: 870588 ns, Reaching safepoint: 1280 ns, Cleanup: 1161 ns, At safepoint: 1880951 ns, Leaving safepoint: 3135880 ns, Total: 5019272 ns
[14.113s][info][gc       ] GC(1469) Pause Remark 232M->231M(256M) 0.146ms
[14.113s][info][gc,cpu   ] GC(1469) User=0.00s Sys=0.00s Real=0.00s
[14.113s][info][safepoint] Safepoint "G1PauseRemark", Time since last: 17927 ns, Reaching safepoint: 91598 ns, Cleanup: 899 ns, At safepoint: 155388 ns, Leaving safepoint: 3403 ns, Total: 251288 ns
[14.117s][info][gc       ] GC(1473) Pause Young (Normal) (G1 Evacuation Pause) 240M->239M(256M) 1.404ms
[14.117s][info][gc,cpu   ] GC(1473) User=0.00s Sys=0.00s Real=0.00s
[14.117s][info][safepoint] Safepoint "G1CollectForAllocation", Time since last: 2231697 ns, Reaching safepoint: 2045 ns, Cleanup: 1195 ns, At safepoint: 1421926 ns, Leaving safepoint: 746 ns, Total: 1425912 ns
[14.118s][info][gc       ] GC(1474) Pause Young (Normal) (G1 Evacuation Pause) (Evacuation Failure) 249M->251M(256M) 0.702ms
[14.118s][info][gc,cpu   ] GC(1474) User=0.00s Sys=0.00s Real=0.00s
[14.118s][info][safepoint] Safepoint "G1CollectForAllocation", Time since last: 801153 ns, Reaching safepoint: 1029 ns, Cleanup: 1259 ns, At safepoint: 720672 ns, Leaving safepoint: 1102 ns, Total: 724062 ns
[14.118s][info][gc       ] GC(1475) Pause Young (Normal) (G1 Evacuation Pause) (Evacuation Failure) 252M->252M(256M) 0.191ms
[14.118s][info][gc,cpu   ] GC(1475) User=0.00s Sys=0.00s Real=0.00s
[14.142s][info][gc       ] GC(1476) Pause Full (G1 Compaction Pause) 252M->108M(256M) 23.475ms
[14.142s][info][gc,cpu   ] GC(1476) User=0.02s Sys=0.00s Real=0.02s
[14.145s][info][safepoint] Safepoint "G1CollectForAllocation", Time since last: 92340 ns, Reaching safepoint: 442 ns, Cleanup: 768 ns, At safepoint: 23703226 ns, Leaving safepoint: 2763474 ns, Total: 26467910 ns
[14.145s][info][gc       ] GC(1469) Pause Cleanup 109M->109M(256M) 0.005ms
[14.145s][info][gc,cpu   ] GC(1469) User=0.00s Sys=0.00s Real=0.00s
[14.145s][info][safepoint] Safepoint "G1PauseCleanup", Time since last: 22401 ns, Reaching safepoint: 91940 ns, Cleanup: 1572 ns, At safepoint: 13955 ns, Leaving safepoint: 3228 ns, Total: 110695 ns
[14.145s][info][gc       ] GC(1469) Concurrent Mark Cycle 57.273ms
[14.160s][info][gc       ] GC(1477) Pause Young (Normal) (G1 Evacuation Pause) 159M->150M(256M) 7.462ms
[14.160s][info][gc,cpu   ] GC(1477) User=0.01s Sys=0.00s Real=0.01s
[14.160s][info][safepoint] Safepoint "G1CollectForAllocation", Time since last: 7670885 ns, Reaching safepoint: 2535 ns, Cleanup: 1821 ns, At safepoint: 7491407 ns, Leaving safepoint: 1162 ns, Total: 7496925 ns
[14.175s][info][gc       ] GC(1478) Pause Young (Normal) (G1 Evacuation Pause) 184M->176M(256M) 5.862ms
[14.175s][info][gc,cpu   ] GC(1478) User=0.00s Sys=0.00s Real=0.00s
[14.175s][info][safepoint] Safepoint "G1CollectForAllocation", Time since last: 8734559 ns, Reaching safepoint: 7527 ns, Cleanup: 1882 ns, At safepoint: 5895561 ns, Leaving safepoint: 9757 ns, Total: 5914727 ns
[14.185s][info][gc       ] GC(1479) Pause Young (Concurrent Start) (G1 Evacuation Pause) 200M->196M(256M) 4.304ms
[14.185s][info][gc       ] GC(1480) Concurrent Mark Cycle
[14.185s][info][gc,cpu   ] GC(1479) User=0.00s Sys=0.00s Real=0.00s
[14.185s][info][safepoint] Safepoint "G1CollectForAllocation", Time since last: 6045137 ns, Reaching safepoint: 4734 ns, Cleanup: 1788 ns, At safepoint: 4431802 ns, Leaving safepoint: 7432 ns, Total: 4445756 ns
[14.197s][info][gc       ] GC(1481) Pause Young (Normal) (G1 Evacuation Pause) 213M->212M(256M) 2.821ms
[14.197s][info][gc,cpu   ] GC(1481) User=0.00s Sys=0.00s Real=0.01s
[14.197s][info][safepoint] Safepoint "G1CollectForAllocation", Time since last: 9504225 ns, Reaching safepoint: 5591 ns, Cleanup: 2045 ns, At safepoint: 2847325 ns, Leaving safepoint: 2107 ns, Total: 2857068 ns
[14.203s][info][gc       ] GC(1482) Pause Young (Normal) (G1 Evacuation Pause) 224M->223M(256M) 1.944ms
[14.203s][info][gc,cpu   ] GC(1482) User=0.00s Sys=0.00s Real=0.00s
[14.203s][info][safepoint] Safepoint "G1CollectForAllocation", Time since last: 3236698 ns, Reaching safepoint: 8964 ns, Cleanup: 2030 ns, At safepoint: 1972655 ns, Leaving safepoint: 1751 ns, Total: 1985400 ns
[14.205s][info][gc       ] GC(1483) Pause Young (Normal) (G1 Evacuation Pause) 233M->232M(256M) 1.398ms
[14.205s][info][gc,cpu   ] GC(1483) User=0.00s Sys=0.00s Real=0.00s
[14.205s][info][safepoint] Safepoint "G1CollectForAllocation", Time since last: 776642 ns, Reaching safepoint: 1321 ns, Cleanup: 1584 ns, At safepoint: 1416009 ns, Leaving safepoint: 2190 ns, Total: 1421104 ns
[14.211s][info][gc       ] GC(1484) Pause Young (Normal) (G1 Evacuation Pause) (Evacuation Failure) 242M->246M(256M) 1.399ms
[14.211s][info][gc,cpu   ] GC(1484) User=0.00s Sys=0.00s Real=0.00s
[14.211s][info][safepoint] Safepoint "G1CollectForAllocation", Time since last: 4490657 ns, Reaching safepoint: 7858 ns, Cleanup: 1179 ns, At safepoint: 1416633 ns, Leaving safepoint: 16824 ns, Total: 1442494 ns
[14.212s][info][gc       ] GC(1485) Pause Young (Normal) (G1 Evacuation Pause) (Evacuation Failure) 252M->252M(256M) 0.281ms
[14.212s][info][gc,cpu   ] GC(1485) User=0.00s Sys=0.00s Real=0.00s
[14.233s][info][gc       ] GC(1486) Pause Full (G1 Compaction Pause) 252M->109M(256M) 21.578ms
[14.233s][info][gc,cpu   ] GC(1486) User=0.02s Sys=0.00s Real=0.02s
[14.237s][info][safepoint] Safepoint "G1CollectForAllocation", Time since last: 459769 ns, Reaching safepoint: 1186 ns, Cleanup: 1012 ns, At safepoint: 21905008 ns, Leaving safepoint: 3474078 ns, Total: 25381284 ns
[14.237s][info][gc       ] GC(1480) Pause Remark 110M->110M(256M) 0.005ms
[14.237s][info][gc,cpu   ] GC(1480) User=0.00s Sys=0.00s Real=0.00s
[14.237s][info][safepoint] Safepoint "G1PauseRemark", Time since last: 25470 ns, Reaching safepoint: 100990 ns, Cleanup: 2127 ns, At safepoint: 14463 ns, Leaving safepoint: 6571 ns, Total: 124151 ns
[14.237s][info][gc       ] GC(1480) Concurrent Mark Cycle 51.824ms
[14.253s][info][gc       ] GC(1487) Pause Young (Normal) (G1 Evacuation Pause) 159M->150M(256M) 7.298ms
[14.253s][info][gc,cpu   ] GC(1487) User=0.01s Sys=0.00s Real=0.01s
[14.257s][info][safepoint] Safepoint "G1CollectForAllocation", Time since last: 8782461 ns, Reaching safepoint: 1530 ns, Cleanup: 1990 ns, At safepoint: 7329199 ns, Leaving safepoint: 3742040 ns, Total: 11074759 ns
[14.268s][info][gc       ] GC(1488) Pause Young (Normal) (G1 Evacuation Pause) 184M->178M(256M) 5.983ms
[14.268s][info][gc,cpu   ] GC(1488) User=0.00s Sys=0.00s Real=0.00s
[14.268s][info][safepoint] Safepoint "G1CollectForAllocation", Time since last: 5524625 ns, Reaching safepoint: 1635 ns, Cleanup: 1832 ns, At safepoint: 6011067 ns, Leaving safepoint: 966 ns, Total: 6015500 ns
[14.283s][info][gc       ] GC(1489) Pause Young (Concurrent Start) (G1 Evacuation Pause) 201M->197M(256M) 5.925ms
[14.283s][info][gc       ] GC(1490) Concurrent Mark Cycle
[14.283s][info][gc,cpu   ] GC(1489) User=0.01s Sys=0.00s Real=0.00s
[14.288s][info][safepoint] Safepoint "G1CollectForAllocation", Time since last: 8460111 ns, Reaching safepoint: 7607 ns, Cleanup: 1949 ns, At safepoint: 6049334 ns, Leaving safepoint: 5002400 ns, Total: 11061290 ns
[14.290s][info][gc       ] GC(1490) Pause Remark 207M->204M(256M) 0.146ms
[14.290s][info][gc,cpu   ] GC(1490) User=0.00s Sys=0.00s Real=0.00s
[14.290s][info][safepoint] Safepoint "G1PauseRemark", Time since last: 1999601 ns, Reaching safepoint: 37845 ns, Cleanup: 1980 ns, At safepoint: 164852 ns, Leaving safepoint: 4198 ns, Total: 208875 ns
[14.296s][info][gc       ] GC(1491) Pause Young (Normal) (G1 Evacuation Pause) 211M->209M(256M) 3.467ms
[14.296s][info][gc,cpu   ] GC(1491) User=0.00s Sys=0.00s Real=0.00s
[14.296s][info][safepoint] Safepoint "G1CollectForAllocation", Time since last: 2265748 ns, Reaching safepoint: 1215 ns, Cleanup: 1595 ns, At safepoint: 3494139 ns, Leaving safepoint: 1876 ns, Total: 3498825 ns
[14.298s][info][gc       ] GC(1490) Pause Cleanup 221M->221M(256M) 0.106ms
[14.298s][info][gc,cpu   ] GC(1490) User=0.00s Sys=0.00s Real=0.00s
[14.301s][info][safepoint] Safepoint "G1PauseCleanup", Time since last: 2203806 ns, Reaching safepoint: 140219 ns, Cleanup: 2128 ns, At safepoint: 124393 ns, Leaving safepoint: 2483332 ns, Total: 2750072 ns
[14.301s][info][gc       ] GC(1490) Concurrent Mark Cycle 18.434ms
[14.304s][info][gc       ] GC(1492) Pause Young (Prepare Mixed) (G1 Evacuation Pause) 222M->221M(256M) 2.882ms
[14.304s][info][gc,cpu   ] GC(1492) User=0.00s Sys=0.00s Real=0.00s
[14.304s][info][safepoint] Safepoint "G1CollectForAllocation", Time since last: 428631 ns, Reaching safepoint: 5235 ns, Cleanup: 1295 ns, At safepoint: 2904389 ns, Leaving safepoint: 2426 ns, Total: 2913345 ns
[14.312s][info][gc       ] GC(1493) Pause Young (Mixed) (G1 Evacuation Pause) 231M->209M(256M) 2.265ms
[14.312s][info][gc,cpu   ] GC(1493) User=0.00s Sys=0.00s Real=0.00s
[14.312s][info][safepoint] Safepoint "G1CollectForAllocation", Time since last: 5533442 ns, Reaching safepoint: 5733 ns, Cleanup: 1605 ns, At safepoint: 2287046 ns, Leaving safepoint: 9530 ns, Total: 2303914 ns
[14.317s][info][gc       ] GC(1494) Pause Young (Mixed) (G1 Evacuation Pause) 222M->201M(256M) 3.803ms
[14.317s][info][gc,cpu   ] GC(1494) User=0.00s Sys=0.00s Real=0.01s
[14.321s][info][safepoint] Safepoint "G1CollectForAllocation", Time since last: 1572049 ns, Reaching safepoint: 1150 ns, Cleanup: 1443 ns, At safepoint: 3828964 ns, Leaving safepoint: 3417494 ns, Total: 7249051 ns
[14.328s][info][gc       ] GC(1495) Pause Young (Mixed) (G1 Evacuation Pause) 217M->195M(256M) 3.537ms
[14.328s][info][gc,cpu   ] GC(1495) User=0.00s Sys=0.00s Real=0.00s
[14.328s][info][safepoint] Safepoint "G1CollectForAllocation", Time since last: 4008046 ns, Reaching safepoint: 5163 ns, Cleanup: 1835 ns, At safepoint: 3560632 ns, Leaving safepoint: 1677 ns, Total: 3569307 ns
[14.337s][info][gc       ] GC(1496) Pause Young (Mixed) (G1 Evacuation Pause) 214M->191M(256M) 4.358ms
[14.337s][info][gc,cpu   ] GC(1496) User=0.00s Sys=0.00s Real=0.01s
[14.337s][info][safepoint] Safepoint "G1CollectForAllocation", Time since last: 4458776 ns, Reaching safepoint: 5944 ns, Cleanup: 1508 ns, At safepoint: 4384613 ns, Leaving safepoint: 10341 ns, Total: 4402406 ns
[14.347s][info][gc       ] GC(1497) Pause Young (Mixed) (G1 Evacuation Pause) 210M->197M(256M) 4.422ms
[14.347s][info][gc,cpu   ] GC(1497) User=0.00s Sys=0.00s Real=0.00s
[14.352s][info][safepoint] Safepoint "G1CollectForAllocation", Time since last: 5491940 ns, Reaching safepoint: 6295 ns, Cleanup: 1837 ns, At safepoint: 4451247 ns, Leaving safepoint: 5280748 ns, Total: 9740127 ns
[14.358s][info][gc       ] GC(1498) Pause Young (Concurrent Start) (G1 Evacuation Pause) 215M->213M(256M) 3.394ms
[14.358s][info][gc       ] GC(1499) Concurrent Mark Cycle
[14.358s][info][gc,cpu   ] GC(1498) User=0.00s Sys=0.00s Real=0.01s
[14.361s][info][safepoint] Safepoint "G1CollectForAllocation", Time since last: 1762524 ns, Reaching safepoint: 7179 ns, Cleanup: 1877 ns, At safepoint: 3532318 ns, Leaving safepoint: 3039205 ns, Total: 6580579 ns
[14.368s][info][gc       ] GC(1500) Pause Young (Normal) (G1 Evacuation Pause) 225M->224M(256M) 2.053ms
[14.368s][info][gc,cpu   ] GC(1500) User=0.00s Sys=0.00s Real=0.00s
[14.368s][info][safepoint] Safepoint "G1CollectForAllocation", Time since last: 5290740 ns, Reaching safepoint: 5766 ns, Cleanup: 1731 ns, At safepoint: 2078509 ns, Leaving safepoint: 19794 ns, Total: 2105800 ns
[14.371s][info][gc       ] GC(1501) Pause Young (Normal) (G1 Evacuation Pause) 234M->233M(256M) 1.956ms
[14.371s][info][gc,cpu   ] GC(1501) User=0.01s Sys=0.00s Real=0.00s
[14.373s][info][safepoint] Safepoint "G1CollectForAllocation", Time since last: 881679 ns, Reaching safepoint: 1292 ns, Cleanup: 1442 ns, At safepoint: 1975107 ns, Leaving safepoint: 1731718 ns, Total: 3709559 ns
[14.373s][info][gc       ] GC(1499) Pause Remark 234M->233M(256M) 0.139ms
[14.373s][info][gc,cpu   ] GC(1499) User=0.00s Sys=0.00s Real=0.00s
[14.373s][info][safepoint] Safepoint "G1PauseRemark", Time since last: 17797 ns, Reaching safepoint: 74514 ns, Cleanup: 1022 ns, At safepoint: 148964 ns, Leaving safepoint: 1356 ns, Total: 225856 ns
[14.375s][info][gc       ] GC(1499) Pause Cleanup 233M->233M(256M) 0.116ms
[14.375s][info][gc,cpu   ] GC(1499) User=0.00s Sys=0.00s Real=0.00s
[14.375s][info][safepoint] Safepoint "G1PauseCleanup", Time since last: 1715873 ns, Reaching safepoint: 1737 ns, Cleanup: 1570 ns, At safepoint: 137942 ns, Leaving safepoint: 1713 ns, Total: 142962 ns
[14.377s][info][gc       ] GC(1499) Concurrent Mark Cycle 19.548ms
[14.379s][info][gc       ] GC(1502) Pause Young (Prepare Mixed) (G1 Evacuation Pause) 242M->241M(256M) 1.685ms
[14.379s][info][gc,cpu   ] GC(1502) User=0.00s Sys=0.00s Real=0.00s
[14.379s][info][safepoint] Safepoint "G1CollectForAllocation", Time since last: 2346597 ns, Reaching safepoint: 5506 ns, Cleanup: 1333 ns, At safepoint: 1705112 ns, Leaving safepoint: 2241 ns, Total: 1714192 ns
[14.382s][info][gc       ] GC(1503) Pause Young (Mixed) (G1 Evacuation Pause) (Evacuation Failure) 251M->243M(256M) 1.308ms
[14.382s][info][gc,cpu   ] GC(1503) User=0.00s Sys=0.00s Real=0.00s
[14.382s][info][safepoint] Safepoint "G1CollectForAllocation", Time since last: 1859875 ns, Reaching safepoint: 5963 ns, Cleanup: 1850 ns, At safepoint: 1349742 ns, Leaving safepoint: 2616 ns, Total: 1360171 ns
[14.386s][info][gc       ] GC(1504) Pause Young (Mixed) (G1 Evacuation Pause) (Evacuation Failure) 253M->250M(256M) 1.390ms
[14.386s][info][gc,cpu   ] GC(1504) User=0.00s Sys=0.00s Real=0.00s
[14.386s][info][safepoint] Safepoint "G1CollectForAllocation", Time since last: 2927833 ns, Reaching safepoint: 1632 ns, Cleanup: 1954 ns, At safepoint: 1419803 ns, Leaving safepoint: 1011 ns, Total: 1424400 ns
[14.390s][info][gc       ] GC(1505) Pause Young (Mixed) (G1 Evacuation Pause) (Evacuation Failure) 255M->253M(256M) 0.954ms
[14.390s][info][gc,cpu   ] GC(1505) User=0.00s Sys=0.00s Real=0.00s
[14.390s][info][safepoint] Safepoint "G1CollectForAllocation", Time since last: 2905419 ns, Reaching safepoint: 5586 ns, Cleanup: 1761 ns, At safepoint: 972422 ns, Leaving safepoint: 25568 ns, Total: 1005337 ns
[14.392s][info][gc       ] GC(1506) Pause Young (Mixed) (G1 Evacuation Pause) (Evacuation Failure) 255M->254M(256M) 1.363ms
[14.392s][info][gc,cpu   ] GC(1506) User=0.01s Sys=0.00s Real=0.00s
[14.397s][info][safepoint] Safepoint "G1CollectForAllocation", Time since last: 285347 ns, Reaching safepoint: 1071 ns, Cleanup: 989 ns, At safepoint: 1380145 ns, Leaving safepoint: 4677987 ns, Total: 6060192 ns
[14.398s][info][gc       ] GC(1507) Pause Young (Mixed) (G1 Evacuation Pause) (Evacuation Failure) 255M->255M(256M) 1.021ms
[14.398s][info][gc,cpu   ] GC(1507) User=0.00s Sys=0.00s Real=0.00s
[14.421s][info][gc       ] GC(1508) Pause Full (G1 Compaction Pause) 255M->108M(256M) 23.415ms
[14.421s][info][gc,cpu   ] GC(1508) User=0.03s Sys=0.00s Real=0.02s
[14.421s][info][safepoint] Safepoint "G1CollectForAllocation", Time since last: 124123 ns, Reaching safepoint: 4945 ns, Cleanup: 1075 ns, At safepoint: 24494014 ns, Leaving safepoint: 4575 ns, Total: 24504609 ns
[14.439s][info][gc       ] GC(1509) Pause Young (Normal) (G1 Evacuation Pause) 159M->149M(256M) 7.332ms
[14.439s][info][gc,cpu   ] GC(1509) User=0.00s Sys=0.00s Real=0.01s
[14.441s][info][safepoint] Safepoint "G1CollectForAllocation", Time since last: 10675031 ns, Reaching safepoint: 2610 ns, Cleanup: 2958 ns, At safepoint: 7359419 ns, Leaving safepoint: 1333230 ns, Total: 8698217 ns
[14.453s][info][gc       ] GC(1510) Pause Young (Normal) (G1 Evacuation Pause) 184M->177M(256M) 6.903ms
[14.453s][info][gc,cpu   ] GC(1510) User=0.01s Sys=0.00s Real=0.01s
[14.457s][info][safepoint] Safepoint "G1CollectForAllocation", Time since last: 5132290 ns, Reaching safepoint: 1620 ns, Cleanup: 2095 ns, At safepoint: 6932441 ns, Leaving safepoint: 3939258 ns, Total: 10875414 ns
[14.470s][info][gc       ] GC(1511) Pause Young (Concurrent Start) (G1 Evacuation Pause) 202M->198M(256M) 5.376ms
[14.470s][info][gc,cpu   ] GC(1511) User=0.00s Sys=0.00s Real=0.01s
[14.470s][info][gc       ] GC(1512) Concurrent Mark Cycle
[14.470s][info][safepoint] Safepoint "G1CollectForAllocation", Time since last: 7998480 ns, Reaching safepoint: 5544 ns, Cleanup: 2923 ns, At safepoint: 5410628 ns, Leaving safepoint: 21267 ns, Total: 5440362 ns
[14.484s][info][gc       ] GC(1513) Pause Young (Normal) (G1 Evacuation Pause) 215M->213M(256M) 3.759ms
[14.485s][info][gc,cpu   ] GC(1513) User=0.00s Sys=0.00s Real=0.00s
[14.489s][info][safepoint] Safepoint "G1CollectForAllocation", Time since last: 10570208 ns, Reaching safepoint: 27900 ns, Cleanup: 2637 ns, At safepoint: 3792650 ns, Leaving safepoint: 4181124 ns, Total: 8004311 ns
[14.493s][info][gc       ] GC(1514) Pause Young (Normal) (G1 Evacuation Pause) 224M->223M(256M) 2.827ms
[14.493s][info][gc,cpu   ] GC(1514) User=0.01s Sys=0.00s Real=0.00s
[14.493s][info][safepoint] Safepoint "G1CollectForAllocation", Time since last: 1350899 ns, Reaching safepoint: 8480 ns, Cleanup: 1946 ns, At safepoint: 2855079 ns, Leaving safepoint: 2220 ns, Total: 2867725 ns
[14.500s][info][gc       ] GC(1515) Pause Young (Normal) (G1 Evacuation Pause) 233M->233M(256M) 2.259ms
[14.500s][info][gc,cpu   ] GC(1515) User=0.00s Sys=0.00s Real=0.00s
[14.500s][info][safepoint] Safepoint "G1CollectForAllocation", Time since last: 4958463 ns, Reaching safepoint: 11291 ns, Cleanup: 2334 ns, At safepoint: 2286854 ns, Leaving safepoint: 20189 ns, Total: 2320668 ns
[14.505s][info][gc       ] GC(1516) Pause Young (Normal) (G1 Evacuation Pause) (Evacuation Failure) 243M->250M(256M) 1.758ms
[14.505s][info][gc,cpu   ] GC(1516) User=0.00s Sys=0.00s Real=0.00s
[14.505s][info][safepoint] Safepoint "G1CollectForAllocation", Time since last: 3475536 ns, Reaching safepoint: 8513 ns, Cleanup: 2033 ns, At safepoint: 1785562 ns, Leaving safepoint: 2064 ns, Total: 1798172 ns
[14.506s][info][gc       ] GC(1517) Pause Young (Normal) (G1 Evacuation Pause) (Evacuation Failure) 252M->252M(256M) 0.403ms
[14.506s][info][gc,cpu   ] GC(1517) User=0.00s Sys=0.00s Real=0.00s
[14.530s][info][gc       ] GC(1518) Pause Full (G1 Compaction Pause) 252M->108M(256M) 24.178ms
[14.530s][info][gc,cpu   ] GC(1518) User=0.02s Sys=0.00s Real=0.03s
[14.533s][info][safepoint] Safepoint "G1CollectForAllocation", Time since last: 199797 ns, Reaching safepoint: 1159 ns, Cleanup: 1262 ns, At safepoint: 24635221 ns, Leaving safepoint: 2375120 ns, Total: 27012762 ns
[14.533s][info][gc       ] GC(1512) Pause Remark 109M->109M(256M) 0.006ms
[14.533s][info][gc,cpu   ] GC(1512) User=0.00s Sys=0.00s Real=0.00s
[14.533s][info][safepoint] Safepoint "G1PauseRemark", Time since last: 24230 ns, Reaching safepoint: 127430 ns, Cleanup: 1830 ns, At safepoint: 14918 ns, Leaving safepoint: 3203 ns, Total: 147381 ns
[14.533s][info][gc       ] GC(1512) Concurrent Mark Cycle 62.752ms
[14.555s][info][gc       ] GC(1519) Pause Young (Normal) (G1 Evacuation Pause) 158M->148M(256M) 9.193ms
[14.555s][info][gc,cpu   ] GC(1519) User=0.01s Sys=0.00s Real=0.01s
[14.557s][info][safepoint] Safepoint "G1CollectForAllocation", Time since last: 13202620 ns, Reaching safepoint: 2371 ns, Cleanup: 2137 ns, At safepoint: 9231028 ns, Leaving safepoint: 1436732 ns, Total: 10672268 ns
[14.570s][info][gc       ] GC(1520) Pause Young (Normal) (G1 Evacuation Pause) 183M->176M(256M) 7.583ms
[14.570s][info][gc,cpu   ] GC(1520) User=0.00s Sys=0.00s Real=0.01s
[14.573s][info][safepoint] Safepoint "G1CollectForAllocation", Time since last: 5477074 ns, Reaching safepoint: 1830 ns, Cleanup: 2291 ns, At safepoint: 7613440 ns, Leaving safepoint: 2913646 ns, Total: 10531207 ns
[14.580s][info][gc       ] GC(1521) Pause Young (Concurrent Start) (G1 Evacuation Pause) 200M->196M(256M) 4.271ms
[14.580s][info][gc,cpu   ] GC(1521) User=0.00s Sys=0.00s Real=0.01s
[14.580s][info][gc       ] GC(1522) Concurrent Mark Cycle
[14.580s][info][safepoint] Safepoint "G1CollectForAllocation", Time since last: 2943287 ns, Reaching safepoint: 11413 ns, Cleanup: 2076 ns, At safepoint: 4313032 ns, Leaving safepoint: 107520 ns, Total: 4434041 ns
[14.589s][info][gc       ] GC(1522) Pause Remark 207M->206M(256M) 0.154ms
[14.589s][info][gc,cpu   ] GC(1522) User=0.00s Sys=0.00s Real=0.00s
[14.589s][info][safepoint] Safepoint "G1PauseRemark", Time since last: 8602081 ns, Reaching safepoint: 70925 ns, Cleanup: 2634 ns, At safepoint: 176881 ns, Leaving safepoint: 90670 ns, Total: 341110 ns
[14.591s][info][gc       ] GC(1522) Pause Cleanup 206M->206M(256M) 0.099ms
[14.591s][info][gc,cpu   ] GC(1522) User=0.00s Sys=0.00s Real=0.00s
[14.591s][info][safepoint] Safepoint "G1PauseCleanup", Time since last: 1537868 ns, Reaching safepoint: 1688 ns, Cleanup: 1754 ns, At safepoint: 116625 ns, Leaving safepoint: 638 ns, Total: 120705 ns
[14.592s][info][gc       ] GC(1522) Concurrent Mark Cycle 11.885ms
[14.596s][info][gc       ] GC(1523) Pause Young (Prepare Mixed) (G1 Evacuation Pause) 212M->211M(256M) 3.984ms
[14.596s][info][gc,cpu   ] GC(1523) User=0.00s Sys=0.00s Real=0.00s
[14.596s][info][safepoint] Safepoint "G1CollectForAllocation", Time since last: 1199658 ns, Reaching safepoint: 1823 ns, Cleanup: 1707 ns, At safepoint: 4010642 ns, Leaving safepoint: 11265 ns, Total: 4025437 ns
[14.604s][info][gc       ] GC(1524) Pause Young (Mixed) (G1 Evacuation Pause) 223M->199M(256M) 2.905ms
[14.604s][info][gc,cpu   ] GC(1524) User=0.01s Sys=0.00s Real=0.00s
[14.604s][info][safepoint] Safepoint "G1CollectForAllocation", Time since last: 4767250 ns, Reaching safepoint: 8825 ns, Cleanup: 1969 ns, At safepoint: 2932473 ns, Leaving safepoint: 2569 ns, Total: 2945836 ns
[14.613s][info][gc       ] GC(1525) Pause Young (Mixed) (G1 Evacuation Pause) 215M->194M(256M) 3.942ms
[14.613s][info][gc,cpu   ] GC(1525) User=0.00s Sys=0.00s Real=0.00s
[14.613s][info][safepoint] Safepoint "G1CollectForAllocation", Time since last: 5039235 ns, Reaching safepoint: 4940 ns, Cleanup: 2082 ns, At safepoint: 4017479 ns, Leaving safepoint: 3796 ns, Total: 4028297 ns
[14.624s][info][gc       ] GC(1526) Pause Young (Mixed) (G1 Evacuation Pause) 212M->190M(256M) 4.649ms
[14.624s][info][gc,cpu   ] GC(1526) User=0.00s Sys=0.00s Real=0.00s
[14.625s][info][safepoint] Safepoint "G1CollectForAllocation", Time since last: 6183704 ns, Reaching safepoint: 7609 ns, Cleanup: 1932 ns, At safepoint: 4675365 ns, Leaving safepoint: 1106528 ns, Total: 5791434 ns
[14.632s][info][gc       ] GC(1527) Pause Young (Mixed) (G1 Evacuation Pause) 210M->189M(256M) 5.550ms
[14.632s][info][gc,cpu   ] GC(1527) User=0.00s Sys=0.00s Real=0.01s
[14.637s][info][safepoint] Safepoint "G1CollectForAllocation", Time since last: 2049035 ns, Reaching safepoint: 8820 ns, Cleanup: 1882 ns, At safepoint: 5577097 ns, Leaving safepoint: 4346702 ns, Total: 9934501 ns
[14.645s][info][gc       ] GC(1528) Pause Young (Mixed) (G1 Evacuation Pause) 209M->196M(256M) 4.482ms
[14.645s][info][gc,cpu   ] GC(1528) User=0.00s Sys=0.00s Real=0.00s
[14.645s][info][safepoint] Safepoint "G1CollectForAllocation", Time since last: 4015954 ns, Reaching safepoint: 8119 ns, Cleanup: 1923 ns, At safepoint: 4509970 ns, Leaving safepoint: 3065 ns, Total: 4523077 ns
[14.652s][info][gc       ] GC(1529) Pause Young (Concurrent Start) (G1 Evacuation Pause) 214M->212M(256M) 3.622ms
[14.652s][info][gc,cpu   ] GC(1529) User=0.00s Sys=0.00s Real=0.00s
[14.652s][info][safepoint] Safepoint "G1CollectForAllocation", Time since last: 3585733 ns, Reaching safepoint: 1848 ns, Cleanup: 2078 ns, At safepoint: 3653044 ns, Leaving safepoint: 1275 ns, Total: 3658245 ns
[14.657s][info][gc       ] GC(1530) Concurrent Mark Cycle
[14.663s][info][gc       ] GC(1531) Pause Young (Normal) (G1 Evacuation Pause) 225M->224M(256M) 2.636ms
[14.663s][info][gc,cpu   ] GC(1531) User=0.00s Sys=0.00s Real=0.00s
[14.663s][info][safepoint] Safepoint "G1CollectForAllocation", Time since last: 8267670 ns, Reaching safepoint: 24630 ns, Cleanup: 1850 ns, At safepoint: 2663537 ns, Leaving safepoint: 2519 ns, Total: 2692536 ns
[14.671s][info][gc       ] GC(1532) Pause Young (Normal) (G1 Evacuation Pause) 234M->234M(256M) 2.183ms
[14.671s][info][gc,cpu   ] GC(1532) User=0.00s Sys=0.00s Real=0.00s
[14.671s][info][safepoint] Safepoint "G1CollectForAllocation", Time since last: 5266108 ns, Reaching safepoint: 11135 ns, Cleanup: 1911 ns, At safepoint: 2212883 ns, Leaving safepoint: 23934 ns, Total: 2249863 ns
[14.671s][info][gc       ] GC(1530) Pause Remark 234M->233M(256M) 0.151ms
[14.671s][info][gc,cpu   ] GC(1530) User=0.00s Sys=0.00s Real=0.00s
[14.671s][info][safepoint] Safepoint "G1PauseRemark", Time since last: 16657 ns, Reaching safepoint: 97640 ns, Cleanup: 1666 ns, At safepoint: 161597 ns, Leaving safepoint: 98852 ns, Total: 359755 ns
[14.675s][info][gc       ] GC(1530) Pause Cleanup 234M->234M(256M) 0.112ms
[14.675s][info][gc,cpu   ] GC(1530) User=0.00s Sys=0.00s Real=0.00s
[14.675s][info][safepoint] Safepoint "G1PauseCleanup", Time since last: 3159276 ns, Reaching safepoint: 7695 ns, Cleanup: 1558 ns, At safepoint: 134861 ns, Leaving safepoint: 4243 ns, Total: 148357 ns
[14.676s][info][gc       ] GC(1530) Concurrent Mark Cycle 19.286ms
[14.678s][info][gc       ] GC(1533) Pause Young (Prepare Mixed) (G1 Evacuation Pause) 243M->242M(256M) 2.195ms
[14.678s][info][gc,cpu   ] GC(1533) User=0.01s Sys=0.00s Real=0.01s
[14.681s][info][safepoint] Safepoint "G1CollectForAllocation", Time since last: 1383304 ns, Reaching safepoint: 2125 ns, Cleanup: 1456 ns, At safepoint: 2234227 ns, Leaving safepoint: 2454919 ns, Total: 4692727 ns
[14.683s][info][gc       ] GC(1534) Pause Young (Mixed) (G1 Evacuation Pause) (Evacuation Failure) 252M->239M(256M) 1.238ms
[14.683s][info][gc,cpu   ] GC(1534) User=0.00s Sys=0.00s Real=0.00s
[14.683s][info][safepoint] Safepoint "G1CollectForAllocation", Time since last: 858935 ns, Reaching safepoint: 8597 ns, Cleanup: 1899 ns, At safepoint: 1260185 ns, Leaving safepoint: 9085 ns, Total: 1279766 ns
[14.688s][info][gc       ] GC(1535) Pause Young (Mixed) (G1 Evacuation Pause) (Evacuation Failure) 250M->241M(256M) 1.655ms
[14.688s][info][gc,cpu   ] GC(1535) User=0.01s Sys=0.00s Real=0.00s
[14.689s][info][safepoint] Safepoint "G1CollectForAllocation", Time since last: 3349271 ns, Reaching safepoint: 6570 ns, Cleanup: 1673 ns, At safepoint: 1675505 ns, Leaving safepoint: 813201 ns, Total: 2496949 ns
[14.695s][info][gc       ] GC(1536) Pause Young (Mixed) (G1 Evacuation Pause) (Evacuation Failure) 251M->250M(256M) 2.160ms
[14.695s][info][gc,cpu   ] GC(1536) User=0.00s Sys=0.00s Real=0.00s
[14.695s][info][safepoint] Safepoint "G1CollectForAllocation", Time since last: 4024030 ns, Reaching safepoint: 5036 ns, Cleanup: 1843 ns, At safepoint: 2185809 ns, Leaving safepoint: 1738 ns, Total: 2194426 ns
[14.698s][info][gc       ] GC(1537) Pause Young (Mixed) (G1 Evacuation Pause) (Evacuation Failure) 255M->255M(256M) 1.007ms
[14.698s][info][gc,cpu   ] GC(1537) User=0.00s Sys=0.00s Real=0.00s
[14.721s][info][gc       ] GC(1538) Pause Full (G1 Compaction Pause) 255M->108M(256M) 22.596ms
[14.721s][info][gc,cpu   ] GC(1538) User=0.02s Sys=0.00s Real=0.02s
[14.721s][info][safepoint] Safepoint "G1CollectForAllocation", Time since last: 2435994 ns, Reaching safepoint: 7157 ns, Cleanup: 1762 ns, At safepoint: 23678291 ns, Leaving safepoint: 35461 ns, Total: 23722671 ns
[14.736s][info][gc       ] GC(1539) Pause Young (Normal) (G1 Evacuation Pause) 159M->150M(256M) 7.948ms
[14.736s][info][gc,cpu   ] GC(1539) User=0.00s Sys=0.00s Real=0.01s
[14.741s][info][safepoint] Safepoint "G1CollectForAllocation", Time since last: 6895885 ns, Reaching safepoint: 2064 ns, Cleanup: 1876 ns, At safepoint: 7985507 ns, Leaving safepoint: 4751880 ns, Total: 12741327 ns
[14.752s][info][gc       ] GC(1540) Pause Young (Normal) (G1 Evacuation Pause) 185M->178M(256M) 6.527ms
[14.752s][info][gc,cpu   ] GC(1540) User=0.01s Sys=0.00s Real=0.01s
[14.752s][info][safepoint] Safepoint "G1CollectForAllocation", Time since last: 4810537 ns, Reaching safepoint: 2124 ns, Cleanup: 2219 ns, At safepoint: 6553469 ns, Leaving safepoint: 801 ns, Total: 6558613 ns
[14.764s][info][gc       ] GC(1541) Pause Young (Concurrent Start) (G1 Evacuation Pause) 202M->198M(256M) 4.371ms
[14.764s][info][gc,cpu   ] GC(1541) User=0.00s Sys=0.00s Real=0.00s
[14.764s][info][safepoint] Safepoint "G1CollectForAllocation", Time since last: 7542300 ns, Reaching safepoint: 6575 ns, Cleanup: 2051 ns, At safepoint: 4402298 ns, Leaving safepoint: 1355 ns, Total: 4412279 ns
[14.769s][info][gc       ] GC(1542) Concurrent Mark Cycle
[14.777s][info][gc       ] GC(1543) Pause Young (Normal) (G1 Evacuation Pause) 215M->213M(256M) 3.298ms
[14.777s][info][gc,cpu   ] GC(1543) User=0.00s Sys=0.00s Real=0.01s
[14.777s][info][safepoint] Safepoint "G1CollectForAllocation", Time since last: 9416140 ns, Reaching safepoint: 5737 ns, Cleanup: 1662 ns, At safepoint: 3326364 ns, Leaving safepoint: 1768 ns, Total: 3335531 ns
[14.785s][info][gc       ] GC(1544) Pause Young (Normal) (G1 Evacuation Pause) 225M->224M(256M) 2.519ms
[14.785s][info][gc,cpu   ] GC(1544) User=0.00s Sys=0.00s Real=0.00s
[14.785s][info][safepoint] Safepoint "G1CollectForAllocation", Time since last: 5909297 ns, Reaching safepoint: 6915 ns, Cleanup: 2056 ns, At safepoint: 2546061 ns, Leaving safepoint: 10686 ns, Total: 2565718 ns
[14.786s][info][gc       ] GC(1542) Pause Remark 224M->224M(256M) 0.165ms
[14.786s][info][gc,cpu   ] GC(1542) User=0.00s Sys=0.00s Real=0.00s
[14.786s][info][safepoint] Safepoint "G1PauseRemark", Time since last: 20725 ns, Reaching safepoint: 95088 ns, Cleanup: 17472 ns, At safepoint: 206072 ns, Leaving safepoint: 108554 ns, Total: 427186 ns
[14.793s][info][gc       ] GC(1545) Pause Young (Normal) (G1 Evacuation Pause) 234M->233M(256M) 1.912ms
[14.793s][info][gc,cpu   ] GC(1545) User=0.00s Sys=0.00s Real=0.00s
[14.793s][info][safepoint] Safepoint "G1CollectForAllocation", Time since last: 5448976 ns, Reaching safepoint: 8238 ns, Cleanup: 1660 ns, At safepoint: 1939240 ns, Leaving safepoint: 1839 ns, Total: 1950977 ns
[14.799s][info][gc       ] GC(1546) Pause Young (Normal) (G1 Evacuation Pause) (Evacuation Failure) 243M->249M(256M) 1.766ms
[14.799s][info][gc,cpu   ] GC(1546) User=0.01s Sys=0.00s Real=0.00s
[14.799s][info][safepoint] Safepoint "G1CollectForAllocation", Time since last: 3631595 ns, Reaching safepoint: 10060 ns, Cleanup: 2305 ns, At safepoint: 1794988 ns, Leaving safepoint: 1777 ns, Total: 1809130 ns
[14.799s][info][gc       ] GC(1547) Pause Young (Normal) (G1 Evacuation Pause) (Evacuation Failure) 252M->252M(256M) 0.259ms
[14.799s][info][gc,cpu   ] GC(1547) User=0.00s Sys=0.00s Real=0.00s
[14.821s][info][gc       ] GC(1548) Pause Full (G1 Compaction Pause) 252M->108M(256M) 22.380ms
[14.821s][info][gc,cpu   ] GC(1548) User=0.02s Sys=0.00s Real=0.02s
[14.825s][info][safepoint] Safepoint "G1CollectForAllocation", Time since last: 246351 ns, Reaching safepoint: 1382 ns, Cleanup: 1322 ns, At safepoint: 22680892 ns, Leaving safepoint: 3210970 ns, Total: 25894566 ns
[14.825s][info][gc       ] GC(1542) Pause Cleanup 109M->109M(256M) 0.005ms
[14.825s][info][gc,cpu   ] GC(1542) User=0.00s Sys=0.00s Real=0.00s
[14.825s][info][safepoint] Safepoint "G1PauseCleanup", Time since last: 23259 ns, Reaching safepoint: 114503 ns, Cleanup: 1576 ns, At safepoint: 13525 ns, Leaving safepoint: 3197 ns, Total: 132801 ns
[14.825s][info][gc       ] GC(1542) Concurrent Mark Cycle 56.171ms
[14.838s][info][gc       ] GC(1549) Pause Young (Normal) (G1 Evacuation Pause) 157M->148M(256M) 7.055ms
[14.838s][info][gc,cpu   ] GC(1549) User=0.01s Sys=0.00s Real=0.01s
[14.841s][info][safepoint] Safepoint "G1CollectForAllocation", Time since last: 6502282 ns, Reaching safepoint: 1480 ns, Cleanup: 1137 ns, At safepoint: 7079547 ns, Leaving safepoint: 2287089 ns, Total: 9369253 ns
[14.852s][info][gc       ] GC(1550) Pause Young (Normal) (G1 Evacuation Pause) 183M->175M(256M) 6.537ms
[14.852s][info][gc,cpu   ] GC(1550) User=0.01s Sys=0.00s Real=0.01s
[14.853s][info][safepoint] Safepoint "G1CollectForAllocation", Time since last: 4402788 ns, Reaching safepoint: 1991 ns, Cleanup: 1973 ns, At safepoint: 6565651 ns, Leaving safepoint: 1037721 ns, Total: 7607336 ns
[14.865s][info][gc       ] GC(1551) Pause Young (Concurrent Start) (G1 Evacuation Pause) 200M->196M(256M) 4.772ms
[14.865s][info][gc,cpu   ] GC(1551) User=0.00s Sys=0.00s Real=0.00s
[14.865s][info][safepoint] Safepoint "G1CollectForAllocation", Time since last: 7081395 ns, Reaching safepoint: 6273 ns, Cleanup: 1992 ns, At safepoint: 4804663 ns, Leaving safepoint: 1841 ns, Total: 4814769 ns
[14.865s][info][gc       ] GC(1552) Concurrent Mark Cycle
[14.876s][info][gc       ] GC(1553) Pause Young (Normal) (G1 Evacuation Pause) 213M->211M(256M) 2.989ms
[14.876s][info][gc,cpu   ] GC(1553) User=0.00s Sys=0.00s Real=0.00s
[14.881s][info][safepoint] Safepoint "G1CollectForAllocation", Time since last: 8100147 ns, Reaching safepoint: 22331 ns, Cleanup: 1810 ns, At safepoint: 3016598 ns, Leaving safepoint: 4922448 ns, Total: 7963187 ns
[14.884s][info][gc       ] GC(1554) Pause Young (Normal) (G1 Evacuation Pause) 223M->222M(256M) 2.264ms
[14.884s][info][gc,cpu   ] GC(1554) User=0.00s Sys=0.00s Real=0.00s
[14.884s][info][safepoint] Safepoint "G1CollectForAllocation", Time since last: 1143069 ns, Reaching safepoint: 5711 ns, Cleanup: 1660 ns, At safepoint: 2296042 ns, Leaving safepoint: 15358 ns, Total: 2318771 ns
[14.884s][info][gc       ] GC(1552) Pause Remark 222M->222M(256M) 0.155ms
[14.884s][info][gc,cpu   ] GC(1552) User=0.00s Sys=0.00s Real=0.00s
[14.885s][info][safepoint] Safepoint "G1PauseRemark", Time since last: 14434 ns, Reaching safepoint: 87515 ns, Cleanup: 1470 ns, At safepoint: 181217 ns, Leaving safepoint: 91836 ns, Total: 362038 ns
[14.890s][info][gc       ] GC(1552) Pause Cleanup 223M->223M(256M) 0.108ms
[14.890s][info][gc,cpu   ] GC(1552) User=0.00s Sys=0.00s Real=0.00s
[14.890s][info][safepoint] Safepoint "G1PauseCleanup", Time since last: 5712729 ns, Reaching safepoint: 9838 ns, Cleanup: 1555 ns, At safepoint: 157882 ns, Leaving safepoint: 5067 ns, Total: 174342 ns
[14.892s][info][gc       ] GC(1552) Concurrent Mark Cycle 27.023ms
[14.894s][info][gc       ] GC(1555) Pause Young (Prepare Mixed) (G1 Evacuation Pause) 232M->231M(256M) 2.214ms
[14.894s][info][gc,cpu   ] GC(1555) User=0.00s Sys=0.00s Real=0.00s
[14.894s][info][safepoint] Safepoint "G1CollectForAllocation", Time since last: 1262933 ns, Reaching safepoint: 1213 ns, Cleanup: 1054 ns, At safepoint: 2239345 ns, Leaving safepoint: 1552 ns, Total: 2243164 ns
[14.898s][info][gc       ] GC(1556) Pause Young (Mixed) (G1 Evacuation Pause) (Evacuation Failure) 241M->234M(256M) 2.813ms
[14.898s][info][gc,cpu   ] GC(1556) User=0.01s Sys=0.00s Real=0.01s
[14.898s][info][safepoint] Safepoint "G1CollectForAllocation", Time since last: 902313 ns, Reaching safepoint: 1430 ns, Cleanup: 1692 ns, At safepoint: 2838948 ns, Leaving safepoint: 11375 ns, Total: 2853445 ns
[14.906s][info][gc       ] GC(1557) Pause Young (Mixed) (G1 Evacuation Pause) (Evacuation Failure) 244M->238M(256M) 2.685ms
[14.906s][info][gc,cpu   ] GC(1557) User=0.00s Sys=0.00s Real=0.00s
[14.906s][info][safepoint] Safepoint "G1CollectForAllocation", Time since last: 5459520 ns, Reaching safepoint: 1970 ns, Cleanup: 2294 ns, At safepoint: 2718834 ns, Leaving safepoint: 22774 ns, Total: 2745872 ns
[14.912s][info][gc       ] GC(1558) Pause Young (Mixed) (G1 Evacuation Pause) (Evacuation Failure) 248M->245M(256M) 2.198ms
[14.912s][info][gc,cpu   ] GC(1558) User=0.00s Sys=0.00s Real=0.00s
[14.912s][info][safepoint] Safepoint "G1CollectForAllocation", Time since last: 4055263 ns, Reaching safepoint: 5484 ns, Cleanup: 1828 ns, At safepoint: 2221593 ns, Leaving safepoint: 7584 ns, Total: 2236489 ns
[14.915s][info][gc       ] GC(1559) Pause Young (Mixed) (G1 Evacuation Pause) (Evacuation Failure) 254M->252M(256M) 1.472ms
[14.915s][info][gc,cpu   ] GC(1559) User=0.00s Sys=0.00s Real=0.00s
[14.917s][info][safepoint] Safepoint "G1CollectForAllocation", Time since last: 1405253 ns, Reaching safepoint: 1733 ns, Cleanup: 2069 ns, At safepoint: 1497572 ns, Leaving safepoint: 1619848 ns, Total: 3121222 ns
[14.918s][info][gc       ] GC(1560) Pause Young (Mixed) (G1 Evacuation Pause) (Evacuation Failure) 254M->254M(256M) 0.595ms
[14.918s][info][gc,cpu   ] GC(1560) User=0.00s Sys=0.00s Real=0.00s
[14.940s][info][gc       ] GC(1561) Pause Full (G1 Compaction Pause) 254M->108M(256M) 22.510ms
[14.940s][info][gc,cpu   ] GC(1561) User=0.03s Sys=0.00s Real=0.02s
[14.940s][info][safepoint] Safepoint "G1CollectForAllocation", Time since last: 276656 ns, Reaching safepoint: 6975 ns, Cleanup: 1616 ns, At safepoint: 23150197 ns, Leaving safepoint: 25714 ns, Total: 23184502 ns
[14.955s][info][gc       ] GC(1562) Pause Young (Normal) (G1 Evacuation Pause) 158M->149M(256M) 7.690ms
[14.955s][info][gc,cpu   ] GC(1562) User=0.01s Sys=0.00s Real=0.01s
[14.955s][info][safepoint] Safepoint "G1CollectForAllocation", Time since last: 7338953 ns, Reaching safepoint: 1926 ns, Cleanup: 2273 ns, At safepoint: 7719883 ns, Leaving safepoint: 849 ns, Total: 7724931 ns
[14.968s][info][gc       ] GC(1563) Pause Young (Normal) (G1 Evacuation Pause) 184M->176M(256M) 6.328ms
[14.968s][info][gc,cpu   ] GC(1563) User=0.00s Sys=0.00s Real=0.00s
[14.973s][info][safepoint] Safepoint "G1CollectForAllocation", Time since last: 6851772 ns, Reaching safepoint: 1724 ns, Cleanup: 2350 ns, At safepoint: 6355780 ns, Leaving safepoint: 4255226 ns, Total: 10615080 ns
[14.986s][info][gc       ] GC(1564) Pause Young (Concurrent Start) (G1 Evacuation Pause) 200M->197M(256M) 5.439ms
[14.986s][info][gc,cpu   ] GC(1564) User=0.00s Sys=0.00s Real=0.00s
[14.986s][info][gc       ] GC(1565) Concurrent Mark Cycle
[14.986s][info][safepoint] Safepoint "G1CollectForAllocation", Time since last: 8024025 ns, Reaching safepoint: 6337 ns, Cleanup: 2279 ns, At safepoint: 5488597 ns, Leaving safepoint: 105048 ns, Total: 5602261 ns
[14.993s][info][gc       ] GC(1565) Pause Remark 213M->213M(256M) 0.143ms
[14.993s][info][gc,cpu   ] GC(1565) User=0.00s Sys=0.00s Real=0.00s
[14.993s][info][safepoint] Safepoint "G1PauseRemark", Time since last: 6392280 ns, Reaching safepoint: 65892 ns, Cleanup: 2071 ns, At safepoint: 165092 ns, Leaving safepoint: 1271 ns, Total: 234326 ns
[15.000s][info][gc       ] GC(1566) Pause Young (Normal) (G1 Evacuation Pause) 213M->211M(256M) 3.443ms
[15.000s][info][gc,cpu   ] GC(1566) User=0.01s Sys=0.00s Real=0.00s
[15.000s][info][safepoint] Safepoint "G1CollectForAllocation", Time since last: 3766660 ns, Reaching safepoint: 14526 ns, Cleanup: 2014 ns, At safepoint: 3470736 ns, Leaving safepoint: 2765 ns, Total: 3490041 ns
[15.009s][info][gc       ] GC(1567) Pause Young (Normal) (G1 Evacuation Pause) 223M->222M(256M) 2.923ms
[15.009s][info][gc,cpu   ] GC(1567) User=0.00s Sys=0.00s Real=0.01s
[15.009s][info][safepoint] Safepoint "G1CollectForAllocation", Time since last: 5965549 ns, Reaching safepoint: 13820 ns, Cleanup: 1679 ns, At safepoint: 2950535 ns, Leaving safepoint: 14688 ns, Total: 2980722 ns
[15.016s][info][gc       ] GC(1568) Pause Young (Normal) (G1 Evacuation Pause) 232M->232M(256M) 2.210ms
[15.016s][info][gc,cpu   ] GC(1568) User=0.00s Sys=0.00s Real=0.00s
[15.016s][info][safepoint] Safepoint "G1CollectForAllocation", Time since last: 4630669 ns, Reaching safepoint: 7552 ns, Cleanup: 1946 ns, At safepoint: 2235671 ns, Leaving safepoint: 2750 ns, Total: 2247919 ns
[15.023s][info][gc       ] GC(1569) Pause Young (Normal) (G1 Evacuation Pause) (Evacuation Failure) 242M->247M(256M) 2.015ms
[15.023s][info][gc,cpu   ] GC(1569) User=0.00s Sys=0.00s Real=0.00s
[15.023s][info][safepoint] Safepoint "G1CollectForAllocation", Time since last: 4714685 ns, Reaching safepoint: 8307 ns, Cleanup: 2087 ns, At safepoint: 2042240 ns, Leaving safepoint: 17733 ns, Total: 2070367 ns
[15.024s][info][gc       ] GC(1570) Pause Young (Normal) (G1 Evacuation Pause) (Evacuation Failure) 252M->252M(256M) 0.349ms
[15.024s][info][gc,cpu   ] GC(1570) User=0.00s Sys=0.00s Real=0.00s
[15.047s][info][gc       ] GC(1571) Pause Full (G1 Compaction Pause) 252M->108M(256M) 23.827ms
[15.048s][info][gc,cpu   ] GC(1571) User=0.02s Sys=0.00s Real=0.02s
[15.049s][info][safepoint] Safepoint "G1CollectForAllocation", Time since last: 428130 ns, Reaching safepoint: 1582 ns, Cleanup: 1492 ns, At safepoint: 24304261 ns, Leaving safepoint: 1150446 ns, Total: 25457781 ns
[15.050s][info][gc       ] GC(1565) Pause Cleanup 122M->122M(256M) 0.008ms
[15.050s][info][gc,cpu   ] GC(1565) User=0.00s Sys=0.00s Real=0.00s
[15.050s][info][safepoint] Safepoint "G1PauseCleanup", Time since last: 1724791 ns, Reaching safepoint: 9663 ns, Cleanup: 2326 ns, At safepoint: 27571 ns, Leaving safepoint: 1497 ns, Total: 41057 ns
[15.051s][info][gc       ] GC(1565) Concurrent Mark Cycle 65.223ms
[15.066s][info][gc       ] GC(1572) Pause Young (Normal) (G1 Evacuation Pause) 158M->148M(256M) 8.395ms
[15.066s][info][gc,cpu   ] GC(1572) User=0.01s Sys=0.00s Real=0.00s
[15.066s][info][safepoint] Safepoint "G1CollectForAllocation", Time since last: 7288485 ns, Reaching safepoint: 2168 ns, Cleanup: 2515 ns, At safepoint: 8423801 ns, Leaving safepoint: 2288 ns, Total: 8430772 ns
[15.079s][info][gc       ] GC(1573) Pause Young (Normal) (G1 Evacuation Pause) 183M->178M(256M) 7.339ms
[15.079s][info][gc,cpu   ] GC(1573) User=0.00s Sys=0.00s Real=0.01s
[15.079s][info][safepoint] Safepoint "G1CollectForAllocation", Time since last: 5257814 ns, Reaching safepoint: 1746 ns, Cleanup: 1858 ns, At safepoint: 7366872 ns, Leaving safepoint: 1121 ns, Total: 7371597 ns
[15.089s][info][gc       ] GC(1574) Pause Young (Concurrent Start) (G1 Evacuation Pause) 202M->199M(256M) 4.905ms
[15.089s][info][gc,cpu   ] GC(1574) User=0.00s Sys=0.00s Real=0.01s
[15.089s][info][gc       ] GC(1575) Concurrent Mark Cycle
[15.089s][info][safepoint] Safepoint "G1CollectForAllocation", Time since last: 5151822 ns, Reaching safepoint: 2175 ns, Cleanup: 2002 ns, At safepoint: 4966248 ns, Leaving safepoint: 110633 ns, Total: 5081058 ns
[15.101s][info][gc       ] GC(1576) Pause Young (Normal) (G1 Evacuation Pause) 215M->213M(256M) 3.583ms
[15.101s][info][gc,cpu   ] GC(1576) User=0.01s Sys=0.00s Real=0.00s
[15.101s][info][safepoint] Safepoint "G1CollectForAllocation", Time since last: 8568081 ns, Reaching safepoint: 12923 ns, Cleanup: 1812 ns, At safepoint: 3611329 ns, Leaving safepoint: 2407 ns, Total: 3628471 ns
[15.108s][info][gc       ] GC(1577) Pause Young (Normal) (G1 Evacuation Pause) 224M->224M(256M) 2.381ms
[15.108s][info][gc,cpu   ] GC(1577) User=0.00s Sys=0.00s Real=0.00s
[15.108s][info][safepoint] Safepoint "G1CollectForAllocation", Time since last: 4533681 ns, Reaching safepoint: 8627 ns, Cleanup: 1987 ns, At safepoint: 2400970 ns, Leaving safepoint: 1515 ns, Total: 2413099 ns
[15.113s][info][gc       ] GC(1578) Pause Young (Normal) (G1 Evacuation Pause) 234M->233M(256M) 1.628ms
[15.113s][info][gc,cpu   ] GC(1578) User=0.00s Sys=0.00s Real=0.00s
[15.113s][info][safepoint] Safepoint "G1CollectForAllocation", Time since last: 3051103 ns, Reaching safepoint: 7397 ns, Cleanup: 1311 ns, At safepoint: 1646177 ns, Leaving safepoint: 1578 ns, Total: 1656463 ns
[15.118s][info][gc       ] GC(1579) Pause Young (Normal) (G1 Evacuation Pause) (Evacuation Failure) 243M->250M(256M) 1.448ms
[15.118s][info][gc,cpu   ] GC(1579) User=0.00s Sys=0.00s Real=0.00s
[15.118s][info][safepoint] Safepoint "G1CollectForAllocation", Time since last: 3803364 ns, Reaching safepoint: 5782 ns, Cleanup: 1264 ns, At safepoint: 1465840 ns, Leaving safepoint: 13156 ns, Total: 1486042 ns
[15.119s][info][gc       ] GC(1580) Pause Young (Normal) (G1 Evacuation Pause) (Evacuation Failure) 252M->252M(256M) 0.212ms
[15.119s][info][gc,cpu   ] GC(1580) User=0.00s Sys=0.00s Real=0.00s
[15.141s][info][gc       ] GC(1581) Pause Full (G1 Compaction Pause) 252M->108M(256M) 22.556ms
[15.141s][info][gc,cpu   ] GC(1581) User=0.03s Sys=0.00s Real=0.02s
[15.144s][info][safepoint] Safepoint "G1CollectForAllocation", Time since last: 179382 ns, Reaching safepoint: 804 ns, Cleanup: 805 ns, At safepoint: 22810422 ns, Leaving safepoint: 2541971 ns, Total: 25354002 ns
[15.144s][info][gc       ] GC(1575) Pause Remark 109M->109M(256M) 0.006ms
[15.144s][info][gc,cpu   ] GC(1575) User=0.00s Sys=0.00s Real=0.00s
[15.144s][info][safepoint] Safepoint "G1PauseRemark", Time since last: 19266 ns, Reaching safepoint: 110247 ns, Cleanup: 1537 ns, At safepoint: 14840 ns, Leaving safepoint: 3076 ns, Total: 129700 ns
[15.144s][info][gc       ] GC(1575) Concurrent Mark Cycle 54.938ms
[15.162s][info][gc       ] GC(1582) Pause Young (Normal) (G1 Evacuation Pause) 158M->149M(256M) 11.361ms
[15.162s][info][gc,cpu   ] GC(1582) User=0.01s Sys=0.00s Real=0.01s
[15.165s][info][safepoint] Safepoint "G1CollectForAllocation", Time since last: 6433503 ns, Reaching safepoint: 1791 ns, Cleanup: 1328 ns, At safepoint: 11390878 ns, Leaving safepoint: 3005546 ns, Total: 14399543 ns
[15.178s][info][gc       ] GC(1583) Pause Young (Normal) (G1 Evacuation Pause) 183M->175M(256M) 5.773ms
[15.178s][info][gc,cpu   ] GC(1583) User=0.00s Sys=0.00s Real=0.01s
[15.178s][info][safepoint] Safepoint "G1CollectForAllocation", Time since last: 7877835 ns, Reaching safepoint: 2175 ns, Cleanup: 2081 ns, At safepoint: 5838271 ns, Leaving safepoint: 9638 ns, Total: 5852165 ns
[15.186s][info][gc       ] GC(1584) Pause Young (Concurrent Start) (G1 Evacuation Pause) 200M->196M(256M) 4.289ms
[15.186s][info][gc       ] GC(1585) Concurrent Mark Cycle
[15.186s][info][gc,cpu   ] GC(1584) User=0.00s Sys=0.00s Real=0.00s
[15.189s][info][safepoint] Safepoint "G1CollectForAllocation", Time since last: 3255253 ns, Reaching safepoint: 1384 ns, Cleanup: 2106 ns, At safepoint: 4409822 ns, Leaving safepoint: 2607596 ns, Total: 7020908 ns
[15.196s][info][gc       ] GC(1586) Pause Young (Normal) (G1 Evacuation Pause) 213M->211M(256M) 3.262ms
[15.196s][info][gc,cpu   ] GC(1586) User=0.00s Sys=0.00s Real=0.00s
[15.201s][info][safepoint] Safepoint "G1CollectForAllocation", Time since last: 4026875 ns, Reaching safepoint: 37787 ns, Cleanup: 2219 ns, At safepoint: 3289443 ns, Leaving safepoint: 4841897 ns, Total: 8171346 ns
[15.204s][info][gc       ] GC(1587) Pause Young (Normal) (G1 Evacuation Pause) 223M->223M(256M) 2.136ms
[15.204s][info][gc,cpu   ] GC(1587) User=0.00s Sys=0.00s Real=0.00s
[15.204s][info][safepoint] Safepoint "G1CollectForAllocation", Time since last: 1174279 ns, Reaching safepoint: 8301 ns, Cleanup: 2021 ns, At safepoint: 2158305 ns, Leaving safepoint: 20105 ns, Total: 2188732 ns
[15.205s][info][gc       ] GC(1585) Pause Remark 223M->221M(256M) 0.135ms
[15.205s][info][gc,cpu   ] GC(1585) User=0.00s Sys=0.00s Real=0.00s
[15.205s][info][safepoint] Safepoint "G1PauseRemark", Time since last: 15873 ns, Reaching safepoint: 114347 ns, Cleanup: 1195 ns, At safepoint: 144577 ns, Leaving safepoint: 88501 ns, Total: 348620 ns
[15.211s][info][gc       ] GC(1585) Pause Cleanup 222M->222M(256M) 0.123ms
[15.211s][info][gc,cpu   ] GC(1585) User=0.00s Sys=0.00s Real=0.00s
[15.211s][info][safepoint] Safepoint "G1PauseCleanup", Time since last: 5740787 ns, Reaching safepoint: 29075 ns, Cleanup: 1448 ns, At safepoint: 141042 ns, Leaving safepoint: 12338 ns, Total: 183903 ns
[15.212s][info][gc       ] GC(1585) Concurrent Mark Cycle 25.884ms
[15.214s][info][gc       ] GC(1588) Pause Young (Prepare Mixed) (G1 Evacuation Pause) 231M->230M(256M) 1.801ms
[15.214s][info][gc,cpu   ] GC(1588) User=0.00s Sys=0.00s Real=0.00s
[15.214s][info][safepoint] Safepoint "G1CollectForAllocation", Time since last: 1343866 ns, Reaching safepoint: 898 ns, Cleanup: 980 ns, At safepoint: 1820197 ns, Leaving safepoint: 20267 ns, Total: 1842342 ns
[15.217s][info][gc       ] GC(1589) Pause Young (Mixed) (G1 Evacuation Pause) (Evacuation Failure) 240M->226M(256M) 2.241ms
[15.217s][info][gc,cpu   ] GC(1589) User=0.00s Sys=0.00s Real=0.01s
[15.221s][info][safepoint] Safepoint "G1CollectForAllocation", Time since last: 841842 ns, Reaching safepoint: 1045 ns, Cleanup: 1272 ns, At safepoint: 2263382 ns, Leaving safepoint: 3864327 ns, Total: 6130026 ns
[15.225s][info][gc       ] GC(1590) Pause Young (Mixed) (G1 Evacuation Pause) 236M->215M(256M) 3.297ms
[15.225s][info][gc,cpu   ] GC(1590) User=0.00s Sys=0.00s Real=0.00s
[15.225s][info][safepoint] Safepoint "G1CollectForAllocation", Time since last: 1093248 ns, Reaching safepoint: 7671 ns, Cleanup: 1965 ns, At safepoint: 3321661 ns, Leaving safepoint: 2197 ns, Total: 3333494 ns
[15.233s][info][gc       ] GC(1591) Pause Young (Mixed) (G1 Evacuation Pause) 227M->206M(256M) 3.907ms
[15.233s][info][gc,cpu   ] GC(1591) User=0.01s Sys=0.00s Real=0.00s
[15.237s][info][safepoint] Safepoint "G1CollectForAllocation", Time since last: 3564188 ns, Reaching safepoint: 6294 ns, Cleanup: 1836 ns, At safepoint: 3934904 ns, Leaving safepoint: 4040284 ns, Total: 7983318 ns
[15.242s][info][gc       ] GC(1592) Pause Young (Mixed) (G1 Evacuation Pause) 220M->199M(256M) 3.901ms
[15.242s][info][gc,cpu   ] GC(1592) User=0.01s Sys=0.00s Real=0.00s
[15.242s][info][safepoint] Safepoint "G1CollectForAllocation", Time since last: 1358040 ns, Reaching safepoint: 7643 ns, Cleanup: 1756 ns, At safepoint: 3923603 ns, Leaving safepoint: 2689 ns, Total: 3935691 ns
[15.249s][info][gc       ] GC(1593) Pause Young (Mixed) (G1 Evacuation Pause) 216M->204M(256M) 3.184ms
[15.249s][info][gc,cpu   ] GC(1593) User=0.00s Sys=0.00s Real=0.01s
[15.253s][info][safepoint] Safepoint "G1CollectForAllocation", Time since last: 3810101 ns, Reaching safepoint: 8161 ns, Cleanup: 1582 ns, At safepoint: 3203881 ns, Leaving safepoint: 3682654 ns, Total: 6896278 ns
[15.260s][info][gc       ] GC(1594) Pause Young (Concurrent Start) (G1 Evacuation Pause) 220M->219M(256M) 3.032ms
[15.260s][info][gc,cpu   ] GC(1594) User=0.00s Sys=0.00s Real=0.00s
[15.260s][info][gc       ] GC(1595) Concurrent Mark Cycle
[15.260s][info][safepoint] Safepoint "G1CollectForAllocation", Time since last: 4006349 ns, Reaching safepoint: 4087 ns, Cleanup: 1260 ns, At safepoint: 3087932 ns, Leaving safepoint: 70841 ns, Total: 3164120 ns
[15.270s][info][gc       ] GC(1596) Pause Young (Normal) (G1 Evacuation Pause) 229M->228M(256M) 1.788ms
[15.270s][info][gc,cpu   ] GC(1596) User=0.00s Sys=0.00s Real=0.01s
[15.270s][info][safepoint] Safepoint "G1CollectForAllocation", Time since last: 7909272 ns, Reaching safepoint: 9304 ns, Cleanup: 1690 ns, At safepoint: 1812616 ns, Leaving safepoint: 1570 ns, Total: 1825180 ns
[15.272s][info][gc       ] GC(1597) Pause Young (Normal) (G1 Evacuation Pause) 238M->238M(256M) 1.782ms
[15.272s][info][gc,cpu   ] GC(1597) User=0.01s Sys=0.00s Real=0.00s
[15.272s][info][safepoint] Safepoint "G1CollectForAllocation", Time since last: 735467 ns, Reaching safepoint: 1127 ns, Cleanup: 1321 ns, At safepoint: 1798778 ns, Leaving safepoint: 7737 ns, Total: 1808963 ns
[15.278s][info][gc       ] GC(1595) Pause Remark 247M->243M(256M) 0.142ms
[15.278s][info][gc,cpu   ] GC(1595) User=0.00s Sys=0.00s Real=0.00s
[15.278s][info][safepoint] Safepoint "G1PauseRemark", Time since last: 5513046 ns, Reaching safepoint: 6949 ns, Cleanup: 1961 ns, At safepoint: 162095 ns, Leaving safepoint: 4046 ns, Total: 175051 ns
[15.280s][info][gc       ] GC(1595) Pause Cleanup 243M->243M(256M) 0.106ms
[15.280s][info][gc,cpu   ] GC(1595) User=0.00s Sys=0.00s Real=0.00s
[15.280s][info][safepoint] Safepoint "G1PauseCleanup", Time since last: 1653655 ns, Reaching safepoint: 951 ns, Cleanup: 1408 ns, At safepoint: 122088 ns, Leaving safepoint: 846 ns, Total: 125293 ns
[15.281s][info][gc       ] GC(1598) Pause Young (Prepare Mixed) (G1 Evacuation Pause) 244M->243M(256M) 1.488ms
[15.281s][info][gc,cpu   ] GC(1598) User=0.00s Sys=0.00s Real=0.00s
[15.282s][info][gc       ] GC(1595) Concurrent Mark Cycle 21.890ms
[15.282s][info][safepoint] Safepoint "G1CollectForAllocation", Time since last: 80598 ns, Reaching safepoint: 435 ns, Cleanup: 446 ns, At safepoint: 1507603 ns, Leaving safepoint: 500470 ns, Total: 2008954 ns
[15.284s][info][gc       ] GC(1599) Pause Young (Mixed) (G1 Evacuation Pause) (Evacuation Failure) 253M->251M(256M) 1.365ms
[15.284s][info][gc,cpu   ] GC(1599) User=0.00s Sys=0.00s Real=0.00s
[15.284s][info][safepoint] Safepoint "G1CollectForAllocation", Time since last: 739845 ns, Reaching safepoint: 1302 ns, Cleanup: 1365 ns, At safepoint: 1383224 ns, Leaving safepoint: 26401 ns, Total: 1412292 ns
[15.290s][info][gc       ] GC(1600) Pause Young (Mixed) (G1 Evacuation Pause) (Evacuation Failure) 255M->253M(256M) 0.991ms
[15.290s][info][gc,cpu   ] GC(1600) User=0.00s Sys=0.00s Real=0.00s
[15.290s][info][safepoint] Safepoint "G1CollectForAllocation", Time since last: 4851150 ns, Reaching safepoint: 7488 ns, Cleanup: 1724 ns, At safepoint: 1014129 ns, Leaving safepoint: 24871 ns, Total: 1048212 ns
[15.291s][info][gc       ] GC(1601) Pause Young (Mixed) (G1 Evacuation Pause) (Evacuation Failure) 255M->252M(256M) 0.826ms
[15.291s][info][gc,cpu   ] GC(1601) User=0.00s Sys=0.00s Real=0.00s
[15.291s][info][safepoint] Safepoint "G1CollectForAllocation", Time since last: 263329 ns, Reaching safepoint: 657 ns, Cleanup: 1211 ns, At safepoint: 847417 ns, Leaving safepoint: 843 ns, Total: 850128 ns
[15.292s][info][gc       ] GC(1602) Pause Young (Mixed) (G1 Evacuation Pause) (Evacuation Failure) 255M->255M(256M) 0.890ms
[15.292s][info][gc,cpu   ] GC(1602) User=0.01s Sys=0.00s Real=0.00s
[15.315s][info][gc       ] GC(1603) Pause Full (G1 Compaction Pause) 255M->108M(256M) 22.931ms
[15.315s][info][gc,cpu   ] GC(1603) User=0.02s Sys=0.00s Real=0.02s
[15.317s][info][safepoint] Safepoint "G1CollectForAllocation", Time since last: 367269 ns, Reaching safepoint: 784 ns, Cleanup: 907 ns, At safepoint: 23863493 ns, Leaving safepoint: 1601742 ns, Total: 25466926 ns
[15.338s][info][gc       ] GC(1604) Pause Young (Normal) (G1 Evacuation Pause) 156M->148M(256M) 11.202ms
[15.338s][info][gc,cpu   ] GC(1604) User=0.01s Sys=0.00s Real=0.02s
[15.338s][info][safepoint] Safepoint "G1CollectForAllocation", Time since last: 10527816 ns, Reaching safepoint: 2284 ns, Cleanup: 2047 ns, At safepoint: 11251925 ns, Leaving safepoint: 1474 ns, Total: 11257730 ns
[15.350s][info][gc       ] GC(1605) Pause Young (Normal) (G1 Evacuation Pause) 182M->176M(256M) 6.627ms
[15.350s][info][gc,cpu   ] GC(1605) User=0.00s Sys=0.00s Real=0.01s
[15.353s][info][safepoint] Safepoint "G1CollectForAllocation", Time since last: 5224718 ns, Reaching safepoint: 1771 ns, Cleanup: 2146 ns, At safepoint: 6657829 ns, Leaving safepoint: 2335254 ns, Total: 8997000 ns
[15.365s][info][gc       ] GC(1606) Pause Young (Concurrent Start) (G1 Evacuation Pause) 200M->196M(256M) 4.463ms
[15.365s][info][gc,cpu   ] GC(1606) User=0.01s Sys=0.00s Real=0.00s
[15.365s][info][gc       ] GC(1607) Concurrent Mark Cycle
[15.365s][info][safepoint] Safepoint "G1CollectForAllocation", Time since last: 8019214 ns, Reaching safepoint: 7815 ns, Cleanup: 2163 ns, At safepoint: 4509784 ns, Leaving safepoint: 97272 ns, Total: 4617034 ns
[15.373s][info][gc       ] GC(1607) Pause Remark 206M->206M(256M) 0.143ms
[15.373s][info][gc,cpu   ] GC(1607) User=0.00s Sys=0.00s Real=0.00s
[15.373s][info][safepoint] Safepoint "G1PauseRemark", Time since last: 7410744 ns, Reaching safepoint: 16223 ns, Cleanup: 2313 ns, At safepoint: 174120 ns, Leaving safepoint: 1739 ns, Total: 194395 ns
[15.379s][info][gc       ] GC(1608) Pause Young (Normal) (G1 Evacuation Pause) 213M->211M(256M) 3.487ms
[15.379s][info][gc,cpu   ] GC(1608) User=0.00s Sys=0.00s Real=0.01s
[15.379s][info][safepoint] Safepoint "G1CollectForAllocation", Time since last: 2339466 ns, Reaching safepoint: 1615 ns, Cleanup: 2013 ns, At safepoint: 3516204 ns, Leaving safepoint: 2206 ns, Total: 3522038 ns
[15.386s][info][gc       ] GC(1609) Pause Young (Normal) (G1 Evacuation Pause) 223M->222M(256M) 2.573ms
[15.386s][info][gc,cpu   ] GC(1609) User=0.00s Sys=0.00s Real=0.00s
[15.386s][info][safepoint] Safepoint "G1CollectForAllocation", Time since last: 5022586 ns, Reaching safepoint: 11880 ns, Cleanup: 1926 ns, At safepoint: 2610754 ns, Leaving safepoint: 1976 ns, Total: 2626536 ns
[15.391s][info][gc       ] GC(1610) Pause Young (Normal) (G1 Evacuation Pause) 232M->232M(256M) 1.581ms
[15.391s][info][gc,cpu   ] GC(1610) User=0.00s Sys=0.00s Real=0.00s
[15.391s][info][safepoint] Safepoint "G1CollectForAllocation", Time since last: 3255076 ns, Reaching safepoint: 7016 ns, Cleanup: 1368 ns, At safepoint: 1600443 ns, Leaving safepoint: 12050 ns, Total: 1620877 ns
[15.394s][info][gc       ] GC(1611) Pause Young (Normal) (G1 Evacuation Pause) (Evacuation Failure) 242M->244M(256M) 1.668ms
[15.394s][info][gc,cpu   ] GC(1611) User=0.00s Sys=0.00s Real=0.00s
[15.394s][info][safepoint] Safepoint "G1CollectForAllocation", Time since last: 883396 ns, Reaching safepoint: 1197 ns, Cleanup: 1313 ns, At safepoint: 1692375 ns, Leaving safepoint: 2332 ns, Total: 1697217 ns
[15.398s][info][gc       ] GC(1612) Pause Young (Normal) (G1 Evacuation Pause) (Evacuation Failure) 252M->252M(256M) 0.362ms
[15.398s][info][gc,cpu   ] GC(1612) User=0.00s Sys=0.00s Real=0.00s
[15.425s][info][gc       ] GC(1613) Pause Full (G1 Compaction Pause) 252M->108M(256M) 27.577ms
[15.425s][info][gc,cpu   ] GC(1613) User=0.03s Sys=0.00s Real=0.02s
[15.425s][info][safepoint] Safepoint "G1CollectForAllocation", Time since last: 3416752 ns, Reaching safepoint: 9865 ns, Cleanup: 1785 ns, At safepoint: 27995554 ns, Leaving safepoint: 5549 ns, Total: 28012753 ns
[15.426s][info][gc       ] GC(1607) Pause Cleanup 109M->109M(256M) 0.012ms
[15.426s][info][gc,cpu   ] GC(1607) User=0.00s Sys=0.00s Real=0.00s
[15.429s][info][safepoint] Safepoint "G1PauseCleanup", Time since last: 129578 ns, Reaching safepoint: 268532 ns, Cleanup: 3931 ns, At safepoint: 41887 ns, Leaving safepoint: 2920683 ns, Total: 3235033 ns
[15.429s][info][gc       ] GC(1607) Concurrent Mark Cycle 63.498ms
[15.447s][info][gc       ] GC(1614) Pause Young (Normal) (G1 Evacuation Pause) 157M->148M(256M) 9.079ms
[15.447s][info][gc,cpu   ] GC(1614) User=0.01s Sys=0.00s Real=0.00s
[15.449s][info][safepoint] Safepoint "G1CollectForAllocation", Time since last: 9311386 ns, Reaching safepoint: 1913 ns, Cleanup: 2080 ns, At safepoint: 9129601 ns, Leaving safepoint: 1568426 ns, Total: 10702020 ns
[15.462s][info][gc       ] GC(1615) Pause Young (Normal) (G1 Evacuation Pause) 182M->176M(256M) 7.093ms
[15.462s][info][gc,cpu   ] GC(1615) User=0.00s Sys=0.00s Real=0.01s
[15.469s][info][safepoint] Safepoint "G1CollectForAllocation", Time since last: 6288690 ns, Reaching safepoint: 2302 ns, Cleanup: 2123 ns, At safepoint: 7124021 ns, Leaving safepoint: 6579473 ns, Total: 13707919 ns
[15.478s][info][gc       ] GC(1616) Pause Young (Concurrent Start) (G1 Evacuation Pause) 200M->196M(256M) 5.498ms
[15.478s][info][gc       ] GC(1617) Concurrent Mark Cycle
[15.478s][info][gc,cpu   ] GC(1616) User=0.00s Sys=0.00s Real=0.01s
[15.478s][info][safepoint] Safepoint "G1CollectForAllocation", Time since last: 4026722 ns, Reaching safepoint: 12042 ns, Cleanup: 2330 ns, At safepoint: 5670486 ns, Leaving safepoint: 3597 ns, Total: 5688455 ns
[15.489s][info][gc       ] GC(1618) Pause Young (Normal) (G1 Evacuation Pause) 213M->211M(256M) 3.457ms
[15.489s][info][gc,cpu   ] GC(1618) User=0.00s Sys=0.00s Real=0.01s
[15.489s][info][safepoint] Safepoint "G1CollectForAllocation", Time since last: 7057226 ns, Reaching safepoint: 8550 ns, Cleanup: 1844 ns, At safepoint: 3486572 ns, Leaving safepoint: 12082 ns, Total: 3509048 ns
[15.497s][info][gc       ] GC(1619) Pause Young (Normal) (G1 Evacuation Pause) 223M->222M(256M) 2.810ms
[15.497s][info][gc,cpu   ] GC(1619) User=0.00s Sys=0.00s Real=0.01s
[15.501s][info][safepoint] Safepoint "G1CollectForAllocation", Time since last: 4955879 ns, Reaching safepoint: 6795 ns, Cleanup: 2162 ns, At safepoint: 2846538 ns, Leaving safepoint: 3883229 ns, Total: 6738724 ns
[15.504s][info][gc       ] GC(1620) Pause Young (Normal) (G1 Evacuation Pause) 232M->232M(256M) 2.088ms
[15.504s][info][gc,cpu   ] GC(1620) User=0.01s Sys=0.00s Real=0.00s
[15.504s][info][safepoint] Safepoint "G1CollectForAllocation", Time since last: 965525 ns, Reaching safepoint: 7145 ns, Cleanup: 1930 ns, At safepoint: 2109371 ns, Leaving safepoint: 14576 ns, Total: 2133022 ns
[15.504s][info][gc       ] GC(1617) Pause Remark 232M->232M(256M) 0.148ms
[15.504s][info][gc,cpu   ] GC(1617) User=0.00s Sys=0.00s Real=0.00s
[15.504s][info][safepoint] Safepoint "G1PauseRemark", Time since last: 15542 ns, Reaching safepoint: 98875 ns, Cleanup: 1583 ns, At safepoint: 157483 ns, Leaving safepoint: 88196 ns, Total: 346137 ns
[15.510s][info][gc       ] GC(1617) Pause Cleanup 233M->233M(256M) 0.139ms
[15.510s][info][gc,cpu   ] GC(1617) User=0.00s Sys=0.00s Real=0.00s
[15.510s][info][safepoint] Safepoint "G1PauseCleanup", Time since last: 6124381 ns, Reaching safepoint: 10273 ns, Cleanup: 1920 ns, At safepoint: 162102 ns, Leaving safepoint: 4304 ns, Total: 178599 ns
[15.512s][info][gc       ] GC(1617) Concurrent Mark Cycle 33.446ms
[15.513s][info][gc       ] GC(1621) Pause Young (Prepare Mixed) (G1 Evacuation Pause) (Evacuation Failure) 242M->243M(256M) 1.678ms
[15.513s][info][gc,cpu   ] GC(1621) User=0.01s Sys=0.00s Real=0.00s
[15.513s][info][safepoint] Safepoint "G1CollectForAllocation", Time since last: 1300300 ns, Reaching safepoint: 1159 ns, Cleanup: 1092 ns, At safepoint: 1698187 ns, Leaving safepoint: 1007 ns, Total: 1701445 ns
[15.515s][info][gc       ] GC(1622) Pause Young (Mixed) (G1 Evacuation Pause) (Evacuation Failure) 252M->246M(256M) 1.035ms
[15.515s][info][gc,cpu   ] GC(1622) User=0.00s Sys=0.00s Real=0.00s
[15.515s][info][safepoint] Safepoint "G1CollectForAllocation", Time since last: 823392 ns, Reaching safepoint: 1555 ns, Cleanup: 1920 ns, At safepoint: 1055075 ns, Leaving safepoint: 1403 ns, Total: 1059953 ns
[15.522s][info][gc       ] GC(1623) Pause Young (Mixed) (G1 Evacuation Pause) (Evacuation Failure) 253M->249M(256M) 0.959ms
[15.522s][info][gc,cpu   ] GC(1623) User=0.00s Sys=0.00s Real=0.00s
[15.522s][info][safepoint] Safepoint "G1CollectForAllocation", Time since last: 5355516 ns, Reaching safepoint: 6806 ns, Cleanup: 1539 ns, At safepoint: 979752 ns, Leaving safepoint: 26088 ns, Total: 1014185 ns
[15.523s][info][gc       ] GC(1624) Pause Young (Mixed) (G1 Evacuation Pause) (Evacuation Failure) 253M->251M(256M) 0.892ms
[15.523s][info][gc,cpu   ] GC(1624) User=0.01s Sys=0.00s Real=0.00s
[15.523s][info][safepoint] Safepoint "G1CollectForAllocation", Time since last: 516739 ns, Reaching safepoint: 876 ns, Cleanup: 1289 ns, At safepoint: 908258 ns, Leaving safepoint: 19704 ns, Total: 930127 ns
[15.524s][info][gc       ] GC(1625) Pause Young (Mixed) (G1 Evacuation Pause) (Evacuation Failure) 253M->252M(256M) 0.833ms
[15.524s][info][gc,cpu   ] GC(1625) User=0.00s Sys=0.00s Real=0.00s
[15.524s][info][safepoint] Safepoint "G1CollectForAllocation", Time since last: 264794 ns, Reaching safepoint: 682 ns, Cleanup: 1178 ns, At safepoint: 847049 ns, Leaving safepoint: 19522 ns, Total: 868431 ns
[15.525s][info][gc       ] GC(1626) Pause Young (Mixed) (G1 Evacuation Pause) (Evacuation Failure) 252M->252M(256M) 0.523ms
[15.525s][info][gc,cpu   ] GC(1626) User=0.00s Sys=0.00s Real=0.00s
[15.548s][info][gc       ] GC(1627) Pause Full (G1 Compaction Pause) 252M->108M(256M) 23.248ms
[15.548s][info][gc,cpu   ] GC(1627) User=0.02s Sys=0.00s Real=0.02s
[15.553s][info][safepoint] Safepoint "G1CollectForAllocation", Time since last: 144938 ns, Reaching safepoint: 488 ns, Cleanup: 799 ns, At safepoint: 23812170 ns, Leaving safepoint: 4465172 ns, Total: 28278629 ns
[15.568s][info][gc       ] GC(1628) Pause Young (Normal) (G1 Evacuation Pause) 161M->150M(256M) 7.007ms
[15.568s][info][gc,cpu   ] GC(1628) User=0.01s Sys=0.00s Real=0.00s
[15.573s][info][safepoint] Safepoint "G1CollectForAllocation", Time since last: 8502764 ns, Reaching safepoint: 1841 ns, Cleanup: 2431 ns, At safepoint: 7035234 ns, Leaving safepoint: 4434783 ns, Total: 11474289 ns
[15.583s][info][gc       ] GC(1629) Pause Young (Normal) (G1 Evacuation Pause) 186M->179M(256M) 6.413ms
[15.583s][info][gc,cpu   ] GC(1629) User=0.00s Sys=0.00s Real=0.00s
[15.585s][info][safepoint] Safepoint "G1CollectForAllocation", Time since last: 4200515 ns, Reaching safepoint: 1693 ns, Cleanup: 2163 ns, At safepoint: 6439610 ns, Leaving safepoint: 1358900 ns, Total: 7802366 ns
[15.597s][info][gc       ] GC(1630) Pause Young (Concurrent Start) (G1 Evacuation Pause) 203M->199M(256M) 4.571ms
[15.597s][info][gc,cpu   ] GC(1630) User=0.01s Sys=0.00s Real=0.01s
[15.597s][info][gc       ] GC(1631) Concurrent Mark Cycle
[15.597s][info][safepoint] Safepoint "G1CollectForAllocation", Time since last: 8004630 ns, Reaching safepoint: 5091 ns, Cleanup: 1883 ns, At safepoint: 4615587 ns, Leaving safepoint: 117316 ns, Total: 4739877 ns
[15.610s][info][gc       ] GC(1632) Pause Young (Normal) (G1 Evacuation Pause) 216M->214M(256M) 2.842ms
[15.610s][info][gc,cpu   ] GC(1632) User=0.00s Sys=0.00s Real=0.01s
[15.610s][info][safepoint] Safepoint "G1CollectForAllocation", Time since last: 9256083 ns, Reaching safepoint: 6640 ns, Cleanup: 1920 ns, At safepoint: 2866953 ns, Leaving safepoint: 1798 ns, Total: 2877311 ns
[15.614s][info][gc       ] GC(1633) Pause Young (Normal) (G1 Evacuation Pause) 225M->224M(256M) 2.220ms
[15.614s][info][gc,cpu   ] GC(1633) User=0.00s Sys=0.00s Real=0.00s
[15.614s][info][safepoint] Safepoint "G1CollectForAllocation", Time since last: 2337151 ns, Reaching safepoint: 4189 ns, Cleanup: 1729 ns, At safepoint: 2241924 ns, Leaving safepoint: 1926 ns, Total: 2249768 ns
[15.618s][info][gc       ] GC(1634) Pause Young (Normal) (G1 Evacuation Pause) 234M->232M(256M) 1.547ms
[15.618s][info][gc,cpu   ] GC(1634) User=0.00s Sys=0.00s Real=0.00s
[15.618s][info][safepoint] Safepoint "G1CollectForAllocation", Time since last: 2550149 ns, Reaching safepoint: 4725 ns, Cleanup: 2161 ns, At safepoint: 1573232 ns, Leaving safepoint: 2044 ns, Total: 1582162 ns
[15.619s][info][gc       ] GC(1631) Pause Remark 232M->231M(256M) 0.140ms
[15.619s][info][gc,cpu   ] GC(1631) User=0.00s Sys=0.00s Real=0.00s
[15.621s][info][safepoint] Safepoint "G1PauseRemark", Time since last: 23373 ns, Reaching safepoint: 102228 ns, Cleanup: 1740 ns, At safepoint: 150298 ns, Leaving safepoint: 2128121 ns, Total: 2382387 ns
[15.622s][info][gc       ] GC(1631) Pause Cleanup 232M->232M(256M) 0.112ms
[15.622s][info][gc,cpu   ] GC(1631) User=0.00s Sys=0.00s Real=0.00s
[15.622s][info][safepoint] Safepoint "G1PauseCleanup", Time since last: 1560356 ns, Reaching safepoint: 5321 ns, Cleanup: 1649 ns, At safepoint: 148869 ns, Leaving safepoint: 3783 ns, Total: 159622 ns
[15.624s][info][gc       ] GC(1631) Concurrent Mark Cycle 26.313ms
[15.626s][info][gc       ] GC(1635) Pause Young (Prepare Mixed) (G1 Evacuation Pause) (Evacuation Failure) 241M->244M(256M) 1.886ms
[15.626s][info][gc,cpu   ] GC(1635) User=0.01s Sys=0.00s Real=0.00s
[15.629s][info][safepoint] Safepoint "G1CollectForAllocation", Time since last: 1236462 ns, Reaching safepoint: 1354 ns, Cleanup: 1378 ns, At safepoint: 1905539 ns, Leaving safepoint: 3131395 ns, Total: 5039666 ns
[15.630s][info][gc       ] GC(1636) Pause Young (Mixed) (G1 Evacuation Pause) (Evacuation Failure) 252M->249M(256M) 1.011ms
[15.630s][info][gc,cpu   ] GC(1636) User=0.00s Sys=0.00s Real=0.00s
[15.630s][info][safepoint] Safepoint "G1CollectForAllocation", Time since last: 726036 ns, Reaching safepoint: 5051 ns, Cleanup: 1453 ns, At safepoint: 1026602 ns, Leaving safepoint: 8173 ns, Total: 1041279 ns
[15.632s][info][gc       ] GC(1637) Pause Young (Mixed) (G1 Evacuation Pause) (Evacuation Failure) 253M->251M(256M) 1.166ms
[15.632s][info][gc,cpu   ] GC(1637) User=0.00s Sys=0.00s Real=0.00s
[15.637s][info][safepoint] Safepoint "G1CollectForAllocation", Time since last: 552702 ns, Reaching safepoint: 1291 ns, Cleanup: 1977 ns, At safepoint: 1186659 ns, Leaving safepoint: 4509533 ns, Total: 5699460 ns
[15.638s][info][gc       ] GC(1638) Pause Young (Mixed) (G1 Evacuation Pause) (Evacuation Failure) 253M->252M(256M) 0.869ms
[15.638s][info][gc,cpu   ] GC(1638) User=0.00s Sys=0.00s Real=0.00s
[15.638s][info][safepoint] Safepoint "G1CollectForAllocation", Time since last: 269943 ns, Reaching safepoint: 6486 ns, Cleanup: 1639 ns, At safepoint: 890712 ns, Leaving safepoint: 9111 ns, Total: 907948 ns
[15.639s][info][gc       ] GC(1639) Pause Young (Mixed) (G1 Evacuation Pause) (Evacuation Failure) 253M->252M(256M) 0.790ms
[15.639s][info][gc,cpu   ] GC(1639) User=0.00s Sys=0.00s Real=0.00s
[15.639s][info][safepoint] Safepoint "G1CollectForAllocation", Time since last: 149761 ns, Reaching safepoint: 677 ns, Cleanup: 912 ns, At safepoint: 803527 ns, Leaving safepoint: 723 ns, Total: 805839 ns
[15.640s][info][gc       ] GC(1640) Pause Young (Mixed) (G1 Evacuation Pause) (Evacuation Failure) 253M->252M(256M) 0.581ms
[15.640s][info][gc,cpu   ] GC(1640) User=0.00s Sys=0.00s Real=0.00s
[15.640s][info][safepoint] Safepoint "G1CollectForAllocation", Time since last: 159551 ns, Reaching safepoint: 523 ns, Cleanup: 747 ns, At safepoint: 593830 ns, Leaving safepoint: 13753 ns, Total: 608853 ns
[15.640s][info][gc       ] GC(1641) Pause Young (Concurrent Start) (G1 Evacuation Pause) (Evacuation Failure) 253M->253M(256M) 0.173ms
[15.640s][info][gc       ] GC(1642) Concurrent Mark Cycle
[15.640s][info][gc,cpu   ] GC(1641) User=0.00s Sys=0.00s Real=0.00s
[15.663s][info][gc       ] GC(1643) Pause Full (G1 Compaction Pause) 253M->108M(256M) 23.077ms
[15.663s][info][gc,cpu   ] GC(1643) User=0.02s Sys=0.00s Real=0.02s
[15.663s][info][safepoint] Safepoint "G1CollectForAllocation", Time since last: 125038 ns, Reaching safepoint: 536 ns, Cleanup: 769 ns, At safepoint: 23316444 ns, Leaving safepoint: 13748 ns, Total: 23331497 ns
[15.663s][info][gc       ] GC(1642) Concurrent Mark Cycle 23.161ms
[15.682s][info][gc       ] GC(1644) Pause Young (Normal) (G1 Evacuation Pause) 165M->152M(256M) 8.847ms
[15.682s][info][gc,cpu   ] GC(1644) User=0.01s Sys=0.00s Real=0.01s
[15.685s][info][safepoint] Safepoint "G1CollectForAllocation", Time since last: 9869321 ns, Reaching safepoint: 2117 ns, Cleanup: 2170 ns, At safepoint: 8875847 ns, Leaving safepoint: 2889631 ns, Total: 11769765 ns
[15.698s][info][gc       ] GC(1645) Pause Young (Normal) (G1 Evacuation Pause) 188M->180M(256M) 7.385ms
[15.698s][info][gc,cpu   ] GC(1645) User=0.01s Sys=0.00s Real=0.01s
[15.698s][info][safepoint] Safepoint "G1CollectForAllocation", Time since last: 6164896 ns, Reaching safepoint: 2049 ns, Cleanup: 2153 ns, At safepoint: 7428990 ns, Leaving safepoint: 8283 ns, Total: 7441475 ns
[15.705s][info][gc       ] GC(1646) Pause Young (Concurrent Start) (G1 Evacuation Pause) 204M->199M(256M) 4.248ms
[15.706s][info][gc,cpu   ] GC(1646) User=0.01s Sys=0.00s Real=0.00s
[15.706s][info][gc       ] GC(1647) Concurrent Mark Cycle
[15.706s][info][safepoint] Safepoint "G1CollectForAllocation", Time since last: 2921069 ns, Reaching safepoint: 2070 ns, Cleanup: 2012 ns, At safepoint: 4293142 ns, Leaving safepoint: 24555 ns, Total: 4321779 ns
[15.715s][info][gc       ] GC(1648) Pause Young (Normal) (G1 Evacuation Pause) 216M->215M(256M) 3.243ms
[15.715s][info][gc,cpu   ] GC(1648) User=0.00s Sys=0.00s Real=0.00s
[15.715s][info][safepoint] Safepoint "G1CollectForAllocation", Time since last: 6528619 ns, Reaching safepoint: 37634 ns, Cleanup: 1682 ns, At safepoint: 3299812 ns, Leaving safepoint: 6252 ns, Total: 3345380 ns
[15.724s][info][gc       ] GC(1649) Pause Young (Normal) (G1 Evacuation Pause) 226M->225M(256M) 2.106ms
[15.724s][info][gc,cpu   ] GC(1649) User=0.00s Sys=0.00s Real=0.00s
[15.724s][info][safepoint] Safepoint "G1CollectForAllocation", Time since last: 6665420 ns, Reaching safepoint: 8360 ns, Cleanup: 1895 ns, At safepoint: 2131321 ns, Leaving safepoint: 1896 ns, Total: 2143472 ns
[15.727s][info][gc       ] GC(1650) Pause Young (Normal) (G1 Evacuation Pause) 235M->234M(256M) 2.001ms
[15.727s][info][gc,cpu   ] GC(1650) User=0.01s Sys=0.00s Real=0.00s
[15.728s][info][safepoint] Safepoint "G1CollectForAllocation", Time since last: 1002953 ns, Reaching safepoint: 1435 ns, Cleanup: 1696 ns, At safepoint: 2027065 ns, Leaving safepoint: 923836 ns, Total: 2954032 ns
[15.734s][info][gc       ] GC(1651) Pause Young (Normal) (G1 Evacuation Pause) (Evacuation Failure) 244M->249M(256M) 1.434ms
[15.734s][info][gc,cpu   ] GC(1651) User=0.00s Sys=0.00s Real=0.00s
[15.734s][info][safepoint] Safepoint "G1CollectForAllocation", Time since last: 4545030 ns, Reaching safepoint: 6298 ns, Cleanup: 1967 ns, At safepoint: 1461799 ns, Leaving safepoint: 15988 ns, Total: 1486052 ns
[15.735s][info][gc       ] GC(1652) Pause Young (Normal) (G1 Evacuation Pause) (Evacuation Failure) 252M->252M(256M) 0.231ms
[15.735s][info][gc,cpu   ] GC(1652) User=0.00s Sys=0.00s Real=0.00s
[15.759s][info][gc       ] GC(1653) Pause Full (G1 Compaction Pause) 252M->108M(256M) 24.204ms
[15.759s][info][gc,cpu   ] GC(1653) User=0.03s Sys=0.00s Real=0.03s
[15.762s][info][safepoint] Safepoint "G1CollectForAllocation", Time since last: 311478 ns, Reaching safepoint: 1323 ns, Cleanup: 2077 ns, At safepoint: 24480958 ns, Leaving safepoint: 3127906 ns, Total: 27612264 ns
[15.762s][info][gc       ] GC(1647) Pause Remark 109M->109M(256M) 0.008ms
[15.762s][info][gc,cpu   ] GC(1647) User=0.00s Sys=0.00s Real=0.00s
[15.762s][info][safepoint] Safepoint "G1PauseRemark", Time since last: 25031 ns, Reaching safepoint: 122239 ns, Cleanup: 2202 ns, At safepoint: 19750 ns, Leaving safepoint: 3221 ns, Total: 147412 ns
[15.762s][info][gc       ] GC(1647) Concurrent Mark Cycle 56.787ms
[15.777s][info][gc       ] GC(1654) Pause Young (Normal) (G1 Evacuation Pause) 157M->148M(256M) 8.258ms
[15.777s][info][gc,cpu   ] GC(1654) User=0.01s Sys=0.00s Real=0.01s
[15.781s][info][safepoint] Safepoint "G1CollectForAllocation", Time since last: 6767941 ns, Reaching safepoint: 1928 ns, Cleanup: 2331 ns, At safepoint: 8319916 ns, Leaving safepoint: 3286267 ns, Total: 11610442 ns
[15.792s][info][gc       ] GC(1655) Pause Young (Normal) (G1 Evacuation Pause) 183M->176M(256M) 6.823ms
[15.792s][info][gc,cpu   ] GC(1655) User=0.01s Sys=0.00s Real=0.01s
[15.792s][info][safepoint] Safepoint "G1CollectForAllocation", Time since last: 4546878 ns, Reaching safepoint: 2719 ns, Cleanup: 2110 ns, At safepoint: 6852439 ns, Leaving safepoint: 1319 ns, Total: 6858587 ns
[15.805s][info][gc       ] GC(1656) Pause Young (Concurrent Start) (G1 Evacuation Pause) 200M->197M(256M) 8.253ms
[15.805s][info][gc       ] GC(1657) Concurrent Mark Cycle
[15.805s][info][gc,cpu   ] GC(1656) User=0.00s Sys=0.00s Real=0.00s
[15.812s][info][safepoint] Safepoint "G1CollectForAllocation", Time since last: 4943631 ns, Reaching safepoint: 1782 ns, Cleanup: 1956 ns, At safepoint: 8431812 ns, Leaving safepoint: 6762483 ns, Total: 15198033 ns
[15.824s][info][gc       ] GC(1658) Pause Young (Normal) (G1 Evacuation Pause) 214M->213M(256M) 9.766ms
[15.824s][info][gc,cpu   ] GC(1658) User=0.01s Sys=0.00s Real=0.01s
[15.824s][info][safepoint] Safepoint "G1CollectForAllocation", Time since last: 1941129 ns, Reaching safepoint: 10849 ns, Cleanup: 1785 ns, At safepoint: 9793632 ns, Leaving safepoint: 1957 ns, Total: 9808223 ns
[15.845s][info][gc       ] GC(1659) Pause Young (Normal) (G1 Evacuation Pause) 224M->222M(256M) 4.852ms
[15.845s][info][gc,cpu   ] GC(1659) User=0.01s Sys=0.00s Real=0.00s
[15.845s][info][safepoint] Safepoint "G1CollectForAllocation", Time since last: 5861356 ns, Reaching safepoint: 10600802 ns, Cleanup: 3274 ns, At safepoint: 4883077 ns, Leaving safepoint: 1981 ns, Total: 15489134 ns
[15.854s][info][gc       ] GC(1660) Pause Young (Normal) (G1 Evacuation Pause) 232M->232M(256M) 5.977ms
[15.854s][info][gc,cpu   ] GC(1660) User=0.00s Sys=0.00s Real=0.01s
[15.854s][info][safepoint] Safepoint "G1CollectForAllocation", Time since last: 2885915 ns, Reaching safepoint: 9202 ns, Cleanup: 1768 ns, At safepoint: 6004022 ns, Leaving safepoint: 2604 ns, Total: 6017596 ns
[15.866s][info][gc       ] GC(1661) Pause Young (Normal) (G1 Evacuation Pause) (Evacuation Failure) 242M->242M(256M) 5.587ms
[15.866s][info][gc,cpu   ] GC(1661) User=0.01s Sys=0.00s Real=0.00s
[15.866s][info][safepoint] Safepoint "G1CollectForAllocation", Time since last: 3434961 ns, Reaching safepoint: 2372260 ns, Cleanup: 2989 ns, At safepoint: 5616433 ns, Leaving safepoint: 2029 ns, Total: 7993711 ns
[15.873s][info][gc       ] GC(1662) Pause Young (Normal) (G1 Evacuation Pause) (Evacuation Failure) 252M->252M(256M) 0.404ms
[15.873s][info][gc,cpu   ] GC(1662) User=0.00s Sys=0.00s Real=0.00s
[15.904s][info][gc       ] GC(1663) Pause Full (G1 Compaction Pause) 252M->108M(256M) 30.844ms
[15.904s][info][gc,cpu   ] GC(1663) User=0.03s Sys=0.00s Real=0.03s
[15.904s][info][safepoint] Safepoint "G1CollectForAllocation", Time since last: 5740946 ns, Reaching safepoint: 1304281 ns, Cleanup: 2699 ns, At safepoint: 31307856 ns, Leaving safepoint: 16528 ns, Total: 32631364 ns
[15.904s][info][gc       ] GC(1657) Pause Remark 109M->109M(256M) 0.005ms
[15.904s][info][gc,cpu   ] GC(1657) User=0.00s Sys=0.00s Real=0.00s
[15.909s][info][safepoint] Safepoint "G1PauseRemark", Time since last: 23926 ns, Reaching safepoint: 97187 ns, Cleanup: 2093 ns, At safepoint: 14102 ns, Leaving safepoint: 4502503 ns, Total: 4615885 ns
[15.909s][info][gc       ] GC(1657) Concurrent Mark Cycle 103.378ms
[15.926s][info][gc       ] GC(1664) Pause Young (Normal) (G1 Evacuation Pause) 158M->148M(256M) 9.333ms
[15.926s][info][gc,cpu   ] GC(1664) User=0.01s Sys=0.00s Real=0.00s
[15.929s][info][safepoint] Safepoint "G1CollectForAllocation", Time since last: 8186730 ns, Reaching safepoint: 2760 ns, Cleanup: 2048 ns, At safepoint: 9369565 ns, Leaving safepoint: 2443380 ns, Total: 11817753 ns
[15.941s][info][gc       ] GC(1665) Pause Young (Normal) (G1 Evacuation Pause) 183M->176M(256M) 7.254ms
[15.941s][info][gc,cpu   ] GC(1665) User=0.00s Sys=0.00s Real=0.01s
[15.945s][info][safepoint] Safepoint "G1CollectForAllocation", Time since last: 5416779 ns, Reaching safepoint: 2059 ns, Cleanup: 2283 ns, At safepoint: 7316629 ns, Leaving safepoint: 3271129 ns, Total: 10592100 ns
[15.958s][info][gc       ] GC(1666) Pause Young (Concurrent Start) (G1 Evacuation Pause) 200M->197M(256M) 5.278ms
[15.958s][info][gc,cpu   ] GC(1666) User=0.00s Sys=0.00s Real=0.01s
[15.958s][info][safepoint] Safepoint "G1CollectForAllocation", Time since last: 8023798 ns, Reaching safepoint: 7301 ns, Cleanup: 2329 ns, At safepoint: 5324600 ns, Leaving safepoint: 2688 ns, Total: 5336918 ns
[15.958s][info][gc       ] GC(1667) Concurrent Mark Cycle
[15.966s][info][gc       ] GC(1667) Pause Remark 211M->210M(256M) 0.149ms
[15.966s][info][gc,cpu   ] GC(1667) User=0.00s Sys=0.00s Real=0.00s
[15.969s][info][safepoint] Safepoint "G1PauseRemark", Time since last: 8008866 ns, Reaching safepoint: 133955 ns, Cleanup: 2663 ns, At safepoint: 191010 ns, Leaving safepoint: 2289344 ns, Total: 2616972 ns
[15.975s][info][gc       ] GC(1668) Pause Young (Normal) (G1 Evacuation Pause) 213M->212M(256M) 4.288ms
[15.975s][info][gc,cpu   ] GC(1668) User=0.01s Sys=0.00s Real=0.00s
[15.975s][info][safepoint] Safepoint "G1CollectForAllocation", Time since last: 1905595 ns, Reaching safepoint: 7455 ns, Cleanup: 1921 ns, At safepoint: 4318974 ns, Leaving safepoint: 2632 ns, Total: 4330982 ns
[15.977s][info][gc       ] GC(1667) Pause Cleanup 215M->215M(256M) 0.155ms
[15.978s][info][gc,cpu   ] GC(1667) User=0.00s Sys=0.00s Real=0.00s
[15.978s][info][safepoint] Safepoint "G1PauseCleanup", Time since last: 2391930 ns, Reaching safepoint: 9637 ns, Cleanup: 1999 ns, At safepoint: 253984 ns, Leaving safepoint: 8143 ns, Total: 273763 ns
[15.978s][info][gc       ] GC(1667) Concurrent Mark Cycle 19.949ms
[15.983s][info][gc       ] GC(1669) Pause Young (Prepare Mixed) (G1 Evacuation Pause) 224M->223M(256M) 3.003ms
[15.983s][info][gc,cpu   ] GC(1669) User=0.01s Sys=0.00s Real=0.00s
[15.983s][info][safepoint] Safepoint "G1CollectForAllocation", Time since last: 2474537 ns, Reaching safepoint: 1673 ns, Cleanup: 1930 ns, At safepoint: 3031378 ns, Leaving safepoint: 999 ns, Total: 3035980 ns
[15.989s][info][gc       ] GC(1670) Pause Young (Mixed) (G1 Evacuation Pause) 233M->211M(256M) 2.979ms
[15.989s][info][gc,cpu   ] GC(1670) User=0.00s Sys=0.00s Real=0.01s
[15.989s][info][safepoint] Safepoint "G1CollectForAllocation", Time since last: 2742849 ns, Reaching safepoint: 6623 ns, Cleanup: 1573 ns, At safepoint: 3014702 ns, Leaving safepoint: 2687 ns, Total: 3025585 ns
[15.996s][info][gc       ] GC(1671) Pause Young (Mixed) (G1 Evacuation Pause) 223M->202M(256M) 3.310ms
[15.996s][info][gc,cpu   ] GC(1671) User=0.00s Sys=0.00s Real=0.00s
[15.996s][info][safepoint] Safepoint "G1CollectForAllocation", Time since last: 3861995 ns, Reaching safepoint: 8974 ns, Cleanup: 1859 ns, At safepoint: 3338761 ns, Leaving safepoint: 1926 ns, Total: 3351520 ns
[16.007s][info][gc       ] GC(1672) Pause Young (Mixed) (G1 Evacuation Pause) 217M->196M(256M) 4.559ms
[16.007s][info][gc,cpu   ] GC(1672) User=0.01s Sys=0.00s Real=0.00s
[16.007s][info][safepoint] Safepoint "G1CollectForAllocation", Time since last: 6270017 ns, Reaching safepoint: 8266 ns, Cleanup: 1800 ns, At safepoint: 4590017 ns, Leaving safepoint: 2745 ns, Total: 4602828 ns
[16.016s][info][gc       ] GC(1673) Pause Young (Mixed) (G1 Evacuation Pause) 214M->192M(256M) 5.424ms
[16.016s][info][gc,cpu   ] GC(1673) User=0.01s Sys=0.00s Real=0.00s
[16.016s][info][safepoint] Safepoint "G1CollectForAllocation", Time since last: 3180009 ns, Reaching safepoint: 1507 ns, Cleanup: 2081 ns, At safepoint: 5451817 ns, Leaving safepoint: 1332 ns, Total: 5456737 ns
[16.030s][info][gc       ] GC(1674) Pause Young (Mixed) (G1 Evacuation Pause) 212M->196M(256M) 4.913ms
[16.030s][info][gc,cpu   ] GC(1674) User=0.00s Sys=0.00s Real=0.01s
[16.030s][info][safepoint] Safepoint "G1CollectForAllocation", Time since last: 9129817 ns, Reaching safepoint: 6733 ns, Cleanup: 1997 ns, At safepoint: 4942463 ns, Leaving safepoint: 2299 ns, Total: 4953492 ns
[16.042s][info][gc       ] GC(1675) Pause Young (Normal) (G1 Evacuation Pause) 214M->211M(256M) 4.782ms
[16.042s][info][gc,cpu   ] GC(1675) User=0.00s Sys=0.00s Real=0.00s
[16.042s][info][safepoint] Safepoint "G1CollectForAllocation", Time since last: 7041388 ns, Reaching safepoint: 7435 ns, Cleanup: 1972 ns, At safepoint: 4812980 ns, Leaving safepoint: 3303 ns, Total: 4825690 ns
[16.047s][info][gc       ] GC(1676) Pause Young (Concurrent Start) (G1 Evacuation Pause) 224M->223M(256M) 2.733ms
[16.047s][info][gc,cpu   ] GC(1676) User=0.00s Sys=0.00s Real=0.00s
[16.048s][info][safepoint] Safepoint "G1CollectForAllocation", Time since last: 3178938 ns, Reaching safepoint: 6551 ns, Cleanup: 2190 ns, At safepoint: 2782891 ns, Leaving safepoint: 2636 ns, Total: 2794268 ns
[16.048s][info][gc       ] GC(1677) Concurrent Mark Cycle
[16.058s][info][gc       ] GC(1678) Pause Young (Normal) (G1 Evacuation Pause) 233M->232M(256M) 2.039ms
[16.058s][info][gc,cpu   ] GC(1678) User=0.00s Sys=0.00s Real=0.01s
[16.058s][info][safepoint] Safepoint "G1CollectForAllocation", Time since last: 8319738 ns, Reaching safepoint: 15526 ns, Cleanup: 1934 ns, At safepoint: 2077448 ns, Leaving safepoint: 22676 ns, Total: 2117584 ns
[16.061s][info][gc       ] GC(1679) Pause Young (Normal) (G1 Evacuation Pause) 242M->241M(256M) 1.849ms
[16.061s][info][gc,cpu   ] GC(1679) User=0.00s Sys=0.00s Real=0.00s
[16.061s][info][safepoint] Safepoint "G1CollectForAllocation", Time since last: 934155 ns, Reaching safepoint: 1660 ns, Cleanup: 1992 ns, At safepoint: 1871536 ns, Leaving safepoint: 10702 ns, Total: 1885890 ns
[16.061s][info][gc       ] GC(1677) Pause Remark 241M->236M(256M) 0.142ms
[16.061s][info][gc,cpu   ] GC(1677) User=0.00s Sys=0.00s Real=0.00s
[16.063s][info][safepoint] Safepoint "G1PauseRemark", Time since last: 15851 ns, Reaching safepoint: 142641 ns, Cleanup: 1789 ns, At safepoint: 152762 ns, Leaving safepoint: 1647992 ns, Total: 1945184 ns
[16.064s][info][gc       ] GC(1677) Pause Cleanup 237M->237M(256M) 0.129ms
[16.064s][info][gc,cpu   ] GC(1677) User=0.00s Sys=0.00s Real=0.00s
[16.065s][info][safepoint] Safepoint "G1PauseCleanup", Time since last: 1616820 ns, Reaching safepoint: 7139 ns, Cleanup: 1519 ns, At safepoint: 144226 ns, Leaving safepoint: 6376 ns, Total: 159260 ns
[16.066s][info][gc       ] GC(1677) Concurrent Mark Cycle 18.245ms
[16.068s][info][gc       ] GC(1680) Pause Young (Prepare Mixed) (G1 Evacuation Pause) (Evacuation Failure) 246M->252M(256M) 2.013ms
[16.068s][info][gc,cpu   ] GC(1680) User=0.01s Sys=0.00s Real=0.00s
[16.073s][info][safepoint] Safepoint "G1CollectForAllocation", Time since last: 1279969 ns, Reaching safepoint: 1280 ns, Cleanup: 1176 ns, At safepoint: 2032436 ns, Leaving safepoint: 4861343 ns, Total: 6896235 ns
[16.074s][info][gc       ] GC(1681) Pause Young (Mixed) (G1 Evacuation Pause) (Evacuation Failure) 255M->253M(256M) 1.218ms
[16.074s][info][gc,cpu   ] GC(1681) User=0.00s Sys=0.00s Real=0.00s
[16.074s][info][safepoint] Safepoint "G1CollectForAllocation", Time since last: 312064 ns, Reaching safepoint: 6392 ns, Cleanup: 1799 ns, At safepoint: 1242022 ns, Leaving safepoint: 31306 ns, Total: 1281519 ns
[16.076s][info][gc       ] GC(1682) Pause Young (Mixed) (G1 Evacuation Pause) (Evacuation Failure) 255M->253M(256M) 0.978ms
[16.076s][info][gc,cpu   ] GC(1682) User=0.00s Sys=0.00s Real=0.00s
[16.081s][info][safepoint] Safepoint "G1CollectForAllocation", Time since last: 305427 ns, Reaching safepoint: 1673 ns, Cleanup: 5710 ns, At safepoint: 1004465 ns, Leaving safepoint: 5089123 ns, Total: 6100971 ns
[16.082s][info][gc       ] GC(1683) Pause Young (Mixed) (G1 Evacuation Pause) (Evacuation Failure) 255M->255M(256M) 0.937ms
[16.082s][info][gc,cpu   ] GC(1683) User=0.00s Sys=0.00s Real=0.00s
[16.106s][info][gc       ] GC(1684) Pause Full (G1 Compaction Pause) 255M->108M(256M) 24.463ms
[16.106s][info][gc,cpu   ] GC(1684) User=0.02s Sys=0.00s Real=0.02s
[16.109s][info][safepoint] Safepoint "G1CollectForAllocation", Time since last: 258217 ns, Reaching safepoint: 5433 ns, Cleanup: 1460 ns, At safepoint: 25473698 ns, Leaving safepoint: 2273019 ns, Total: 27753610 ns
[16.126s][info][gc       ] GC(1685) Pause Young (Normal) (G1 Evacuation Pause) 160M->148M(256M) 7.744ms
[16.126s][info][gc,cpu   ] GC(1685) User=0.01s Sys=0.00s Real=0.00s
[16.129s][info][safepoint] Safepoint "G1CollectForAllocation", Time since last: 9706422 ns, Reaching safepoint: 2730 ns, Cleanup: 2892 ns, At safepoint: 7780130 ns, Leaving safepoint: 2506558 ns, Total: 10292310 ns
[16.140s][info][gc       ] GC(1686) Pause Young (Normal) (G1 Evacuation Pause) 184M->176M(256M) 6.459ms
[16.140s][info][gc,cpu   ] GC(1686) User=0.01s Sys=0.00s Real=0.01s
[16.145s][info][safepoint] Safepoint "G1CollectForAllocation", Time since last: 5136754 ns, Reaching safepoint: 2267 ns, Cleanup: 9811 ns, At safepoint: 6509311 ns, Leaving safepoint: 4350913 ns, Total: 10872302 ns
[16.158s][info][gc       ] GC(1687) Pause Young (Concurrent Start) (G1 Evacuation Pause) 201M->197M(256M) 5.073ms
[16.158s][info][gc,cpu   ] GC(1687) User=0.00s Sys=0.00s Real=0.01s
[16.158s][info][safepoint] Safepoint "G1CollectForAllocation", Time since last: 7984603 ns, Reaching safepoint: 6074 ns, Cleanup: 3329 ns, At safepoint: 5104814 ns, Leaving safepoint: 1886 ns, Total: 5116103 ns
[16.158s][info][gc       ] GC(1688) Concurrent Mark Cycle
[16.169s][info][gc       ] GC(1689) Pause Young (Normal) (G1 Evacuation Pause) 214M->212M(256M) 3.798ms
[16.169s][info][gc,cpu   ] GC(1689) User=0.00s Sys=0.00s Real=0.00s
[16.169s][info][safepoint] Safepoint "G1CollectForAllocation", Time since last: 6900369 ns, Reaching safepoint: 24805 ns, Cleanup: 2783 ns, At safepoint: 3826163 ns, Leaving safepoint: 3242 ns, Total: 3856993 ns
[16.176s][info][gc       ] GC(1690) Pause Young (Normal) (G1 Evacuation Pause) 224M->223M(256M) 2.223ms
[16.176s][info][gc,cpu   ] GC(1690) User=0.00s Sys=0.00s Real=0.00s
[16.176s][info][safepoint] Safepoint "G1CollectForAllocation", Time since last: 5490899 ns, Reaching safepoint: 7789 ns, Cleanup: 2288 ns, At safepoint: 2251180 ns, Leaving safepoint: 2554 ns, Total: 2263811 ns
[16.182s][info][gc       ] GC(1691) Pause Young (Normal) (G1 Evacuation Pause) 233M->233M(256M) 1.768ms
[16.183s][info][gc,cpu   ] GC(1691) User=0.00s Sys=0.00s Real=0.00s
[16.183s][info][safepoint] Safepoint "G1CollectForAllocation", Time since last: 4387213 ns, Reaching safepoint: 7482 ns, Cleanup: 1948 ns, At safepoint: 1794694 ns, Leaving safepoint: 11465 ns, Total: 1815589 ns
[16.186s][info][gc       ] GC(1692) Pause Young (Normal) (G1 Evacuation Pause) (Evacuation Failure) 243M->249M(256M) 2.042ms
[16.186s][info][gc,cpu   ] GC(1692) User=0.00s Sys=0.00s Real=0.00s
[16.186s][info][safepoint] Safepoint "G1CollectForAllocation", Time since last: 973808 ns, Reaching safepoint: 1671 ns, Cleanup: 1508 ns, At safepoint: 2063580 ns, Leaving safepoint: 2153 ns, Total: 2068912 ns
[16.186s][info][gc       ] GC(1688) Pause Remark 249M->248M(256M) 0.150ms
[16.186s][info][gc,cpu   ] GC(1688) User=0.00s Sys=0.00s Real=0.00s
[16.189s][info][safepoint] Safepoint "G1PauseRemark", Time since last: 20394 ns, Reaching safepoint: 143806 ns, Cleanup: 1629 ns, At safepoint: 162231 ns, Leaving safepoint: 2814097 ns, Total: 3121763 ns
[16.191s][info][gc       ] GC(1688) Pause Cleanup 249M->249M(256M) 0.112ms
[16.191s][info][gc,cpu   ] GC(1688) User=0.00s Sys=0.00s Real=0.00s
[16.191s][info][safepoint] Safepoint "G1PauseCleanup", Time since last: 1776667 ns, Reaching safepoint: 17229 ns, Cleanup: 2238 ns, At safepoint: 133544 ns, Leaving safepoint: 5800 ns, Total: 158811 ns
[16.191s][info][gc       ] GC(1688) Concurrent Mark Cycle 33.412ms
[16.192s][info][gc       ] GC(1693) Pause Young (Prepare Mixed) (G1 Evacuation Pause) (Evacuation Failure) 251M->252M(256M) 0.629ms
[16.192s][info][gc,cpu   ] GC(1693) User=0.00s Sys=0.00s Real=0.00s
[16.192s][info][safepoint] Safepoint "G1CollectForAllocation", Time since last: 609772 ns, Reaching safepoint: 1645 ns, Cleanup: 1253 ns, At safepoint: 650482 ns, Leaving safepoint: 993 ns, Total: 654373 ns
[16.193s][info][gc       ] GC(1694) Pause Young (Mixed) (G1 Evacuation Pause) (Evacuation Failure) 253M->247M(256M) 0.923ms
[16.193s][info][gc,cpu   ] GC(1694) User=0.00s Sys=0.00s Real=0.00s
[16.193s][info][safepoint] Safepoint "G1CollectForAllocation", Time since last: 114251 ns, Reaching safepoint: 971 ns, Cleanup: 1130 ns, At safepoint: 941978 ns, Leaving safepoint: 19239 ns, Total: 963318 ns
[16.195s][info][gc       ] GC(1695) Pause Young (Mixed) (G1 Evacuation Pause) (Evacuation Failure) 253M->252M(256M) 1.161ms
[16.195s][info][gc,cpu   ] GC(1695) User=0.00s Sys=0.00s Real=0.00s
[16.197s][info][safepoint] Safepoint "G1CollectForAllocation", Time since last: 849147 ns, Reaching safepoint: 1514 ns, Cleanup: 11275 ns, At safepoint: 1185852 ns, Leaving safepoint: 1661632 ns, Total: 2860273 ns
[16.198s][info][gc       ] GC(1696) Pause Young (Mixed) (G1 Evacuation Pause) (Evacuation Failure) 253M->253M(256M) 0.919ms
[16.198s][info][gc,cpu   ] GC(1696) User=0.00s Sys=0.00s Real=0.00s
[16.222s][info][gc       ] GC(1697) Pause Full (G1 Compaction Pause) 253M->108M(256M) 24.528ms
[16.222s][info][gc,cpu   ] GC(1697) User=0.03s Sys=0.00s Real=0.02s
[16.222s][info][safepoint] Safepoint "G1CollectForAllocation", Time since last: 178653 ns, Reaching safepoint: 7048 ns, Cleanup: 1446 ns, At safepoint: 25517178 ns, Leaving safepoint: 11840 ns, Total: 25537512 ns
[16.241s][info][gc       ] GC(1698) Pause Young (Normal) (G1 Evacuation Pause) 164M->151M(256M) 8.237ms
[16.241s][info][gc,cpu   ] GC(1698) User=0.01s Sys=0.00s Real=0.01s
[16.241s][info][safepoint] Safepoint "G1CollectForAllocation", Time since last: 10480943 ns, Reaching safepoint: 2922 ns, Cleanup: 2716 ns, At safepoint: 8269053 ns, Leaving safepoint: 1923 ns, Total: 8276614 ns
[16.257s][info][gc       ] GC(1699) Pause Young (Normal) (G1 Evacuation Pause) 187M->180M(256M) 6.498ms
[16.257s][info][gc,cpu   ] GC(1699) User=0.00s Sys=0.00s Real=0.01s
[16.257s][info][safepoint] Safepoint "G1CollectForAllocation", Time since last: 9769809 ns, Reaching safepoint: 2314 ns, Cleanup: 2502 ns, At safepoint: 6526681 ns, Leaving safepoint: 9272 ns, Total: 6540769 ns
[16.273s][info][gc       ] GC(1700) Pause Young (Concurrent Start) (G1 Evacuation Pause) 204M->200M(256M) 4.550ms
[16.273s][info][gc,cpu   ] GC(1700) User=0.01s Sys=0.00s Real=0.00s
[16.273s][info][gc       ] GC(1701) Concurrent Mark Cycle
[16.281s][info][safepoint] Safepoint "G1CollectForAllocation", Time since last: 11224517 ns, Reaching safepoint: 6377 ns, Cleanup: 2628 ns, At safepoint: 4583306 ns, Leaving safepoint: 7431037 ns, Total: 12023348 ns
[16.287s][info][gc       ] GC(1702) Pause Young (Normal) (G1 Evacuation Pause) 216M->214M(256M) 3.241ms
[16.287s][info][gc,cpu   ] GC(1702) User=0.00s Sys=0.00s Real=0.00s
[16.287s][info][safepoint] Safepoint "G1CollectForAllocation", Time since last: 2713118 ns, Reaching safepoint: 86706 ns, Cleanup: 2523 ns, At safepoint: 3271185 ns, Leaving safepoint: 2490 ns, Total: 3362904 ns
[16.295s][info][gc       ] GC(1703) Pause Young (Normal) (G1 Evacuation Pause) 225M->224M(256M) 2.008ms
[16.295s][info][gc,cpu   ] GC(1703) User=0.00s Sys=0.00s Real=0.00s
[16.295s][info][safepoint] Safepoint "G1CollectForAllocation", Time since last: 5897647 ns, Reaching safepoint: 7893 ns, Cleanup: 2029 ns, At safepoint: 2035811 ns, Leaving safepoint: 11387 ns, Total: 2057120 ns
[16.298s][info][gc       ] GC(1704) Pause Young (Normal) (G1 Evacuation Pause) 234M->233M(256M) 2.435ms
[16.298s][info][gc,cpu   ] GC(1704) User=0.00s Sys=0.00s Real=0.01s
[16.298s][info][safepoint] Safepoint "G1CollectForAllocation", Time since last: 1010779 ns, Reaching safepoint: 1765 ns, Cleanup: 2170 ns, At safepoint: 2456882 ns, Leaving safepoint: 1930 ns, Total: 2462747 ns
[16.302s][info][gc       ] GC(1705) Pause Young (Normal) (G1 Evacuation Pause) (Evacuation Failure) 243M->248M(256M) 1.582ms
[16.302s][info][gc,cpu   ] GC(1705) User=0.00s Sys=0.00s Real=0.00s
[16.302s][info][safepoint] Safepoint "G1CollectForAllocation", Time since last: 2509514 ns, Reaching safepoint: 6240 ns, Cleanup: 2073 ns, At safepoint: 1611458 ns, Leaving safepoint: 2564 ns, Total: 1622335 ns
[16.303s][info][gc       ] GC(1706) Pause Young (Normal) (G1 Evacuation Pause) (Evacuation Failure) 252M->252M(256M) 0.262ms
[16.303s][info][gc,cpu   ] GC(1706) User=0.00s Sys=0.00s Real=0.00s
[16.326s][info][gc       ] GC(1707) Pause Full (G1 Compaction Pause) 252M->108M(256M) 23.011ms
[16.326s][info][gc,cpu   ] GC(1707) User=0.02s Sys=0.00s Real=0.02s
[16.329s][info][safepoint] Safepoint "G1CollectForAllocation", Time since last: 427800 ns, Reaching safepoint: 1527 ns, Cleanup: 1817 ns, At safepoint: 23315802 ns, Leaving safepoint: 2579135 ns, Total: 25898281 ns
[16.329s][info][gc       ] GC(1701) Pause Remark 109M->109M(256M) 0.006ms
[16.329s][info][gc,cpu   ] GC(1701) User=0.00s Sys=0.00s Real=0.00s
[16.329s][info][safepoint] Safepoint "G1PauseRemark", Time since last: 51054 ns, Reaching safepoint: 124426 ns, Cleanup: 1668 ns, At safepoint: 14742 ns, Leaving safepoint: 3340 ns, Total: 144176 ns
[16.329s][info][gc       ] GC(1701) Concurrent Mark Cycle 55.593ms
[16.344s][info][gc       ] GC(1708) Pause Young (Normal) (G1 Evacuation Pause) 158M->147M(256M) 7.367ms
[16.344s][info][gc,cpu   ] GC(1708) User=0.01s Sys=0.00s Real=0.01s
[16.344s][info][safepoint] Safepoint "G1CollectForAllocation", Time since last: 7257608 ns, Reaching safepoint: 2032 ns, Cleanup: 2520 ns, At safepoint: 7398169 ns, Leaving safepoint: 944 ns, Total: 7403665 ns
[16.360s][info][gc       ] GC(1709) Pause Young (Normal) (G1 Evacuation Pause) 182M->175M(256M) 7.019ms
[16.360s][info][gc,cpu   ] GC(1709) User=0.00s Sys=0.00s Real=0.01s
[16.360s][info][safepoint] Safepoint "G1CollectForAllocation", Time since last: 9218148 ns, Reaching safepoint: 8993 ns, Cleanup: 2125 ns, At safepoint: 7056314 ns, Leaving safepoint: 3701 ns, Total: 7071133 ns
[16.370s][info][gc       ] GC(1710) Pause Young (Concurrent Start) (G1 Evacuation Pause) 200M->197M(256M) 5.225ms
[16.370s][info][gc,cpu   ] GC(1710) User=0.00s Sys=0.00s Real=0.01s
[16.370s][info][safepoint] Safepoint "G1CollectForAllocation", Time since last: 5076448 ns, Reaching safepoint: 1465 ns, Cleanup: 2300 ns, At safepoint: 5264328 ns, Leaving safepoint: 1132 ns, Total: 5269225 ns
[16.370s][info][gc       ] GC(1711) Concurrent Mark Cycle
[16.381s][info][gc       ] GC(1711) Pause Remark 209M->208M(256M) 0.144ms
[16.381s][info][gc,cpu   ] GC(1711) User=0.00s Sys=0.00s Real=0.00s
[16.381s][info][safepoint] Safepoint "G1PauseRemark", Time since last: 10519753 ns, Reaching safepoint: 11463 ns, Cleanup: 2644 ns, At safepoint: 169171 ns, Leaving safepoint: 4214 ns, Total: 187492 ns
[16.382s][info][gc       ] GC(1711) Pause Cleanup 208M->208M(256M) 0.130ms
[16.382s][info][gc,cpu   ] GC(1711) User=0.00s Sys=0.00s Real=0.00s
[16.382s][info][safepoint] Safepoint "G1PauseCleanup", Time since last: 1458139 ns, Reaching safepoint: 1186 ns, Cleanup: 1508 ns, At safepoint: 145528 ns, Leaving safepoint: 676 ns, Total: 148898 ns
[16.384s][info][gc       ] GC(1711) Concurrent Mark Cycle 13.569ms
[16.387s][info][gc       ] GC(1712) Pause Young (Prepare Mixed) (G1 Evacuation Pause) 213M->212M(256M) 3.419ms
[16.387s][info][gc,cpu   ] GC(1712) User=0.00s Sys=0.00s Real=0.00s
[16.387s][info][safepoint] Safepoint "G1CollectForAllocation", Time since last: 1281987 ns, Reaching safepoint: 1118 ns, Cleanup: 949 ns, At safepoint: 3439914 ns, Leaving safepoint: 1794 ns, Total: 3443775 ns
[16.392s][info][gc       ] GC(1713) Pause Young (Mixed) (G1 Evacuation Pause) 224M->203M(256M) 3.387ms
[16.392s][info][gc,cpu   ] GC(1713) User=0.01s Sys=0.00s Real=0.00s
[16.397s][info][safepoint] Safepoint "G1CollectForAllocation", Time since last: 1598384 ns, Reaching safepoint: 860 ns, Cleanup: 1204 ns, At safepoint: 3405048 ns, Leaving safepoint: 4476910 ns, Total: 7884022 ns
[16.402s][info][gc       ] GC(1714) Pause Young (Mixed) (G1 Evacuation Pause) 218M->196M(256M) 3.730ms
[16.402s][info][gc,cpu   ] GC(1714) User=0.01s Sys=0.00s Real=0.00s
[16.402s][info][safepoint] Safepoint "G1CollectForAllocation", Time since last: 1567465 ns, Reaching safepoint: 9556 ns, Cleanup: 1894 ns, At safepoint: 3756341 ns, Leaving safepoint: 27190 ns, Total: 3794981 ns
[16.413s][info][gc       ] GC(1715) Pause Young (Mixed) (G1 Evacuation Pause) 213M->192M(256M) 4.362ms
[16.413s][info][gc,cpu   ] GC(1715) User=0.01s Sys=0.00s Real=0.00s
[16.413s][info][safepoint] Safepoint "G1CollectForAllocation", Time since last: 6632540 ns, Reaching safepoint: 4488 ns, Cleanup: 1716 ns, At safepoint: 4389075 ns, Leaving safepoint: 2430 ns, Total: 4397709 ns
[16.423s][info][gc       ] GC(1716) Pause Young (Mixed) (G1 Evacuation Pause) 211M->189M(256M) 4.540ms
[16.423s][info][gc,cpu   ] GC(1716) User=0.01s Sys=0.00s Real=0.00s
[16.424s][info][safepoint] Safepoint "G1CollectForAllocation", Time since last: 5828363 ns, Reaching safepoint: 7632 ns, Cleanup: 1781 ns, At safepoint: 4586994 ns, Leaving safepoint: 2287 ns, Total: 4598694 ns
[16.430s][info][gc       ] GC(1717) Pause Young (Mixed) (G1 Evacuation Pause) 209M->194M(256M) 4.352ms
[16.430s][info][gc,cpu   ] GC(1717) User=0.00s Sys=0.00s Real=0.01s
[16.433s][info][safepoint] Safepoint "G1CollectForAllocation", Time since last: 2208182 ns, Reaching safepoint: 1402 ns, Cleanup: 1550 ns, At safepoint: 4371739 ns, Leaving safepoint: 2618344 ns, Total: 6993035 ns
[16.438s][info][gc       ] GC(1718) Pause Young (Concurrent Start) (G1 Evacuation Pause) 213M->211M(256M) 3.149ms
[16.438s][info][gc,cpu   ] GC(1718) User=0.00s Sys=0.00s Real=0.01s
[16.438s][info][safepoint] Safepoint "G1CollectForAllocation", Time since last: 1871110 ns, Reaching safepoint: 9205 ns, Cleanup: 1819 ns, At safepoint: 3185440 ns, Leaving safepoint: 2456 ns, Total: 3198920 ns
[16.438s][info][gc       ] GC(1719) Concurrent Mark Cycle
[16.448s][info][gc       ] GC(1720) Pause Young (Normal) (G1 Evacuation Pause) 224M->222M(256M) 2.174ms
[16.448s][info][gc,cpu   ] GC(1720) User=0.00s Sys=0.00s Real=0.00s
[16.448s][info][safepoint] Safepoint "G1CollectForAllocation", Time since last: 7868085 ns, Reaching safepoint: 8520 ns, Cleanup: 1735 ns, At safepoint: 2200522 ns, Leaving safepoint: 13336 ns, Total: 2224113 ns
[16.449s][info][gc       ] GC(1719) Pause Remark 231M->225M(256M) 0.138ms
[16.449s][info][gc,cpu   ] GC(1719) User=0.00s Sys=0.00s Real=0.00s
[16.453s][info][safepoint] Safepoint "G1PauseRemark", Time since last: 829105 ns, Reaching safepoint: 93562 ns, Cleanup: 1873 ns, At safepoint: 154230 ns, Leaving safepoint: 3761018 ns, Total: 4010683 ns
[16.455s][info][gc       ] GC(1721) Pause Young (Normal) (G1 Evacuation Pause) 226M->225M(256M) 1.816ms
[16.455s][info][gc,cpu   ] GC(1721) User=0.00s Sys=0.00s Real=0.00s
[16.455s][info][safepoint] Safepoint "G1CollectForAllocation", Time since last: 50206 ns, Reaching safepoint: 8212 ns, Cleanup: 1576 ns, At safepoint: 1838938 ns, Leaving safepoint: 2777 ns, Total: 1851503 ns
[16.462s][info][gc       ] GC(1722) Pause Young (Normal) (G1 Evacuation Pause) 235M->234M(256M) 1.447ms
[16.462s][info][gc,cpu   ] GC(1722) User=0.01s Sys=0.00s Real=0.00s
[16.462s][info][safepoint] Safepoint "G1CollectForAllocation", Time since last: 6088554 ns, Reaching safepoint: 11153 ns, Cleanup: 1851 ns, At safepoint: 1475236 ns, Leaving safepoint: 14874 ns, Total: 1503114 ns
[16.462s][info][gc       ] GC(1719) Pause Cleanup 234M->234M(256M) 0.125ms
[16.462s][info][gc,cpu   ] GC(1719) User=0.00s Sys=0.00s Real=0.00s
[16.463s][info][safepoint] Safepoint "G1PauseCleanup", Time since last: 14831 ns, Reaching safepoint: 90539 ns, Cleanup: 1296 ns, At safepoint: 135045 ns, Leaving safepoint: 76430 ns, Total: 303310 ns
[16.465s][info][gc       ] GC(1719) Concurrent Mark Cycle 27.339ms
[16.467s][info][gc       ] GC(1723) Pause Young (Prepare Mixed) (G1 Evacuation Pause) (Evacuation Failure) 244M->245M(256M) 1.517ms
[16.467s][info][gc,cpu   ] GC(1723) User=0.00s Sys=0.00s Real=0.00s
[16.467s][info][safepoint] Safepoint "G1CollectForAllocation", Time since last: 3348793 ns, Reaching safepoint: 6032 ns, Cleanup: 1431 ns, At safepoint: 1534324 ns, Leaving safepoint: 2040 ns, Total: 1543827 ns
[16.474s][info][gc       ] GC(1724) Pause Young (Mixed) (G1 Evacuation Pause) (Evacuation Failure) 255M->252M(256M) 1.124ms
[16.474s][info][gc,cpu   ] GC(1724) User=0.00s Sys=0.00s Real=0.00s
[16.474s][info][safepoint] Safepoint "G1CollectForAllocation", Time since last: 5258810 ns, Reaching safepoint: 6766 ns, Cleanup: 1431 ns, At safepoint: 1147070 ns, Leaving safepoint: 9927 ns, Total: 1165194 ns
[16.476s][info][gc       ] GC(1725) Pause Young (Mixed) (G1 Evacuation Pause) (Evacuation Failure) 255M->252M(256M) 1.240ms
[16.476s][info][gc,cpu   ] GC(1725) User=0.00s Sys=0.00s Real=0.00s
[16.476s][info][safepoint] Safepoint "G1CollectForAllocation", Time since last: 410446 ns, Reaching safepoint: 1076 ns, Cleanup: 1475 ns, At safepoint: 1269784 ns, Leaving safepoint: 38724 ns, Total: 1311059 ns
[16.477s][info][gc       ] GC(1726) Pause Young (Mixed) (G1 Evacuation Pause) (Evacuation Failure) 255M->255M(256M) 1.256ms
[16.477s][info][gc,cpu   ] GC(1726) User=0.00s Sys=0.00s Real=0.01s
[16.502s][info][gc       ] GC(1727) Pause Full (G1 Compaction Pause) 255M->108M(256M) 24.782ms
[16.502s][info][gc,cpu   ] GC(1727) User=0.03s Sys=0.00s Real=0.02s
[16.502s][info][safepoint] Safepoint "G1CollectForAllocation", Time since last: 433123 ns, Reaching safepoint: 1335 ns, Cleanup: 1879 ns, At safepoint: 26101019 ns, Leaving safepoint: 56928 ns, Total: 26161161 ns
[16.518s][info][gc       ] GC(1728) Pause Young (Normal) (G1 Evacuation Pause) 156M->147M(256M) 7.839ms
[16.518s][info][gc,cpu   ] GC(1728) User=0.01s Sys=0.00s Real=0.01s
[16.522s][info][safepoint] Safepoint "G1CollectForAllocation", Time since last: 8041048 ns, Reaching safepoint: 2616 ns, Cleanup: 2610 ns, At safepoint: 7871217 ns, Leaving safepoint: 4403100 ns, Total: 12279543 ns
[16.539s][info][gc       ] GC(1729) Pause Young (Normal) (G1 Evacuation Pause) 182M->175M(256M) 6.641ms
[16.539s][info][gc,cpu   ] GC(1729) User=0.00s Sys=0.00s Real=0.01s
[16.539s][info][safepoint] Safepoint "G1CollectForAllocation", Time since last: 10224086 ns, Reaching safepoint: 6898 ns, Cleanup: 2706 ns, At safepoint: 6698422 ns, Leaving safepoint: 2537 ns, Total: 6710563 ns
[16.548s][info][gc       ] GC(1730) Pause Young (Concurrent Start) (G1 Evacuation Pause) 200M->196M(256M) 4.898ms
[16.548s][info][gc,cpu   ] GC(1730) User=0.00s Sys=0.00s Real=0.00s
[16.548s][info][safepoint] Safepoint "G1CollectForAllocation", Time since last: 3973299 ns, Reaching safepoint: 1897 ns, Cleanup: 1941 ns, At safepoint: 4942821 ns, Leaving safepoint: 1976 ns, Total: 4948635 ns
[16.548s][info][gc       ] GC(1731) Concurrent Mark Cycle
[16.559s][info][gc       ] GC(1732) Pause Young (Normal) (G1 Evacuation Pause) 213M->212M(256M) 3.041ms
[16.559s][info][gc,cpu   ] GC(1732) User=0.00s Sys=0.00s Real=0.01s
[16.559s][info][safepoint] Safepoint "G1CollectForAllocation", Time since last: 7638007 ns, Reaching safepoint: 10668 ns, Cleanup: 1887 ns, At safepoint: 3067981 ns, Leaving safepoint: 10276 ns, Total: 3090812 ns
[16.567s][info][gc       ] GC(1733) Pause Young (Normal) (G1 Evacuation Pause) 224M->222M(256M) 2.314ms
[16.567s][info][gc,cpu   ] GC(1733) User=0.00s Sys=0.00s Real=0.00s
[16.567s][info][safepoint] Safepoint "G1CollectForAllocation", Time since last: 5635451 ns, Reaching safepoint: 8456 ns, Cleanup: 1939 ns, At safepoint: 2342522 ns, Leaving safepoint: 8066 ns, Total: 2360983 ns
[16.570s][info][gc       ] GC(1734) Pause Young (Normal) (G1 Evacuation Pause) 232M->232M(256M) 2.410ms
[16.570s][info][gc,cpu   ] GC(1734) User=0.00s Sys=0.00s Real=0.01s
[16.570s][info][safepoint] Safepoint "G1CollectForAllocation", Time since last: 961918 ns, Reaching safepoint: 1692 ns, Cleanup: 1531 ns, At safepoint: 2429065 ns, Leaving safepoint: 1594 ns, Total: 2433882 ns
[16.575s][info][gc       ] GC(1735) Pause Young (Normal) (G1 Evacuation Pause) (Evacuation Failure) 242M->247M(256M) 1.547ms
[16.575s][info][gc,cpu   ] GC(1735) User=0.00s Sys=0.00s Real=0.00s
[16.575s][info][safepoint] Safepoint "G1CollectForAllocation", Time since last: 3106094 ns, Reaching safepoint: 5505 ns, Cleanup: 1704 ns, At safepoint: 1566262 ns, Leaving safepoint: 2141 ns, Total: 1575612 ns
[16.576s][info][gc       ] GC(1736) Pause Young (Normal) (G1 Evacuation Pause) (Evacuation Failure) 252M->252M(256M) 0.247ms
[16.576s][info][gc,cpu   ] GC(1736) User=0.00s Sys=0.00s Real=0.00s
[16.600s][info][gc       ] GC(1737) Pause Full (G1 Compaction Pause) 252M->108M(256M) 24.592ms
[16.600s][info][gc,cpu   ] GC(1737) User=0.02s Sys=0.00s Real=0.03s
[16.600s][info][safepoint] Safepoint "G1CollectForAllocation", Time since last: 418880 ns, Reaching safepoint: 1455 ns, Cleanup: 1538 ns, At safepoint: 24889670 ns, Leaving safepoint: 5253 ns, Total: 24897916 ns
[16.609s][info][gc       ] GC(1731) Pause Remark 139M->139M(256M) 0.008ms
[16.609s][info][gc,cpu   ] GC(1731) User=0.00s Sys=0.00s Real=0.00s
[16.613s][info][safepoint] Safepoint "G1PauseRemark", Time since last: 8244094 ns, Reaching safepoint: 101948 ns, Cleanup: 2978 ns, At safepoint: 47517 ns, Leaving safepoint: 3836172 ns, Total: 3988615 ns
[16.613s][info][gc       ] GC(1731) Concurrent Mark Cycle 64.387ms
[16.622s][info][gc       ] GC(1738) Pause Young (Normal) (G1 Evacuation Pause) 156M->147M(256M) 6.877ms
[16.622s][info][gc,cpu   ] GC(1738) User=0.00s Sys=0.00s Real=0.01s
[16.622s][info][safepoint] Safepoint "G1CollectForAllocation", Time since last: 2341423 ns, Reaching safepoint: 16428 ns, Cleanup: 2159 ns, At safepoint: 6903128 ns, Leaving safepoint: 2061 ns, Total: 6923776 ns
[16.637s][info][gc       ] GC(1739) Pause Young (Normal) (G1 Evacuation Pause) 181M->174M(256M) 6.107ms
[16.637s][info][gc,cpu   ] GC(1739) User=0.01s Sys=0.00s Real=0.00s
[16.641s][info][safepoint] Safepoint "G1CollectForAllocation", Time since last: 8570502 ns, Reaching safepoint: 1607 ns, Cleanup: 2215 ns, At safepoint: 6184440 ns, Leaving safepoint: 3960984 ns, Total: 10149246 ns
[16.654s][info][gc       ] GC(1740) Pause Young (Concurrent Start) (G1 Evacuation Pause) 199M->194M(256M) 4.934ms
[16.654s][info][gc       ] GC(1741) Concurrent Mark Cycle
[16.654s][info][gc,cpu   ] GC(1740) User=0.01s Sys=0.00s Real=0.00s
[16.654s][info][safepoint] Safepoint "G1CollectForAllocation", Time since last: 8009134 ns, Reaching safepoint: 5537 ns, Cleanup: 2444 ns, At safepoint: 5089957 ns, Leaving safepoint: 2305 ns, Total: 5100243 ns
[16.662s][info][gc       ] GC(1742) Pause Young (Normal) (G1 Evacuation Pause) 212M->210M(256M) 3.580ms
[16.662s][info][gc,cpu   ] GC(1742) User=0.00s Sys=0.00s Real=0.00s
[16.662s][info][safepoint] Safepoint "G1CollectForAllocation", Time since last: 4579006 ns, Reaching safepoint: 15322 ns, Cleanup: 1980 ns, At safepoint: 3606612 ns, Leaving safepoint: 1932 ns, Total: 3625846 ns
[16.668s][info][gc       ] GC(1743) Pause Young (Normal) (G1 Evacuation Pause) 222M->221M(256M) 2.256ms
[16.668s][info][gc,cpu   ] GC(1743) User=0.00s Sys=0.00s Real=0.00s
[16.668s][info][safepoint] Safepoint "G1CollectForAllocation", Time since last: 3851441 ns, Reaching safepoint: 7564 ns, Cleanup: 1709 ns, At safepoint: 2275208 ns, Leaving safepoint: 2172 ns, Total: 2286653 ns
[16.668s][info][gc       ] GC(1741) Pause Remark 221M->221M(256M) 0.152ms
[16.668s][info][gc,cpu   ] GC(1741) User=0.00s Sys=0.00s Real=0.00s
[16.673s][info][safepoint] Safepoint "G1PauseRemark", Time since last: 18299 ns, Reaching safepoint: 94290 ns, Cleanup: 1168 ns, At safepoint: 169855 ns, Leaving safepoint: 4298339 ns, Total: 4563652 ns
[16.677s][info][gc       ] GC(1744) Pause Young (Normal) (G1 Evacuation Pause) 230M->229M(256M) 1.733ms
[16.677s][info][gc,cpu   ] GC(1744) User=0.00s Sys=0.00s Real=0.01s
[16.677s][info][safepoint] Safepoint "G1CollectForAllocation", Time since last: 2345526 ns, Reaching safepoint: 8869 ns, Cleanup: 1829 ns, At safepoint: 1758957 ns, Leaving safepoint: 1618 ns, Total: 1771273 ns
[16.683s][info][gc       ] GC(1745) Pause Young (Normal) (G1 Evacuation Pause) 239M->239M(256M) 1.411ms
[16.683s][info][gc,cpu   ] GC(1745) User=0.00s Sys=0.00s Real=0.00s
[16.683s][info][safepoint] Safepoint "G1CollectForAllocation", Time since last: 4699160 ns, Reaching safepoint: 9000 ns, Cleanup: 1756 ns, At safepoint: 1429927 ns, Leaving safepoint: 9352 ns, Total: 1450035 ns
[16.683s][info][gc       ] GC(1741) Pause Cleanup 239M->239M(256M) 0.104ms
[16.683s][info][gc,cpu   ] GC(1741) User=0.00s Sys=0.00s Real=0.00s
[16.683s][info][safepoint] Safepoint "G1PauseCleanup", Time since last: 17026 ns, Reaching safepoint: 87560 ns, Cleanup: 1087 ns, At safepoint: 113001 ns, Leaving safepoint: 73069 ns, Total: 274717 ns
[16.685s][info][gc       ] GC(1741) Concurrent Mark Cycle 31.454ms
[16.687s][info][gc       ] GC(1746) Pause Young (Prepare Mixed) (G1 Evacuation Pause) (Evacuation Failure) 249M->251M(256M) 0.958ms
[16.687s][info][gc,cpu   ] GC(1746) User=0.00s Sys=0.00s Real=0.00s
[16.687s][info][safepoint] Safepoint "G1CollectForAllocation", Time since last: 2626724 ns, Reaching safepoint: 6420 ns, Cleanup: 1278 ns, At safepoint: 980333 ns, Leaving safepoint: 8467 ns, Total: 996498 ns
[16.688s][info][gc       ] GC(1747) Pause Young (Mixed) (G1 Evacuation Pause) (Evacuation Failure) 253M->244M(256M) 0.984ms
[16.688s][info][gc,cpu   ] GC(1747) User=0.00s Sys=0.00s Real=0.00s
[16.688s][info][safepoint] Safepoint "G1CollectForAllocation", Time since last: 219389 ns, Reaching safepoint: 1097 ns, Cleanup: 1057 ns, At safepoint: 1007279 ns, Leaving safepoint: 1274 ns, Total: 1010707 ns
[16.691s][info][gc       ] GC(1748) Pause Young (Mixed) (G1 Evacuation Pause) (Evacuation Failure) 253M->250M(256M) 1.307ms
[16.691s][info][gc,cpu   ] GC(1748) User=0.00s Sys=0.00s Real=0.00s
[16.691s][info][safepoint] Safepoint "G1CollectForAllocation", Time since last: 1396711 ns, Reaching safepoint: 1133 ns, Cleanup: 1862 ns, At safepoint: 1328910 ns, Leaving safepoint: 1628 ns, Total: 1333533 ns
[16.694s][info][gc       ] GC(1749) Pause Young (Mixed) (G1 Evacuation Pause) (Evacuation Failure) 253M->252M(256M) 0.962ms
[16.694s][info][gc,cpu   ] GC(1749) User=0.01s Sys=0.00s Real=0.00s
[16.694s][info][safepoint] Safepoint "G1CollectForAllocation", Time since last: 1838890 ns, Reaching safepoint: 5716 ns, Cleanup: 1760 ns, At safepoint: 983186 ns, Leaving safepoint: 1720 ns, Total: 992382 ns
[16.698s][info][gc       ] GC(1750) Pause Young (Mixed) (G1 Evacuation Pause) (Evacuation Failure) 253M->252M(256M) 0.885ms
[16.698s][info][gc,cpu   ] GC(1750) User=0.00s Sys=0.00s Real=0.00s
[16.698s][info][safepoint] Safepoint "G1CollectForAllocation", Time since last: 3031274 ns, Reaching safepoint: 13278 ns, Cleanup: 2040 ns, At safepoint: 912321 ns, Leaving safepoint: 29374 ns, Total: 957013 ns
[16.698s][info][gc       ] GC(1751) Pause Young (Mixed) (G1 Evacuation Pause) (Evacuation Failure) 253M->253M(256M) 0.392ms
[16.698s][info][gc,cpu   ] GC(1751) User=0.00s Sys=0.00s Real=0.00s
[16.722s][info][gc       ] GC(1752) Pause Full (G1 Compaction Pause) 253M->108M(256M) 23.687ms
[16.722s][info][gc,cpu   ] GC(1752) User=0.02s Sys=0.00s Real=0.02s
[16.722s][info][safepoint] Safepoint "G1CollectForAllocation", Time since last: 147865 ns, Reaching safepoint: 563 ns, Cleanup: 966 ns, At safepoint: 24121599 ns, Leaving safepoint: 19524 ns, Total: 24142652 ns
[16.740s][info][gc       ] GC(1753) Pause Young (Normal) (G1 Evacuation Pause) 162M->152M(256M) 7.677ms
[16.740s][info][gc,cpu   ] GC(1753) User=0.01s Sys=0.00s Real=0.01s
[16.745s][info][safepoint] Safepoint "G1CollectForAllocation", Time since last: 10535147 ns, Reaching safepoint: 2504 ns, Cleanup: 1983 ns, At safepoint: 7706845 ns, Leaving safepoint: 4473504 ns, Total: 12184836 ns
[16.757s][info][gc       ] GC(1754) Pause Young (Normal) (G1 Evacuation Pause) 187M->179M(256M) 6.721ms
[16.757s][info][gc,cpu   ] GC(1754) User=0.01s Sys=0.00s Real=0.01s
[16.757s][info][safepoint] Safepoint "G1CollectForAllocation", Time since last: 5463960 ns, Reaching safepoint: 1884 ns, Cleanup: 2424 ns, At safepoint: 6749203 ns, Leaving safepoint: 8195 ns, Total: 6761706 ns
[16.769s][info][gc       ] GC(1755) Pause Young (Concurrent Start) (G1 Evacuation Pause) 203M->200M(256M) 4.713ms
[16.769s][info][gc,cpu   ] GC(1755) User=0.00s Sys=0.00s Real=0.01s
[16.769s][info][gc       ] GC(1756) Concurrent Mark Cycle
[16.770s][info][safepoint] Safepoint "G1CollectForAllocation", Time since last: 7786519 ns, Reaching safepoint: 5825 ns, Cleanup: 2721 ns, At safepoint: 4761536 ns, Leaving safepoint: 81375 ns, Total: 4851457 ns
[16.780s][info][gc       ] GC(1757) Pause Young (Normal) (G1 Evacuation Pause) 216M->214M(256M) 2.941ms
[16.780s][info][gc,cpu   ] GC(1757) User=0.00s Sys=0.00s Real=0.00s
[16.780s][info][safepoint] Safepoint "G1CollectForAllocation", Time since last: 7168140 ns, Reaching safepoint: 8185 ns, Cleanup: 2150 ns, At safepoint: 2969207 ns, Leaving safepoint: 2305 ns, Total: 2981847 ns
[16.785s][info][gc       ] GC(1756) Pause Remark 223M->222M(256M) 0.155ms
[16.785s][info][gc,cpu   ] GC(1756) User=0.00s Sys=0.00s Real=0.00s
[16.785s][info][safepoint] Safepoint "G1PauseRemark", Time since last: 5003801 ns, Reaching safepoint: 52256 ns, Cleanup: 2507 ns, At safepoint: 177037 ns, Leaving safepoint: 4157 ns, Total: 235957 ns
[16.789s][info][gc       ] GC(1758) Pause Young (Normal) (G1 Evacuation Pause) 224M->223M(256M) 1.942ms
[16.789s][info][gc,cpu   ] GC(1758) User=0.00s Sys=0.00s Real=0.00s
[16.789s][info][safepoint] Safepoint "G1CollectForAllocation", Time since last: 1760004 ns, Reaching safepoint: 1497 ns, Cleanup: 1509 ns, At safepoint: 1995589 ns, Leaving safepoint: 909 ns, Total: 1999504 ns
[16.791s][info][gc       ] GC(1759) Pause Young (Normal) (G1 Evacuation Pause) 233M->233M(256M) 1.557ms
[16.791s][info][gc,cpu   ] GC(1759) User=0.00s Sys=0.00s Real=0.00s
[16.791s][info][safepoint] Safepoint "G1CollectForAllocation", Time since last: 987440 ns, Reaching safepoint: 840 ns, Cleanup: 1276 ns, At safepoint: 1572684 ns, Leaving safepoint: 1429 ns, Total: 1576229 ns
[16.794s][info][gc       ] GC(1760) Pause Young (Normal) (G1 Evacuation Pause) (Evacuation Failure) 243M->246M(256M) 2.005ms
[16.794s][info][gc,cpu   ] GC(1760) User=0.00s Sys=0.00s Real=0.00s
[16.794s][info][safepoint] Safepoint "G1CollectForAllocation", Time since last: 870744 ns, Reaching safepoint: 933 ns, Cleanup: 918 ns, At safepoint: 2025081 ns, Leaving safepoint: 2412 ns, Total: 2029344 ns
[16.798s][info][gc       ] GC(1761) Pause Young (Normal) (G1 Evacuation Pause) (Evacuation Failure) 253M->253M(256M) 0.332ms
[16.798s][info][gc,cpu   ] GC(1761) User=0.00s Sys=0.00s Real=0.00s
[16.820s][info][gc       ] GC(1762) Pause Full (G1 Compaction Pause) 253M->109M(256M) 22.404ms
[16.820s][info][gc,cpu   ] GC(1762) User=0.03s Sys=0.00s Real=0.02s
[16.820s][info][safepoint] Safepoint "G1CollectForAllocation", Time since last: 3022919 ns, Reaching safepoint: 7323 ns, Cleanup: 1287 ns, At safepoint: 22781106 ns, Leaving safepoint: 58594 ns, Total: 22848310 ns
[16.820s][info][gc       ] GC(1756) Pause Cleanup 109M->109M(256M) 0.004ms
[16.820s][info][gc,cpu   ] GC(1756) User=0.00s Sys=0.00s Real=0.00s
[16.825s][info][safepoint] Safepoint "G1PauseCleanup", Time since last: 16019 ns, Reaching safepoint: 85946 ns, Cleanup: 1365 ns, At safepoint: 12643 ns, Leaving safepoint: 4528306 ns, Total: 4628260 ns
[16.825s][info][gc       ] GC(1756) Concurrent Mark Cycle 55.219ms
[16.839s][info][gc       ] GC(1763) Pause Young (Normal) (G1 Evacuation Pause) 157M->148M(256M) 7.386ms
[16.839s][info][gc,cpu   ] GC(1763) User=0.01s Sys=0.00s Real=0.01s
[16.839s][info][safepoint] Safepoint "G1CollectForAllocation", Time since last: 6604202 ns, Reaching safepoint: 1564 ns, Cleanup: 1136 ns, At safepoint: 7414201 ns, Leaving safepoint: 869 ns, Total: 7417770 ns
[16.852s][info][gc       ] GC(1764) Pause Young (Normal) (G1 Evacuation Pause) 183M->177M(256M) 6.396ms
[16.852s][info][gc,cpu   ] GC(1764) User=0.01s Sys=0.00s Real=0.01s
[16.852s][info][safepoint] Safepoint "G1CollectForAllocation", Time since last: 6581850 ns, Reaching safepoint: 1315 ns, Cleanup: 1681 ns, At safepoint: 6420742 ns, Leaving safepoint: 948 ns, Total: 6424686 ns
[16.865s][info][gc       ] GC(1765) Pause Young (Concurrent Start) (G1 Evacuation Pause) 201M->198M(256M) 4.519ms
[16.865s][info][gc       ] GC(1766) Concurrent Mark Cycle
[16.865s][info][gc,cpu   ] GC(1765) User=0.00s Sys=0.00s Real=0.00s
[16.865s][info][safepoint] Safepoint "G1CollectForAllocation", Time since last: 8990944 ns, Reaching safepoint: 5317 ns, Cleanup: 2040 ns, At safepoint: 4653441 ns, Leaving safepoint: 5341 ns, Total: 4666139 ns
[16.869s][info][gc       ] GC(1766) Pause Remark 202M->202M(256M) 0.130ms
[16.869s][info][gc,cpu   ] GC(1766) User=0.00s Sys=0.00s Real=0.00s
[16.869s][info][safepoint] Safepoint "G1PauseRemark", Time since last: 3383508 ns, Reaching safepoint: 1344 ns, Cleanup: 1244 ns, At safepoint: 149022 ns, Leaving safepoint: 801 ns, Total: 152411 ns
[16.870s][info][gc       ] GC(1766) Pause Cleanup 202M->202M(256M) 0.102ms
[16.870s][info][gc,cpu   ] GC(1766) User=0.00s Sys=0.00s Real=0.00s
[16.870s][info][safepoint] Safepoint "G1PauseCleanup", Time since last: 1345458 ns, Reaching safepoint: 818 ns, Cleanup: 1121 ns, At safepoint: 117440 ns, Leaving safepoint: 629 ns, Total: 120008 ns
[16.872s][info][gc       ] GC(1766) Concurrent Mark Cycle 6.678ms
[16.875s][info][gc       ] GC(1767) Pause Young (Prepare Mixed) (G1 Evacuation Pause) 213M->212M(256M) 3.251ms
[16.875s][info][gc,cpu   ] GC(1767) User=0.00s Sys=0.00s Real=0.00s
[16.875s][info][safepoint] Safepoint "G1CollectForAllocation", Time since last: 1586685 ns, Reaching safepoint: 1190 ns, Cleanup: 893 ns, At safepoint: 3272137 ns, Leaving safepoint: 19143 ns, Total: 3293363 ns
[16.884s][info][gc       ] GC(1768) Pause Young (Mixed) (G1 Evacuation Pause) 224M->201M(256M) 3.111ms
[16.884s][info][gc,cpu   ] GC(1768) User=0.00s Sys=0.00s Real=0.00s
[16.884s][info][safepoint] Safepoint "G1CollectForAllocation", Time since last: 5470338 ns, Reaching safepoint: 8523 ns, Cleanup: 1764 ns, At safepoint: 3137358 ns, Leaving safepoint: 27742 ns, Total: 3175387 ns
[16.889s][info][gc       ] GC(1769) Pause Young (Mixed) (G1 Evacuation Pause) 217M->195M(256M) 3.199ms
[16.889s][info][gc,cpu   ] GC(1769) User=0.01s Sys=0.00s Real=0.01s
[16.893s][info][safepoint] Safepoint "G1CollectForAllocation", Time since last: 1836776 ns, Reaching safepoint: 1420 ns, Cleanup: 1589 ns, At safepoint: 3218845 ns, Leaving safepoint: 3732558 ns, Total: 6954412 ns
[16.901s][info][gc       ] GC(1770) Pause Young (Mixed) (G1 Evacuation Pause) 213M->191M(256M) 4.057ms
[16.901s][info][gc,cpu   ] GC(1770) User=0.01s Sys=0.00s Real=0.00s
[16.901s][info][safepoint] Safepoint "G1CollectForAllocation", Time since last: 4039637 ns, Reaching safepoint: 7261 ns, Cleanup: 1901 ns, At safepoint: 4084550 ns, Leaving safepoint: 1817 ns, Total: 4095529 ns
[16.914s][info][gc       ] GC(1771) Pause Young (Mixed) (G1 Evacuation Pause) 211M->189M(256M) 4.958ms
[16.914s][info][gc,cpu   ] GC(1771) User=0.00s Sys=0.00s Real=0.00s
[16.914s][info][safepoint] Safepoint "G1CollectForAllocation", Time since last: 7913763 ns, Reaching safepoint: 6152 ns, Cleanup: 1991 ns, At safepoint: 4986053 ns, Leaving safepoint: 2697 ns, Total: 4996893 ns
[16.925s][info][gc       ] GC(1772) Pause Young (Mixed) (G1 Evacuation Pause) 210M->198M(256M) 4.150ms
[16.925s][info][gc,cpu   ] GC(1772) User=0.00s Sys=0.00s Real=0.00s
[16.929s][info][safepoint] Safepoint "G1CollectForAllocation", Time since last: 6961511 ns, Reaching safepoint: 7931 ns, Cleanup: 2051 ns, At safepoint: 4176281 ns, Leaving safepoint: 3804728 ns, Total: 7990991 ns
[16.933s][info][gc       ] GC(1773) Pause Young (Concurrent Start) (G1 Evacuation Pause) 215M->214M(256M) 2.895ms
[16.933s][info][gc       ] GC(1774) Concurrent Mark Cycle
[16.934s][info][gc,cpu   ] GC(1773) User=0.00s Sys=0.00s Real=0.00s
[16.934s][info][safepoint] Safepoint "G1CollectForAllocation", Time since last: 1867666 ns, Reaching safepoint: 6815 ns, Cleanup: 1365 ns, At safepoint: 2991378 ns, Leaving safepoint: 2293 ns, Total: 3001851 ns
[16.943s][info][gc       ] GC(1775) Pause Young (Normal) (G1 Evacuation Pause) 226M->225M(256M) 2.071ms
[16.943s][info][gc,cpu   ] GC(1775) User=0.00s Sys=0.00s Real=0.00s
[16.943s][info][safepoint] Safepoint "G1CollectForAllocation", Time since last: 7156945 ns, Reaching safepoint: 12523 ns, Cleanup: 1866 ns, At safepoint: 2097069 ns, Leaving safepoint: 6492 ns, Total: 2117950 ns
[16.945s][info][gc       ] GC(1776) Pause Young (Normal) (G1 Evacuation Pause) 235M->234M(256M) 1.816ms
[16.945s][info][gc,cpu   ] GC(1776) User=0.00s Sys=0.00s Real=0.00s
[16.946s][info][safepoint] Safepoint "G1CollectForAllocation", Time since last: 835910 ns, Reaching safepoint: 1210 ns, Cleanup: 1463 ns, At safepoint: 1836990 ns, Leaving safepoint: 1623 ns, Total: 1841286 ns
[16.950s][info][gc       ] GC(1777) Pause Young (Normal) (G1 Evacuation Pause) 244M->243M(256M) 1.366ms
[16.950s][info][gc,cpu   ] GC(1777) User=0.00s Sys=0.00s Real=0.00s
[16.950s][info][safepoint] Safepoint "G1CollectForAllocation", Time since last: 3214290 ns, Reaching safepoint: 8415 ns, Cleanup: 1852 ns, At safepoint: 1393683 ns, Leaving safepoint: 18682 ns, Total: 1422632 ns
[16.950s][info][gc       ] GC(1774) Pause Remark 243M->238M(256M) 0.178ms
[16.950s][info][gc,cpu   ] GC(1774) User=0.00s Sys=0.00s Real=0.00s
[16.951s][info][safepoint] Safepoint "G1PauseRemark", Time since last: 15724 ns, Reaching safepoint: 87137 ns, Cleanup: 1771 ns, At safepoint: 206454 ns, Leaving safepoint: 77902 ns, Total: 373264 ns
[16.955s][info][gc       ] GC(1774) Pause Cleanup 239M->239M(256M) 0.110ms
[16.955s][info][gc,cpu   ] GC(1774) User=0.00s Sys=0.00s Real=0.00s
[16.955s][info][safepoint] Safepoint "G1PauseCleanup", Time since last: 4101346 ns, Reaching safepoint: 9326 ns, Cleanup: 1718 ns, At safepoint: 132542 ns, Leaving safepoint: 4492 ns, Total: 148078 ns
[16.956s][info][gc       ] GC(1774) Concurrent Mark Cycle 22.651ms
[16.958s][info][gc       ] GC(1778) Pause Young (Prepare Mixed) (G1 Evacuation Pause) (Evacuation Failure) 248M->253M(256M) 1.699ms
[16.958s][info][gc,cpu   ] GC(1778) User=0.00s Sys=0.00s Real=0.01s
[16.958s][info][safepoint] Safepoint "G1CollectForAllocation", Time since last: 1393613 ns, Reaching safepoint: 2078 ns, Cleanup: 1937 ns, At safepoint: 1725537 ns, Leaving safepoint: 2272 ns, Total: 1731824 ns
[16.959s][info][gc       ] GC(1779) Pause Young (Mixed) (G1 Evacuation Pause) (Evacuation Failure) 255M->250M(256M) 0.927ms
[16.959s][info][gc,cpu   ] GC(1779) User=0.01s Sys=0.00s Real=0.00s
[16.959s][info][safepoint] Safepoint "G1CollectForAllocation", Time since last: 208578 ns, Reaching safepoint: 1027 ns, Cleanup: 1167 ns, At safepoint: 941921 ns, Leaving safepoint: 7184 ns, Total: 951299 ns
[16.962s][info][gc       ] GC(1780) Pause Young (Mixed) (G1 Evacuation Pause) (Evacuation Failure) 255M->251M(256M) 0.885ms
[16.962s][info][gc,cpu   ] GC(1780) User=0.00s Sys=0.00s Real=0.00s
[16.962s][info][safepoint] Safepoint "G1CollectForAllocation", Time since last: 1651435 ns, Reaching safepoint: 4538 ns, Cleanup: 1265 ns, At safepoint: 901867 ns, Leaving safepoint: 2090 ns, Total: 909760 ns
[16.966s][info][gc       ] GC(1781) Pause Young (Mixed) (G1 Evacuation Pause) (Evacuation Failure) 255M->253M(256M) 0.895ms
[16.966s][info][gc,cpu   ] GC(1781) User=0.00s Sys=0.00s Real=0.00s
[16.966s][info][safepoint] Safepoint "G1CollectForAllocation", Time since last: 3070117 ns, Reaching safepoint: 6319 ns, Cleanup: 1187 ns, At safepoint: 912437 ns, Leaving safepoint: 23364 ns, Total: 943307 ns
[16.967s][info][gc       ] GC(1782) Pause Young (Mixed) (G1 Evacuation Pause) (Evacuation Failure) 255M->253M(256M) 1.299ms
[16.967s][info][gc,cpu   ] GC(1782) User=0.00s Sys=0.00s Real=0.00s
[16.967s][info][safepoint] Safepoint "G1CollectForAllocation", Time since last: 255856 ns, Reaching safepoint: 593 ns, Cleanup: 952 ns, At safepoint: 1315996 ns, Leaving safepoint: 20906 ns, Total: 1338447 ns
[16.970s][info][gc       ] GC(1783) Pause Young (Mixed) (G1 Evacuation Pause) (Evacuation Failure) 255M->255M(256M) 1.025ms
[16.970s][info][gc,cpu   ] GC(1783) User=0.00s Sys=0.00s Real=0.00s
[16.994s][info][gc       ] GC(1784) Pause Full (G1 Compaction Pause) 255M->108M(256M) 23.982ms
[16.994s][info][gc,cpu   ] GC(1784) User=0.02s Sys=0.00s Real=0.02s
[16.997s][info][safepoint] Safepoint "G1CollectForAllocation", Time since last: 1488158 ns, Reaching safepoint: 12721 ns, Cleanup: 2188 ns, At safepoint: 25065136 ns, Leaving safepoint: 2881958 ns, Total: 27962003 ns
[17.016s][info][gc       ] GC(1785) Pause Young (Normal) (G1 Evacuation Pause) 161M->150M(256M) 9.748ms
[17.016s][info][gc,cpu   ] GC(1785) User=0.01s Sys=0.00s Real=0.01s
[17.018s][info][safepoint] Safepoint "G1CollectForAllocation", Time since last: 9532447 ns, Reaching safepoint: 2807 ns, Cleanup: 2597 ns, At safepoint: 9781998 ns, Leaving safepoint: 1808903 ns, Total: 11596305 ns
[17.030s][info][gc       ] GC(1786) Pause Young (Normal) (G1 Evacuation Pause) 186M->178M(256M) 6.985ms
[17.030s][info][gc,cpu   ] GC(1786) User=0.00s Sys=0.00s Real=0.01s
[17.033s][info][safepoint] Safepoint "G1CollectForAllocation", Time since last: 5475389 ns, Reaching safepoint: 2843 ns, Cleanup: 2436 ns, At safepoint: 7015703 ns, Leaving safepoint: 2381140 ns, Total: 9402122 ns
[17.046s][info][gc       ] GC(1787) Pause Young (Concurrent Start) (G1 Evacuation Pause) 202M->198M(256M) 5.187ms
[17.046s][info][gc,cpu   ] GC(1787) User=0.00s Sys=0.00s Real=0.00s
[17.046s][info][gc       ] GC(1788) Concurrent Mark Cycle
[17.046s][info][safepoint] Safepoint "G1CollectForAllocation", Time since last: 7999362 ns, Reaching safepoint: 5827 ns, Cleanup: 2412 ns, At safepoint: 5219006 ns, Leaving safepoint: 108767 ns, Total: 5336012 ns
[17.056s][info][gc       ] GC(1789) Pause Young (Normal) (G1 Evacuation Pause) 215M->213M(256M) 3.633ms
[17.056s][info][gc,cpu   ] GC(1789) User=0.00s Sys=0.00s Real=0.00s
[17.056s][info][safepoint] Safepoint "G1CollectForAllocation", Time since last: 6680032 ns, Reaching safepoint: 6181 ns, Cleanup: 2146 ns, At safepoint: 3686221 ns, Leaving safepoint: 2545 ns, Total: 3697093 ns
[17.062s][info][gc       ] GC(1790) Pause Young (Normal) (G1 Evacuation Pause) 224M->223M(256M) 2.226ms
[17.062s][info][gc,cpu   ] GC(1790) User=0.01s Sys=0.00s Real=0.00s
[17.062s][info][safepoint] Safepoint "G1CollectForAllocation", Time since last: 3200635 ns, Reaching safepoint: 35621 ns, Cleanup: 2346 ns, At safepoint: 2255275 ns, Leaving safepoint: 8915 ns, Total: 2302157 ns
[17.067s][info][gc       ] GC(1791) Pause Young (Normal) (G1 Evacuation Pause) 233M->232M(256M) 2.152ms
[17.067s][info][gc,cpu   ] GC(1791) User=0.00s Sys=0.00s Real=0.00s
[17.067s][info][safepoint] Safepoint "G1CollectForAllocation", Time since last: 2791927 ns, Reaching safepoint: 4873 ns, Cleanup: 1969 ns, At safepoint: 2175755 ns, Leaving safepoint: 8347 ns, Total: 2190944 ns
[17.069s][info][gc       ] GC(1788) Pause Remark 242M->242M(256M) 0.156ms
[17.069s][info][gc,cpu   ] GC(1788) User=0.00s Sys=0.00s Real=0.00s
[17.069s][info][safepoint] Safepoint "G1PauseRemark", Time since last: 1823385 ns, Reaching safepoint: 56148 ns, Cleanup: 2008 ns, At safepoint: 173520 ns, Leaving safepoint: 1610 ns, Total: 233286 ns
[17.071s][info][gc       ] GC(1788) Pause Cleanup 242M->242M(256M) 0.120ms
[17.071s][info][gc,cpu   ] GC(1788) User=0.00s Sys=0.00s Real=0.00s
[17.071s][info][safepoint] Safepoint "G1PauseCleanup", Time since last: 1658084 ns, Reaching safepoint: 2186 ns, Cleanup: 1662 ns, At safepoint: 144288 ns, Leaving safepoint: 1382 ns, Total: 149518 ns
[17.073s][info][gc       ] GC(1788) Concurrent Mark Cycle 27.203ms
[17.075s][info][gc       ] GC(1792) Pause Young (Prepare Mixed) (G1 Evacuation Pause) (Evacuation Failure) 242M->250M(256M) 1.855ms
[17.075s][info][gc,cpu   ] GC(1792) User=0.00s Sys=0.00s Real=0.00s
[17.075s][info][safepoint] Safepoint "G1CollectForAllocation", Time since last: 2405051 ns, Reaching safepoint: 12745 ns, Cleanup: 1126 ns, At safepoint: 1879081 ns, Leaving safepoint: 20001 ns, Total: 1912953 ns
[17.076s][info][gc       ] GC(1793) Pause Young (Mixed) (G1 Evacuation Pause) (Evacuation Failure) 252M->247M(256M) 0.978ms
[17.076s][info][gc,cpu   ] GC(1793) User=0.00s Sys=0.00s Real=0.00s
[17.081s][info][safepoint] Safepoint "G1CollectForAllocation", Time since last: 198314 ns, Reaching safepoint: 1457 ns, Cleanup: 1415 ns, At safepoint: 1001381 ns, Leaving safepoint: 4424967 ns, Total: 5429220 ns
[17.082s][info][gc       ] GC(1794) Pause Young (Mixed) (G1 Evacuation Pause) (Evacuation Failure) 252M->250M(256M) 0.936ms
[17.082s][info][gc,cpu   ] GC(1794) User=0.00s Sys=0.00s Real=0.00s
[17.082s][info][safepoint] Safepoint "G1CollectForAllocation", Time since last: 718963 ns, Reaching safepoint: 7449 ns, Cleanup: 1872 ns, At safepoint: 977645 ns, Leaving safepoint: 27034 ns, Total: 1014000 ns
[17.084s][info][gc       ] GC(1795) Pause Young (Mixed) (G1 Evacuation Pause) (Evacuation Failure) 252M->252M(256M) 0.953ms
[17.084s][info][gc,cpu   ] GC(1795) User=0.00s Sys=0.00s Real=0.00s
[17.107s][info][gc       ] GC(1796) Pause Full (G1 Compaction Pause) 252M->108M(256M) 23.456ms
[17.107s][info][gc,cpu   ] GC(1796) User=0.02s Sys=0.00s Real=0.02s
[17.113s][info][safepoint] Safepoint "G1CollectForAllocation", Time since last: 288694 ns, Reaching safepoint: 1157 ns, Cleanup: 1292 ns, At safepoint: 24453553 ns, Leaving safepoint: 5520899 ns, Total: 29976901 ns
[17.129s][info][gc       ] GC(1797) Pause Young (Normal) (G1 Evacuation Pause) 159M->149M(256M) 8.265ms
[17.129s][info][gc,cpu   ] GC(1797) User=0.01s Sys=0.00s Real=0.01s
[17.129s][info][safepoint] Safepoint "G1CollectForAllocation", Time since last: 7748272 ns, Reaching safepoint: 2306 ns, Cleanup: 2952 ns, At safepoint: 8303450 ns, Leaving safepoint: 1147 ns, Total: 8309855 ns
[17.142s][info][gc       ] GC(1798) Pause Young (Normal) (G1 Evacuation Pause) 184M->176M(256M) 6.778ms
[17.142s][info][gc,cpu   ] GC(1798) User=0.01s Sys=0.00s Real=0.01s
[17.145s][info][safepoint] Safepoint "G1CollectForAllocation", Time since last: 6783635 ns, Reaching safepoint: 2556 ns, Cleanup: 2246 ns, At safepoint: 6812346 ns, Leaving safepoint: 2338220 ns, Total: 9155368 ns
[17.153s][info][gc       ] GC(1799) Pause Young (Concurrent Start) (G1 Evacuation Pause) 201M->197M(256M) 5.509ms
[17.153s][info][gc,cpu   ] GC(1799) User=0.01s Sys=0.00s Real=0.01s
[17.153s][info][gc       ] GC(1800) Concurrent Mark Cycle
[17.159s][info][safepoint] Safepoint "G1CollectForAllocation", Time since last: 3092391 ns, Reaching safepoint: 9239 ns, Cleanup: 1737 ns, At safepoint: 5539898 ns, Leaving safepoint: 5927802 ns, Total: 11478676 ns
[17.161s][info][gc       ] GC(1800) Pause Remark 209M->208M(256M) 0.143ms
[17.161s][info][gc,cpu   ] GC(1800) User=0.00s Sys=0.00s Real=0.00s
[17.165s][info][safepoint] Safepoint "G1PauseRemark", Time since last: 1445340 ns, Reaching safepoint: 194870 ns, Cleanup: 2938 ns, At safepoint: 161880 ns, Leaving safepoint: 3613907 ns, Total: 3973595 ns
[17.166s][info][gc       ] GC(1800) Pause Cleanup 208M->208M(256M) 0.092ms
[17.166s][info][gc,cpu   ] GC(1800) User=0.00s Sys=0.00s Real=0.00s
[17.166s][info][safepoint] Safepoint "G1PauseCleanup", Time since last: 1371862 ns, Reaching safepoint: 8520 ns, Cleanup: 1609 ns, At safepoint: 106261 ns, Leaving safepoint: 3627 ns, Total: 120017 ns
[17.167s][info][gc       ] GC(1800) Concurrent Mark Cycle 13.829ms
[17.171s][info][gc       ] GC(1801) Pause Young (Prepare Mixed) (G1 Evacuation Pause) 213M->211M(256M) 3.495ms
[17.171s][info][gc,cpu   ] GC(1801) User=0.00s Sys=0.00s Real=0.01s
[17.171s][info][safepoint] Safepoint "G1CollectForAllocation", Time since last: 1014808 ns, Reaching safepoint: 1365 ns, Cleanup: 922 ns, At safepoint: 3515694 ns, Leaving safepoint: 1779 ns, Total: 3519760 ns
[17.177s][info][gc       ] GC(1802) Pause Young (Mixed) (G1 Evacuation Pause) 223M->200M(256M) 2.685ms
[17.177s][info][gc,cpu   ] GC(1802) User=0.00s Sys=0.00s Real=0.00s
[17.177s][info][safepoint] Safepoint "G1CollectForAllocation", Time since last: 3238625 ns, Reaching safepoint: 5989 ns, Cleanup: 1450 ns, At safepoint: 2749485 ns, Leaving safepoint: 3155 ns, Total: 2760079 ns
[17.184s][info][gc       ] GC(1803) Pause Young (Mixed) (G1 Evacuation Pause) 216M->194M(256M) 3.442ms
[17.184s][info][gc,cpu   ] GC(1803) User=0.01s Sys=0.00s Real=0.00s
[17.184s][info][safepoint] Safepoint "G1CollectForAllocation", Time since last: 3991963 ns, Reaching safepoint: 7344 ns, Cleanup: 1948 ns, At safepoint: 3467376 ns, Leaving safepoint: 8624 ns, Total: 3485292 ns
[17.195s][info][gc       ] GC(1804) Pause Young (Mixed) (G1 Evacuation Pause) 212M->190M(256M) 4.454ms
[17.195s][info][gc,cpu   ] GC(1804) User=0.01s Sys=0.00s Real=0.00s
[17.195s][info][safepoint] Safepoint "G1CollectForAllocation", Time since last: 6350472 ns, Reaching safepoint: 7281 ns, Cleanup: 1909 ns, At safepoint: 4480813 ns, Leaving safepoint: 23987 ns, Total: 4513990 ns
[17.202s][info][gc       ] GC(1805) Pause Young (Mixed) (G1 Evacuation Pause) 210M->189M(256M) 4.785ms
[17.202s][info][gc,cpu   ] GC(1805) User=0.01s Sys=0.00s Real=0.00s
[17.202s][info][safepoint] Safepoint "G1CollectForAllocation", Time since last: 2314524 ns, Reaching safepoint: 1448 ns, Cleanup: 1784 ns, At safepoint: 4810323 ns, Leaving safepoint: 1193 ns, Total: 4814748 ns
[17.212s][info][gc       ] GC(1806) Pause Young (Mixed) (G1 Evacuation Pause) 210M->199M(256M) 3.760ms
[17.212s][info][gc,cpu   ] GC(1806) User=0.01s Sys=0.00s Real=0.00s
[17.212s][info][safepoint] Safepoint "G1CollectForAllocation", Time since last: 6510530 ns, Reaching safepoint: 6345 ns, Cleanup: 1604 ns, At safepoint: 3799716 ns, Leaving safepoint: 1605 ns, Total: 3809270 ns
[17.220s][info][gc       ] GC(1807) Pause Young (Concurrent Start) (G1 Evacuation Pause) 216M->215M(256M) 2.841ms
[17.220s][info][gc,cpu   ] GC(1807) User=0.00s Sys=0.00s Real=0.00s
[17.220s][info][gc       ] GC(1808) Concurrent Mark Cycle
[17.220s][info][safepoint] Safepoint "G1CollectForAllocation", Time since last: 4191567 ns, Reaching safepoint: 4145 ns, Cleanup: 1304 ns, At safepoint: 2872865 ns, Leaving safepoint: 74321 ns, Total: 2952635 ns
[17.231s][info][gc       ] GC(1809) Pause Young (Normal) (G1 Evacuation Pause) 227M->225M(256M) 2.033ms
[17.231s][info][gc,cpu   ] GC(1809) User=0.00s Sys=0.00s Real=0.00s
[17.231s][info][safepoint] Safepoint "G1CollectForAllocation", Time since last: 9049136 ns, Reaching safepoint: 8695 ns, Cleanup: 1638 ns, At safepoint: 2059155 ns, Leaving safepoint: 18618 ns, Total: 2088106 ns
[17.234s][info][gc       ] GC(1810) Pause Young (Normal) (G1 Evacuation Pause) 235M->235M(256M) 1.995ms
[17.234s][info][gc,cpu   ] GC(1810) User=0.01s Sys=0.00s Real=0.00s
[17.234s][info][safepoint] Safepoint "G1CollectForAllocation", Time since last: 843946 ns, Reaching safepoint: 1167 ns, Cleanup: 1337 ns, At safepoint: 2018757 ns, Leaving safepoint: 2357 ns, Total: 2023618 ns
[17.235s][info][gc       ] GC(1808) Pause Remark 241M->234M(256M) 0.259ms
[17.235s][info][gc,cpu   ] GC(1808) User=0.00s Sys=0.00s Real=0.00s
[17.235s][info][safepoint] Safepoint "G1PauseRemark", Time since last: 593132 ns, Reaching safepoint: 1390 ns, Cleanup: 1758 ns, At safepoint: 283962 ns, Leaving safepoint: 3821 ns, Total: 290931 ns
[17.237s][info][gc       ] GC(1808) Pause Cleanup 235M->235M(256M) 0.107ms
[17.237s][info][gc,cpu   ] GC(1808) User=0.00s Sys=0.00s Real=0.00s
[17.237s][info][safepoint] Safepoint "G1PauseCleanup", Time since last: 2339121 ns, Reaching safepoint: 80924 ns, Cleanup: 1514 ns, At safepoint: 126572 ns, Leaving safepoint: 1339 ns, Total: 210349 ns
[17.238s][info][gc       ] GC(1808) Concurrent Mark Cycle 17.991ms
[17.240s][info][gc       ] GC(1811) Pause Young (Prepare Mixed) (G1 Evacuation Pause) 238M->237M(256M) 1.752ms
[17.240s][info][gc,cpu   ] GC(1811) User=0.00s Sys=0.00s Real=0.00s
[17.241s][info][safepoint] Safepoint "G1CollectForAllocation", Time since last: 721874 ns, Reaching safepoint: 966 ns, Cleanup: 1064 ns, At safepoint: 1778022 ns, Leaving safepoint: 1105548 ns, Total: 2885600 ns
[17.243s][info][gc       ] GC(1812) Pause Young (Mixed) (G1 Evacuation Pause) (Evacuation Failure) 247M->235M(256M) 1.779ms
[17.243s][info][gc,cpu   ] GC(1812) User=0.01s Sys=0.00s Real=0.00s
[17.243s][info][safepoint] Safepoint "G1CollectForAllocation", Time since last: 812246 ns, Reaching safepoint: 7067 ns, Cleanup: 1831 ns, At safepoint: 1799263 ns, Leaving safepoint: 23411 ns, Total: 1831572 ns
[17.248s][info][gc       ] GC(1813) Pause Young (Mixed) (G1 Evacuation Pause) (Evacuation Failure) 245M->235M(256M) 2.506ms
[17.248s][info][gc,cpu   ] GC(1813) User=0.00s Sys=0.00s Real=0.00s
[17.253s][info][safepoint] Safepoint "G1CollectForAllocation", Time since last: 2593762 ns, Reaching safepoint: 6970 ns, Cleanup: 1767 ns, At safepoint: 2534874 ns, Leaving safepoint: 4210779 ns, Total: 6754390 ns
[17.257s][info][gc       ] GC(1814) Pause Young (Mixed) (G1 Evacuation Pause) (Evacuation Failure) 245M->238M(256M) 3.119ms
[17.257s][info][gc,cpu   ] GC(1814) User=0.00s Sys=0.00s Real=0.01s
[17.257s][info][safepoint] Safepoint "G1CollectForAllocation", Time since last: 1229735 ns, Reaching safepoint: 6803 ns, Cleanup: 1409 ns, At safepoint: 3140529 ns, Leaving safepoint: 1928 ns, Total: 3150669 ns
[17.263s][info][gc       ] GC(1815) Pause Young (Mixed) (G1 Evacuation Pause) (Evacuation Failure) 248M->245M(256M) 2.144ms
[17.263s][info][gc,cpu   ] GC(1815) User=0.01s Sys=0.00s Real=0.00s
[17.263s][info][safepoint] Safepoint "G1CollectForAllocation", Time since last: 3634107 ns, Reaching safepoint: 4245 ns, Cleanup: 1390 ns, At safepoint: 2168558 ns, Leaving safepoint: 2435 ns, Total: 2176628 ns
[17.267s][info][gc       ] GC(1816) Pause Young (Mixed) (G1 Evacuation Pause) (Evacuation Failure) 255M->255M(256M) 1.064ms
[17.267s][info][gc,cpu   ] GC(1816) User=0.00s Sys=0.00s Real=0.00s
[17.289s][info][gc       ] GC(1817) Pause Full (G1 Compaction Pause) 255M->108M(256M) 21.961ms
[17.289s][info][gc,cpu   ] GC(1817) User=0.02s Sys=0.00s Real=0.03s
[17.293s][info][safepoint] Safepoint "G1CollectForAllocation", Time since last: 3033996 ns, Reaching safepoint: 7201 ns, Cleanup: 1892 ns, At safepoint: 23073233 ns, Leaving safepoint: 3702084 ns, Total: 26784410 ns
[17.307s][info][gc       ] GC(1818) Pause Young (Normal) (G1 Evacuation Pause) 159M->149M(256M) 7.178ms
[17.307s][info][gc,cpu   ] GC(1818) User=0.01s Sys=0.00s Real=0.00s
[17.309s][info][safepoint] Safepoint "G1CollectForAllocation", Time since last: 7515930 ns, Reaching safepoint: 2015 ns, Cleanup: 2075 ns, At safepoint: 7202711 ns, Leaving safepoint: 1272967 ns, Total: 8479768 ns
[17.319s][info][gc       ] GC(1819) Pause Young (Normal) (G1 Evacuation Pause) 184M->178M(256M) 5.993ms
[17.319s][info][gc,cpu   ] GC(1819) User=0.00s Sys=0.00s Real=0.01s
[17.321s][info][safepoint] Safepoint "G1CollectForAllocation", Time since last: 4773137 ns, Reaching safepoint: 1245 ns, Cleanup: 1568 ns, At safepoint: 6012985 ns, Leaving safepoint: 1210324 ns, Total: 7226122 ns
[17.334s][info][gc       ] GC(1820) Pause Young (Concurrent Start) (G1 Evacuation Pause) 202M->198M(256M) 4.869ms
[17.334s][info][gc,cpu   ] GC(1820) User=0.01s Sys=0.00s Real=0.00s
[17.334s][info][gc       ] GC(1821) Concurrent Mark Cycle
[17.334s][info][safepoint] Safepoint "G1CollectForAllocation", Time since last: 7999440 ns, Reaching safepoint: 4394 ns, Cleanup: 1524 ns, At safepoint: 4907181 ns, Leaving safepoint: 15426 ns, Total: 4928525 ns
[17.344s][info][gc       ] GC(1822) Pause Young (Normal) (G1 Evacuation Pause) 215M->213M(256M) 2.876ms
[17.344s][info][gc,cpu   ] GC(1822) User=0.01s Sys=0.00s Real=0.00s
[17.344s][info][safepoint] Safepoint "G1CollectForAllocation", Time since last: 7086666 ns, Reaching safepoint: 32680 ns, Cleanup: 1889 ns, At safepoint: 2898347 ns, Leaving safepoint: 2152 ns, Total: 2935068 ns
[17.349s][info][gc       ] GC(1821) Pause Remark 215M->213M(256M) 0.157ms
[17.349s][info][gc,cpu   ] GC(1821) User=0.00s Sys=0.00s Real=0.00s
[17.349s][info][safepoint] Safepoint "G1PauseRemark", Time since last: 5069005 ns, Reaching safepoint: 12166 ns, Cleanup: 2211 ns, At safepoint: 178164 ns, Leaving safepoint: 3953 ns, Total: 196494 ns
[17.351s][info][gc       ] GC(1821) Pause Cleanup 213M->213M(256M) 0.196ms
[17.351s][info][gc,cpu   ] GC(1821) User=0.00s Sys=0.00s Real=0.00s
[17.351s][info][safepoint] Safepoint "G1PauseCleanup", Time since last: 1465022 ns, Reaching safepoint: 1121 ns, Cleanup: 1126 ns, At safepoint: 212740 ns, Leaving safepoint: 822 ns, Total: 215809 ns
[17.352s][info][gc       ] GC(1821) Concurrent Mark Cycle 18.438ms
[17.354s][info][gc       ] GC(1823) Pause Young (Prepare Mixed) (G1 Evacuation Pause) 222M->221M(256M) 2.061ms
[17.354s][info][gc,cpu   ] GC(1823) User=0.00s Sys=0.00s Real=0.00s
[17.354s][info][safepoint] Safepoint "G1CollectForAllocation", Time since last: 1479177 ns, Reaching safepoint: 1361 ns, Cleanup: 1151 ns, At safepoint: 2082148 ns, Leaving safepoint: 1156 ns, Total: 2085816 ns
[17.359s][info][gc       ] GC(1824) Pause Young (Mixed) (G1 Evacuation Pause) 231M->210M(256M) 2.876ms
[17.359s][info][gc,cpu   ] GC(1824) User=0.00s Sys=0.00s Real=0.01s
[17.359s][info][safepoint] Safepoint "G1CollectForAllocation", Time since last: 2310855 ns, Reaching safepoint: 2077 ns, Cleanup: 1680 ns, At safepoint: 2900726 ns, Leaving safepoint: 1158 ns, Total: 2905641 ns
[17.365s][info][gc       ] GC(1825) Pause Young (Mixed) (G1 Evacuation Pause) 223M->202M(256M) 3.653ms
[17.365s][info][gc,cpu   ] GC(1825) User=0.01s Sys=0.00s Real=0.00s
[17.368s][info][safepoint] Safepoint "G1CollectForAllocation", Time since last: 1736263 ns, Reaching safepoint: 1801 ns, Cleanup: 1842 ns, At safepoint: 3679798 ns, Leaving safepoint: 3686528 ns, Total: 7369969 ns
[17.374s][info][gc       ] GC(1826) Pause Young (Mixed) (G1 Evacuation Pause) 218M->198M(256M) 4.241ms
[17.374s][info][gc,cpu   ] GC(1826) User=0.01s Sys=0.00s Real=0.00s
[17.374s][info][safepoint] Safepoint "G1CollectForAllocation", Time since last: 1626786 ns, Reaching safepoint: 8454 ns, Cleanup: 2036 ns, At safepoint: 4383227 ns, Leaving safepoint: 8802 ns, Total: 4402519 ns
[17.385s][info][gc       ] GC(1827) Pause Young (Mixed) (G1 Evacuation Pause) 216M->194M(256M) 4.579ms
[17.385s][info][gc,cpu   ] GC(1827) User=0.01s Sys=0.00s Real=0.00s
[17.385s][info][safepoint] Safepoint "G1CollectForAllocation", Time since last: 6217705 ns, Reaching safepoint: 6150 ns, Cleanup: 1944 ns, At safepoint: 4608897 ns, Leaving safepoint: 2886 ns, Total: 4619877 ns
[17.397s][info][gc       ] GC(1828) Pause Young (Mixed) (G1 Evacuation Pause) 212M->197M(256M) 3.849ms
[17.397s][info][gc,cpu   ] GC(1828) User=0.01s Sys=0.00s Real=0.00s
[17.397s][info][safepoint] Safepoint "G1CollectForAllocation", Time since last: 7354739 ns, Reaching safepoint: 4319 ns, Cleanup: 1623 ns, At safepoint: 3871027 ns, Leaving safepoint: 1751 ns, Total: 3878720 ns
[17.405s][info][gc       ] GC(1829) Pause Young (Concurrent Start) (G1 Evacuation Pause) 215M->213M(256M) 4.127ms
[17.405s][info][gc,cpu   ] GC(1829) User=0.01s Sys=0.00s Real=0.00s
[17.405s][info][gc       ] GC(1830) Concurrent Mark Cycle
[17.405s][info][safepoint] Safepoint "G1CollectForAllocation", Time since last: 4162240 ns, Reaching safepoint: 10857 ns, Cleanup: 2103 ns, At safepoint: 4171035 ns, Leaving safepoint: 85777 ns, Total: 4269772 ns
[17.415s][info][gc       ] GC(1831) Pause Young (Normal) (G1 Evacuation Pause) 225M->224M(256M) 2.451ms
[17.415s][info][gc,cpu   ] GC(1831) User=0.01s Sys=0.00s Real=0.00s
[17.415s][info][safepoint] Safepoint "G1CollectForAllocation", Time since last: 7563069 ns, Reaching safepoint: 10427 ns, Cleanup: 1807 ns, At safepoint: 2477269 ns, Leaving safepoint: 2303 ns, Total: 2491806 ns
[17.418s][info][gc       ] GC(1832) Pause Young (Normal) (G1 Evacuation Pause) 234M->233M(256M) 2.170ms
[17.418s][info][gc,cpu   ] GC(1832) User=0.00s Sys=0.00s Real=0.01s
[17.422s][info][safepoint] Safepoint "G1CollectForAllocation", Time since last: 967671 ns, Reaching safepoint: 1714 ns, Cleanup: 2011 ns, At safepoint: 2197311 ns, Leaving safepoint: 4269349 ns, Total: 6470385 ns
[17.425s][info][gc       ] GC(1833) Pause Young (Normal) (G1 Evacuation Pause) 243M->242M(256M) 1.840ms
[17.425s][info][gc,cpu   ] GC(1833) User=0.00s Sys=0.00s Real=0.00s
[17.425s][info][safepoint] Safepoint "G1CollectForAllocation", Time since last: 823133 ns, Reaching safepoint: 7427 ns, Cleanup: 1765 ns, At safepoint: 1864920 ns, Leaving safepoint: 19080 ns, Total: 1893192 ns
[17.426s][info][gc       ] GC(1830) Pause Remark 243M->240M(256M) 0.149ms
[17.426s][info][gc,cpu   ] GC(1830) User=0.00s Sys=0.00s Real=0.00s
[17.426s][info][safepoint] Safepoint "G1PauseRemark", Time since last: 15598 ns, Reaching safepoint: 165893 ns, Cleanup: 1794 ns, At safepoint: 159784 ns, Leaving safepoint: 86339 ns, Total: 413810 ns
[17.432s][info][gc       ] GC(1834) Pause Young (Normal) (G1 Evacuation Pause) (Evacuation Failure) 249M->255M(256M) 1.123ms
[17.432s][info][gc,cpu   ] GC(1834) User=0.00s Sys=0.00s Real=0.00s
[17.456s][info][gc       ] GC(1835) Pause Full (G1 Compaction Pause) 255M->108M(256M) 23.778ms
[17.456s][info][gc,cpu   ] GC(1835) User=0.03s Sys=0.00s Real=0.02s
[17.456s][info][safepoint] Safepoint "G1CollectForAllocation", Time since last: 5335334 ns, Reaching safepoint: 7821 ns, Cleanup: 1510 ns, At safepoint: 24952063 ns, Leaving safepoint: 62801 ns, Total: 25024195 ns
[17.465s][info][gc       ] GC(1830) Pause Cleanup 145M->145M(256M) 0.008ms
[17.465s][info][gc,cpu   ] GC(1830) User=0.00s Sys=0.00s Real=0.00s
[17.469s][info][safepoint] Safepoint "G1PauseCleanup", Time since last: 8687766 ns, Reaching safepoint: 100132 ns, Cleanup: 2510 ns, At safepoint: 31983 ns, Leaving safepoint: 3885511 ns, Total: 4020136 ns
[17.469s][info][gc       ] GC(1830) Concurrent Mark Cycle 63.837ms
[17.479s][info][gc       ] GC(1836) Pause Young (Normal) (G1 Evacuation Pause) 158M->149M(256M) 8.122ms
[17.479s][info][gc,cpu   ] GC(1836) User=0.01s Sys=0.00s Real=0.01s
[17.479s][info][safepoint] Safepoint "G1CollectForAllocation", Time since last: 1856844 ns, Reaching safepoint: 7722 ns, Cleanup: 2152 ns, At safepoint: 8151752 ns, Leaving safepoint: 2736 ns, Total: 8164362 ns
[17.492s][info][gc       ] GC(1837) Pause Young (Normal) (G1 Evacuation Pause) 183M->177M(256M) 6.231ms
[17.493s][info][gc,cpu   ] GC(1837) User=0.00s Sys=0.00s Real=0.01s
[17.493s][info][safepoint] Safepoint "G1CollectForAllocation", Time since last: 7530163 ns, Reaching safepoint: 1984 ns, Cleanup: 2128 ns, At safepoint: 6258758 ns, Leaving safepoint: 5880 ns, Total: 6268750 ns
[17.505s][info][gc       ] GC(1838) Pause Young (Concurrent Start) (G1 Evacuation Pause) 201M->197M(256M) 4.717ms
[17.505s][info][gc       ] GC(1839) Concurrent Mark Cycle
[17.506s][info][gc,cpu   ] GC(1838) User=0.01s Sys=0.00s Real=0.00s
[17.513s][info][safepoint] Safepoint "G1CollectForAllocation", Time since last: 8165714 ns, Reaching safepoint: 4976 ns, Cleanup: 1896 ns, At safepoint: 4849137 ns, Leaving safepoint: 7134331 ns, Total: 11990340 ns
[17.518s][info][gc       ] GC(1840) Pause Young (Normal) (G1 Evacuation Pause) 214M->213M(256M) 3.206ms
[17.518s][info][gc,cpu   ] GC(1840) User=0.00s Sys=0.00s Real=0.01s
[17.518s][info][safepoint] Safepoint "G1CollectForAllocation", Time since last: 1619439 ns, Reaching safepoint: 7520 ns, Cleanup: 1761 ns, At safepoint: 3226286 ns, Leaving safepoint: 1855 ns, Total: 3237422 ns
[17.523s][info][gc       ] GC(1841) Pause Young (Normal) (G1 Evacuation Pause) 224M->223M(256M) 1.809ms
[17.523s][info][gc,cpu   ] GC(1841) User=0.00s Sys=0.00s Real=0.00s
[17.523s][info][safepoint] Safepoint "G1CollectForAllocation", Time since last: 3155464 ns, Reaching safepoint: 3980 ns, Cleanup: 1582 ns, At safepoint: 1826631 ns, Leaving safepoint: 2280 ns, Total: 1834473 ns
[17.526s][info][gc       ] GC(1842) Pause Young (Normal) (G1 Evacuation Pause) 233M->233M(256M) 1.466ms
[17.526s][info][gc,cpu   ] GC(1842) User=0.00s Sys=0.00s Real=0.00s
[17.526s][info][safepoint] Safepoint "G1CollectForAllocation", Time since last: 2159389 ns, Reaching safepoint: 3770 ns, Cleanup: 1373 ns, At safepoint: 1482806 ns, Leaving safepoint: 2072 ns, Total: 1490021 ns
[17.530s][info][gc       ] GC(1843) Pause Young (Normal) (G1 Evacuation Pause) (Evacuation Failure) 243M->247M(256M) 1.279ms
[17.530s][info][gc,cpu   ] GC(1843) User=0.00s Sys=0.00s Real=0.00s
[17.530s][info][safepoint] Safepoint "G1CollectForAllocation", Time since last: 2509193 ns, Reaching safepoint: 3528 ns, Cleanup: 1117 ns, At safepoint: 1296136 ns, Leaving safepoint: 2068 ns, Total: 1302849 ns
[17.531s][info][gc       ] GC(1844) Pause Young (Normal) (G1 Evacuation Pause) (Evacuation Failure) 252M->252M(256M) 0.268ms
[17.531s][info][gc,cpu   ] GC(1844) User=0.00s Sys=0.00s Real=0.00s
[17.553s][info][gc       ] GC(1845) Pause Full (G1 Compaction Pause) 252M->108M(256M) 22.004ms
[17.553s][info][gc,cpu   ] GC(1845) User=0.02s Sys=0.00s Real=0.02s
[17.553s][info][safepoint] Safepoint "G1CollectForAllocation", Time since last: 361513 ns, Reaching safepoint: 952 ns, Cleanup: 1164 ns, At safepoint: 22363048 ns, Leaving safepoint: 12748 ns, Total: 22377912 ns
[17.561s][info][gc       ] GC(1839) Pause Remark 143M->143M(256M) 0.010ms
[17.561s][info][gc,cpu   ] GC(1839) User=0.00s Sys=0.00s Real=0.00s
[17.565s][info][safepoint] Safepoint "G1PauseRemark", Time since last: 7987302 ns, Reaching safepoint: 144170 ns, Cleanup: 3115 ns, At safepoint: 33841 ns, Leaving safepoint: 3782220 ns, Total: 3963346 ns
[17.565s][info][gc       ] GC(1839) Concurrent Mark Cycle 59.256ms
[17.574s][info][gc       ] GC(1846) Pause Young (Normal) (G1 Evacuation Pause) 159M->150M(256M) 7.624ms
[17.574s][info][gc,cpu   ] GC(1846) User=0.01s Sys=0.00s Real=0.01s
[17.577s][info][safepoint] Safepoint "G1CollectForAllocation", Time since last: 2142753 ns, Reaching safepoint: 7784 ns, Cleanup: 1437 ns, At safepoint: 7653161 ns, Leaving safepoint: 2194949 ns, Total: 9857331 ns
[17.591s][info][gc       ] GC(1847) Pause Young (Normal) (G1 Evacuation Pause) 184M->177M(256M) 5.951ms
[17.591s][info][gc,cpu   ] GC(1847) User=0.00s Sys=0.00s Real=0.01s
[17.591s][info][safepoint] Safepoint "G1CollectForAllocation", Time since last: 8005122 ns, Reaching safepoint: 5052 ns, Cleanup: 1529 ns, At safepoint: 5972264 ns, Leaving safepoint: 2039 ns, Total: 5980884 ns
[17.598s][info][gc       ] GC(1848) Pause Young (Concurrent Start) (G1 Evacuation Pause) 201M->198M(256M) 4.880ms
[17.598s][info][gc       ] GC(1849) Concurrent Mark Cycle
[17.598s][info][gc,cpu   ] GC(1848) User=0.01s Sys=0.00s Real=0.01s
[17.605s][info][safepoint] Safepoint "G1CollectForAllocation", Time since last: 2504193 ns, Reaching safepoint: 1122 ns, Cleanup: 1138 ns, At safepoint: 5000279 ns, Leaving safepoint: 6943738 ns, Total: 11946277 ns
[17.606s][info][gc       ] GC(1849) Pause Remark 199M->199M(256M) 0.278ms
[17.606s][info][gc,cpu   ] GC(1849) User=0.00s Sys=0.00s Real=0.00s
[17.606s][info][safepoint] Safepoint "G1PauseRemark", Time since last: 33952 ns, Reaching safepoint: 118962 ns, Cleanup: 2023 ns, At safepoint: 303348 ns, Leaving safepoint: 7652 ns, Total: 431985 ns
[17.611s][info][gc       ] GC(1850) Pause Young (Normal) (G1 Evacuation Pause) 214M->212M(256M) 2.978ms
[17.611s][info][gc,cpu   ] GC(1850) User=0.00s Sys=0.00s Real=0.01s
[17.611s][info][safepoint] Safepoint "G1CollectForAllocation", Time since last: 2681324 ns, Reaching safepoint: 42704 ns, Cleanup: 2555 ns, At safepoint: 3004479 ns, Leaving safepoint: 2227 ns, Total: 3051965 ns
[17.619s][info][gc       ] GC(1851) Pause Young (Normal) (G1 Evacuation Pause) 224M->223M(256M) 2.359ms
[17.619s][info][gc,cpu   ] GC(1851) User=0.00s Sys=0.00s Real=0.00s
[17.619s][info][safepoint] Safepoint "G1CollectForAllocation", Time since last: 5371628 ns, Reaching safepoint: 6738 ns, Cleanup: 1729 ns, At safepoint: 2379758 ns, Leaving safepoint: 1875 ns, Total: 2390100 ns
[17.622s][info][gc       ] GC(1852) Pause Young (Normal) (G1 Evacuation Pause) 233M->232M(256M) 1.446ms
[17.622s][info][gc,cpu   ] GC(1852) User=0.00s Sys=0.00s Real=0.00s
[17.622s][info][safepoint] Safepoint "G1CollectForAllocation", Time since last: 1781403 ns, Reaching safepoint: 4400 ns, Cleanup: 1529 ns, At safepoint: 1465747 ns, Leaving safepoint: 2201 ns, Total: 1473877 ns
[17.626s][info][gc       ] GC(1853) Pause Young (Normal) (G1 Evacuation Pause) (Evacuation Failure) 242M->248M(256M) 1.373ms
[17.626s][info][gc,cpu   ] GC(1853) User=0.00s Sys=0.00s Real=0.00s
[17.626s][info][safepoint] Safepoint "G1CollectForAllocation", Time since last: 2354557 ns, Reaching safepoint: 4377 ns, Cleanup: 1266 ns, At safepoint: 1390214 ns, Leaving safepoint: 1990 ns, Total: 1397847 ns
[17.627s][info][gc       ] GC(1854) Pause Young (Normal) (G1 Evacuation Pause) (Evacuation Failure) 252M->252M(256M) 0.243ms
[17.627s][info][gc,cpu   ] GC(1854) User=0.00s Sys=0.00s Real=0.00s
[17.649s][info][gc       ] GC(1855) Pause Full (G1 Compaction Pause) 252M->108M(256M) 22.757ms
[17.649s][info][gc,cpu   ] GC(1855) User=0.02s Sys=0.00s Real=0.03s
[17.653s][info][safepoint] Safepoint "G1CollectForAllocation", Time since last: 320280 ns, Reaching safepoint: 1085 ns, Cleanup: 1166 ns, At safepoint: 23043245 ns, Leaving safepoint: 3230580 ns, Total: 26276076 ns
[17.653s][info][gc       ] GC(1849) Pause Cleanup 109M->109M(256M) 0.005ms
[17.653s][info][gc,cpu   ] GC(1849) User=0.00s Sys=0.00s Real=0.00s
[17.653s][info][safepoint] Safepoint "G1PauseCleanup", Time since last: 23320 ns, Reaching safepoint: 104926 ns, Cleanup: 1635 ns, At safepoint: 13592 ns, Leaving safepoint: 3025 ns, Total: 123178 ns
[17.653s][info][gc       ] GC(1849) Concurrent Mark Cycle 54.759ms
[17.672s][info][gc       ] GC(1856) Pause Young (Normal) (G1 Evacuation Pause) 160M->149M(256M) 7.167ms
[17.672s][info][gc,cpu   ] GC(1856) User=0.00s Sys=0.00s Real=0.01s
[17.672s][info][safepoint] Safepoint "G1CollectForAllocation", Time since last: 11865675 ns, Reaching safepoint: 5784 ns, Cleanup: 2040 ns, At safepoint: 7199229 ns, Leaving safepoint: 2746 ns, Total: 7209799 ns
[17.688s][info][gc       ] GC(1857) Pause Young (Normal) (G1 Evacuation Pause) 184M->178M(256M) 6.034ms
[17.688s][info][gc,cpu   ] GC(1857) User=0.01s Sys=0.00s Real=0.00s
[17.688s][info][safepoint] Safepoint "G1CollectForAllocation", Time since last: 9632639 ns, Reaching safepoint: 1379 ns, Cleanup: 2093 ns, At safepoint: 6064832 ns, Leaving safepoint: 807 ns, Total: 6069111 ns
[17.701s][info][gc       ] GC(1858) Pause Young (Concurrent Start) (G1 Evacuation Pause) 202M->199M(256M) 4.540ms
[17.701s][info][gc       ] GC(1859) Concurrent Mark Cycle
[17.701s][info][gc,cpu   ] GC(1858) User=0.00s Sys=0.00s Real=0.00s
[17.701s][info][safepoint] Safepoint "G1CollectForAllocation", Time since last: 9080793 ns, Reaching safepoint: 4889 ns, Cleanup: 1968 ns, At safepoint: 4707144 ns, Leaving safepoint: 5933 ns, Total: 4719934 ns
[17.712s][info][gc       ] GC(1860) Pause Young (Normal) (G1 Evacuation Pause) 215M->213M(256M) 2.972ms
[17.712s][info][gc,cpu   ] GC(1860) User=0.00s Sys=0.00s Real=0.00s
[17.712s][info][safepoint] Safepoint "G1CollectForAllocation", Time since last: 7308120 ns, Reaching safepoint: 8958 ns, Cleanup: 1958 ns, At safepoint: 3000172 ns, Leaving safepoint: 2037 ns, Total: 3013125 ns
[17.712s][info][gc       ] GC(1859) Pause Remark 213M->211M(256M) 0.130ms
[17.712s][info][gc,cpu   ] GC(1859) User=0.00s Sys=0.00s Real=0.00s
[17.717s][info][safepoint] Safepoint "G1PauseRemark", Time since last: 25331 ns, Reaching safepoint: 87949 ns, Cleanup: 1729 ns, At safepoint: 139334 ns, Leaving safepoint: 4697505 ns, Total: 4926517 ns
[17.722s][info][gc       ] GC(1861) Pause Young (Normal) (G1 Evacuation Pause) 222M->221M(256M) 2.388ms
[17.722s][info][gc,cpu   ] GC(1861) User=0.00s Sys=0.00s Real=0.00s
[17.722s][info][safepoint] Safepoint "G1CollectForAllocation", Time since last: 2478082 ns, Reaching safepoint: 8288 ns, Cleanup: 1602 ns, At safepoint: 2415739 ns, Leaving safepoint: 13042 ns, Total: 2438671 ns
[17.722s][info][gc       ] GC(1859) Pause Cleanup 221M->221M(256M) 0.112ms
[17.722s][info][gc,cpu   ] GC(1859) User=0.00s Sys=0.00s Real=0.00s
[17.725s][info][safepoint] Safepoint "G1PauseCleanup", Time since last: 16409 ns, Reaching safepoint: 83496 ns, Cleanup: 1524 ns, At safepoint: 121413 ns, Leaving safepoint: 2877336 ns, Total: 3083769 ns
[17.725s][info][gc       ] GC(1859) Concurrent Mark Cycle 24.036ms
[17.728s][info][gc       ] GC(1862) Pause Young (Prepare Mixed) (G1 Evacuation Pause) 231M->231M(256M) 1.744ms
[17.728s][info][gc,cpu   ] GC(1862) User=0.00s Sys=0.00s Real=0.00s
[17.728s][info][safepoint] Safepoint "G1CollectForAllocation", Time since last: 1441387 ns, Reaching safepoint: 7447 ns, Cleanup: 1886 ns, At safepoint: 1765394 ns, Leaving safepoint: 1630 ns, Total: 1776357 ns
[17.733s][info][gc       ] GC(1863) Pause Young (Mixed) (G1 Evacuation Pause) (Evacuation Failure) 241M->229M(256M) 2.892ms
[17.733s][info][gc,cpu   ] GC(1863) User=0.00s Sys=0.00s Real=0.00s
[17.737s][info][safepoint] Safepoint "G1CollectForAllocation", Time since last: 2020815 ns, Reaching safepoint: 1182 ns, Cleanup: 1896 ns, At safepoint: 2917975 ns, Leaving safepoint: 3890086 ns, Total: 6811139 ns
[17.744s][info][gc       ] GC(1864) Pause Young (Mixed) (G1 Evacuation Pause) (Evacuation Failure) 239M->226M(256M) 3.224ms
[17.744s][info][gc,cpu   ] GC(1864) User=0.00s Sys=0.00s Real=0.00s
[17.744s][info][safepoint] Safepoint "G1CollectForAllocation", Time since last: 3948903 ns, Reaching safepoint: 5099 ns, Cleanup: 2315 ns, At safepoint: 3251833 ns, Leaving safepoint: 2342 ns, Total: 3261589 ns
[17.752s][info][gc       ] GC(1865) Pause Young (Mixed) (G1 Evacuation Pause) 236M->215M(256M) 3.186ms
[17.752s][info][gc,cpu   ] GC(1865) User=0.00s Sys=0.00s Real=0.00s
[17.752s][info][safepoint] Safepoint "G1CollectForAllocation", Time since last: 4732392 ns, Reaching safepoint: 8764 ns, Cleanup: 2022 ns, At safepoint: 3213694 ns, Leaving safepoint: 2160 ns, Total: 3226640 ns
[17.757s][info][gc       ] GC(1866) Pause Young (Mixed) (G1 Evacuation Pause) 227M->205M(256M) 3.137ms
[17.757s][info][gc,cpu   ] GC(1866) User=0.01s Sys=0.00s Real=0.00s
[17.761s][info][safepoint] Safepoint "G1CollectForAllocation", Time since last: 1540835 ns, Reaching safepoint: 1202 ns, Cleanup: 1614 ns, At safepoint: 3156378 ns, Leaving safepoint: 4062967 ns, Total: 7222161 ns
[17.766s][info][gc       ] GC(1867) Pause Young (Mixed) (G1 Evacuation Pause) 220M->205M(256M) 3.751ms
[17.766s][info][gc,cpu   ] GC(1867) User=0.01s Sys=0.00s Real=0.00s
[17.766s][info][safepoint] Safepoint "G1CollectForAllocation", Time since last: 1749552 ns, Reaching safepoint: 6392 ns, Cleanup: 1330 ns, At safepoint: 3776212 ns, Leaving safepoint: 17384 ns, Total: 3801318 ns
[17.774s][info][gc       ] GC(1868) Pause Young (Concurrent Start) (G1 Evacuation Pause) 220M->218M(256M) 2.666ms
[17.774s][info][gc       ] GC(1869) Concurrent Mark Cycle
[17.774s][info][gc,cpu   ] GC(1868) User=0.00s Sys=0.00s Real=0.00s
[17.777s][info][safepoint] Safepoint "G1CollectForAllocation", Time since last: 4898766 ns, Reaching safepoint: 5074 ns, Cleanup: 2008 ns, At safepoint: 2743857 ns, Leaving safepoint: 2820297 ns, Total: 5571236 ns
[17.783s][info][gc       ] GC(1870) Pause Young (Normal) (G1 Evacuation Pause) 228M->228M(256M) 1.845ms
[17.783s][info][gc,cpu   ] GC(1870) User=0.00s Sys=0.00s Real=0.00s
[17.783s][info][safepoint] Safepoint "G1CollectForAllocation", Time since last: 4149785 ns, Reaching safepoint: 3667 ns, Cleanup: 1464 ns, At safepoint: 1863050 ns, Leaving safepoint: 7116 ns, Total: 1875297 ns
[17.786s][info][gc       ] GC(1871) Pause Young (Normal) (G1 Evacuation Pause) 238M->237M(256M) 1.682ms
[17.786s][info][gc,cpu   ] GC(1871) User=0.01s Sys=0.00s Real=0.00s
[17.786s][info][safepoint] Safepoint "G1CollectForAllocation", Time since last: 1136627 ns, Reaching safepoint: 1094 ns, Cleanup: 1354 ns, At safepoint: 1700301 ns, Leaving safepoint: 1145 ns, Total: 1703894 ns
[17.788s][info][gc       ] GC(1872) Pause Young (Normal) (G1 Evacuation Pause) (Evacuation Failure) 247M->252M(256M) 1.255ms
[17.788s][info][gc,cpu   ] GC(1872) User=0.00s Sys=0.00s Real=0.00s
[17.788s][info][safepoint] Safepoint "G1CollectForAllocation", Time since last: 908048 ns, Reaching safepoint: 1221 ns, Cleanup: 1724 ns, At safepoint: 1272794 ns, Leaving safepoint: 1629 ns, Total: 1277368 ns
[17.788s][info][gc       ] GC(1873) Pause Young (Normal) (G1 Evacuation Pause) (Evacuation Failure) 255M->255M(256M) 0.201ms
[17.788s][info][gc,cpu   ] GC(1873) User=0.00s Sys=0.00s Real=0.00s
[17.812s][info][gc       ] GC(1874) Pause Full (G1 Compaction Pause) 255M->108M(256M) 23.552ms
[17.812s][info][gc,cpu   ] GC(1874) User=0.02s Sys=0.00s Real=0.03s
[17.817s][info][safepoint] Safepoint "G1CollectForAllocation", Time since last: 242798 ns, Reaching safepoint: 1049 ns, Cleanup: 1132 ns, At safepoint: 23797979 ns, Leaving safepoint: 4884590 ns, Total: 28684750 ns
[17.817s][info][gc       ] GC(1869) Pause Remark 109M->109M(256M) 0.005ms
[17.817s][info][gc,cpu   ] GC(1869) User=0.00s Sys=0.00s Real=0.00s
[17.817s][info][safepoint] Safepoint "G1PauseRemark", Time since last: 26888 ns, Reaching safepoint: 145306 ns, Cleanup: 2198 ns, At safepoint: 14330 ns, Leaving safepoint: 3186 ns, Total: 165020 ns
[17.817s][info][gc       ] GC(1869) Concurrent Mark Cycle 43.059ms
[17.832s][info][gc       ] GC(1875) Pause Young (Normal) (G1 Evacuation Pause) 159M->149M(256M) 7.382ms
[17.832s][info][gc,cpu   ] GC(1875) User=0.01s Sys=0.00s Real=0.01s
[17.832s][info][safepoint] Safepoint "G1CollectForAllocation", Time since last: 7259782 ns, Reaching safepoint: 1448 ns, Cleanup: 1721 ns, At safepoint: 7413051 ns, Leaving safepoint: 1145 ns, Total: 7417365 ns
[17.844s][info][gc       ] GC(1876) Pause Young (Normal) (G1 Evacuation Pause) 184M->177M(256M) 7.077ms
[17.844s][info][gc,cpu   ] GC(1876) User=0.00s Sys=0.00s Real=0.00s
[17.849s][info][safepoint] Safepoint "G1CollectForAllocation", Time since last: 5591029 ns, Reaching safepoint: 1994 ns, Cleanup: 1438 ns, At safepoint: 7104108 ns, Leaving safepoint: 4439884 ns, Total: 11547424 ns
[17.858s][info][gc       ] GC(1877) Pause Young (Concurrent Start) (G1 Evacuation Pause) 200M->198M(256M) 5.243ms
[17.858s][info][gc,cpu   ] GC(1877) User=0.01s Sys=0.00s Real=0.01s
[17.858s][info][gc       ] GC(1878) Concurrent Mark Cycle
[17.858s][info][safepoint] Safepoint "G1CollectForAllocation", Time since last: 4194760 ns, Reaching safepoint: 1727 ns, Cleanup: 2173 ns, At safepoint: 5276078 ns, Leaving safepoint: 101122 ns, Total: 5381100 ns
[17.866s][info][gc       ] GC(1879) Pause Young (Normal) (G1 Evacuation Pause) 213M->212M(256M) 3.063ms
[17.866s][info][gc,cpu   ] GC(1879) User=0.00s Sys=0.00s Real=0.00s
[17.869s][info][safepoint] Safepoint "G1CollectForAllocation", Time since last: 4497170 ns, Reaching safepoint: 14957 ns, Cleanup: 2080 ns, At safepoint: 3091055 ns, Leaving safepoint: 2817400 ns, Total: 5925492 ns
[17.869s][info][gc       ] GC(1878) Pause Remark 213M->213M(256M) 0.137ms
[17.869s][info][gc,cpu   ] GC(1878) User=0.00s Sys=0.00s Real=0.00s
[17.869s][info][safepoint] Safepoint "G1PauseRemark", Time since last: 338963 ns, Reaching safepoint: 116555 ns, Cleanup: 1385 ns, At safepoint: 150525 ns, Leaving safepoint: 3957 ns, Total: 272422 ns
[17.871s][info][gc       ] GC(1878) Pause Cleanup 213M->213M(256M) 0.097ms
[17.871s][info][gc,cpu   ] GC(1878) User=0.00s Sys=0.00s Real=0.00s
[17.871s][info][safepoint] Safepoint "G1PauseCleanup", Time since last: 1498879 ns, Reaching safepoint: 1514 ns, Cleanup: 1270 ns, At safepoint: 111426 ns, Leaving safepoint: 689 ns, Total: 114899 ns
[17.875s][info][gc       ] GC(1880) Pause Young (Prepare Mixed) (G1 Evacuation Pause) 224M->223M(256M) 2.574ms
[17.875s][info][gc,cpu   ] GC(1880) User=0.00s Sys=0.00s Real=0.00s
[17.875s][info][safepoint] Safepoint "G1CollectForAllocation", Time since last: 1604654 ns, Reaching safepoint: 1100 ns, Cleanup: 1227 ns, At safepoint: 2595936 ns, Leaving safepoint: 2257 ns, Total: 2600520 ns
[17.876s][info][gc       ] GC(1878) Concurrent Mark Cycle 17.420ms
[17.879s][info][gc       ] GC(1881) Pause Young (Mixed) (G1 Evacuation Pause) 233M->210M(256M) 2.249ms
[17.879s][info][gc,cpu   ] GC(1881) User=0.00s Sys=0.00s Real=0.00s
[17.881s][info][safepoint] Safepoint "G1CollectForAllocation", Time since last: 1985379 ns, Reaching safepoint: 1514 ns, Cleanup: 1581 ns, At safepoint: 2298903 ns, Leaving safepoint: 1299862 ns, Total: 3601860 ns
[17.885s][info][gc       ] GC(1882) Pause Young (Mixed) (G1 Evacuation Pause) 223M->201M(256M) 3.219ms
[17.885s][info][gc,cpu   ] GC(1882) User=0.00s Sys=0.00s Real=0.00s
[17.889s][info][safepoint] Safepoint "G1CollectForAllocation", Time since last: 1266851 ns, Reaching safepoint: 10082 ns, Cleanup: 1963 ns, At safepoint: 3243522 ns, Leaving safepoint: 3458876 ns, Total: 6714443 ns
[17.894s][info][gc       ] GC(1883) Pause Young (Mixed) (G1 Evacuation Pause) 217M->195M(256M) 3.527ms
[17.894s][info][gc,cpu   ] GC(1883) User=0.00s Sys=0.00s Real=0.00s
[17.894s][info][safepoint] Safepoint "G1CollectForAllocation", Time since last: 1388538 ns, Reaching safepoint: 7014 ns, Cleanup: 1804 ns, At safepoint: 3546809 ns, Leaving safepoint: 2377 ns, Total: 3558004 ns
[17.905s][info][gc       ] GC(1884) Pause Young (Mixed) (G1 Evacuation Pause) 213M->191M(256M) 3.958ms
[17.905s][info][gc,cpu   ] GC(1884) User=0.00s Sys=0.00s Real=0.00s
[17.905s][info][safepoint] Safepoint "G1CollectForAllocation", Time since last: 7087361 ns, Reaching safepoint: 113733 ns, Cleanup: 1822 ns, At safepoint: 3985071 ns, Leaving safepoint: 9340 ns, Total: 4109966 ns
[17.914s][info][gc       ] GC(1885) Pause Young (Mixed) (G1 Evacuation Pause) 211M->195M(256M) 3.850ms
[17.915s][info][gc,cpu   ] GC(1885) User=0.00s Sys=0.00s Real=0.00s
[17.915s][info][safepoint] Safepoint "G1CollectForAllocation", Time since last: 5806426 ns, Reaching safepoint: 8001 ns, Cleanup: 1705 ns, At safepoint: 3871778 ns, Leaving safepoint: 16456 ns, Total: 3897940 ns
[17.924s][info][gc       ] GC(1886) Pause Young (Concurrent Start) (G1 Evacuation Pause) 214M->212M(256M) 2.976ms
[17.924s][info][gc,cpu   ] GC(1886) User=0.00s Sys=0.00s Real=0.00s
[17.924s][info][gc       ] GC(1887) Concurrent Mark Cycle
[17.924s][info][safepoint] Safepoint "G1CollectForAllocation", Time since last: 6156217 ns, Reaching safepoint: 3969 ns, Cleanup: 1536 ns, At safepoint: 3018917 ns, Leaving safepoint: 88936 ns, Total: 3113358 ns
[17.930s][info][gc       ] GC(1888) Pause Young (Normal) (G1 Evacuation Pause) 225M->224M(256M) 2.125ms
[17.930s][info][gc,cpu   ] GC(1888) User=0.00s Sys=0.00s Real=0.01s
[17.930s][info][safepoint] Safepoint "G1CollectForAllocation", Time since last: 3822639 ns, Reaching safepoint: 1385 ns, Cleanup: 1745 ns, At safepoint: 2144000 ns, Leaving safepoint: 1935 ns, Total: 2149065 ns
[17.933s][info][gc       ] GC(1889) Pause Young (Normal) (G1 Evacuation Pause) 234M->233M(256M) 1.516ms
[17.933s][info][gc,cpu   ] GC(1889) User=0.00s Sys=0.00s Real=0.00s
[17.933s][info][safepoint] Safepoint "G1CollectForAllocation", Time since last: 2067159 ns, Reaching safepoint: 5126 ns, Cleanup: 1412 ns, At safepoint: 1560244 ns, Leaving safepoint: 2028 ns, Total: 1568810 ns
[17.938s][info][gc       ] GC(1890) Pause Young (Normal) (G1 Evacuation Pause) 243M->242M(256M) 1.251ms
[17.938s][info][gc,cpu   ] GC(1890) User=0.01s Sys=0.00s Real=0.00s
[17.938s][info][safepoint] Safepoint "G1CollectForAllocation", Time since last: 3278870 ns, Reaching safepoint: 6180 ns, Cleanup: 1461 ns, At safepoint: 1268047 ns, Leaving safepoint: 9530 ns, Total: 1285218 ns
[17.939s][info][gc       ] GC(1891) Pause Young (Normal) (G1 Evacuation Pause) (Evacuation Failure) 252M->255M(256M) 0.717ms
[17.939s][info][gc,cpu   ] GC(1891) User=0.00s Sys=0.00s Real=0.00s
[17.962s][info][gc       ] GC(1892) Pause Full (G1 Compaction Pause) 255M->108M(256M) 23.049ms
[17.962s][info][gc,cpu   ] GC(1892) User=0.02s Sys=0.00s Real=0.02s
[17.965s][info][safepoint] Safepoint "G1CollectForAllocation", Time since last: 713338 ns, Reaching safepoint: 1254 ns, Cleanup: 970 ns, At safepoint: 23813219 ns, Leaving safepoint: 2184229 ns, Total: 25999672 ns
[17.965s][info][gc       ] GC(1887) Pause Remark 109M->109M(256M) 0.006ms
[17.965s][info][gc,cpu   ] GC(1887) User=0.00s Sys=0.00s Real=0.00s
[17.965s][info][safepoint] Safepoint "G1PauseRemark", Time since last: 111669 ns, Reaching safepoint: 4328 ns, Cleanup: 1612 ns, At safepoint: 14362 ns, Leaving safepoint: 3120 ns, Total: 23422 ns
[17.965s][info][gc       ] GC(1887) Concurrent Mark Cycle 41.116ms
[17.980s][info][gc       ] GC(1893) Pause Young (Normal) (G1 Evacuation Pause) 157M->148M(256M) 7.051ms
[17.980s][info][gc,cpu   ] GC(1893) User=0.01s Sys=0.00s Real=0.01s
[17.980s][info][safepoint] Safepoint "G1CollectForAllocation", Time since last: 7687282 ns, Reaching safepoint: 1695 ns, Cleanup: 1862 ns, At safepoint: 7083878 ns, Leaving safepoint: 1347 ns, Total: 7088782 ns
[17.990s][info][gc       ] GC(1894) Pause Young (Concurrent Start) (G1 Evacuation Pause) 182M->175M(256M) 5.452ms
[17.990s][info][gc,cpu   ] GC(1894) User=0.00s Sys=0.00s Real=0.01s
[17.990s][info][safepoint] Safepoint "G1CollectForAllocation", Time since last: 5030637 ns, Reaching safepoint: 8015 ns, Cleanup: 2009 ns, At safepoint: 5482446 ns, Leaving safepoint: 2203 ns, Total: 5494673 ns
[17.990s][info][gc       ] GC(1895) Concurrent Mark Cycle
[18.004s][info][gc       ] GC(1896) Pause Young (Normal) (G1 Evacuation Pause) 200M->196M(256M) 4.742ms
[18.004s][info][gc,cpu   ] GC(1896) User=0.01s Sys=0.00s Real=0.00s
[18.004s][info][safepoint] Safepoint "G1CollectForAllocation", Time since last: 9075548 ns, Reaching safepoint: 7175 ns, Cleanup: 1722 ns, At safepoint: 4771663 ns, Leaving safepoint: 2200 ns, Total: 4782760 ns
[18.014s][info][gc       ] GC(1897) Pause Young (Normal) (G1 Evacuation Pause) 213M->211M(256M) 3.519ms
[18.014s][info][gc,cpu   ] GC(1897) User=0.01s Sys=0.00s Real=0.00s
[18.014s][info][safepoint] Safepoint "G1CollectForAllocation", Time since last: 6154363 ns, Reaching safepoint: 9075 ns, Cleanup: 1712 ns, At safepoint: 3545258 ns, Leaving safepoint: 1871 ns, Total: 3557916 ns
[18.020s][info][gc       ] GC(1898) Pause Young (Normal) (G1 Evacuation Pause) 223M->222M(256M) 2.353ms
[18.020s][info][gc,cpu   ] GC(1898) User=0.00s Sys=0.00s Real=0.00s
[18.021s][info][safepoint] Safepoint "G1CollectForAllocation", Time since last: 4294908 ns, Reaching safepoint: 8770 ns, Cleanup: 2913 ns, At safepoint: 2495397 ns, Leaving safepoint: 26666 ns, Total: 2533746 ns
[18.021s][info][gc       ] GC(1895) Pause Remark 222M->221M(256M) 0.162ms
[18.021s][info][gc,cpu   ] GC(1895) User=0.00s Sys=0.00s Real=0.00s
[18.021s][info][safepoint] Safepoint "G1PauseRemark", Time since last: 27561 ns, Reaching safepoint: 101348 ns, Cleanup: 2032 ns, At safepoint: 178345 ns, Leaving safepoint: 79178 ns, Total: 360903 ns
[18.027s][info][gc       ] GC(1899) Pause Young (Normal) (G1 Evacuation Pause) 231M->230M(256M) 1.780ms
[18.027s][info][gc,cpu   ] GC(1899) User=0.00s Sys=0.00s Real=0.00s
[18.027s][info][safepoint] Safepoint "G1CollectForAllocation", Time since last: 4246374 ns, Reaching safepoint: 7265 ns, Cleanup: 1883 ns, At safepoint: 1807203 ns, Leaving safepoint: 2247 ns, Total: 1818598 ns
[18.031s][info][gc       ] GC(1900) Pause Young (Normal) (G1 Evacuation Pause) 240M->240M(256M) 1.316ms
[18.031s][info][gc,cpu   ] GC(1900) User=0.00s Sys=0.00s Real=0.00s
[18.031s][info][safepoint] Safepoint "G1CollectForAllocation", Time since last: 2530429 ns, Reaching safepoint: 6212 ns, Cleanup: 1311 ns, At safepoint: 1333886 ns, Leaving safepoint: 1882 ns, Total: 1343291 ns
[18.034s][info][gc       ] GC(1901) Pause Young (Normal) (G1 Evacuation Pause) (Evacuation Failure) 250M->252M(256M) 0.852ms
[18.034s][info][gc,cpu   ] GC(1901) User=0.00s Sys=0.00s Real=0.00s
[18.058s][info][gc       ] GC(1902) Pause Full (G1 Compaction Pause) 252M->108M(256M) 24.714ms
[18.058s][info][gc,cpu   ] GC(1902) User=0.02s Sys=0.00s Real=0.03s
[18.059s][info][safepoint] Safepoint "G1CollectForAllocation", Time since last: 1880762 ns, Reaching safepoint: 6737 ns, Cleanup: 1969 ns, At safepoint: 25630590 ns, Leaving safepoint: 1076967 ns, Total: 26716263 ns
[18.060s][info][gc       ] GC(1895) Pause Cleanup 109M->109M(256M) 0.005ms
[18.060s][info][gc,cpu   ] GC(1895) User=0.00s Sys=0.00s Real=0.00s
[18.060s][info][safepoint] Safepoint "G1PauseCleanup", Time since last: 25983 ns, Reaching safepoint: 125940 ns, Cleanup: 1803 ns, At safepoint: 14795 ns, Leaving safepoint: 3561 ns, Total: 146099 ns
[18.060s][info][gc       ] GC(1895) Concurrent Mark Cycle 69.498ms
[18.073s][info][gc       ] GC(1903) Pause Young (Normal) (G1 Evacuation Pause) 158M->149M(256M) 7.411ms
[18.073s][info][gc,cpu   ] GC(1903) User=0.01s Sys=0.00s Real=0.01s
[18.077s][info][safepoint] Safepoint "G1CollectForAllocation", Time since last: 6217994 ns, Reaching safepoint: 1685 ns, Cleanup: 1108 ns, At safepoint: 7439290 ns, Leaving safepoint: 3406485 ns, Total: 10848568 ns
[18.089s][info][gc       ] GC(1904) Pause Young (Concurrent Start) (G1 Evacuation Pause) 182M->176M(256M) 6.857ms
[18.089s][info][gc       ] GC(1905) Concurrent Mark Cycle
[18.089s][info][gc,cpu   ] GC(1904) User=0.01s Sys=0.00s Real=0.01s
[18.091s][info][safepoint] Safepoint "G1CollectForAllocation", Time since last: 5424016 ns, Reaching safepoint: 1838 ns, Cleanup: 2215 ns, At safepoint: 6993902 ns, Leaving safepoint: 2366057 ns, Total: 9364012 ns
[18.092s][info][gc       ] GC(1905) Pause Remark 176M->176M(256M) 0.129ms
[18.092s][info][gc,cpu   ] GC(1905) User=0.00s Sys=0.00s Real=0.00s
[18.093s][info][safepoint] Safepoint "G1PauseRemark", Time since last: 26369 ns, Reaching safepoint: 139912 ns, Cleanup: 2256 ns, At safepoint: 143289 ns, Leaving safepoint: 900208 ns, Total: 1185665 ns
[18.094s][info][gc       ] GC(1905) Pause Cleanup 177M->177M(256M) 0.083ms
[18.094s][info][gc,cpu   ] GC(1905) User=0.00s Sys=0.00s Real=0.00s
[18.094s][info][safepoint] Safepoint "G1PauseCleanup", Time since last: 1220925 ns, Reaching safepoint: 7129 ns, Cleanup: 1224 ns, At safepoint: 97782 ns, Leaving safepoint: 4623 ns, Total: 110758 ns
[18.097s][info][gc       ] GC(1905) Concurrent Mark Cycle 8.111ms
[18.102s][info][gc       ] GC(1906) Pause Young (Prepare Mixed) (G1 Evacuation Pause) 200M->196M(256M) 4.377ms
[18.102s][info][gc,cpu   ] GC(1906) User=0.00s Sys=0.00s Real=0.00s
[18.105s][info][safepoint] Safepoint "G1CollectForAllocation", Time since last: 3351416 ns, Reaching safepoint: 1058 ns, Cleanup: 745 ns, At safepoint: 4437289 ns, Leaving safepoint: 2882291 ns, Total: 7321383 ns
[18.110s][info][gc       ] GC(1907) Pause Young (Mixed) (G1 Evacuation Pause) 214M->191M(256M) 4.065ms
[18.111s][info][gc,cpu   ] GC(1907) User=0.00s Sys=0.00s Real=0.01s
[18.113s][info][safepoint] Safepoint "G1CollectForAllocation", Time since last: 1728517 ns, Reaching safepoint: 5571 ns, Cleanup: 1254 ns, At safepoint: 4083632 ns, Leaving safepoint: 2173589 ns, Total: 6264046 ns
[18.121s][info][gc       ] GC(1908) Pause Young (Mixed) (G1 Evacuation Pause) 210M->189M(256M) 4.440ms
[18.121s][info][gc,cpu   ] GC(1908) User=0.00s Sys=0.00s Real=0.00s
[18.123s][info][safepoint] Safepoint "G1CollectForAllocation", Time since last: 4005530 ns, Reaching safepoint: 3608 ns, Cleanup: 911 ns, At safepoint: 4458366 ns, Leaving safepoint: 1780203 ns, Total: 6243088 ns
[18.130s][info][gc       ] GC(1909) Pause Young (Mixed) (G1 Evacuation Pause) 209M->188M(256M) 4.798ms
[18.130s][info][gc,cpu   ] GC(1909) User=0.00s Sys=0.00s Real=0.01s
[18.133s][info][safepoint] Safepoint "G1CollectForAllocation", Time since last: 1908235 ns, Reaching safepoint: 997 ns, Cleanup: 810 ns, At safepoint: 4818282 ns, Leaving safepoint: 3039655 ns, Total: 7859744 ns
[18.139s][info][gc       ] GC(1910) Pause Young (Mixed) (G1 Evacuation Pause) 208M->193M(256M) 4.090ms
[18.139s][info][gc,cpu   ] GC(1910) User=0.00s Sys=0.00s Real=0.01s
[18.139s][info][safepoint] Safepoint "G1CollectForAllocation", Time since last: 1795655 ns, Reaching safepoint: 5558 ns, Cleanup: 1308 ns, At safepoint: 4107514 ns, Leaving safepoint: 17326 ns, Total: 4131706 ns
[18.148s][info][gc       ] GC(1911) Pause Young (Concurrent Start) (G1 Evacuation Pause) 212M->210M(256M) 2.807ms
[18.148s][info][gc,cpu   ] GC(1911) User=0.00s Sys=0.00s Real=0.00s
[18.148s][info][gc       ] GC(1912) Concurrent Mark Cycle
[18.150s][info][safepoint] Safepoint "G1CollectForAllocation", Time since last: 6066866 ns, Reaching safepoint: 4229 ns, Cleanup: 1626 ns, At safepoint: 2830001 ns, Leaving safepoint: 2779425 ns, Total: 5615281 ns
[18.154s][info][gc       ] GC(1913) Pause Young (Normal) (G1 Evacuation Pause) 223M->222M(256M) 2.558ms
[18.154s][info][gc,cpu   ] GC(1913) User=0.00s Sys=0.00s Real=0.00s
[18.157s][info][safepoint] Safepoint "G1CollectForAllocation", Time since last: 995936 ns, Reaching safepoint: 1136 ns, Cleanup: 1250 ns, At safepoint: 2578458 ns, Leaving safepoint: 2926514 ns, Total: 5507358 ns
[18.159s][info][gc       ] GC(1914) Pause Young (Normal) (G1 Evacuation Pause) 232M->231M(256M) 1.314ms
[18.159s][info][gc,cpu   ] GC(1914) User=0.00s Sys=0.00s Real=0.00s
[18.159s][info][safepoint] Safepoint "G1CollectForAllocation", Time since last: 803492 ns, Reaching safepoint: 6706 ns, Cleanup: 1796 ns, At safepoint: 1331481 ns, Leaving safepoint: 16969 ns, Total: 1356952 ns
[18.159s][info][gc       ] GC(1912) Pause Remark 231M->227M(256M) 0.130ms
[18.159s][info][gc,cpu   ] GC(1912) User=0.00s Sys=0.00s Real=0.00s
[18.159s][info][safepoint] Safepoint "G1PauseRemark", Time since last: 13772 ns, Reaching safepoint: 93443 ns, Cleanup: 1303 ns, At safepoint: 138687 ns, Leaving safepoint: 73336 ns, Total: 306769 ns
[18.164s][info][gc       ] GC(1915) Pause Young (Normal) (G1 Evacuation Pause) 237M->236M(256M) 1.340ms
[18.164s][info][gc,cpu   ] GC(1915) User=0.00s Sys=0.00s Real=0.00s
[18.164s][info][safepoint] Safepoint "G1CollectForAllocation", Time since last: 3510700 ns, Reaching safepoint: 6445 ns, Cleanup: 1445 ns, At safepoint: 1359984 ns, Leaving safepoint: 1685 ns, Total: 1369559 ns
[18.170s][info][gc       ] GC(1916) Pause Young (Normal) (G1 Evacuation Pause) (Evacuation Failure) 246M->252M(256M) 1.215ms
[18.170s][info][gc,cpu   ] GC(1916) User=0.00s Sys=0.00s Real=0.00s
[18.170s][info][safepoint] Safepoint "G1CollectForAllocation", Time since last: 4515669 ns, Reaching safepoint: 5485 ns, Cleanup: 1277 ns, At safepoint: 1234327 ns, Leaving safepoint: 8838 ns, Total: 1249927 ns
[18.170s][info][gc       ] GC(1917) Pause Young (Normal) (G1 Evacuation Pause) (Evacuation Failure) 255M->255M(256M) 0.267ms
[18.170s][info][gc,cpu   ] GC(1917) User=0.00s Sys=0.00s Real=0.00s
[18.192s][info][gc       ] GC(1918) Pause Full (G1 Compaction Pause) 255M->108M(256M) 21.153ms
[18.192s][info][gc,cpu   ] GC(1918) User=0.02s Sys=0.00s Real=0.02s
[18.193s][info][safepoint] Safepoint "G1CollectForAllocation", Time since last: 232713 ns, Reaching safepoint: 838 ns, Cleanup: 866 ns, At safepoint: 21462957 ns, Leaving safepoint: 1053039 ns, Total: 22517700 ns
[18.194s][info][gc       ] GC(1912) Pause Cleanup 119M->119M(256M) 0.006ms
[18.194s][info][gc,cpu   ] GC(1912) User=0.00s Sys=0.00s Real=0.00s
[18.194s][info][safepoint] Safepoint "G1PauseCleanup", Time since last: 940767 ns, Reaching safepoint: 6577 ns, Cleanup: 1940 ns, At safepoint: 20476 ns, Leaving safepoint: 1302 ns, Total: 30295 ns
[18.194s][info][gc       ] GC(1912) Concurrent Mark Cycle 46.138ms
[18.207s][info][gc       ] GC(1919) Pause Young (Normal) (G1 Evacuation Pause) 157M->148M(256M) 7.001ms
[18.207s][info][gc,cpu   ] GC(1919) User=0.01s Sys=0.00s Real=0.00s
[18.209s][info][safepoint] Safepoint "G1CollectForAllocation", Time since last: 6510445 ns, Reaching safepoint: 1757 ns, Cleanup: 2078 ns, At safepoint: 7029461 ns, Leaving safepoint: 1480416 ns, Total: 8513712 ns
[18.218s][info][gc       ] GC(1920) Pause Young (Normal) (G1 Evacuation Pause) 182M->176M(256M) 5.685ms
[18.218s][info][gc,cpu   ] GC(1920) User=0.01s Sys=0.00s Real=0.01s
[18.221s][info][safepoint] Safepoint "G1CollectForAllocation", Time since last: 3497075 ns, Reaching safepoint: 6422 ns, Cleanup: 1572 ns, At safepoint: 5705854 ns, Leaving safepoint: 2830789 ns, Total: 8544637 ns
[18.233s][info][gc       ] GC(1921) Pause Young (Concurrent Start) (G1 Evacuation Pause) 200M->197M(256M) 4.429ms
[18.233s][info][gc,cpu   ] GC(1921) User=0.00s Sys=0.00s Real=0.00s
[18.233s][info][safepoint] Safepoint "G1CollectForAllocation", Time since last: 7961479 ns, Reaching safepoint: 5299 ns, Cleanup: 1960 ns, At safepoint: 4460529 ns, Leaving safepoint: 2113 ns, Total: 4469901 ns
[18.233s][info][gc       ] GC(1922) Concurrent Mark Cycle
[18.241s][info][gc       ] GC(1922) Pause Remark 212M->212M(256M) 0.131ms
[18.241s][info][gc,cpu   ] GC(1922) User=0.00s Sys=0.00s Real=0.00s
[18.241s][info][safepoint] Safepoint "G1PauseRemark", Time since last: 7550392 ns, Reaching safepoint: 40229 ns, Cleanup: 2028 ns, At safepoint: 149710 ns, Leaving safepoint: 1300 ns, Total: 193267 ns
[18.244s][info][gc       ] GC(1923) Pause Young (Normal) (G1 Evacuation Pause) 214M->212M(256M) 3.078ms
[18.244s][info][gc,cpu   ] GC(1923) User=0.00s Sys=0.00s Real=0.00s
[18.244s][info][safepoint] Safepoint "G1CollectForAllocation", Time since last: 232868 ns, Reaching safepoint: 603 ns, Cleanup: 693 ns, At safepoint: 3094844 ns, Leaving safepoint: 2929 ns, Total: 3099069 ns
[18.253s][info][gc       ] GC(1924) Pause Young (Normal) (G1 Evacuation Pause) 224M->224M(256M) 1.875ms
[18.253s][info][gc,cpu   ] GC(1924) User=0.00s Sys=0.00s Real=0.00s
[18.253s][info][safepoint] Safepoint "G1CollectForAllocation", Time since last: 6796321 ns, Reaching safepoint: 7696 ns, Cleanup: 1537 ns, At safepoint: 1897137 ns, Leaving safepoint: 1543 ns, Total: 1907913 ns
[18.255s][info][gc       ] GC(1925) Pause Young (Normal) (G1 Evacuation Pause) 234M->233M(256M) 1.770ms
[18.255s][info][gc,cpu   ] GC(1925) User=0.01s Sys=0.00s Real=0.00s
[18.255s][info][safepoint] Safepoint "G1CollectForAllocation", Time since last: 767118 ns, Reaching safepoint: 820 ns, Cleanup: 1256 ns, At safepoint: 1785979 ns, Leaving safepoint: 2027 ns, Total: 1790082 ns
[18.262s][info][gc       ] GC(1926) Pause Young (Normal) (G1 Evacuation Pause) (Evacuation Failure) 243M->249M(256M) 1.290ms
[18.262s][info][gc,cpu   ] GC(1926) User=0.00s Sys=0.00s Real=0.00s
[18.262s][info][safepoint] Safepoint "G1CollectForAllocation", Time since last: 5206256 ns, Reaching safepoint: 5850 ns, Cleanup: 1158 ns, At safepoint: 1309462 ns, Leaving safepoint: 14918 ns, Total: 1331388 ns
[18.262s][info][gc       ] GC(1922) Pause Cleanup 249M->249M(256M) 0.101ms
[18.262s][info][gc,cpu   ] GC(1922) User=0.00s Sys=0.00s Real=0.00s
[18.262s][info][safepoint] Safepoint "G1PauseCleanup", Time since last: 32709 ns, Reaching safepoint: 95524 ns, Cleanup: 1044 ns, At safepoint: 110125 ns, Leaving safepoint: 74230 ns, Total: 280923 ns
[18.265s][info][gc       ] GC(1922) Concurrent Mark Cycle 31.909ms
[18.266s][info][gc       ] GC(1927) Pause Young (Prepare Mixed) (G1 Evacuation Pause) (Evacuation Failure) 252M->252M(256M) 0.286ms
[18.266s][info][gc,cpu   ] GC(1927) User=0.01s Sys=0.00s Real=0.00s
[18.287s][info][gc       ] GC(1928) Pause Full (G1 Compaction Pause) 252M->108M(256M) 21.550ms
[18.287s][info][gc,cpu   ] GC(1928) User=0.02s Sys=0.00s Real=0.02s
[18.293s][info][safepoint] Safepoint "G1CollectForAllocation", Time since last: 2906017 ns, Reaching safepoint: 5127 ns, Cleanup: 1058 ns, At safepoint: 21875758 ns, Leaving safepoint: 5545321 ns, Total: 27427264 ns
[18.308s][info][gc       ] GC(1929) Pause Young (Normal) (G1 Evacuation Pause) 162M->151M(256M) 7.243ms
[18.308s][info][gc,cpu   ] GC(1929) User=0.01s Sys=0.00s Real=0.00s
[18.313s][info][safepoint] Safepoint "G1CollectForAllocation", Time since last: 8066929 ns, Reaching safepoint: 2441 ns, Cleanup: 2820 ns, At safepoint: 7272406 ns, Leaving safepoint: 4671798 ns, Total: 11949465 ns
[18.327s][info][gc       ] GC(1930) Pause Young (Normal) (G1 Evacuation Pause) 185M->178M(256M) 6.513ms
[18.327s][info][gc,cpu   ] GC(1930) User=0.01s Sys=0.00s Real=0.00s
[18.327s][info][safepoint] Safepoint "G1CollectForAllocation", Time since last: 8017097 ns, Reaching safepoint: 6660 ns, Cleanup: 2840 ns, At safepoint: 6542447 ns, Leaving safepoint: 1840 ns, Total: 6553787 ns
[18.335s][info][gc       ] GC(1931) Pause Young (Concurrent Start) (G1 Evacuation Pause) 202M->198M(256M) 4.692ms
[18.335s][info][gc       ] GC(1932) Concurrent Mark Cycle
[18.335s][info][gc,cpu   ] GC(1931) User=0.00s Sys=0.00s Real=0.00s
[18.342s][info][safepoint] Safepoint "G1CollectForAllocation", Time since last: 2917239 ns, Reaching safepoint: 1767 ns, Cleanup: 1842 ns, At safepoint: 4824499 ns, Leaving safepoint: 6924859 ns, Total: 11752967 ns
[18.348s][info][gc       ] GC(1933) Pause Young (Normal) (G1 Evacuation Pause) 215M->214M(256M) 2.946ms
[18.348s][info][gc,cpu   ] GC(1933) User=0.01s Sys=0.00s Real=0.00s
[18.348s][info][safepoint] Safepoint "G1CollectForAllocation", Time since last: 2763951 ns, Reaching safepoint: 6970 ns, Cleanup: 1985 ns, At safepoint: 2971988 ns, Leaving safepoint: 9017 ns, Total: 2989960 ns
[18.349s][info][gc       ] GC(1932) Pause Remark 224M->223M(256M) 0.152ms
[18.349s][info][gc,cpu   ] GC(1932) User=0.00s Sys=0.00s Real=0.00s
[18.353s][info][safepoint] Safepoint "G1PauseRemark", Time since last: 1020234 ns, Reaching safepoint: 200734 ns, Cleanup: 2609 ns, At safepoint: 172373 ns, Leaving safepoint: 3615551 ns, Total: 3991267 ns
[18.354s][info][gc       ] GC(1932) Pause Cleanup 223M->223M(256M) 0.100ms
[18.354s][info][gc,cpu   ] GC(1932) User=0.00s Sys=0.00s Real=0.00s
[18.354s][info][safepoint] Safepoint "G1PauseCleanup", Time since last: 1542593 ns, Reaching safepoint: 9253 ns, Cleanup: 1617 ns, At safepoint: 141416 ns, Leaving safepoint: 4307 ns, Total: 156593 ns
[18.355s][info][gc       ] GC(1932) Concurrent Mark Cycle 19.928ms
[18.357s][info][gc       ] GC(1934) Pause Young (Prepare Mixed) (G1 Evacuation Pause) 223M->223M(256M) 2.176ms
[18.357s][info][gc,cpu   ] GC(1934) User=0.01s Sys=0.00s Real=0.01s
[18.357s][info][safepoint] Safepoint "G1CollectForAllocation", Time since last: 453881 ns, Reaching safepoint: 855 ns, Cleanup: 962 ns, At safepoint: 2199715 ns, Leaving safepoint: 21563 ns, Total: 2223095 ns
[18.360s][info][gc       ] GC(1935) Pause Young (Mixed) (G1 Evacuation Pause) 233M->210M(256M) 2.200ms
[18.360s][info][gc,cpu   ] GC(1935) User=0.00s Sys=0.00s Real=0.00s
[18.360s][info][safepoint] Safepoint "G1CollectForAllocation", Time since last: 908234 ns, Reaching safepoint: 1448 ns, Cleanup: 1687 ns, At safepoint: 2218067 ns, Leaving safepoint: 23382 ns, Total: 2244584 ns
[18.365s][info][gc       ] GC(1936) Pause Young (Mixed) (G1 Evacuation Pause) 223M->201M(256M) 2.978ms
[18.365s][info][gc,cpu   ] GC(1936) User=0.00s Sys=0.00s Real=0.00s
[18.365s][info][safepoint] Safepoint "G1CollectForAllocation", Time since last: 1449435 ns, Reaching safepoint: 1098 ns, Cleanup: 1409 ns, At safepoint: 3029789 ns, Leaving safepoint: 23054 ns, Total: 3055350 ns
[18.373s][info][gc       ] GC(1937) Pause Young (Mixed) (G1 Evacuation Pause) 217M->195M(256M) 3.385ms
[18.373s][info][gc,cpu   ] GC(1937) User=0.00s Sys=0.00s Real=0.00s
[18.373s][info][safepoint] Safepoint "G1CollectForAllocation", Time since last: 5270072 ns, Reaching safepoint: 5563 ns, Cleanup: 1514 ns, At safepoint: 3403206 ns, Leaving safepoint: 18872 ns, Total: 3429155 ns
[18.381s][info][gc       ] GC(1938) Pause Young (Mixed) (G1 Evacuation Pause) 213M->192M(256M) 4.426ms
[18.381s][info][gc,cpu   ] GC(1938) User=0.01s Sys=0.00s Real=0.00s
[18.385s][info][safepoint] Safepoint "G1CollectForAllocation", Time since last: 3256918 ns, Reaching safepoint: 4697 ns, Cleanup: 1369 ns, At safepoint: 4451665 ns, Leaving safepoint: 3534632 ns, Total: 7992363 ns
[18.393s][info][gc       ] GC(1939) Pause Young (Mixed) (G1 Evacuation Pause) 212M->196M(256M) 3.892ms
[18.393s][info][gc,cpu   ] GC(1939) User=0.00s Sys=0.00s Real=0.00s
[18.393s][info][safepoint] Safepoint "G1CollectForAllocation", Time since last: 4006704 ns, Reaching safepoint: 4531 ns, Cleanup: 1709 ns, At safepoint: 3918503 ns, Leaving safepoint: 1809 ns, Total: 3926552 ns
[18.401s][info][gc       ] GC(1940) Pause Young (Concurrent Start) (G1 Evacuation Pause) 214M->212M(256M) 3.149ms
[18.401s][info][gc       ] GC(1941) Concurrent Mark Cycle
[18.401s][info][gc,cpu   ] GC(1940) User=0.00s Sys=0.00s Real=0.00s
[18.409s][info][safepoint] Safepoint "G1CollectForAllocation", Time since last: 5503559 ns, Reaching safepoint: 11403 ns, Cleanup: 1863 ns, At safepoint: 3286351 ns, Leaving safepoint: 7275735 ns, Total: 10575352 ns
[18.412s][info][gc       ] GC(1942) Pause Young (Normal) (G1 Evacuation Pause) 225M->224M(256M) 2.050ms
[18.412s][info][gc,cpu   ] GC(1942) User=0.00s Sys=0.00s Real=0.00s
[18.412s][info][safepoint] Safepoint "G1CollectForAllocation", Time since last: 1010023 ns, Reaching safepoint: 9483 ns, Cleanup: 1745 ns, At safepoint: 2073895 ns, Leaving safepoint: 11467 ns, Total: 2096590 ns
[18.413s][info][gc       ] GC(1941) Pause Remark 229M->226M(256M) 0.122ms
[18.413s][info][gc,cpu   ] GC(1941) User=0.00s Sys=0.00s Real=0.00s
[18.413s][info][safepoint] Safepoint "G1PauseRemark", Time since last: 598580 ns, Reaching safepoint: 1507 ns, Cleanup: 1585 ns, At safepoint: 137243 ns, Leaving safepoint: 636 ns, Total: 140971 ns
[18.414s][info][gc       ] GC(1941) Pause Cleanup 226M->226M(256M) 0.106ms
[18.414s][info][gc,cpu   ] GC(1941) User=0.00s Sys=0.00s Real=0.00s
[18.414s][info][safepoint] Safepoint "G1PauseCleanup", Time since last: 1566195 ns, Reaching safepoint: 1221 ns, Cleanup: 1585 ns, At safepoint: 125662 ns, Leaving safepoint: 1073 ns, Total: 129541 ns
[18.415s][info][gc       ] GC(1941) Concurrent Mark Cycle 13.385ms
[18.417s][info][gc       ] GC(1943) Pause Young (Prepare Mixed) (G1 Evacuation Pause) 231M->230M(256M) 1.763ms
[18.417s][info][gc,cpu   ] GC(1943) User=0.01s Sys=0.00s Real=0.01s
[18.421s][info][safepoint] Safepoint "G1CollectForAllocation", Time since last: 823692 ns, Reaching safepoint: 952 ns, Cleanup: 1226 ns, At safepoint: 1788036 ns, Leaving safepoint: 3834286 ns, Total: 5624500 ns
[18.423s][info][gc       ] GC(1944) Pause Young (Mixed) (G1 Evacuation Pause) 240M->217M(256M) 1.855ms
[18.423s][info][gc,cpu   ] GC(1944) User=0.00s Sys=0.00s Real=0.00s
[18.423s][info][safepoint] Safepoint "G1CollectForAllocation", Time since last: 721924 ns, Reaching safepoint: 6019 ns, Cleanup: 1601 ns, At safepoint: 1873078 ns, Leaving safepoint: 25179 ns, Total: 1905877 ns
[18.427s][info][gc       ] GC(1945) Pause Young (Mixed) (G1 Evacuation Pause) 228M->205M(256M) 2.812ms
[18.427s][info][gc,cpu   ] GC(1945) User=0.01s Sys=0.00s Real=0.00s
[18.427s][info][safepoint] Safepoint "G1CollectForAllocation", Time since last: 816611 ns, Reaching safepoint: 1220 ns, Cleanup: 1295 ns, At safepoint: 2853869 ns, Leaving safepoint: 1897 ns, Total: 2858281 ns
[18.436s][info][gc       ] GC(1946) Pause Young (Mixed) (G1 Evacuation Pause) 220M->197M(256M) 3.722ms
[18.436s][info][gc,cpu   ] GC(1946) User=0.00s Sys=0.00s Real=0.00s
[18.441s][info][safepoint] Safepoint "G1CollectForAllocation", Time since last: 5701519 ns, Reaching safepoint: 6467 ns, Cleanup: 1451 ns, At safepoint: 3749930 ns, Leaving safepoint: 4254651 ns, Total: 8012499 ns
[18.446s][info][gc       ] GC(1947) Pause Young (Mixed) (G1 Evacuation Pause) 215M->194M(256M) 4.055ms
[18.446s][info][gc,cpu   ] GC(1947) User=0.00s Sys=0.00s Real=0.00s
[18.446s][info][safepoint] Safepoint "G1CollectForAllocation", Time since last: 1488524 ns, Reaching safepoint: 7224 ns, Cleanup: 1575 ns, At safepoint: 4079459 ns, Leaving safepoint: 2069 ns, Total: 4090327 ns
[18.455s][info][gc       ] GC(1948) Pause Young (Mixed) (G1 Evacuation Pause) 213M->191M(256M) 4.659ms
[18.455s][info][gc,cpu   ] GC(1948) User=0.00s Sys=0.00s Real=0.00s
[18.457s][info][safepoint] Safepoint "G1CollectForAllocation", Time since last: 3983339 ns, Reaching safepoint: 8275 ns, Cleanup: 1427 ns, At safepoint: 4683133 ns, Leaving safepoint: 1772264 ns, Total: 6465099 ns
[18.464s][info][gc       ] GC(1949) Pause Young (Mixed) (G1 Evacuation Pause) 211M->208M(256M) 3.202ms
[18.464s][info][gc,cpu   ] GC(1949) User=0.00s Sys=0.00s Real=0.00s
[18.464s][info][safepoint] Safepoint "G1CollectForAllocation", Time since last: 3964828 ns, Reaching safepoint: 4696 ns, Cleanup: 1666 ns, At safepoint: 3227675 ns, Leaving safepoint: 2045 ns, Total: 3236082 ns
[18.471s][info][gc       ] GC(1950) Pause Young (Concurrent Start) (G1 Evacuation Pause) 222M->221M(256M) 2.307ms
[18.471s][info][gc,cpu   ] GC(1950) User=0.00s Sys=0.00s Real=0.00s
[18.471s][info][gc       ] GC(1951) Concurrent Mark Cycle
[18.473s][info][safepoint] Safepoint "G1CollectForAllocation", Time since last: 4762966 ns, Reaching safepoint: 6217 ns, Cleanup: 1158 ns, At safepoint: 2330710 ns, Leaving safepoint: 1659473 ns, Total: 3997558 ns
[18.476s][info][gc       ] GC(1952) Pause Young (Normal) (G1 Evacuation Pause) 231M->230M(256M) 2.351ms
[18.476s][info][gc,cpu   ] GC(1952) User=0.00s Sys=0.00s Real=0.00s
[18.476s][info][safepoint] Safepoint "G1CollectForAllocation", Time since last: 742378 ns, Reaching safepoint: 136028 ns, Cleanup: 1505 ns, At safepoint: 2369671 ns, Leaving safepoint: 8013 ns, Total: 2515217 ns
[18.482s][info][gc       ] GC(1953) Pause Young (Normal) (G1 Evacuation Pause) 240M->239M(256M) 1.320ms
[18.482s][info][gc,cpu   ] GC(1953) User=0.00s Sys=0.00s Real=0.00s
[18.482s][info][safepoint] Safepoint "G1CollectForAllocation", Time since last: 4740673 ns, Reaching safepoint: 5534 ns, Cleanup: 1223 ns, At safepoint: 1338635 ns, Leaving safepoint: 13735 ns, Total: 1359127 ns
[18.484s][info][gc       ] GC(1954) Pause Young (Normal) (G1 Evacuation Pause) (Evacuation Failure) 249M->255M(256M) 1.045ms
[18.484s][info][gc,cpu   ] GC(1954) User=0.00s Sys=0.00s Real=0.00s
[18.506s][info][gc       ] GC(1955) Pause Full (G1 Compaction Pause) 255M->108M(256M) 21.786ms
[18.506s][info][gc,cpu   ] GC(1955) User=0.02s Sys=0.00s Real=0.02s
[18.509s][info][safepoint] Safepoint "G1CollectForAllocation", Time since last: 718563 ns, Reaching safepoint: 1301 ns, Cleanup: 806 ns, At safepoint: 22873506 ns, Leaving safepoint: 3038626 ns, Total: 25914239 ns
[18.509s][info][gc       ] GC(1951) Pause Remark 109M->109M(256M) 0.004ms
[18.509s][info][gc,cpu   ] GC(1951) User=0.00s Sys=0.00s Real=0.00s
[18.509s][info][safepoint] Safepoint "G1PauseRemark", Time since last: 23472 ns, Reaching safepoint: 104795 ns, Cleanup: 1636 ns, At safepoint: 12758 ns, Leaving safepoint: 2967 ns, Total: 122156 ns
[18.509s][info][gc       ] GC(1951) Concurrent Mark Cycle 37.799ms
[18.522s][info][gc       ] GC(1956) Pause Young (Normal) (G1 Evacuation Pause) 156M->146M(256M) 6.971ms
[18.522s][info][gc,cpu   ] GC(1956) User=0.01s Sys=0.00s Real=0.01s
[18.522s][info][safepoint] Safepoint "G1CollectForAllocation", Time since last: 6128586 ns, Reaching safepoint: 1702 ns, Cleanup: 870 ns, At safepoint: 7014501 ns, Leaving safepoint: 5830 ns, Total: 7022903 ns
[18.536s][info][gc       ] GC(1957) Pause Young (Concurrent Start) (G1 Evacuation Pause) 181M->175M(256M) 6.880ms
[18.536s][info][gc       ] GC(1958) Concurrent Mark Cycle
[18.536s][info][gc,cpu   ] GC(1957) User=0.00s Sys=0.00s Real=0.00s
[18.541s][info][safepoint] Safepoint "G1CollectForAllocation", Time since last: 7152022 ns, Reaching safepoint: 1803 ns, Cleanup: 2198 ns, At safepoint: 7024305 ns, Leaving safepoint: 4546984 ns, Total: 11575290 ns
[18.549s][info][gc       ] GC(1959) Pause Young (Normal) (G1 Evacuation Pause) 200M->197M(256M) 4.368ms
[18.549s][info][gc,cpu   ] GC(1959) User=0.01s Sys=0.00s Real=0.01s
[18.553s][info][safepoint] Safepoint "G1CollectForAllocation", Time since last: 3986348 ns, Reaching safepoint: 8529 ns, Cleanup: 1844 ns, At safepoint: 4395329 ns, Leaving safepoint: 3591309 ns, Total: 7997011 ns
[18.553s][info][gc       ] GC(1958) Pause Remark 198M->198M(256M) 0.138ms
[18.553s][info][gc,cpu   ] GC(1958) User=0.00s Sys=0.00s Real=0.00s
[18.553s][info][safepoint] Safepoint "G1PauseRemark", Time since last: 20922 ns, Reaching safepoint: 117537 ns, Cleanup: 1208 ns, At safepoint: 147899 ns, Leaving safepoint: 3190 ns, Total: 269834 ns
[18.559s][info][gc       ] GC(1960) Pause Young (Normal) (G1 Evacuation Pause) 214M->212M(256M) 3.157ms
[18.559s][info][gc,cpu   ] GC(1960) User=0.00s Sys=0.01s Real=0.01s
[18.565s][info][safepoint] Safepoint "G1CollectForAllocation", Time since last: 3039296 ns, Reaching safepoint: 1181 ns, Cleanup: 1177 ns, At safepoint: 3184660 ns, Leaving safepoint: 5474350 ns, Total: 8661368 ns
[18.568s][info][gc       ] GC(1961) Pause Young (Normal) (G1 Evacuation Pause) 224M->223M(256M) 2.119ms
[18.568s][info][gc,cpu   ] GC(1961) User=0.00s Sys=0.00s Real=0.00s
[18.568s][info][safepoint] Safepoint "G1CollectForAllocation", Time since last: 1031872 ns, Reaching safepoint: 6593 ns, Cleanup: 1798 ns, At safepoint: 2143507 ns, Leaving safepoint: 19636 ns, Total: 2171534 ns
[18.568s][info][gc       ] GC(1958) Pause Cleanup 223M->223M(256M) 0.099ms
[18.568s][info][gc,cpu   ] GC(1958) User=0.00s Sys=0.00s Real=0.00s
[18.568s][info][safepoint] Safepoint "G1PauseCleanup", Time since last: 15003 ns, Reaching safepoint: 103108 ns, Cleanup: 1749 ns, At safepoint: 108641 ns, Leaving safepoint: 86160 ns, Total: 299658 ns
[18.574s][info][gc       ] GC(1958) Concurrent Mark Cycle 37.822ms
[18.575s][info][gc       ] GC(1962) Pause Young (Prepare Mixed) (G1 Evacuation Pause) 233M->232M(256M) 1.462ms
[18.575s][info][gc,cpu   ] GC(1962) User=0.00s Sys=0.00s Real=0.00s
[18.575s][info][safepoint] Safepoint "G1CollectForAllocation", Time since last: 5689440 ns, Reaching safepoint: 5151 ns, Cleanup: 1089 ns, At safepoint: 1502051 ns, Leaving safepoint: 25580 ns, Total: 1533871 ns
[18.579s][info][gc       ] GC(1963) Pause Young (Mixed) (G1 Evacuation Pause) (Evacuation Failure) 242M->237M(256M) 2.477ms
[18.579s][info][gc,cpu   ] GC(1963) User=0.00s Sys=0.00s Real=0.01s
[18.579s][info][safepoint] Safepoint "G1CollectForAllocation", Time since last: 839244 ns, Reaching safepoint: 1860 ns, Cleanup: 2033 ns, At safepoint: 2503831 ns, Leaving safepoint: 23089 ns, Total: 2530813 ns
[18.582s][info][gc       ] GC(1964) Pause Young (Mixed) (G1 Evacuation Pause) (Evacuation Failure) 247M->246M(256M) 1.944ms
[18.582s][info][gc,cpu   ] GC(1964) User=0.01s Sys=0.00s Real=0.00s
[18.585s][info][safepoint] Safepoint "G1CollectForAllocation", Time since last: 1191157 ns, Reaching safepoint: 1475 ns, Cleanup: 1497 ns, At safepoint: 1963290 ns, Leaving safepoint: 2732493 ns, Total: 4698755 ns
[18.590s][info][gc       ] GC(1965) Pause Young (Mixed) (G1 Evacuation Pause) (Evacuation Failure) 254M->253M(256M) 0.996ms
[18.590s][info][gc,cpu   ] GC(1965) User=0.00s Sys=0.00s Real=0.00s
[18.590s][info][safepoint] Safepoint "G1CollectForAllocation", Time since last: 4006465 ns, Reaching safepoint: 4137 ns, Cleanup: 1554 ns, At safepoint: 1013258 ns, Leaving safepoint: 25854 ns, Total: 1044803 ns
[18.591s][info][gc       ] GC(1966) Pause Young (Mixed) (G1 Evacuation Pause) (Evacuation Failure) 254M->254M(256M) 0.664ms
[18.591s][info][gc,cpu   ] GC(1966) User=0.00s Sys=0.00s Real=0.00s
[18.614s][info][gc       ] GC(1967) Pause Full (G1 Compaction Pause) 254M->108M(256M) 23.410ms
[18.614s][info][gc,cpu   ] GC(1967) User=0.03s Sys=0.00s Real=0.02s
[18.617s][info][safepoint] Safepoint "G1CollectForAllocation", Time since last: 143656 ns, Reaching safepoint: 549 ns, Cleanup: 765 ns, At safepoint: 24116482 ns, Leaving safepoint: 2687655 ns, Total: 26805451 ns
[18.630s][info][gc       ] GC(1968) Pause Young (Normal) (G1 Evacuation Pause) 157M->147M(256M) 6.983ms
[18.630s][info][gc,cpu   ] GC(1968) User=0.00s Sys=0.00s Real=0.01s
[18.630s][info][safepoint] Safepoint "G1CollectForAllocation", Time since last: 6635348 ns, Reaching safepoint: 2204 ns, Cleanup: 2396 ns, At safepoint: 7038707 ns, Leaving safepoint: 1106 ns, Total: 7044413 ns
[18.645s][info][gc       ] GC(1969) Pause Young (Normal) (G1 Evacuation Pause) 183M->175M(256M) 6.612ms
[18.645s][info][gc,cpu   ] GC(1969) User=0.01s Sys=0.00s Real=0.00s
[18.649s][info][safepoint] Safepoint "G1CollectForAllocation", Time since last: 7800656 ns, Reaching safepoint: 1781 ns, Cleanup: 2289 ns, At safepoint: 6639913 ns, Leaving safepoint: 3873375 ns, Total: 10517358 ns
[18.657s][info][gc       ] GC(1970) Pause Young (Concurrent Start) (G1 Evacuation Pause) 200M->196M(256M) 4.650ms
[18.657s][info][gc       ] GC(1971) Concurrent Mark Cycle
[18.658s][info][gc,cpu   ] GC(1970) User=0.01s Sys=0.00s Real=0.01s
[18.665s][info][safepoint] Safepoint "G1CollectForAllocation", Time since last: 4009751 ns, Reaching safepoint: 12204 ns, Cleanup: 3055 ns, At safepoint: 4803863 ns, Leaving safepoint: 7172094 ns, Total: 11991216 ns
[18.670s][info][gc       ] GC(1972) Pause Young (Normal) (G1 Evacuation Pause) 213M->211M(256M) 3.180ms
[18.670s][info][gc,cpu   ] GC(1972) User=0.00s Sys=0.00s Real=0.01s
[18.670s][info][safepoint] Safepoint "G1CollectForAllocation", Time since last: 1838293 ns, Reaching safepoint: 6826 ns, Cleanup: 2297 ns, At safepoint: 3199631 ns, Leaving safepoint: 14242 ns, Total: 3222996 ns
[18.670s][info][gc       ] GC(1971) Pause Remark 212M->212M(256M) 0.123ms
[18.670s][info][gc,cpu   ] GC(1971) User=0.00s Sys=0.00s Real=0.00s
[18.670s][info][safepoint] Safepoint "G1PauseRemark", Time since last: 19960 ns, Reaching safepoint: 95329 ns, Cleanup: 1194 ns, At safepoint: 132384 ns, Leaving safepoint: 98830 ns, Total: 327737 ns
[18.678s][info][gc       ] GC(1973) Pause Young (Normal) (G1 Evacuation Pause) 223M->222M(256M) 2.443ms
[18.678s][info][gc,cpu   ] GC(1973) User=0.00s Sys=0.00s Real=0.01s
[18.678s][info][safepoint] Safepoint "G1CollectForAllocation", Time since last: 5229436 ns, Reaching safepoint: 5785 ns, Cleanup: 1309 ns, At safepoint: 2465819 ns, Leaving safepoint: 1748 ns, Total: 2474661 ns
[18.682s][info][gc       ] GC(1974) Pause Young (Normal) (G1 Evacuation Pause) 232M->232M(256M) 1.486ms
[18.682s][info][gc,cpu   ] GC(1974) User=0.00s Sys=0.00s Real=0.00s
[18.682s][info][safepoint] Safepoint "G1CollectForAllocation", Time since last: 2897001 ns, Reaching safepoint: 4075 ns, Cleanup: 1558 ns, At safepoint: 1504183 ns, Leaving safepoint: 1720 ns, Total: 1511536 ns
[18.686s][info][gc       ] GC(1975) Pause Young (Normal) (G1 Evacuation Pause) (Evacuation Failure) 242M->244M(256M) 1.332ms
[18.686s][info][gc,cpu   ] GC(1975) User=0.00s Sys=0.00s Real=0.00s
[18.686s][info][safepoint] Safepoint "G1CollectForAllocation", Time since last: 2485375 ns, Reaching safepoint: 4021 ns, Cleanup: 1196 ns, At safepoint: 1349038 ns, Leaving safepoint: 2202 ns, Total: 1356457 ns
[18.687s][info][gc       ] GC(1976) Pause Young (Normal) (G1 Evacuation Pause) (Evacuation Failure) 252M->252M(256M) 0.305ms
[18.687s][info][gc,cpu   ] GC(1976) User=0.00s Sys=0.00s Real=0.00s
[18.710s][info][gc       ] GC(1977) Pause Full (G1 Compaction Pause) 252M->108M(256M) 22.948ms
[18.710s][info][gc,cpu   ] GC(1977) User=0.02s Sys=0.00s Real=0.03s
[18.713s][info][safepoint] Safepoint "G1CollectForAllocation", Time since last: 609440 ns, Reaching safepoint: 1380 ns, Cleanup: 1006 ns, At safepoint: 23312386 ns, Leaving safepoint: 2715026 ns, Total: 26029798 ns
[18.713s][info][gc       ] GC(1971) Pause Cleanup 109M->109M(256M) 0.005ms
[18.713s][info][gc,cpu   ] GC(1971) User=0.00s Sys=0.00s Real=0.00s
[18.713s][info][safepoint] Safepoint "G1PauseCleanup", Time since last: 22172 ns, Reaching safepoint: 103853 ns, Cleanup: 1438 ns, At safepoint: 13890 ns, Leaving safepoint: 3314 ns, Total: 122495 ns
[18.713s][info][gc       ] GC(1971) Concurrent Mark Cycle 55.436ms
[18.725s][info][gc       ] GC(1978) Pause Young (Normal) (G1 Evacuation Pause) 156M->147M(256M) 6.635ms
[18.725s][info][gc,cpu   ] GC(1978) User=0.01s Sys=0.00s Real=0.00s
[18.729s][info][safepoint] Safepoint "G1CollectForAllocation", Time since last: 5976270 ns, Reaching safepoint: 1399 ns, Cleanup: 946 ns, At safepoint: 6667369 ns, Leaving safepoint: 3206398 ns, Total: 9876112 ns
[18.739s][info][gc       ] GC(1979) Pause Young (Normal) (G1 Evacuation Pause) 181M->175M(256M) 5.755ms
[18.739s][info][gc,cpu   ] GC(1979) User=0.00s Sys=0.00s Real=0.01s
[18.739s][info][safepoint] Safepoint "G1CollectForAllocation", Time since last: 4488117 ns, Reaching safepoint: 1318 ns, Cleanup: 1751 ns, At safepoint: 5774253 ns, Leaving safepoint: 1145 ns, Total: 5778467 ns
[18.749s][info][gc       ] GC(1980) Pause Young (Concurrent Start) (G1 Evacuation Pause) 199M->197M(256M) 3.920ms
[18.749s][info][gc,cpu   ] GC(1980) User=0.00s Sys=0.00s Real=0.00s
[18.749s][info][safepoint] Safepoint "G1CollectForAllocation", Time since last: 5744059 ns, Reaching safepoint: 4353 ns, Cleanup: 1556 ns, At safepoint: 3953432 ns, Leaving safepoint: 1742 ns, Total: 3961083 ns
[18.749s][info][gc       ] GC(1981) Concurrent Mark Cycle
[18.757s][info][gc       ] GC(1981) Pause Remark 208M->207M(256M) 0.128ms
[18.757s][info][gc,cpu   ] GC(1981) User=0.00s Sys=0.00s Real=0.00s
[18.757s][info][safepoint] Safepoint "G1PauseRemark", Time since last: 8086438 ns, Reaching safepoint: 13779 ns, Cleanup: 1923 ns, At safepoint: 148895 ns, Leaving safepoint: 4107 ns, Total: 168704 ns
[18.762s][info][gc       ] GC(1982) Pause Young (Normal) (G1 Evacuation Pause) 214M->212M(256M) 3.102ms
[18.762s][info][gc,cpu   ] GC(1982) User=0.00s Sys=0.00s Real=0.00s
[18.765s][info][safepoint] Safepoint "G1CollectForAllocation", Time since last: 1671077 ns, Reaching safepoint: 9444 ns, Cleanup: 1697 ns, At safepoint: 3127744 ns, Leaving safepoint: 3428887 ns, Total: 6567772 ns
[18.768s][info][gc       ] GC(1983) Pause Young (Normal) (G1 Evacuation Pause) 224M->222M(256M) 1.903ms
[18.768s][info][gc,cpu   ] GC(1983) User=0.00s Sys=0.00s Real=0.00s
[18.768s][info][safepoint] Safepoint "G1CollectForAllocation", Time since last: 1061567 ns, Reaching safepoint: 7676 ns, Cleanup: 1700 ns, At safepoint: 1921662 ns, Leaving safepoint: 1597 ns, Total: 1932635 ns
[18.774s][info][gc       ] GC(1984) Pause Young (Normal) (G1 Evacuation Pause) 232M->232M(256M) 1.467ms
[18.774s][info][gc,cpu   ] GC(1984) User=0.01s Sys=0.00s Real=0.00s
[18.774s][info][safepoint] Safepoint "G1CollectForAllocation", Time since last: 4548161 ns, Reaching safepoint: 6018 ns, Cleanup: 1384 ns, At safepoint: 1526341 ns, Leaving safepoint: 6657 ns, Total: 1540400 ns
[18.776s][info][gc       ] GC(1985) Pause Young (Normal) (G1 Evacuation Pause) 242M->241M(256M) 1.268ms
[18.776s][info][gc,cpu   ] GC(1985) User=0.00s Sys=0.00s Real=0.00s
[18.776s][info][safepoint] Safepoint "G1CollectForAllocation", Time since last: 760952 ns, Reaching safepoint: 975 ns, Cleanup: 1120 ns, At safepoint: 1284643 ns, Leaving safepoint: 5311 ns, Total: 1292049 ns
[18.778s][info][gc       ] GC(1986) Pause Young (Normal) (G1 Evacuation Pause) (Evacuation Failure) 251M->253M(256M) 0.565ms
[18.778s][info][gc,cpu   ] GC(1986) User=0.00s Sys=0.00s Real=0.00s
[18.801s][info][gc       ] GC(1987) Pause Full (G1 Compaction Pause) 253M->108M(256M) 22.972ms
[18.801s][info][gc,cpu   ] GC(1987) User=0.02s Sys=0.00s Real=0.02s
[18.801s][info][safepoint] Safepoint "G1CollectForAllocation", Time since last: 751718 ns, Reaching safepoint: 1081 ns, Cleanup: 1117 ns, At safepoint: 23601683 ns, Leaving safepoint: 5114 ns, Total: 23608995 ns
[18.801s][info][gc       ] GC(1981) Pause Cleanup 108M->108M(256M) 0.006ms
[18.801s][info][gc,cpu   ] GC(1981) User=0.00s Sys=0.00s Real=0.00s
[18.805s][info][safepoint] Safepoint "G1PauseCleanup", Time since last: 128053 ns, Reaching safepoint: 83899 ns, Cleanup: 1565 ns, At safepoint: 16852 ns, Leaving safepoint: 3822245 ns, Total: 3924561 ns
[18.805s][info][gc       ] GC(1981) Concurrent Mark Cycle 56.078ms
[18.818s][info][gc       ] GC(1988) Pause Young (Normal) (G1 Evacuation Pause) 157M->147M(256M) 7.519ms
[18.818s][info][gc,cpu   ] GC(1988) User=0.01s Sys=0.00s Real=0.01s
[18.821s][info][safepoint] Safepoint "G1CollectForAllocation", Time since last: 6042559 ns, Reaching safepoint: 1702 ns, Cleanup: 2011 ns, At safepoint: 7548097 ns, Leaving safepoint: 2404742 ns, Total: 9956552 ns
[18.831s][info][gc       ] GC(1989) Pause Young (Concurrent Start) (G1 Evacuation Pause) 182M->175M(256M) 6.129ms
[18.831s][info][gc       ] GC(1990) Concurrent Mark Cycle
[18.831s][info][gc,cpu   ] GC(1989) User=0.01s Sys=0.00s Real=0.01s
[18.837s][info][safepoint] Safepoint "G1CollectForAllocation", Time since last: 4011724 ns, Reaching safepoint: 1739 ns, Cleanup: 1993 ns, At safepoint: 6269626 ns, Leaving safepoint: 5709378 ns, Total: 11982736 ns
[18.849s][info][gc       ] GC(1991) Pause Young (Normal) (G1 Evacuation Pause) 200M->196M(256M) 4.373ms
[18.849s][info][gc,cpu   ] GC(1991) User=0.01s Sys=0.00s Real=0.01s
[18.849s][info][safepoint] Safepoint "G1CollectForAllocation", Time since last: 7999794 ns, Reaching safepoint: 4898 ns, Cleanup: 1863 ns, At safepoint: 4399358 ns, Leaving safepoint: 2151 ns, Total: 4408270 ns
[18.856s][info][gc       ] GC(1992) Pause Young (Normal) (G1 Evacuation Pause) 213M->211M(256M) 2.908ms
[18.856s][info][gc,cpu   ] GC(1992) User=0.00s Sys=0.00s Real=0.00s
[18.856s][info][safepoint] Safepoint "G1CollectForAllocation", Time since last: 3594605 ns, Reaching safepoint: 4255 ns, Cleanup: 1640 ns, At safepoint: 2928236 ns, Leaving safepoint: 2155 ns, Total: 2936286 ns
[18.857s][info][gc       ] GC(1990) Pause Remark 223M->223M(256M) 0.130ms
[18.857s][info][gc,cpu   ] GC(1990) User=0.00s Sys=0.00s Real=0.00s
[18.861s][info][safepoint] Safepoint "G1PauseRemark", Time since last: 1080333 ns, Reaching safepoint: 97572 ns, Cleanup: 1195 ns, At safepoint: 145093 ns, Leaving safepoint: 3741700 ns, Total: 3985560 ns
[18.864s][info][gc       ] GC(1993) Pause Young (Normal) (G1 Evacuation Pause) 223M->222M(256M) 2.110ms
[18.864s][info][gc,cpu   ] GC(1993) User=0.00s Sys=0.00s Real=0.00s
[18.864s][info][safepoint] Safepoint "G1CollectForAllocation", Time since last: 1446936 ns, Reaching safepoint: 7378 ns, Cleanup: 1488 ns, At safepoint: 2132514 ns, Leaving safepoint: 1557 ns, Total: 2142937 ns
[18.872s][info][gc       ] GC(1994) Pause Young (Normal) (G1 Evacuation Pause) 232M->232M(256M) 1.929ms
[18.872s][info][gc,cpu   ] GC(1994) User=0.00s Sys=0.00s Real=0.00s
[18.872s][info][safepoint] Safepoint "G1CollectForAllocation", Time since last: 5373846 ns, Reaching safepoint: 10838 ns, Cleanup: 1970 ns, At safepoint: 1955757 ns, Leaving safepoint: 10667 ns, Total: 1979232 ns
[18.872s][info][gc       ] GC(1990) Pause Cleanup 236M->236M(256M) 0.106ms
[18.872s][info][gc,cpu   ] GC(1990) User=0.00s Sys=0.00s Real=0.00s
[18.872s][info][safepoint] Safepoint "G1PauseCleanup", Time since last: 469672 ns, Reaching safepoint: 1170 ns, Cleanup: 1364 ns, At safepoint: 118155 ns, Leaving safepoint: 697 ns, Total: 121386 ns
[18.873s][info][gc       ] GC(1990) Concurrent Mark Cycle 41.950ms
[18.875s][info][gc       ] GC(1995) Pause Young (Prepare Mixed) (G1 Evacuation Pause) (Evacuation Failure) 242M->243M(256M) 1.773ms
[18.875s][info][gc,cpu   ] GC(1995) User=0.00s Sys=0.00s Real=0.00s
[18.876s][info][safepoint] Safepoint "G1CollectForAllocation", Time since last: 1467596 ns, Reaching safepoint: 1962 ns, Cleanup: 1949 ns, At safepoint: 1797694 ns, Leaving safepoint: 23973 ns, Total: 1825578 ns
[18.878s][info][gc       ] GC(1996) Pause Young (Mixed) (G1 Evacuation Pause) (Evacuation Failure) 253M->250M(256M) 1.221ms
[18.878s][info][gc,cpu   ] GC(1996) User=0.01s Sys=0.00s Real=0.01s
[18.881s][info][safepoint] Safepoint "G1CollectForAllocation", Time since last: 838365 ns, Reaching safepoint: 1416 ns, Cleanup: 1574 ns, At safepoint: 1245957 ns, Leaving safepoint: 3079386 ns, Total: 4328333 ns
[18.882s][info][gc       ] GC(1997) Pause Young (Mixed) (G1 Evacuation Pause) (Evacuation Failure) 253M->252M(256M) 0.923ms
[18.882s][info][gc,cpu   ] GC(1997) User=0.00s Sys=0.00s Real=0.00s
[18.882s][info][safepoint] Safepoint "G1CollectForAllocation", Time since last: 383691 ns, Reaching safepoint: 6294 ns, Cleanup: 1750 ns, At safepoint: 940179 ns, Leaving safepoint: 27887 ns, Total: 976110 ns
[18.883s][info][gc       ] GC(1998) Pause Young (Mixed) (G1 Evacuation Pause) (Evacuation Failure) 253M->252M(256M) 0.840ms
[18.883s][info][gc,cpu   ] GC(1998) User=0.00s Sys=0.00s Real=0.00s
[18.883s][info][safepoint] Safepoint "G1CollectForAllocation", Time since last: 118643 ns, Reaching safepoint: 694 ns, Cleanup: 862 ns, At safepoint: 853735 ns, Leaving safepoint: 22935 ns, Total: 878226 ns
[18.884s][info][gc       ] GC(1999) Pause Young (Mixed) (G1 Evacuation Pause) (Evacuation Failure) 253M->251M(256M) 0.662ms
[18.884s][info][gc,cpu   ] GC(1999) User=0.00s Sys=0.00s Real=0.00s
[18.885s][info][safepoint] Safepoint "G1CollectForAllocation", Time since last: 131435 ns, Reaching safepoint: 450 ns, Cleanup: 675 ns, At safepoint: 673458 ns, Leaving safepoint: 835270 ns, Total: 1509853 ns
[18.885s][info][gc       ] GC(2000) Pause Young (Concurrent Start) (G1 Evacuation Pause) (Evacuation Failure) 253M->253M(256M) 0.206ms
[18.885s][info][gc       ] GC(2001) Concurrent Mark Cycle
[18.885s][info][gc,cpu   ] GC(2000) User=0.00s Sys=0.00s Real=0.00s
[18.908s][info][gc       ] GC(2002) Pause Full (G1 Compaction Pause) 253M->108M(256M) 22.308ms
[18.908s][info][gc,cpu   ] GC(2002) User=0.03s Sys=0.00s Real=0.02s
[18.908s][info][gc       ] GC(2001) Concurrent Mark Cycle 22.373ms
[18.908s][info][safepoint] Safepoint "G1CollectForAllocation", Time since last: 282252 ns, Reaching safepoint: 5328 ns, Cleanup: 796 ns, At safepoint: 22571089 ns, Leaving safepoint: 34158 ns, Total: 22611371 ns
[18.923s][info][gc       ] GC(2003) Pause Young (Normal) (G1 Evacuation Pause) 165M->153M(256M) 7.522ms
[18.923s][info][gc,cpu   ] GC(2003) User=0.01s Sys=0.00s Real=0.01s
[18.929s][info][safepoint] Safepoint "G1CollectForAllocation", Time since last: 8137475 ns, Reaching safepoint: 1877 ns, Cleanup: 2073 ns, At safepoint: 7549947 ns, Leaving safepoint: 5407588 ns, Total: 12961485 ns
[18.940s][info][gc       ] GC(2004) Pause Young (Normal) (G1 Evacuation Pause) 188M->181M(256M) 7.233ms
[18.940s][info][gc,cpu   ] GC(2004) User=0.01s Sys=0.00s Real=0.01s
[18.945s][info][safepoint] Safepoint "G1CollectForAllocation", Time since last: 4101219 ns, Reaching safepoint: 1481 ns, Cleanup: 1945 ns, At safepoint: 7260968 ns, Leaving safepoint: 4636988 ns, Total: 11901382 ns
[18.953s][info][gc       ] GC(2005) Pause Young (Concurrent Start) (G1 Evacuation Pause) 204M->201M(256M) 4.079ms
[18.953s][info][gc       ] GC(2006) Concurrent Mark Cycle
[18.953s][info][gc,cpu   ] GC(2005) User=0.00s Sys=0.00s Real=0.00s
[18.953s][info][safepoint] Safepoint "G1CollectForAllocation", Time since last: 4018710 ns, Reaching safepoint: 6195 ns, Cleanup: 2115 ns, At safepoint: 4190579 ns, Leaving safepoint: 2340 ns, Total: 4201229 ns
[18.961s][info][gc       ] GC(2006) Pause Remark 214M->211M(256M) 0.140ms
[18.961s][info][gc,cpu   ] GC(2006) User=0.00s Sys=0.00s Real=0.00s
[18.961s][info][safepoint] Safepoint "G1PauseRemark", Time since last: 7781842 ns, Reaching safepoint: 43242 ns, Cleanup: 2213 ns, At safepoint: 157495 ns, Leaving safepoint: 3465 ns, Total: 206415 ns
[18.965s][info][gc       ] GC(2007) Pause Young (Normal) (G1 Evacuation Pause) 214M->212M(256M) 2.879ms
[18.966s][info][gc,cpu   ] GC(2007) User=0.00s Sys=0.00s Real=0.00s
[18.966s][info][safepoint] Safepoint "G1CollectForAllocation", Time since last: 1715857 ns, Reaching safepoint: 1204 ns, Cleanup: 1479 ns, At safepoint: 2916975 ns, Leaving safepoint: 948 ns, Total: 2920606 ns
[18.969s][info][gc       ] GC(2008) Pause Young (Normal) (G1 Evacuation Pause) 224M->223M(256M) 2.257ms
[18.969s][info][gc,cpu   ] GC(2008) User=0.01s Sys=0.00s Real=0.01s
[18.973s][info][safepoint] Safepoint "G1CollectForAllocation", Time since last: 1384310 ns, Reaching safepoint: 1440 ns, Cleanup: 1760 ns, At safepoint: 2277522 ns, Leaving safepoint: 3492830 ns, Total: 5773552 ns
[18.975s][info][gc       ] GC(2009) Pause Young (Normal) (G1 Evacuation Pause) 233M->233M(256M) 1.537ms
[18.975s][info][gc,cpu   ] GC(2009) User=0.00s Sys=0.00s Real=0.00s
[18.975s][info][safepoint] Safepoint "G1CollectForAllocation", Time since last: 918995 ns, Reaching safepoint: 5280 ns, Cleanup: 1533 ns, At safepoint: 1555668 ns, Leaving safepoint: 9787 ns, Total: 1572268 ns
[18.977s][info][gc       ] GC(2010) Pause Young (Normal) (G1 Evacuation Pause) (Evacuation Failure) 243M->248M(256M) 1.502ms
[18.977s][info][gc,cpu   ] GC(2010) User=0.00s Sys=0.00s Real=0.01s
[18.978s][info][safepoint] Safepoint "G1CollectForAllocation", Time since last: 798916 ns, Reaching safepoint: 1230 ns, Cleanup: 1033 ns, At safepoint: 1520747 ns, Leaving safepoint: 10740 ns, Total: 1533750 ns
[18.978s][info][gc       ] GC(2011) Pause Young (Normal) (G1 Evacuation Pause) (Evacuation Failure) 253M->253M(256M) 0.323ms
[18.978s][info][gc,cpu   ] GC(2011) User=0.00s Sys=0.00s Real=0.00s
[19.001s][info][gc       ] GC(2012) Pause Full (G1 Compaction Pause) 253M->108M(256M) 23.103ms
[19.001s][info][gc,cpu   ] GC(2012) User=0.02s Sys=0.00s Real=0.02s
[19.001s][info][safepoint] Safepoint "G1CollectForAllocation", Time since last: 352135 ns, Reaching safepoint: 830 ns, Cleanup: 945 ns, At safepoint: 23469556 ns, Leaving safepoint: 11981 ns, Total: 23483312 ns
[19.006s][info][gc       ] GC(2006) Pause Cleanup 119M->119M(256M) 0.008ms
[19.006s][info][gc,cpu   ] GC(2006) User=0.00s Sys=0.00s Real=0.00s
[19.006s][info][safepoint] Safepoint "G1PauseCleanup", Time since last: 4507464 ns, Reaching safepoint: 9265 ns, Cleanup: 1788 ns, At safepoint: 25887 ns, Leaving safepoint: 3495 ns, Total: 40435 ns
[19.006s][info][gc       ] GC(2006) Concurrent Mark Cycle 53.089ms
[19.021s][info][gc       ] GC(2013) Pause Young (Normal) (G1 Evacuation Pause) 158M->150M(256M) 7.951ms
[19.021s][info][gc,cpu   ] GC(2013) User=0.01s Sys=0.00s Real=0.01s
[19.021s][info][safepoint] Safepoint "G1CollectForAllocation", Time since last: 6763920 ns, Reaching safepoint: 1857 ns, Cleanup: 1880 ns, At safepoint: 8050327 ns, Leaving safepoint: 8284 ns, Total: 8062348 ns
[19.032s][info][gc       ] GC(2014) Pause Young (Concurrent Start) (G1 Evacuation Pause) 184M->178M(256M) 6.208ms
[19.032s][info][gc       ] GC(2015) Concurrent Mark Cycle
[19.032s][info][gc,cpu   ] GC(2014) User=0.01s Sys=0.00s Real=0.01s
[19.039s][info][safepoint] Safepoint "G1CollectForAllocation", Time since last: 4594491 ns, Reaching safepoint: 1746 ns, Cleanup: 1683 ns, At safepoint: 6343191 ns, Leaving safepoint: 6968583 ns, Total: 13315203 ns
[19.041s][info][gc       ] GC(2015) Pause Remark 195M->194M(256M) 0.160ms
[19.041s][info][gc,cpu   ] GC(2015) User=0.00s Sys=0.00s Real=0.00s
[19.045s][info][safepoint] Safepoint "G1PauseRemark", Time since last: 2101468 ns, Reaching safepoint: 345578 ns, Cleanup: 4477 ns, At safepoint: 184735 ns, Leaving safepoint: 3436554 ns, Total: 3971344 ns
[19.046s][info][gc       ] GC(2015) Pause Cleanup 194M->194M(256M) 0.094ms
[19.046s][info][gc,cpu   ] GC(2015) User=0.00s Sys=0.00s Real=0.00s
[19.046s][info][safepoint] Safepoint "G1PauseCleanup", Time since last: 1324721 ns, Reaching safepoint: 10610 ns, Cleanup: 1685 ns, At safepoint: 111812 ns, Leaving safepoint: 4131 ns, Total: 128238 ns
[19.047s][info][gc       ] GC(2015) Concurrent Mark Cycle 14.979ms
[19.052s][info][gc       ] GC(2016) Pause Young (Prepare Mixed) (G1 Evacuation Pause) 200M->198M(256M) 4.589ms
[19.052s][info][gc,cpu   ] GC(2016) User=0.01s Sys=0.00s Real=0.01s
[19.057s][info][safepoint] Safepoint "G1CollectForAllocation", Time since last: 1212845 ns, Reaching safepoint: 1186 ns, Cleanup: 1342 ns, At safepoint: 4633805 ns, Leaving safepoint: 4713833 ns, Total: 9350166 ns
[19.063s][info][gc       ] GC(2017) Pause Young (Mixed) (G1 Evacuation Pause) 213M->191M(256M) 4.208ms
[19.063s][info][gc,cpu   ] GC(2017) User=0.01s Sys=0.00s Real=0.00s
[19.063s][info][safepoint] Safepoint "G1CollectForAllocation", Time since last: 1692638 ns, Reaching safepoint: 8345 ns, Cleanup: 2057 ns, At safepoint: 4234289 ns, Leaving safepoint: 1936 ns, Total: 4246627 ns
[19.074s][info][gc       ] GC(2018) Pause Young (Mixed) (G1 Evacuation Pause) 210M->189M(256M) 4.839ms
[19.074s][info][gc,cpu   ] GC(2018) User=0.01s Sys=0.00s Real=0.00s
[19.077s][info][safepoint] Safepoint "G1CollectForAllocation", Time since last: 6034084 ns, Reaching safepoint: 6143 ns, Cleanup: 1897 ns, At safepoint: 4861456 ns, Leaving safepoint: 3120364 ns, Total: 7989860 ns
[19.086s][info][gc       ] GC(2019) Pause Young (Mixed) (G1 Evacuation Pause) 209M->186M(256M) 5.171ms
[19.086s][info][gc,cpu   ] GC(2019) User=0.00s Sys=0.00s Real=0.00s
[19.089s][info][safepoint] Safepoint "G1CollectForAllocation", Time since last: 4009138 ns, Reaching safepoint: 4152 ns, Cleanup: 1536 ns, At safepoint: 5196037 ns, Leaving safepoint: 2794117 ns, Total: 7995842 ns
[19.095s][info][gc       ] GC(2020) Pause Young (Mixed) (G1 Evacuation Pause) 207M->190M(256M) 4.337ms
[19.095s][info][gc,cpu   ] GC(2020) User=0.00s Sys=0.00s Real=0.00s
[19.095s][info][safepoint] Safepoint "G1CollectForAllocation", Time since last: 2024141 ns, Reaching safepoint: 6855 ns, Cleanup: 1558 ns, At safepoint: 4365211 ns, Leaving safepoint: 11213 ns, Total: 4384837 ns
[19.104s][info][gc       ] GC(2021) Pause Young (Concurrent Start) (G1 Evacuation Pause) 210M->207M(256M) 2.974ms
[19.104s][info][gc       ] GC(2022) Concurrent Mark Cycle
[19.104s][info][gc,cpu   ] GC(2021) User=0.00s Sys=0.00s Real=0.00s
[19.111s][info][safepoint] Safepoint "G1CollectForAllocation", Time since last: 5611308 ns, Reaching safepoint: 5098 ns, Cleanup: 1716 ns, At safepoint: 3102174 ns, Leaving safepoint: 7037712 ns, Total: 10146700 ns
[19.112s][info][gc       ] GC(2022) Pause Remark 215M->213M(256M) 0.137ms
[19.112s][info][gc,cpu   ] GC(2022) User=0.00s Sys=0.00s Real=0.00s
[19.112s][info][safepoint] Safepoint "G1PauseRemark", Time since last: 838646 ns, Reaching safepoint: 10666 ns, Cleanup: 2260 ns, At safepoint: 154102 ns, Leaving safepoint: 4024 ns, Total: 171052 ns
[19.114s][info][gc       ] GC(2022) Pause Cleanup 213M->213M(256M) 0.106ms
[19.114s][info][gc,cpu   ] GC(2022) User=0.00s Sys=0.00s Real=0.00s
[19.114s][info][safepoint] Safepoint "G1PauseCleanup", Time since last: 1723284 ns, Reaching safepoint: 1827 ns, Cleanup: 1780 ns, At safepoint: 130367 ns, Leaving safepoint: 881 ns, Total: 134855 ns
[19.115s][info][gc       ] GC(2022) Concurrent Mark Cycle 11.064ms
[19.118s][info][gc       ] GC(2023) Pause Young (Prepare Mixed) (G1 Evacuation Pause) 219M->218M(256M) 2.829ms
[19.118s][info][gc,cpu   ] GC(2023) User=0.00s Sys=0.00s Real=0.01s
[19.118s][info][safepoint] Safepoint "G1CollectForAllocation", Time since last: 1087215 ns, Reaching safepoint: 1731 ns, Cleanup: 1695 ns, At safepoint: 2853309 ns, Leaving safepoint: 19846 ns, Total: 2876581 ns
[19.123s][info][gc       ] GC(2024) Pause Young (Mixed) (G1 Evacuation Pause) 229M->206M(256M) 2.548ms
[19.123s][info][gc,cpu   ] GC(2024) User=0.00s Sys=0.00s Real=0.00s
[19.123s][info][safepoint] Safepoint "G1CollectForAllocation", Time since last: 3035481 ns, Reaching safepoint: 5840 ns, Cleanup: 1902 ns, At safepoint: 2574496 ns, Leaving safepoint: 1652 ns, Total: 2583890 ns
[19.132s][info][gc       ] GC(2025) Pause Young (Mixed) (G1 Evacuation Pause) 221M->199M(256M) 3.453ms
[19.132s][info][gc,cpu   ] GC(2025) User=0.01s Sys=0.00s Real=0.00s
[19.137s][info][safepoint] Safepoint "G1CollectForAllocation", Time since last: 5386722 ns, Reaching safepoint: 6809 ns, Cleanup: 1760 ns, At safepoint: 3478574 ns, Leaving safepoint: 4503568 ns, Total: 7990711 ns
[19.142s][info][gc       ] GC(2026) Pause Young (Mixed) (G1 Evacuation Pause) 216M->194M(256M) 3.589ms
[19.142s][info][gc,cpu   ] GC(2026) User=0.01s Sys=0.00s Real=0.00s
[19.142s][info][safepoint] Safepoint "G1CollectForAllocation", Time since last: 1331956 ns, Reaching safepoint: 6214 ns, Cleanup: 1538 ns, At safepoint: 3610296 ns, Leaving safepoint: 30103 ns, Total: 3648151 ns
[19.149s][info][gc       ] GC(2027) Pause Young (Mixed) (G1 Evacuation Pause) 213M->192M(256M) 4.461ms
[19.149s][info][gc,cpu   ] GC(2027) User=0.00s Sys=0.00s Real=0.01s
[19.153s][info][safepoint] Safepoint "G1CollectForAllocation", Time since last: 3037126 ns, Reaching safepoint: 4447 ns, Cleanup: 1855 ns, At safepoint: 4481086 ns, Leaving safepoint: 3514431 ns, Total: 8001819 ns
[19.161s][info][gc       ] GC(2028) Pause Young (Mixed) (G1 Evacuation Pause) 212M->189M(256M) 3.809ms
[19.161s][info][gc,cpu   ] GC(2028) User=0.01s Sys=0.00s Real=0.00s
[19.161s][info][safepoint] Safepoint "G1CollectForAllocation", Time since last: 4026496 ns, Reaching safepoint: 6406 ns, Cleanup: 1856 ns, At safepoint: 3835745 ns, Leaving safepoint: 2115 ns, Total: 3846122 ns
[19.169s][info][gc       ] GC(2029) Pause Young (Concurrent Start) (G1 Evacuation Pause) 210M->207M(256M) 3.105ms
[19.169s][info][gc       ] GC(2030) Concurrent Mark Cycle
[19.170s][info][gc,cpu   ] GC(2029) User=0.00s Sys=0.00s Real=0.01s
[19.176s][info][safepoint] Safepoint "G1CollectForAllocation", Time since last: 5763770 ns, Reaching safepoint: 9347 ns, Cleanup: 1706 ns, At safepoint: 3204704 ns, Leaving safepoint: 6438130 ns, Total: 9653887 ns
[19.179s][info][gc       ] GC(2031) Pause Young (Normal) (G1 Evacuation Pause) 222M->220M(256M) 2.149ms
[19.179s][info][gc,cpu   ] GC(2031) User=0.00s Sys=0.00s Real=0.00s
[19.179s][info][safepoint] Safepoint "G1CollectForAllocation", Time since last: 1217479 ns, Reaching safepoint: 7254 ns, Cleanup: 1814 ns, At safepoint: 2216964 ns, Leaving safepoint: 22567 ns, Total: 2248599 ns
[19.180s][info][gc       ] GC(2030) Pause Remark 221M->217M(256M) 0.131ms
[19.180s][info][gc,cpu   ] GC(2030) User=0.01s Sys=0.00s Real=0.00s
[19.180s][info][safepoint] Safepoint "G1PauseRemark", Time since last: 14777 ns, Reaching safepoint: 114631 ns, Cleanup: 1701 ns, At safepoint: 141089 ns, Leaving safepoint: 80425 ns, Total: 337846 ns
[19.182s][info][gc       ] GC(2030) Pause Cleanup 217M->217M(256M) 0.198ms
[19.182s][info][gc,cpu   ] GC(2030) User=0.00s Sys=0.00s Real=0.00s
[19.183s][info][safepoint] Safepoint "G1PauseCleanup", Time since last: 2450138 ns, Reaching safepoint: 8403 ns, Cleanup: 1581 ns, At safepoint: 230145 ns, Leaving safepoint: 13966 ns, Total: 254095 ns
[19.184s][info][gc       ] GC(2030) Concurrent Mark Cycle 14.138ms
[19.185s][info][gc       ] GC(2032) Pause Young (Prepare Mixed) (G1 Evacuation Pause) 226M->225M(256M) 1.597ms
[19.185s][info][gc,cpu   ] GC(2032) User=0.00s Sys=0.00s Real=0.00s
[19.189s][info][safepoint] Safepoint "G1CollectForAllocation", Time since last: 1118730 ns, Reaching safepoint: 1680 ns, Cleanup: 1672 ns, At safepoint: 1618428 ns, Leaving safepoint: 3459167 ns, Total: 5080947 ns
[19.191s][info][gc       ] GC(2033) Pause Young (Mixed) (G1 Evacuation Pause) 235M->211M(256M) 1.879ms
[19.192s][info][gc,cpu   ] GC(2033) User=0.01s Sys=0.00s Real=0.00s
[19.192s][info][safepoint] Safepoint "G1CollectForAllocation", Time since last: 887300 ns, Reaching safepoint: 7174 ns, Cleanup: 1757 ns, At safepoint: 1902800 ns, Leaving safepoint: 29324 ns, Total: 1941055 ns
[19.200s][info][gc       ] GC(2034) Pause Young (Mixed) (G1 Evacuation Pause) 224M->202M(256M) 3.114ms
[19.200s][info][gc,cpu   ] GC(2034) User=0.01s Sys=0.00s Real=0.00s
[19.200s][info][safepoint] Safepoint "G1CollectForAllocation", Time since last: 5180832 ns, Reaching safepoint: 7057 ns, Cleanup: 1915 ns, At safepoint: 3140974 ns, Leaving safepoint: 2000 ns, Total: 3151946 ns
[19.208s][info][gc       ] GC(2035) Pause Young (Mixed) (G1 Evacuation Pause) 218M->195M(256M) 3.534ms
[19.208s][info][gc,cpu   ] GC(2035) User=0.00s Sys=0.00s Real=0.00s
[19.208s][info][safepoint] Safepoint "G1CollectForAllocation", Time since last: 4841636 ns, Reaching safepoint: 11578 ns, Cleanup: 1867 ns, At safepoint: 3561242 ns, Leaving safepoint: 1863 ns, Total: 3576550 ns
[19.217s][info][gc       ] GC(2036) Pause Young (Mixed) (G1 Evacuation Pause) 214M->192M(256M) 4.356ms
[19.217s][info][gc,cpu   ] GC(2036) User=0.00s Sys=0.00s Real=0.01s
[19.217s][info][safepoint] Safepoint "G1CollectForAllocation", Time since last: 4401148 ns, Reaching safepoint: 6941 ns, Cleanup: 1633 ns, At safepoint: 4378364 ns, Leaving safepoint: 2449 ns, Total: 4389387 ns
[19.227s][info][gc       ] GC(2037) Pause Young (Mixed) (G1 Evacuation Pause) 212M->195M(256M) 3.991ms
[19.227s][info][gc,cpu   ] GC(2037) User=0.00s Sys=0.00s Real=0.00s
[19.228s][info][safepoint] Safepoint "G1CollectForAllocation", Time since last: 6391318 ns, Reaching safepoint: 1741 ns, Cleanup: 1640 ns, At safepoint: 4018581 ns, Leaving safepoint: 17315 ns, Total: 4039277 ns
[19.232s][info][gc       ] GC(2038) Pause Young (Concurrent Start) (G1 Evacuation Pause) 214M->211M(256M) 2.799ms
[19.232s][info][gc,cpu   ] GC(2038) User=0.01s Sys=0.00s Real=0.00s
[19.232s][info][gc       ] GC(2039) Concurrent Mark Cycle
[19.232s][info][safepoint] Safepoint "G1CollectForAllocation", Time since last: 1558137 ns, Reaching safepoint: 1505 ns, Cleanup: 1486 ns, At safepoint: 2824432 ns, Leaving safepoint: 22958 ns, Total: 2850381 ns
[19.239s][info][gc       ] GC(2040) Pause Young (Normal) (G1 Evacuation Pause) 224M->223M(256M) 2.014ms
[19.239s][info][gc,cpu   ] GC(2040) User=0.00s Sys=0.00s Real=0.00s
[19.239s][info][safepoint] Safepoint "G1CollectForAllocation", Time since last: 4850500 ns, Reaching safepoint: 17757 ns, Cleanup: 1823 ns, At safepoint: 2040160 ns, Leaving safepoint: 7940 ns, Total: 2067680 ns
[19.243s][info][gc       ] GC(2041) Pause Young (Normal) (G1 Evacuation Pause) 233M->232M(256M) 1.764ms
[19.243s][info][gc,cpu   ] GC(2041) User=0.00s Sys=0.00s Real=0.00s
[19.244s][info][safepoint] Safepoint "G1CollectForAllocation", Time since last: 2574883 ns, Reaching safepoint: 24738 ns, Cleanup: 1760 ns, At safepoint: 1788780 ns, Leaving safepoint: 1252551 ns, Total: 3067829 ns
[19.247s][info][gc       ] GC(2042) Pause Young (Normal) (G1 Evacuation Pause) 242M->242M(256M) 1.506ms
[19.247s][info][gc,cpu   ] GC(2042) User=0.00s Sys=0.00s Real=0.00s
[19.249s][info][safepoint] Safepoint "G1CollectForAllocation", Time since last: 739190 ns, Reaching safepoint: 1500 ns, Cleanup: 1430 ns, At safepoint: 1527539 ns, Leaving safepoint: 1933719 ns, Total: 3464188 ns
[19.250s][info][gc       ] GC(2043) Pause Young (Normal) (G1 Evacuation Pause) (Evacuation Failure) 252M->253M(256M) 0.647ms
[19.250s][info][gc,cpu   ] GC(2043) User=0.00s Sys=0.00s Real=0.00s
[19.250s][info][safepoint] Safepoint "G1CollectForAllocation", Time since last: 714004 ns, Reaching safepoint: 8126 ns, Cleanup: 1364 ns, At safepoint: 663917 ns, Leaving safepoint: 15443 ns, Total: 688850 ns
[19.250s][info][gc       ] GC(2039) Pause Remark 254M->247M(256M) 0.165ms
[19.250s][info][gc,cpu   ] GC(2039) User=0.00s Sys=0.00s Real=0.00s
[19.250s][info][safepoint] Safepoint "G1PauseRemark", Time since last: 14322 ns, Reaching safepoint: 96643 ns, Cleanup: 1104 ns, At safepoint: 191666 ns, Leaving safepoint: 64407 ns, Total: 353820 ns
[19.254s][info][gc       ] GC(2039) Pause Cleanup 247M->247M(256M) 0.117ms
[19.254s][info][gc,cpu   ] GC(2039) User=0.00s Sys=0.00s Real=0.00s
[19.254s][info][safepoint] Safepoint "G1PauseCleanup", Time since last: 3760034 ns, Reaching safepoint: 7289 ns, Cleanup: 1143 ns, At safepoint: 135691 ns, Leaving safepoint: 3895 ns, Total: 148018 ns
[19.255s][info][gc       ] GC(2044) Pause Young (Prepare Mixed) (G1 Evacuation Pause) 248M->248M(256M) 0.624ms
[19.255s][info][gc,cpu   ] GC(2044) User=0.00s Sys=0.00s Real=0.00s
[19.255s][info][safepoint] Safepoint "G1CollectForAllocation", Time since last: 108229 ns, Reaching safepoint: 499 ns, Cleanup: 668 ns, At safepoint: 640276 ns, Leaving safepoint: 2255 ns, Total: 643698 ns
[19.262s][info][gc       ] GC(2045) Pause Young (Mixed) (G1 Evacuation Pause) (Evacuation Failure) 255M->246M(256M) 0.867ms
[19.262s][info][gc,cpu   ] GC(2045) User=0.00s Sys=0.00s Real=0.00s
[19.262s][info][gc       ] GC(2039) Concurrent Mark Cycle 30.173ms
[19.262s][info][safepoint] Safepoint "G1CollectForAllocation", Time since last: 6036587 ns, Reaching safepoint: 11111 ns, Cleanup: 1281 ns, At safepoint: 886594 ns, Leaving safepoint: 30987 ns, Total: 929973 ns
[19.264s][info][gc       ] GC(2046) Pause Young (Mixed) (G1 Evacuation Pause) (Evacuation Failure) 255M->253M(256M) 1.045ms
[19.264s][info][gc,cpu   ] GC(2046) User=0.00s Sys=0.00s Real=0.00s
[19.264s][info][safepoint] Safepoint "G1CollectForAllocation", Time since last: 1192048 ns, Reaching safepoint: 1378 ns, Cleanup: 1160 ns, At safepoint: 1066343 ns, Leaving safepoint: 18467 ns, Total: 1087348 ns
[19.270s][info][gc       ] GC(2047) Pause Young (Mixed) (G1 Evacuation Pause) (Evacuation Failure) 255M->253M(256M) 0.827ms
[19.270s][info][gc,cpu   ] GC(2047) User=0.00s Sys=0.00s Real=0.00s
[19.270s][info][safepoint] Safepoint "G1CollectForAllocation", Time since last: 4322957 ns, Reaching safepoint: 3580 ns, Cleanup: 1110 ns, At safepoint: 843055 ns, Leaving safepoint: 22654 ns, Total: 870399 ns
[19.271s][info][gc       ] GC(2048) Pause Young (Mixed) (G1 Evacuation Pause) (Evacuation Failure) 255M->255M(256M) 0.878ms
[19.271s][info][gc,cpu   ] GC(2048) User=0.00s Sys=0.00s Real=0.00s
[19.292s][info][gc       ] GC(2049) Pause Full (G1 Compaction Pause) 255M->108M(256M) 21.569ms
[19.292s][info][gc,cpu   ] GC(2049) User=0.03s Sys=0.00s Real=0.02s
[19.292s][info][safepoint] Safepoint "G1CollectForAllocation", Time since last: 235591 ns, Reaching safepoint: 546 ns, Cleanup: 624 ns, At safepoint: 22487177 ns, Leaving safepoint: 61010 ns, Total: 22549357 ns
[19.317s][info][gc       ] GC(2050) Pause Young (Normal) (G1 Evacuation Pause) 160M->151M(256M) 8.412ms
[19.317s][info][gc,cpu   ] GC(2050) User=0.01s Sys=0.00s Real=0.02s
[19.317s][info][safepoint] Safepoint "G1CollectForAllocation", Time since last: 16201152 ns, Reaching safepoint: 8591 ns, Cleanup: 3088 ns, At safepoint: 8446884 ns, Leaving safepoint: 2753 ns, Total: 8461316 ns
[19.329s][info][gc       ] GC(2051) Pause Young (Normal) (G1 Evacuation Pause) 186M->179M(256M) 7.137ms
[19.329s][info][gc,cpu   ] GC(2051) User=0.00s Sys=0.00s Real=0.01s
[19.333s][info][safepoint] Safepoint "G1CollectForAllocation", Time since last: 4910683 ns, Reaching safepoint: 2248 ns, Cleanup: 2938 ns, At safepoint: 7169635 ns, Leaving safepoint: 3642649 ns, Total: 10817470 ns
[19.342s][info][gc       ] GC(2052) Pause Young (Concurrent Start) (G1 Evacuation Pause) 202M->198M(256M) 4.877ms
[19.342s][info][gc,cpu   ] GC(2052) User=0.01s Sys=0.00s Real=0.00s
[19.342s][info][gc       ] GC(2053) Concurrent Mark Cycle
[19.348s][info][safepoint] Safepoint "G1CollectForAllocation", Time since last: 4546801 ns, Reaching safepoint: 2144 ns, Cleanup: 2328 ns, At safepoint: 4922052 ns, Leaving safepoint: 5313730 ns, Total: 10240254 ns
[19.349s][info][gc       ] GC(2053) Pause Remark 207M->207M(256M) 0.172ms
[19.349s][info][gc,cpu   ] GC(2053) User=0.00s Sys=0.00s Real=0.00s
[19.353s][info][safepoint] Safepoint "G1PauseRemark", Time since last: 1195659 ns, Reaching safepoint: 360622 ns, Cleanup: 4777 ns, At safepoint: 197164 ns, Leaving safepoint: 3438414 ns, Total: 4000977 ns
[19.355s][info][gc       ] GC(2053) Pause Cleanup 207M->207M(256M) 0.104ms
[19.355s][info][gc,cpu   ] GC(2053) User=0.00s Sys=0.00s Real=0.00s
[19.356s][info][safepoint] Safepoint "G1PauseCleanup", Time since last: 2515268 ns, Reaching safepoint: 8757 ns, Cleanup: 1988 ns, At safepoint: 126525 ns, Leaving safepoint: 149194 ns, Total: 286464 ns
[19.361s][info][gc       ] GC(2054) Pause Young (Prepare Mixed) (G1 Evacuation Pause) 215M->214M(256M) 4.275ms
[19.361s][info][gc,cpu   ] GC(2054) User=0.00s Sys=0.00s Real=0.01s
[19.365s][info][gc       ] GC(2053) Concurrent Mark Cycle 22.504ms
[19.365s][info][safepoint] Safepoint "G1CollectForAllocation", Time since last: 1116249 ns, Reaching safepoint: 2181 ns, Cleanup: 2071 ns, At safepoint: 4310440 ns, Leaving safepoint: 3799183 ns, Total: 8113875 ns
[19.372s][info][gc       ] GC(2055) Pause Young (Mixed) (G1 Evacuation Pause) 225M->203M(256M) 3.695ms
[19.372s][info][gc,cpu   ] GC(2055) User=0.01s Sys=0.00s Real=0.00s
[19.372s][info][safepoint] Safepoint "G1CollectForAllocation", Time since last: 3987560 ns, Reaching safepoint: 6804 ns, Cleanup: 2533 ns, At safepoint: 3725119 ns, Leaving safepoint: 3342 ns, Total: 3737798 ns
[19.385s][info][gc       ] GC(2056) Pause Young (Mixed) (G1 Evacuation Pause) 218M->197M(256M) 3.814ms
[19.385s][info][gc,cpu   ] GC(2056) User=0.01s Sys=0.00s Real=0.00s
[19.385s][info][safepoint] Safepoint "G1CollectForAllocation", Time since last: 8246559 ns, Reaching safepoint: 9425 ns, Cleanup: 2055 ns, At safepoint: 3843355 ns, Leaving safepoint: 25874 ns, Total: 3880709 ns
[19.391s][info][gc       ] GC(2057) Pause Young (Mixed) (G1 Evacuation Pause) 215M->192M(256M) 4.091ms
[19.391s][info][gc,cpu   ] GC(2057) User=0.00s Sys=0.00s Real=0.01s
[19.393s][info][safepoint] Safepoint "G1CollectForAllocation", Time since last: 2552062 ns, Reaching safepoint: 1668 ns, Cleanup: 1638 ns, At safepoint: 4112095 ns, Leaving safepoint: 1417883 ns, Total: 5533284 ns
[19.403s][info][gc       ] GC(2058) Pause Young (Mixed) (G1 Evacuation Pause) 211M->189M(256M) 4.060ms
[19.403s][info][gc,cpu   ] GC(2058) User=0.01s Sys=0.00s Real=0.00s
[19.403s][info][safepoint] Safepoint "G1CollectForAllocation", Time since last: 5805800 ns, Reaching safepoint: 6607 ns, Cleanup: 1656 ns, At safepoint: 4077687 ns, Leaving safepoint: 20513 ns, Total: 4106463 ns
[19.409s][info][gc       ] GC(2059) Pause Young (Mixed) (G1 Evacuation Pause) 210M->195M(256M) 4.211ms
[19.409s][info][gc,cpu   ] GC(2059) User=0.00s Sys=0.00s Real=0.01s
[19.409s][info][safepoint] Safepoint "G1CollectForAllocation", Time since last: 2272784 ns, Reaching safepoint: 1265 ns, Cleanup: 1257 ns, At safepoint: 4228743 ns, Leaving safepoint: 1254 ns, Total: 4232519 ns
[19.418s][info][gc       ] GC(2060) Pause Young (Concurrent Start) (G1 Evacuation Pause) 213M->212M(256M) 3.341ms
[19.418s][info][gc,cpu   ] GC(2060) User=0.00s Sys=0.00s Real=0.01s
[19.418s][info][safepoint] Safepoint "G1CollectForAllocation", Time since last: 5228169 ns, Reaching safepoint: 10620 ns, Cleanup: 2056 ns, At safepoint: 3371418 ns, Leaving safepoint: 2224 ns, Total: 3386318 ns
[19.418s][info][gc       ] GC(2061) Concurrent Mark Cycle
[19.427s][info][gc       ] GC(2062) Pause Young (Normal) (G1 Evacuation Pause) 225M->223M(256M) 2.414ms
[19.427s][info][gc,cpu   ] GC(2062) User=0.00s Sys=0.00s Real=0.00s
[19.428s][info][safepoint] Safepoint "G1CollectForAllocation", Time since last: 6974376 ns, Reaching safepoint: 29170 ns, Cleanup: 1675 ns, At safepoint: 2440104 ns, Leaving safepoint: 1168963 ns, Total: 3639912 ns
[19.431s][info][gc       ] GC(2063) Pause Young (Normal) (G1 Evacuation Pause) 233M->233M(256M) 1.903ms
[19.431s][info][gc,cpu   ] GC(2063) User=0.00s Sys=0.00s Real=0.00s
[19.431s][info][safepoint] Safepoint "G1CollectForAllocation", Time since last: 831515 ns, Reaching safepoint: 1280 ns, Cleanup: 1278 ns, At safepoint: 1924218 ns, Leaving safepoint: 1692 ns, Total: 1928468 ns
[19.434s][info][gc       ] GC(2064) Pause Young (Normal) (G1 Evacuation Pause) 243M->242M(256M) 1.182ms
[19.434s][info][gc,cpu   ] GC(2064) User=0.00s Sys=0.00s Real=0.00s
[19.434s][info][safepoint] Safepoint "G1CollectForAllocation", Time since last: 1600917 ns, Reaching safepoint: 4037 ns, Cleanup: 1096 ns, At safepoint: 1199783 ns, Leaving safepoint: 2188 ns, Total: 1207104 ns
[19.437s][info][gc       ] GC(2065) Pause Young (Normal) (G1 Evacuation Pause) (Evacuation Failure) 252M->254M(256M) 0.711ms
[19.437s][info][gc,cpu   ] GC(2065) User=0.00s Sys=0.00s Real=0.00s
[19.437s][info][safepoint] Safepoint "G1CollectForAllocation", Time since last: 2796219 ns, Reaching safepoint: 5535 ns, Cleanup: 1052 ns, At safepoint: 728404 ns, Leaving safepoint: 15078 ns, Total: 750069 ns
[19.438s][info][gc       ] GC(2061) Pause Remark 255M->253M(256M) 0.147ms
[19.438s][info][gc,cpu   ] GC(2061) User=0.00s Sys=0.00s Real=0.00s
[19.438s][info][safepoint] Safepoint "G1PauseRemark", Time since last: 107369 ns, Reaching safepoint: 564 ns, Cleanup: 643 ns, At safepoint: 154313 ns, Leaving safepoint: 516 ns, Total: 156036 ns
[19.439s][info][gc       ] GC(2061) Pause Cleanup 253M->253M(256M) 0.138ms
[19.439s][info][gc,cpu   ] GC(2061) User=0.00s Sys=0.00s Real=0.00s
[19.439s][info][safepoint] Safepoint "G1PauseCleanup", Time since last: 1552847 ns, Reaching safepoint: 730 ns, Cleanup: 858 ns, At safepoint: 152308 ns, Leaving safepoint: 768 ns, Total: 154664 ns
[19.440s][info][gc       ] GC(2066) Pause Young (Prepare Mixed) (G1 Evacuation Pause) (Evacuation Failure) 253M->253M(256M) 0.408ms
[19.440s][info][gc,cpu   ] GC(2066) User=0.00s Sys=0.00s Real=0.00s
[19.440s][info][gc       ] GC(2061) Concurrent Mark Cycle 22.582ms
[19.440s][info][safepoint] Safepoint "G1CollectForAllocation", Time since last: 21685 ns, Reaching safepoint: 435 ns, Cleanup: 459 ns, At safepoint: 425351 ns, Leaving safepoint: 454888 ns, Total: 881133 ns
[19.441s][info][gc       ] GC(2067) Pause Young (Mixed) (G1 Evacuation Pause) (Evacuation Failure) 255M->246M(256M) 0.730ms
[19.441s][info][gc,cpu   ] GC(2067) User=0.00s Sys=0.00s Real=0.00s
[19.445s][info][safepoint] Safepoint "G1CollectForAllocation", Time since last: 188570 ns, Reaching safepoint: 851 ns, Cleanup: 1017 ns, At safepoint: 747580 ns, Leaving safepoint: 3447695 ns, Total: 4197143 ns
[19.447s][info][gc       ] GC(2068) Pause Young (Mixed) (G1 Evacuation Pause) (Evacuation Failure) 255M->253M(256M) 1.138ms
[19.447s][info][gc,cpu   ] GC(2068) User=0.00s Sys=0.00s Real=0.00s
[19.447s][info][safepoint] Safepoint "G1CollectForAllocation", Time since last: 1340166 ns, Reaching safepoint: 6945 ns, Cleanup: 1815 ns, At safepoint: 1158397 ns, Leaving safepoint: 23422 ns, Total: 1190579 ns
[19.449s][info][gc       ] GC(2069) Pause Young (Mixed) (G1 Evacuation Pause) (Evacuation Failure) 255M->254M(256M) 1.347ms
[19.449s][info][gc,cpu   ] GC(2069) User=0.00s Sys=0.00s Real=0.01s
[19.453s][info][safepoint] Safepoint "G1CollectForAllocation", Time since last: 286191 ns, Reaching safepoint: 866 ns, Cleanup: 1190 ns, At safepoint: 1366282 ns, Leaving safepoint: 3791927 ns, Total: 5160265 ns
[19.454s][info][gc       ] GC(2070) Pause Young (Mixed) (G1 Evacuation Pause) (Evacuation Failure) 255M->254M(256M) 0.839ms
[19.454s][info][gc,cpu   ] GC(2070) User=0.00s Sys=0.00s Real=0.00s
[19.454s][info][safepoint] Safepoint "G1CollectForAllocation", Time since last: 124763 ns, Reaching safepoint: 3247 ns, Cleanup: 1078 ns, At safepoint: 853440 ns, Leaving safepoint: 22526 ns, Total: 880291 ns
[19.455s][info][gc       ] GC(2071) Pause Young (Mixed) (G1 Evacuation Pause) (Evacuation Failure) 255M->255M(256M) 0.830ms
[19.455s][info][gc,cpu   ] GC(2071) User=0.00s Sys=0.00s Real=0.00s
[19.481s][info][gc       ] GC(2072) Pause Full (G1 Compaction Pause) 255M->108M(256M) 26.753ms
[19.481s][info][gc,cpu   ] GC(2072) User=0.02s Sys=0.00s Real=0.03s
[19.485s][info][safepoint] Safepoint "G1CollectForAllocation", Time since last: 129879 ns, Reaching safepoint: 565 ns, Cleanup: 886 ns, At safepoint: 27634104 ns, Leaving safepoint: 3259881 ns, Total: 30895436 ns
[19.501s][info][gc       ] GC(2073) Pause Young (Normal) (G1 Evacuation Pause) 158M->148M(256M) 7.334ms
[19.501s][info][gc,cpu   ] GC(2073) User=0.00s Sys=0.00s Real=0.01s
[19.505s][info][safepoint] Safepoint "G1CollectForAllocation", Time since last: 8875608 ns, Reaching safepoint: 2509 ns, Cleanup: 3407 ns, At safepoint: 7367252 ns, Leaving safepoint: 3753593 ns, Total: 11126761 ns
[19.517s][info][gc       ] GC(2074) Pause Young (Normal) (G1 Evacuation Pause) 183M->176M(256M) 7.223ms
[19.517s][info][gc,cpu   ] GC(2074) User=0.01s Sys=0.00s Real=0.01s
[19.517s][info][safepoint] Safepoint "G1CollectForAllocation", Time since last: 5108245 ns, Reaching safepoint: 2974 ns, Cleanup: 2765 ns, At safepoint: 7255252 ns, Leaving safepoint: 1602 ns, Total: 7262593 ns
[19.531s][info][gc       ] GC(2075) Pause Young (Concurrent Start) (G1 Evacuation Pause) 201M->197M(256M) 4.790ms
[19.531s][info][gc       ] GC(2076) Concurrent Mark Cycle
[19.532s][info][gc,cpu   ] GC(2075) User=0.00s Sys=0.00s Real=0.01s
[19.532s][info][safepoint] Safepoint "G1CollectForAllocation", Time since last: 9526833 ns, Reaching safepoint: 5265 ns, Cleanup: 3010 ns, At safepoint: 4936431 ns, Leaving safepoint: 6669 ns, Total: 4951375 ns
[19.544s][info][gc       ] GC(2077) Pause Young (Normal) (G1 Evacuation Pause) 214M->212M(256M) 2.992ms
[19.544s][info][gc,cpu   ] GC(2077) User=0.01s Sys=0.00s Real=0.00s
[19.544s][info][safepoint] Safepoint "G1CollectForAllocation", Time since last: 9465863 ns, Reaching safepoint: 7562 ns, Cleanup: 2727 ns, At safepoint: 3021927 ns, Leaving safepoint: 1728 ns, Total: 3033944 ns
[19.552s][info][gc       ] GC(2078) Pause Young (Normal) (G1 Evacuation Pause) 224M->223M(256M) 2.310ms
[19.552s][info][gc,cpu   ] GC(2078) User=0.00s Sys=0.00s Real=0.00s
[19.552s][info][safepoint] Safepoint "G1CollectForAllocation", Time since last: 6039674 ns, Reaching safepoint: 6479 ns, Cleanup: 2033 ns, At safepoint: 2333569 ns, Leaving safepoint: 10769 ns, Total: 2352850 ns
[19.555s][info][gc       ] GC(2079) Pause Young (Normal) (G1 Evacuation Pause) 233M->232M(256M) 1.828ms
[19.555s][info][gc,cpu   ] GC(2079) User=0.00s Sys=0.00s Real=0.00s
[19.555s][info][safepoint] Safepoint "G1CollectForAllocation", Time since last: 1008986 ns, Reaching safepoint: 1201 ns, Cleanup: 1377 ns, At safepoint: 1846065 ns, Leaving safepoint: 1876 ns, Total: 1850519 ns
[19.559s][info][gc       ] GC(2080) Pause Young (Normal) (G1 Evacuation Pause) (Evacuation Failure) 242M->247M(256M) 1.821ms
[19.559s][info][gc,cpu   ] GC(2080) User=0.00s Sys=0.00s Real=0.00s
[19.559s][info][safepoint] Safepoint "G1CollectForAllocation", Time since last: 2151613 ns, Reaching safepoint: 5285 ns, Cleanup: 1431 ns, At safepoint: 1839450 ns, Leaving safepoint: 1756 ns, Total: 1847922 ns
[19.561s][info][gc       ] GC(2081) Pause Young (Normal) (G1 Evacuation Pause) (Evacuation Failure) 252M->252M(256M) 0.261ms
[19.561s][info][gc,cpu   ] GC(2081) User=0.00s Sys=0.00s Real=0.00s
[19.585s][info][gc       ] GC(2082) Pause Full (G1 Compaction Pause) 252M->108M(256M) 23.194ms
[19.585s][info][gc,cpu   ] GC(2082) User=0.03s Sys=0.00s Real=0.02s
[19.585s][info][safepoint] Safepoint "G1CollectForAllocation", Time since last: 1728671 ns, Reaching safepoint: 6599 ns, Cleanup: 1361 ns, At safepoint: 23502768 ns, Leaving safepoint: 15958 ns, Total: 23526686 ns
[19.593s][info][gc       ] GC(2076) Pause Remark 139M->139M(256M) 0.009ms
[19.593s][info][gc,cpu   ] GC(2076) User=0.00s Sys=0.00s Real=0.00s
[19.593s][info][safepoint] Safepoint "G1PauseRemark", Time since last: 8138693 ns, Reaching safepoint: 155941 ns, Cleanup: 3411 ns, At safepoint: 30481 ns, Leaving safepoint: 179085 ns, Total: 368918 ns
[19.593s][info][gc       ] GC(2076) Concurrent Mark Cycle 61.650ms
[19.603s][info][gc       ] GC(2083) Pause Young (Normal) (G1 Evacuation Pause) 156M->146M(256M) 6.952ms
[19.603s][info][gc,cpu   ] GC(2083) User=0.00s Sys=0.00s Real=0.01s
[19.603s][info][safepoint] Safepoint "G1CollectForAllocation", Time since last: 2911475 ns, Reaching safepoint: 1919 ns, Cleanup: 982 ns, At safepoint: 6979858 ns, Leaving safepoint: 1694 ns, Total: 6984453 ns
[19.615s][info][gc       ] GC(2084) Pause Young (Normal) (G1 Evacuation Pause) 181M->174M(256M) 6.551ms
[19.615s][info][gc,cpu   ] GC(2084) User=0.01s Sys=0.00s Real=0.00s
[19.621s][info][safepoint] Safepoint "G1CollectForAllocation", Time since last: 5772618 ns, Reaching safepoint: 1893 ns, Cleanup: 2068 ns, At safepoint: 6581194 ns, Leaving safepoint: 5383642 ns, Total: 11968797 ns
[19.632s][info][gc       ] GC(2085) Pause Young (Concurrent Start) (G1 Evacuation Pause) 199M->195M(256M) 5.094ms
[19.632s][info][gc,cpu   ] GC(2085) User=0.00s Sys=0.00s Real=0.01s
[19.632s][info][safepoint] Safepoint "G1CollectForAllocation", Time since last: 6085628 ns, Reaching safepoint: 6960 ns, Cleanup: 2053 ns, At safepoint: 5127505 ns, Leaving safepoint: 2264 ns, Total: 5138782 ns
[19.632s][info][gc       ] GC(2086) Concurrent Mark Cycle
[19.644s][info][gc       ] GC(2087) Pause Young (Normal) (G1 Evacuation Pause) 212M->211M(256M) 3.125ms
[19.644s][info][gc,cpu   ] GC(2087) User=0.00s Sys=0.00s Real=0.00s
[19.644s][info][safepoint] Safepoint "G1CollectForAllocation", Time since last: 8759856 ns, Reaching safepoint: 36977 ns, Cleanup: 1668 ns, At safepoint: 3148678 ns, Leaving safepoint: 2467 ns, Total: 3189790 ns
[19.651s][info][gc       ] GC(2088) Pause Young (Normal) (G1 Evacuation Pause) 223M->222M(256M) 2.120ms
[19.651s][info][gc,cpu   ] GC(2088) User=0.00s Sys=0.00s Real=0.00s
[19.651s][info][safepoint] Safepoint "G1CollectForAllocation", Time since last: 4801058 ns, Reaching safepoint: 6260 ns, Cleanup: 1869 ns, At safepoint: 2142841 ns, Leaving safepoint: 1895 ns, Total: 2152865 ns
[19.654s][info][gc       ] GC(2089) Pause Young (Normal) (G1 Evacuation Pause) 232M->231M(256M) 1.921ms
[19.654s][info][gc,cpu   ] GC(2089) User=0.00s Sys=0.00s Real=0.00s
[19.654s][info][safepoint] Safepoint "G1CollectForAllocation", Time since last: 901267 ns, Reaching safepoint: 1343 ns, Cleanup: 1112 ns, At safepoint: 1938318 ns, Leaving safepoint: 1871 ns, Total: 1942644 ns
[19.659s][info][gc       ] GC(2090) Pause Young (Normal) (G1 Evacuation Pause) 241M->240M(256M) 1.346ms
[19.659s][info][gc,cpu   ] GC(2090) User=0.00s Sys=0.00s Real=0.00s
[19.659s][info][safepoint] Safepoint "G1CollectForAllocation", Time since last: 3806271 ns, Reaching safepoint: 5407 ns, Cleanup: 1220 ns, At safepoint: 1361807 ns, Leaving safepoint: 2103 ns, Total: 1370537 ns
[19.660s][info][gc       ] GC(2091) Pause Young (Normal) (G1 Evacuation Pause) (Evacuation Failure) 250M->251M(256M) 0.614ms
[19.660s][info][gc,cpu   ] GC(2091) User=0.00s Sys=0.00s Real=0.00s
[19.660s][info][safepoint] Safepoint "G1CollectForAllocation", Time since last: 750760 ns, Reaching safepoint: 1032 ns, Cleanup: 1154 ns, At safepoint: 630307 ns, Leaving safepoint: 1932 ns, Total: 634425 ns
[19.665s][info][gc       ] GC(2092) Pause Young (Normal) (G1 Evacuation Pause) (Evacuation Failure) 252M->252M(256M) 0.154ms
[19.665s][info][gc,cpu   ] GC(2092) User=0.00s Sys=0.00s Real=0.00s
[19.688s][info][gc       ] GC(2093) Pause Full (G1 Compaction Pause) 252M->108M(256M) 22.641ms
[19.688s][info][gc,cpu   ] GC(2093) User=0.02s Sys=0.00s Real=0.02s
[19.693s][info][safepoint] Safepoint "G1CollectForAllocation", Time since last: 4528554 ns, Reaching safepoint: 4899 ns, Cleanup: 1044 ns, At safepoint: 22840809 ns, Leaving safepoint: 5062628 ns, Total: 27909380 ns
[19.697s][info][gc       ] GC(2086) Pause Remark 139M->139M(256M) 0.008ms
[19.697s][info][gc,cpu   ] GC(2086) User=0.00s Sys=0.00s Real=0.00s
[19.701s][info][safepoint] Safepoint "G1PauseRemark", Time since last: 4018528 ns, Reaching safepoint: 114807 ns, Cleanup: 2951 ns, At safepoint: 26692 ns, Leaving safepoint: 3850746 ns, Total: 3995196 ns
[19.701s][info][gc       ] GC(2086) Concurrent Mark Cycle 68.777ms
[19.711s][info][gc       ] GC(2094) Pause Young (Normal) (G1 Evacuation Pause) 157M->148M(256M) 7.756ms
[19.711s][info][gc,cpu   ] GC(2094) User=0.01s Sys=0.00s Real=0.01s
[19.717s][info][safepoint] Safepoint "G1CollectForAllocation", Time since last: 2528841 ns, Reaching safepoint: 11082 ns, Cleanup: 2116 ns, At safepoint: 7786864 ns, Leaving safepoint: 5649576 ns, Total: 13449638 ns
[19.728s][info][gc       ] GC(2095) Pause Young (Normal) (G1 Evacuation Pause) 182M->176M(256M) 6.314ms
[19.728s][info][gc,cpu   ] GC(2095) User=0.01s Sys=0.00s Real=0.00s
[19.729s][info][safepoint] Safepoint "G1CollectForAllocation", Time since last: 4582106 ns, Reaching safepoint: 1958 ns, Cleanup: 2478 ns, At safepoint: 6353279 ns, Leaving safepoint: 1071808 ns, Total: 7429523 ns
[19.741s][info][gc       ] GC(2096) Pause Young (Concurrent Start) (G1 Evacuation Pause) 200M->196M(256M) 4.684ms
[19.742s][info][gc       ] GC(2097) Concurrent Mark Cycle
[19.742s][info][gc,cpu   ] GC(2096) User=0.00s Sys=0.00s Real=0.00s
[19.742s][info][safepoint] Safepoint "G1CollectForAllocation", Time since last: 8104002 ns, Reaching safepoint: 1966 ns, Cleanup: 2236 ns, At safepoint: 4835767 ns, Leaving safepoint: 5473 ns, Total: 4845442 ns
[19.752s][info][gc       ] GC(2098) Pause Young (Normal) (G1 Evacuation Pause) 213M->211M(256M) 2.836ms
[19.752s][info][gc,cpu   ] GC(2098) User=0.00s Sys=0.00s Real=0.00s
[19.753s][info][safepoint] Safepoint "G1CollectForAllocation", Time since last: 7049278 ns, Reaching safepoint: 10067 ns, Cleanup: 2257 ns, At safepoint: 2861735 ns, Leaving safepoint: 1155189 ns, Total: 4029248 ns
[19.753s][info][gc       ] GC(2097) Pause Remark 212M->211M(256M) 0.144ms
[19.753s][info][gc,cpu   ] GC(2097) User=0.00s Sys=0.00s Real=0.00s
[19.753s][info][safepoint] Safepoint "G1PauseRemark", Time since last: 41293 ns, Reaching safepoint: 106971 ns, Cleanup: 2043 ns, At safepoint: 159096 ns, Leaving safepoint: 1295 ns, Total: 269405 ns
[19.755s][info][gc       ] GC(2097) Pause Cleanup 211M->211M(256M) 0.110ms
[19.755s][info][gc,cpu   ] GC(2097) User=0.00s Sys=0.00s Real=0.00s
[19.755s][info][safepoint] Safepoint "G1PauseCleanup", Time since last: 1479664 ns, Reaching safepoint: 1334 ns, Cleanup: 1430 ns, At safepoint: 126638 ns, Leaving safepoint: 1368 ns, Total: 130770 ns
[19.758s][info][gc       ] GC(2097) Concurrent Mark Cycle 16.821ms
[19.761s][info][gc       ] GC(2099) Pause Young (Prepare Mixed) (G1 Evacuation Pause) 222M->221M(256M) 2.673ms
[19.761s][info][gc,cpu   ] GC(2099) User=0.00s Sys=0.00s Real=0.00s
[19.761s][info][safepoint] Safepoint "G1CollectForAllocation", Time since last: 3718764 ns, Reaching safepoint: 6705 ns, Cleanup: 1047 ns, At safepoint: 2697975 ns, Leaving safepoint: 2217 ns, Total: 2707944 ns
[19.767s][info][gc       ] GC(2100) Pause Young (Mixed) (G1 Evacuation Pause) 231M->209M(256M) 2.388ms
[19.767s][info][gc,cpu   ] GC(2100) User=0.01s Sys=0.00s Real=0.00s
[19.767s][info][safepoint] Safepoint "G1CollectForAllocation", Time since last: 3630287 ns, Reaching safepoint: 9088 ns, Cleanup: 1889 ns, At safepoint: 2414566 ns, Leaving safepoint: 1966 ns, Total: 2427509 ns
[19.776s][info][gc       ] GC(2101) Pause Young (Mixed) (G1 Evacuation Pause) 222M->202M(256M) 3.125ms
[19.776s][info][gc,cpu   ] GC(2101) User=0.01s Sys=0.00s Real=0.00s
[19.776s][info][safepoint] Safepoint "G1CollectForAllocation", Time since last: 5568999 ns, Reaching safepoint: 6576 ns, Cleanup: 1501 ns, At safepoint: 3146423 ns, Leaving safepoint: 10712 ns, Total: 3165212 ns
[19.781s][info][gc       ] GC(2102) Pause Young (Mixed) (G1 Evacuation Pause) 218M->195M(256M) 3.387ms
[19.781s][info][gc,cpu   ] GC(2102) User=0.00s Sys=0.00s Real=0.00s
[19.785s][info][safepoint] Safepoint "G1CollectForAllocation", Time since last: 1789405 ns, Reaching safepoint: 1306 ns, Cleanup: 1738 ns, At safepoint: 3406134 ns, Leaving safepoint: 3624846 ns, Total: 7034024 ns
[19.791s][info][gc       ] GC(2103) Pause Young (Mixed) (G1 Evacuation Pause) 213M->192M(256M) 4.470ms
[19.791s][info][gc,cpu   ] GC(2103) User=0.00s Sys=0.00s Real=0.01s
[19.793s][info][safepoint] Safepoint "G1CollectForAllocation", Time since last: 1451206 ns, Reaching safepoint: 7126 ns, Cleanup: 1504 ns, At safepoint: 4489461 ns, Leaving safepoint: 2052529 ns, Total: 6550620 ns
[19.801s][info][gc       ] GC(2104) Pause Young (Mixed) (G1 Evacuation Pause) 212M->198M(256M) 4.061ms
[19.801s][info][gc,cpu   ] GC(2104) User=0.00s Sys=0.00s Real=0.00s
[19.801s][info][safepoint] Safepoint "G1CollectForAllocation", Time since last: 4011345 ns, Reaching safepoint: 4586 ns, Cleanup: 1804 ns, At safepoint: 4087605 ns, Leaving safepoint: 2173 ns, Total: 4096168 ns
[19.809s][info][gc       ] GC(2105) Pause Young (Concurrent Start) (G1 Evacuation Pause) 215M->213M(256M) 3.126ms
[19.809s][info][gc       ] GC(2106) Concurrent Mark Cycle
[19.809s][info][gc,cpu   ] GC(2105) User=0.00s Sys=0.00s Real=0.01s
[19.817s][info][safepoint] Safepoint "G1CollectForAllocation", Time since last: 5237687 ns, Reaching safepoint: 5770 ns, Cleanup: 1496 ns, At safepoint: 3238439 ns, Leaving safepoint: 7407253 ns, Total: 10652958 ns
[19.817s][info][gc       ] GC(2106) Pause Remark 214M->212M(256M) 0.134ms
[19.817s][info][gc,cpu   ] GC(2106) User=0.00s Sys=0.00s Real=0.00s
[19.817s][info][safepoint] Safepoint "G1PauseRemark", Time since last: 51891 ns, Reaching safepoint: 86178 ns, Cleanup: 1440 ns, At safepoint: 147040 ns, Leaving safepoint: 3394 ns, Total: 238052 ns
[19.822s][info][gc       ] GC(2107) Pause Young (Normal) (G1 Evacuation Pause) 223M->222M(256M) 2.366ms
[19.822s][info][gc,cpu   ] GC(2107) User=0.00s Sys=0.00s Real=0.00s
[19.822s][info][safepoint] Safepoint "G1CollectForAllocation", Time since last: 2369886 ns, Reaching safepoint: 1131 ns, Cleanup: 1180 ns, At safepoint: 2386943 ns, Leaving safepoint: 1090 ns, Total: 2390344 ns
[19.824s][info][gc       ] GC(2108) Pause Young (Normal) (G1 Evacuation Pause) 232M->232M(256M) 1.734ms
[19.824s][info][gc,cpu   ] GC(2108) User=0.00s Sys=0.00s Real=0.00s
[19.824s][info][safepoint] Safepoint "G1CollectForAllocation", Time since last: 815501 ns, Reaching safepoint: 882 ns, Cleanup: 1047 ns, At safepoint: 1749550 ns, Leaving safepoint: 1901 ns, Total: 1753380 ns
[19.827s][info][gc       ] GC(2109) Pause Young (Normal) (G1 Evacuation Pause) 242M->241M(256M) 1.605ms
[19.827s][info][gc,cpu   ] GC(2109) User=0.01s Sys=0.00s Real=0.00s
[19.827s][info][safepoint] Safepoint "G1CollectForAllocation", Time since last: 762766 ns, Reaching safepoint: 1033 ns, Cleanup: 754 ns, At safepoint: 1621456 ns, Leaving safepoint: 2013 ns, Total: 1625256 ns
[19.830s][info][gc       ] GC(2110) Pause Young (Normal) (G1 Evacuation Pause) (Evacuation Failure) 251M->255M(256M) 0.772ms
[19.830s][info][gc,cpu   ] GC(2110) User=0.00s Sys=0.00s Real=0.00s
[19.855s][info][gc       ] GC(2111) Pause Full (G1 Compaction Pause) 255M->108M(256M) 24.945ms
[19.855s][info][gc,cpu   ] GC(2111) User=0.02s Sys=0.00s Real=0.02s
[19.855s][info][safepoint] Safepoint "G1CollectForAllocation", Time since last: 2710453 ns, Reaching safepoint: 5490 ns, Cleanup: 936 ns, At safepoint: 25773072 ns, Leaving safepoint: 84956 ns, Total: 25864454 ns
[19.857s][info][gc       ] GC(2106) Pause Cleanup 109M->109M(256M) 0.005ms
[19.857s][info][gc,cpu   ] GC(2106) User=0.00s Sys=0.00s Real=0.00s
[19.857s][info][safepoint] Safepoint "G1PauseCleanup", Time since last: 1434944 ns, Reaching safepoint: 113487 ns, Cleanup: 1645 ns, At safepoint: 14853 ns, Leaving safepoint: 3007 ns, Total: 132992 ns
[19.857s][info][gc       ] GC(2106) Concurrent Mark Cycle 47.664ms
[19.872s][info][gc       ] GC(2112) Pause Young (Normal) (G1 Evacuation Pause) 158M->149M(256M) 7.247ms
[19.872s][info][gc,cpu   ] GC(2112) User=0.01s Sys=0.00s Real=0.01s
[19.872s][info][safepoint] Safepoint "G1CollectForAllocation", Time since last: 7755360 ns, Reaching safepoint: 2324 ns, Cleanup: 2100 ns, At safepoint: 7279057 ns, Leaving safepoint: 1426 ns, Total: 7284907 ns
[19.886s][info][gc       ] GC(2113) Pause Young (Normal) (G1 Evacuation Pause) 183M->175M(256M) 5.750ms
[19.886s][info][gc,cpu   ] GC(2113) User=0.00s Sys=0.00s Real=0.00s
[19.889s][info][safepoint] Safepoint "G1CollectForAllocation", Time since last: 8838806 ns, Reaching safepoint: 7689 ns, Cleanup: 1918 ns, At safepoint: 5782120 ns, Leaving safepoint: 2180880 ns, Total: 7972607 ns
[19.901s][info][gc       ] GC(2114) Pause Young (Concurrent Start) (G1 Evacuation Pause) 200M->197M(256M) 5.017ms
[19.901s][info][gc       ] GC(2115) Concurrent Mark Cycle
[19.901s][info][gc,cpu   ] GC(2114) User=0.01s Sys=0.00s Real=0.01s
[19.901s][info][safepoint] Safepoint "G1CollectForAllocation", Time since last: 7407601 ns, Reaching safepoint: 7483 ns, Cleanup: 2024 ns, At safepoint: 5157881 ns, Leaving safepoint: 2884 ns, Total: 5170272 ns
[19.905s][info][gc       ] GC(2115) Pause Remark 209M->207M(256M) 0.138ms
[19.905s][info][gc,cpu   ] GC(2115) User=0.00s Sys=0.00s Real=0.00s
[19.909s][info][safepoint] Safepoint "G1PauseRemark", Time since last: 3449907 ns, Reaching safepoint: 87806 ns, Cleanup: 2304 ns, At safepoint: 156073 ns, Leaving safepoint: 3724204 ns, Total: 3970387 ns
[19.910s][info][gc       ] GC(2115) Pause Cleanup 207M->207M(256M) 0.092ms
[19.910s][info][gc,cpu   ] GC(2115) User=0.00s Sys=0.00s Real=0.00s
[19.910s][info][safepoint] Safepoint "G1PauseCleanup", Time since last: 1368710 ns, Reaching safepoint: 7530 ns, Cleanup: 1435 ns, At safepoint: 107766 ns, Leaving safepoint: 4892 ns, Total: 121623 ns
[19.911s][info][gc       ] GC(2115) Concurrent Mark Cycle 10.182ms
[19.915s][info][gc       ] GC(2116) Pause Young (Prepare Mixed) (G1 Evacuation Pause) 212M->210M(256M) 3.533ms
[19.915s][info][gc,cpu   ] GC(2116) User=0.00s Sys=0.00s Real=0.00s
[19.915s][info][safepoint] Safepoint "G1CollectForAllocation", Time since last: 1186252 ns, Reaching safepoint: 1665 ns, Cleanup: 1390 ns, At safepoint: 3558025 ns, Leaving safepoint: 1809 ns, Total: 3562889 ns
[19.924s][info][gc       ] GC(2117) Pause Young (Mixed) (G1 Evacuation Pause) 222M->200M(256M) 3.084ms
[19.924s][info][gc,cpu   ] GC(2117) User=0.00s Sys=0.00s Real=0.00s
[19.924s][info][safepoint] Safepoint "G1CollectForAllocation", Time since last: 5793673 ns, Reaching safepoint: 6061 ns, Cleanup: 1901 ns, At safepoint: 3111852 ns, Leaving safepoint: 10098 ns, Total: 3129912 ns
[19.933s][info][gc       ] GC(2118) Pause Young (Mixed) (G1 Evacuation Pause) 216M->195M(256M) 4.012ms
[19.933s][info][gc,cpu   ] GC(2118) User=0.00s Sys=0.00s Real=0.00s
[19.933s][info][safepoint] Safepoint "G1CollectForAllocation", Time since last: 4887182 ns, Reaching safepoint: 6400 ns, Cleanup: 2023 ns, At safepoint: 4040246 ns, Leaving safepoint: 1942 ns, Total: 4050611 ns
[19.943s][info][gc       ] GC(2119) Pause Young (Mixed) (G1 Evacuation Pause) 213M->191M(256M) 4.641ms
[19.943s][info][gc,cpu   ] GC(2119) User=0.00s Sys=0.00s Real=0.00s
[19.945s][info][safepoint] Safepoint "G1CollectForAllocation", Time since last: 5766672 ns, Reaching safepoint: 7044 ns, Cleanup: 1448 ns, At safepoint: 4660475 ns, Leaving safepoint: 1466586 ns, Total: 6135553 ns
[19.951s][info][gc       ] GC(2120) Pause Young (Mixed) (G1 Evacuation Pause) 210M->189M(256M) 4.604ms
[19.951s][info][gc,cpu   ] GC(2120) User=0.01s Sys=0.00s Real=0.01s
[19.953s][info][safepoint] Safepoint "G1CollectForAllocation", Time since last: 1859201 ns, Reaching safepoint: 6802 ns, Cleanup: 1846 ns, At safepoint: 4623955 ns, Leaving safepoint: 1538257 ns, Total: 6170860 ns
[19.961s][info][gc       ] GC(2121) Pause Young (Mixed) (G1 Evacuation Pause) 209M->196M(256M) 4.127ms
[19.961s][info][gc,cpu   ] GC(2121) User=0.00s Sys=0.00s Real=0.00s
[19.961s][info][safepoint] Safepoint "G1CollectForAllocation", Time since last: 4002240 ns, Reaching safepoint: 6935 ns, Cleanup: 1943 ns, At safepoint: 4153006 ns, Leaving safepoint: 2014 ns, Total: 4163898 ns
[19.971s][info][gc       ] GC(2122) Pause Young (Concurrent Start) (G1 Evacuation Pause) 214M->213M(256M) 3.524ms
[19.971s][info][gc       ] GC(2123) Concurrent Mark Cycle
[19.971s][info][gc,cpu   ] GC(2122) User=0.01s Sys=0.00s Real=0.01s
[19.978s][info][safepoint] Safepoint "G1CollectForAllocation", Time since last: 6837873 ns, Reaching safepoint: 1931 ns, Cleanup: 2000 ns, At safepoint: 3643846 ns, Leaving safepoint: 7054804 ns, Total: 10702581 ns
[19.979s][info][gc       ] GC(2123) Pause Remark 219M->214M(256M) 0.150ms
[19.979s][info][gc,cpu   ] GC(2123) User=0.00s Sys=0.00s Real=0.00s
[19.979s][info][safepoint] Safepoint "G1PauseRemark", Time since last: 530748 ns, Reaching safepoint: 60031 ns, Cleanup: 2262 ns, At safepoint: 167185 ns, Leaving safepoint: 4557 ns, Total: 234035 ns
[19.984s][info][gc       ] GC(2124) Pause Young (Normal) (G1 Evacuation Pause) 220M->219M(256M) 2.699ms
[19.984s][info][gc,cpu   ] GC(2124) User=0.00s Sys=0.00s Real=0.00s
[19.984s][info][safepoint] Safepoint "G1CollectForAllocation", Time since last: 2118502 ns, Reaching safepoint: 215842 ns, Cleanup: 1714 ns, At safepoint: 2726951 ns, Leaving safepoint: 2534 ns, Total: 2947041 ns
[19.991s][info][gc       ] GC(2125) Pause Young (Normal) (G1 Evacuation Pause) 229M->229M(256M) 1.681ms
[19.991s][info][gc,cpu   ] GC(2125) User=0.00s Sys=0.00s Real=0.00s
[19.991s][info][safepoint] Safepoint "G1CollectForAllocation", Time since last: 5319505 ns, Reaching safepoint: 8354 ns, Cleanup: 1623 ns, At safepoint: 1702021 ns, Leaving safepoint: 16460 ns, Total: 1728458 ns
[19.994s][info][gc       ] GC(2126) Pause Young (Normal) (G1 Evacuation Pause) 239M->238M(256M) 1.756ms
[19.994s][info][gc,cpu   ] GC(2126) User=0.00s Sys=0.00s Real=0.00s
[19.997s][info][safepoint] Safepoint "G1CollectForAllocation", Time since last: 795030 ns, Reaching safepoint: 1369 ns, Cleanup: 1230 ns, At safepoint: 1773991 ns, Leaving safepoint: 2830707 ns, Total: 4607297 ns
[19.999s][info][gc       ] GC(2127) Pause Young (Normal) (G1 Evacuation Pause) (Evacuation Failure) 248M->255M(256M) 1.354ms
[19.999s][info][gc,cpu   ] GC(2127) User=0.01s Sys=0.00s Real=0.00s
[20.026s][info][gc       ] GC(2128) Pause Full (G1 Compaction Pause) 255M->108M(256M) 27.242ms
[20.026s][info][gc,cpu   ] GC(2128) User=0.02s Sys=0.00s Real=0.02s
[20.029s][info][safepoint] Safepoint "G1CollectForAllocation", Time since last: 942040 ns, Reaching safepoint: 7919 ns, Cleanup: 1743 ns, At safepoint: 28653169 ns, Leaving safepoint: 2418751 ns, Total: 31081582 ns
[20.029s][info][gc       ] GC(2123) Pause Cleanup 109M->109M(256M) 0.009ms
[20.029s][info][gc,cpu   ] GC(2123) User=0.00s Sys=0.00s Real=0.00s
[20.029s][info][safepoint] Safepoint "G1PauseCleanup", Time since last: 50203 ns, Reaching safepoint: 123895 ns, Cleanup: 2584 ns, At safepoint: 25074 ns, Leaving safepoint: 4309 ns, Total: 155862 ns
[20.029s][info][gc       ] GC(2123) Concurrent Mark Cycle 57.666ms
[20.046s][info][gc       ] GC(2129) Pause Young (Normal) (G1 Evacuation Pause) 157M->148M(256M) 8.697ms
[20.046s][info][gc,cpu   ] GC(2129) User=0.01s Sys=0.00s Real=0.00s
[20.049s][info][safepoint] Safepoint "G1CollectForAllocation", Time since last: 7959592 ns, Reaching safepoint: 2233 ns, Cleanup: 2561 ns, At safepoint: 8729492 ns, Leaving safepoint: 3067808 ns, Total: 11802094 ns
