[0.005s][info][gc] Using G1
[0.050s][info][gc] GC(0) Pause Young (Normal) (G1 Evacuation Pause) 3M->1M(66M) 1.473ms
[0.050s][info][safepoint] Safepoint "G1CollectForAllocation", Time since last: 28543735 ns, Reaching safepoint: 3482 ns, Cleanup: 3841 ns, At safepoint: 1506540 ns, Leaving safepoint: 1054 ns, Total: 1514917 ns
[0.054s][info][gc       ] GC(1) Pause Young (Normal) (G1 Evacuation Pause) 3M->2M(66M) 1.026ms
[0.054s][info][safepoint] Safepoint "G1CollectForAllocation", Time since last: 2464678 ns, Reaching safepoint: 10415 ns, Cleanup: 1754 ns, At safepoint: 1044955 ns, Leaving safepoint: 9702 ns, Total: 1066826 ns
[0.060s][info][gc       ] GC(2) Pause Young (Normal) (G1 Evacuation Pause) 7M->4M(66M) 1.657ms
[0.060s][info][safepoint] Safepoint "G1CollectForAllocation", Time since last: 4476291 ns, Reaching safepoint: 1732 ns, Cleanup: 1783 ns, At safepoint: 1677434 ns, Leaving safepoint: 1201 ns, Total: 1682150 ns
[0.068s][info][gc       ] GC(3) Pause Young (Normal) (G1 Evacuation Pause) 10M->6M(66M) 1.917ms
[0.068s][info][safepoint] Safepoint "G1CollectForAllocation", Time since last: 5493660 ns, Reaching safepoint: 8046 ns, Cleanup: 1926 ns, At safepoint: 1936864 ns, Leaving safepoint: 13234 ns, Total: 1960070 ns
[0.077s][info][gc       ] GC(4) Pause Young (Normal) (G1 Evacuation Pause) 15M->8M(162M) 4.444ms
[0.077s][info][safepoint] Safepoint "G1CollectForAllocation", Time since last: 4828636 ns, Reaching safepoint: 9531 ns, Cleanup: 2350 ns, At safepoint: 4468972 ns, Leaving safepoint: 26070 ns, Total: 4506923 ns
[0.095s][info][gc       ] GC(5) Pause Young (Normal) (G1 Evacuation Pause) 21M->13M(162M) 5.496ms
[0.096s][info][safepoint] Safepoint "G1CollectForAllocation", Time since last: 12675431 ns, Reaching safepoint: 2190 ns, Cleanup: 434252 ns, At safepoint: 5522830 ns, Leaving safepoint: 1104 ns, Total: 5960376 ns
[0.110s][info][gc       ] GC(6) Pause Young (Normal) (G1 Evacuation Pause) 26M->17M(162M) 5.400ms
[0.110s][info][safepoint] Safepoint "G1CollectForAllocation", Time since last: 9130451 ns, Reaching safepoint: 8916 ns, Cleanup: 2095 ns, At safepoint: 5424917 ns, Leaving safepoint: 3472 ns, Total: 5439400 ns
[0.125s][info][gc       ] GC(7) Pause Young (Normal) (G1 Evacuation Pause) 38M->23M(162M) 5.718ms
[0.125s][info][safepoint] Safepoint "G1CollectForAllocation", Time since last: 8872059 ns, Reaching safepoint: 1851 ns, Cleanup: 8076 ns, At safepoint: 5741639 ns, Leaving safepoint: 1234 ns, Total: 5752800 ns
[0.146s][info][gc       ] GC(8) Pause Young (Normal) (G1 Evacuation Pause) 49M->31M(302M) 8.246ms
[0.146s][info][safepoint] Safepoint "G1CollectForAllocation", Time since last: 12959124 ns, Reaching safepoint: 2204 ns, Cleanup: 6590 ns, At safepoint: 8268108 ns, Leaving safepoint: 2760 ns, Total: 8279662 ns
[0.176s][info][gc       ] GC(9) Pause Young (Normal) (G1 Evacuation Pause) 66M->40M(302M) 8.940ms
[0.180s][info][safepoint] Safepoint "G1CollectForAllocation", Time since last: 21364527 ns, Reaching safepoint: 2287 ns, Cleanup: 3025 ns, At safepoint: 8970379 ns, Leaving safepoint: 4071063 ns, Total: 13046754 ns
[0.222s][info][gc       ] GC(10) Pause Young (Normal) (G1 Evacuation Pause) 85M->58M(302M) 17.693ms
[0.224s][info][safepoint] Safepoint "G1CollectForAllocation", Time since last: 23929046 ns, Reaching safepoint: 3570 ns, Cleanup: 9744 ns, At safepoint: 17755343 ns, Leaving safepoint: 2382275 ns, Total: 20150932 ns
[0.259s][info][gc       ] GC(11) Pause Young (Normal) (G1 Evacuation Pause) 110M->85M(302M) 23.374ms
[0.266s][info][safepoint] Safepoint "G1CollectForAllocation", Time since last: 11133198 ns, Reaching safepoint: 3575 ns, Cleanup: 10141 ns, At safepoint: 23413531 ns, Leaving safepoint: 6826709 ns, Total: 30253956 ns
[0.305s][info][gc       ] GC(12) Pause Young (Normal) (G1 Evacuation Pause) 141M->115M(386M) 29.924ms
[0.312s][info][safepoint] Safepoint "G1CollectForAllocation", Time since last: 9495496 ns, Reaching safepoint: 3449 ns, Cleanup: 4200 ns, At safepoint: 29963265 ns, Leaving safepoint: 7061950 ns, Total: 37032864 ns
[0.406s][info][gc       ] GC(13) Pause Young (Normal) (G1 Evacuation Pause) 184M->137M(386M) 31.112ms
[0.406s][info][safepoint] Safepoint "G1CollectForAllocation", Time since last: 62247314 ns, Reaching safepoint: 5796 ns, Cleanup: 5148 ns, At safepoint: 31170349 ns, Leaving safepoint: 2383 ns, Total: 31183676 ns
[0.449s][info][gc       ] GC(14) Pause Young (Normal) (G1 Evacuation Pause) 213M->160M(386M) 9.766ms
[0.452s][info][safepoint] Safepoint "G1CollectForAllocation", Time since last: 32977342 ns, Reaching safepoint: 4521 ns, Cleanup: 4134 ns, At safepoint: 9805150 ns, Leaving safepoint: 3769420 ns, Total: 13583225 ns
[0.497s][info][gc       ] GC(15) Pause Young (Normal) (G1 Evacuation Pause) 261M->194M(386M) 24.749ms
[0.500s][info][safepoint] Safepoint "G1CollectForAllocation", Time since last: 19853941 ns, Reaching safepoint: 4610 ns, Cleanup: 5355 ns, At safepoint: 24790356 ns, Leaving safepoint: 3355323 ns, Total: 28155644 ns
[0.560s][info][gc       ] GC(16) Pause Young (Concurrent Start) (G1 Evacuation Pause) 281M->224M(437M) 42.347ms
[0.564s][info][safepoint] Safepoint "G1CollectForAllocation", Time since last: 17467448 ns, Reaching safepoint: 5415 ns, Cleanup: 4930 ns, At safepoint: 42394297 ns, Leaving safepoint: 4128190 ns, Total: 46532832 ns
[0.564s][info][gc       ] GC(17) Concurrent Mark Cycle
[0.572s][info][gc       ] GC(17) Pause Remark 227M->99M(327M) 0.486ms
[0.580s][info][safepoint] Safepoint "G1PauseRemark", Time since last: 7264689 ns, Reaching safepoint: 127495 ns, Cleanup: 7982 ns, At safepoint: 507646 ns, Leaving safepoint: 8066152 ns, Total: 8709275 ns
[0.588s][info][gc       ] GC(17) Pause Cleanup 122M->122M(327M) 0.106ms
[0.591s][info][safepoint] Safepoint "G1PauseCleanup", Time since last: 7169034 ns, Reaching safepoint: 103998 ns, Cleanup: 3423 ns, At safepoint: 126011 ns, Leaving safepoint: 3522909 ns, Total: 3756341 ns
[0.594s][info][gc       ] GC(17) Concurrent Mark Cycle 29.912ms
[0.641s][info][gc       ] GC(18) Pause Young (Prepare Mixed) (G1 Evacuation Pause) 198M->128M(327M) 12.025ms
[0.641s][info][safepoint] Safepoint "G1CollectForAllocation", Time since last: 37525907 ns, Reaching safepoint: 3450 ns, Cleanup: 3885 ns, At safepoint: 12062538 ns, Leaving safepoint: 1577 ns, Total: 12071450 ns
[0.670s][info][gc       ] GC(19) Pause Young (Mixed) (G1 Evacuation Pause) 222M->127M(327M) 10.502ms
[0.670s][info][safepoint] Safepoint "G1CollectForAllocation", Time since last: 18424823 ns, Reaching safepoint: 3881 ns, Cleanup: 3950 ns, At safepoint: 10543515 ns, Leaving safepoint: 1491 ns, Total: 10552837 ns
[0.700s][info][gc       ] GC(20) Pause Young (Normal) (G1 Evacuation Pause) 223M->157M(327M) 11.511ms
[0.700s][info][safepoint] Safepoint "G1CollectForAllocation", Time since last: 18343940 ns, Reaching safepoint: 3238 ns, Cleanup: 2907 ns, At safepoint: 11546947 ns, Leaving safepoint: 7905 ns, Total: 11560997 ns
[0.729s][info][gc       ] GC(21) Pause Young (Normal) (G1 Evacuation Pause) 231M->185M(327M) 10.414ms
[0.732s][info][safepoint] Safepoint "G1CollectForAllocation", Time since last: 19179171 ns, Reaching safepoint: 2995 ns, Cleanup: 3804 ns, At safepoint: 10451326 ns, Leaving safepoint: 2956446 ns, Total: 13414571 ns
[0.753s][info][gc       ] GC(22) Pause Young (Concurrent Start) (G1 Evacuation Pause) 243M->211M(397M) 11.699ms
[0.753s][info][gc       ] GC(23) Concurrent Mark Cycle
[0.760s][info][safepoint] Safepoint "G1CollectForAllocation", Time since last: 9375574 ns, Reaching safepoint: 3151 ns, Cleanup: 3522 ns, At safepoint: 11885599 ns, Leaving safepoint: 6732946 ns, Total: 18625218 ns
[0.766s][info][gc       ] GC(23) Pause Remark 220M->104M(320M) 0.699ms
[0.766s][info][safepoint] Safepoint "G1PauseRemark", Time since last: 4601564 ns, Reaching safepoint: 113459 ns, Cleanup: 4791 ns, At safepoint: 723246 ns, Leaving safepoint: 664109 ns, Total: 1505605 ns
[0.770s][info][gc       ] GC(23) Pause Cleanup 105M->105M(320M) 0.101ms
[0.770s][info][safepoint] Safepoint "G1PauseCleanup", Time since last: 3203312 ns, Reaching safepoint: 11244 ns, Cleanup: 2712 ns, At safepoint: 119912 ns, Leaving safepoint: 4429 ns, Total: 138297 ns
[0.771s][info][gc       ] GC(23) Concurrent Mark Cycle 17.116ms
[0.794s][info][gc       ] GC(24) Pause Young (Prepare Mixed) (G1 Evacuation Pause) 180M->128M(320M) 9.055ms
[0.796s][info][safepoint] Safepoint "G1CollectForAllocation", Time since last: 14729083 ns, Reaching safepoint: 2511 ns, Cleanup: 2699 ns, At safepoint: 9084081 ns, Leaving safepoint: 2096403 ns, Total: 11185694 ns
[0.827s][info][gc       ] GC(25) Pause Young (Mixed) (G1 Evacuation Pause) 217M->129M(320M) 10.965ms
[0.827s][info][safepoint] Safepoint "G1CollectForAllocation", Time since last: 20030415 ns, Reaching safepoint: 3067 ns, Cleanup: 2974 ns, At safepoint: 11140382 ns, Leaving safepoint: 4177 ns, Total: 11150600 ns
[0.856s][info][gc       ] GC(26) Pause Young (Mixed) (G1 Evacuation Pause) 217M->158M(320M) 10.136ms
[0.856s][info][safepoint] Safepoint "G1CollectForAllocation", Time since last: 18566572 ns, Reaching safepoint: 3602 ns, Cleanup: 3475 ns, At safepoint: 10168440 ns, Leaving safepoint: 1227 ns, Total: 10176744 ns
[0.890s][info][gc       ] GC(27) Pause Young (Concurrent Start) (G1 Evacuation Pause) 227M->185M(320M) 12.648ms
[0.890s][info][gc       ] GC(28) Concurrent Mark Cycle
[0.896s][info][safepoint] Safepoint "G1CollectForAllocation", Time since last: 22135138 ns, Reaching safepoint: 3029 ns, Cleanup: 3798 ns, At safepoint: 12831144 ns, Leaving safepoint: 5774416 ns, Total: 18612387 ns
[0.900s][info][gc       ] GC(28) Pause Remark 199M->98M(284M) 0.282ms
[0.900s][info][safepoint] Safepoint "G1PauseRemark", Time since last: 3155781 ns, Reaching safepoint: 91002 ns, Cleanup: 3178 ns, At safepoint: 297652 ns, Leaving safepoint: 10971 ns, Total: 402803 ns
[0.901s][info][gc       ] GC(28) Pause Cleanup 98M->98M(284M) 0.107ms
[0.901s][info][safepoint] Safepoint "G1PauseCleanup", Time since last: 1032683 ns, Reaching safepoint: 1233 ns, Cleanup: 2252 ns, At safepoint: 121115 ns, Leaving safepoint: 781 ns, Total: 125381 ns
[0.905s][info][gc       ] GC(28) Concurrent Mark Cycle 14.431ms
[0.922s][info][gc       ] GC(29) Pause Young (Prepare Mixed) (G1 Evacuation Pause) 138M->109M(358M) 13.214ms
[0.924s][info][safepoint] Safepoint "G1CollectForAllocation", Time since last: 7461565 ns, Reaching safepoint: 2601 ns, Cleanup: 2240 ns, At safepoint: 13237697 ns, Leaving safepoint: 2553780 ns, Total: 15796318 ns
[0.976s][info][gc       ] GC(30) Pause Young (Mixed) (G1 Evacuation Pause) 222M->124M(358M) 10.991ms
[0.980s][info][safepoint] Safepoint "G1CollectForAllocation", Time since last: 40946728 ns, Reaching safepoint: 4962 ns, Cleanup: 6109 ns, At safepoint: 11081996 ns, Leaving safepoint: 3995076 ns, Total: 15088143 ns
[1.014s][info][gc       ] GC(31) Pause Young (Normal) (G1 Evacuation Pause) 233M->154M(358M) 12.061ms
[1.016s][info][safepoint] Safepoint "G1CollectForAllocation", Time since last: 21383773 ns, Reaching safepoint: 5315 ns, Cleanup: 5580 ns, At safepoint: 12095817 ns, Leaving safepoint: 2485079 ns, Total: 14591791 ns
[1.043s][info][gc       ] GC(32) Pause Young (Normal) (G1 Evacuation Pause) 246M->183M(358M) 10.998ms
[1.048s][info][safepoint] Safepoint "G1CollectForAllocation", Time since last: 15593725 ns, Reaching safepoint: 4956 ns, Cleanup: 3923 ns, At safepoint: 11027529 ns, Leaving safepoint: 5343879 ns, Total: 16380287 ns
[1.071s][info][gc       ] GC(33) Pause Young (Normal) (G1 Evacuation Pause) 259M->211M(420M) 10.096ms
[1.071s][info][safepoint] Safepoint "G1CollectForAllocation", Time since last: 12877960 ns, Reaching safepoint: 2778 ns, Cleanup: 3442 ns, At safepoint: 10125235 ns, Leaving safepoint: 1296 ns, Total: 10132751 ns
[1.139s][info][gc       ] GC(34) Pause Young (Normal) (G1 Evacuation Pause) 309M->244M(420M) 10.322ms
[1.140s][info][safepoint] Safepoint "G1CollectForAllocation", Time since last: 57170786 ns, Reaching safepoint: 4349 ns, Cleanup: 3874 ns, At safepoint: 10364621 ns, Leaving safepoint: 1468696 ns, Total: 11841540 ns
[1.162s][info][gc       ] GC(35) Pause Young (Normal) (G1 Evacuation Pause) 321M->272M(420M) 9.540ms
[1.164s][info][safepoint] Safepoint "G1CollectForAllocation", Time since last: 12489037 ns, Reaching safepoint: 4102 ns, Cleanup: 4318 ns, At safepoint: 9570793 ns, Leaving safepoint: 1938894 ns, Total: 11518107 ns
[1.182s][info][gc       ] GC(36) Pause Young (Normal) (G1 Evacuation Pause) 333M->298M(420M) 8.507ms
[1.184s][info][safepoint] Safepoint "G1CollectForAllocation", Time since last: 8794614 ns, Reaching safepoint: 3203 ns, Cleanup: 3455 ns, At safepoint: 8534870 ns, Leaving safepoint: 2693986 ns, Total: 11235514 ns
[1.200s][info][gc       ] GC(37) Pause Young (Normal) (G1 Evacuation Pause) 345M->323M(456M) 8.325ms
[1.200s][info][safepoint] Safepoint "G1CollectForAllocation", Time since last: 7436487 ns, Reaching safepoint: 3356 ns, Cleanup: 3567 ns, At safepoint: 8355392 ns, Leaving safepoint: 1846 ns, Total: 8364161 ns
[1.241s][info][gc       ] GC(38) Pause Young (Normal) (G1 Evacuation Pause) 376M->352M(456M) 7.684ms
[1.241s][info][safepoint] Safepoint "G1CollectForAllocation", Time since last: 33563823 ns, Reaching safepoint: 4669 ns, Cleanup: 5008 ns, At safepoint: 7729014 ns, Leaving safepoint: 4049 ns, Total: 7742740 ns
[1.257s][info][gc       ] GC(39) Pause Young (Normal) (G1 Evacuation Pause) 390M->374M(456M) 6.513ms
[1.260s][info][safepoint] Safepoint "G1CollectForAllocation", Time since last: 9434641 ns, Reaching safepoint: 5090 ns, Cleanup: 4903 ns, At safepoint: 6548659 ns, Leaving safepoint: 2854198 ns, Total: 9412850 ns
[1.273s][info][gc       ] GC(40) Pause Young (Normal) (G1 Evacuation Pause) 402M->393M(456M) 4.718ms
[1.273s][info][safepoint] Safepoint "G1CollectForAllocation", Time since last: 8008343 ns, Reaching safepoint: 8747 ns, Cleanup: 3213 ns, At safepoint: 4770626 ns, Leaving safepoint: 3578 ns, Total: 4786164 ns
[1.283s][info][gc       ] GC(41) Pause Young (Normal) (G1 Evacuation Pause) 413M->407M(478M) 3.993ms
[1.283s][info][safepoint] Safepoint "G1CollectForAllocation", Time since last: 5767964 ns, Reaching safepoint: 7803 ns, Cleanup: 2548 ns, At safepoint: 4022256 ns, Leaving safepoint: 19545 ns, Total: 4052152 ns
[1.306s][info][gc       ] GC(42) Pause Young (Normal) (G1 Evacuation Pause) 431M->425M(478M) 4.591ms
[1.308s][info][safepoint] Safepoint "G1CollectForAllocation", Time since last: 18045829 ns, Reaching safepoint: 3764 ns, Cleanup: 45249 ns, At safepoint: 4630171 ns, Leaving safepoint: 2652633 ns, Total: 7331817 ns
[1.314s][info][gc       ] GC(43) Pause Young (Concurrent Start) (G1 Evacuation Pause) 444M->439M(478M) 3.533ms
[1.314s][info][gc       ] GC(44) Concurrent Mark Cycle
[1.324s][info][safepoint] Safepoint "G1CollectForAllocation", Time since last: 1978068 ns, Reaching safepoint: 10985 ns, Cleanup: 2703 ns, At safepoint: 3640846 ns, Leaving safepoint: 10391137 ns, Total: 14045671 ns
[1.336s][info][gc       ] GC(45) Pause Young (Normal) (G1 Evacuation Pause) 459M->455M(479M) 4.067ms
[1.336s][info][safepoint] Safepoint "G1CollectForAllocation", Time since last: 7981340 ns, Reaching safepoint: 6760 ns, Cleanup: 2720 ns, At safepoint: 4095559 ns, Leaving safepoint: 2943 ns, Total: 4107982 ns
[1.355s][info][gc       ] GC(46) Pause Young (Normal) (G1 Evacuation Pause) 475M->469M(500M) 12.448ms
[1.355s][info][safepoint] Safepoint "G1CollectForAllocation", Time since last: 5980647 ns, Reaching safepoint: 8388 ns, Cleanup: 2840 ns, At safepoint: 12473773 ns, Leaving safepoint: 3163 ns, Total: 12488164 ns
[1.361s][info][gc       ] GC(44) Pause Remark 472M->147M(484M) 0.481ms
[1.361s][info][safepoint] Safepoint "G1PauseRemark", Time since last: 5450243 ns, Reaching safepoint: 372564 ns, Cleanup: 3180 ns, At safepoint: 504130 ns, Leaving safepoint: 13167 ns, Total: 893041 ns
[1.369s][info][gc       ] GC(47) Pause Young (Normal) (G1 Evacuation Pause) 166M->162M(484M) 4.113ms
[1.372s][info][safepoint] Safepoint "G1CollectForAllocation", Time since last: 3802881 ns, Reaching safepoint: 1980 ns, Cleanup: 2369 ns, At safepoint: 4134949 ns, Leaving safepoint: 3128219 ns, Total: 7267517 ns
[1.373s][info][gc       ] GC(44) Pause Cleanup 163M->163M(484M) 0.136ms
[1.373s][info][safepoint] Safepoint "G1PauseCleanup", Time since last: 21527 ns, Reaching safepoint: 136666 ns, Cleanup: 1493 ns, At safepoint: 143353 ns, Leaving safepoint: 3742 ns, Total: 285254 ns
[1.379s][info][gc       ] GC(44) Concurrent Mark Cycle 64.847ms
[1.404s][info][gc       ] GC(48) Pause Young (Prepare Mixed) (G1 Evacuation Pause) 287M->204M(484M) 9.726ms
[1.405s][info][safepoint] Safepoint "G1CollectForAllocation", Time since last: 22102574 ns, Reaching safepoint: 3189 ns, Cleanup: 2859 ns, At safepoint: 9761578 ns, Leaving safepoint: 1869 ns, Total: 9769495 ns
[1.443s][info][gc       ] GC(49) Pause Young (Mixed) (G1 Evacuation Pause) 321M->187M(484M) 11.253ms
[1.443s][info][safepoint] Safepoint "G1CollectForAllocation", Time since last: 26916279 ns, Reaching safepoint: 7879 ns, Cleanup: 3427 ns, At safepoint: 11294730 ns, Leaving safepoint: 2881 ns, Total: 11308917 ns
[1.476s][info][gc       ] GC(50) Pause Young (Normal) (G1 Evacuation Pause) 324M->218M(484M) 10.348ms
[1.480s][info][safepoint] Safepoint "G1CollectForAllocation", Time since last: 23066902 ns, Reaching safepoint: 4479 ns, Cleanup: 4157 ns, At safepoint: 10385743 ns, Leaving safepoint: 4139457 ns, Total: 14533836 ns
[1.513s][info][gc       ] GC(51) Pause Young (Normal) (G1 Evacuation Pause) 341M->246M(484M) 10.336ms
[1.516s][info][safepoint] Safepoint "G1CollectForAllocation", Time since last: 22454836 ns, Reaching safepoint: 3096 ns, Cleanup: 3745 ns, At safepoint: 10375086 ns, Leaving safepoint: 3191648 ns, Total: 13573575 ns
[1.546s][info][gc       ] GC(52) Pause Young (Normal) (G1 Evacuation Pause) 354M->274M(494M) 10.964ms
[1.548s][info][safepoint] Safepoint "G1CollectForAllocation", Time since last: 18316980 ns, Reaching safepoint: 4009 ns, Cleanup: 4724 ns, At safepoint: 10993683 ns, Leaving safepoint: 2652367 ns, Total: 13654783 ns
[1.580s][info][gc       ] GC(53) Pause Young (Normal) (G1 Evacuation Pause) 374M->302M(494M) 11.143ms
[1.584s][info][safepoint] Safepoint "G1CollectForAllocation", Time since last: 20286013 ns, Reaching safepoint: 3604 ns, Cleanup: 5039 ns, At safepoint: 11176139 ns, Leaving safepoint: 4536182 ns, Total: 15720964 ns
[1.607s][info][gc       ] GC(54) Pause Young (Normal) (G1 Evacuation Pause) 387M->331M(494M) 9.701ms
[1.612s][info][safepoint] Safepoint "G1CollectForAllocation", Time since last: 13298875 ns, Reaching safepoint: 3064 ns, Cleanup: 4442 ns, At safepoint: 9733237 ns, Leaving safepoint: 4963313 ns, Total: 14704056 ns
[1.634s][info][gc       ] GC(55) Pause Young (Normal) (G1 Evacuation Pause) 400M->359M(494M) 8.658ms
[1.634s][info][safepoint] Safepoint "G1CollectForAllocation", Time since last: 13177350 ns, Reaching safepoint: 3807 ns, Cleanup: 4472 ns, At safepoint: 8689476 ns, Leaving safepoint: 7397 ns, Total: 8705152 ns
[1.655s][info][gc       ] GC(56) Pause Young (Normal) (G1 Evacuation Pause) 412M->385M(501M) 8.794ms
[1.660s][info][safepoint] Safepoint "G1CollectForAllocation", Time since last: 12220763 ns, Reaching safepoint: 2920 ns, Cleanup: 3127 ns, At safepoint: 8819927 ns, Leaving safepoint: 5076725 ns, Total: 13902699 ns
[1.681s][info][gc       ] GC(57) Pause Young (Concurrent Start) (G1 Evacuation Pause) 429M->411M(501M) 8.502ms
[1.681s][info][safepoint] Safepoint "G1CollectForAllocation", Time since last: 11692457 ns, Reaching safepoint: 3008 ns, Cleanup: 3234 ns, At safepoint: 8534143 ns, Leaving safepoint: 1391 ns, Total: 8541776 ns
[1.684s][info][gc       ] GC(58) Concurrent Mark Cycle
[1.688s][info][gc       ] GC(58) Pause Remark 436M->126M(340M) 0.434ms
[1.688s][info][safepoint] Safepoint "G1PauseRemark", Time since last: 7186917 ns, Reaching safepoint: 2401 ns, Cleanup: 2625 ns, At safepoint: 451418 ns, Leaving safepoint: 1485 ns, Total: 457929 ns
[1.694s][info][gc       ] GC(59) Pause Young (Normal) (G1 Evacuation Pause) 133M->121M(340M) 4.881ms
[1.700s][info][safepoint] Safepoint "G1CollectForAllocation", Time since last: 1158009 ns, Reaching safepoint: 2511 ns, Cleanup: 2230 ns, At safepoint: 4913727 ns, Leaving safepoint: 6069600 ns, Total: 10988068 ns
[1.704s][info][gc       ] GC(58) Pause Cleanup 139M->139M(340M) 0.105ms
[1.708s][info][safepoint] Safepoint "G1PauseCleanup", Time since last: 2823273 ns, Reaching safepoint: 522198 ns, Cleanup: 3821 ns, At safepoint: 123487 ns, Leaving safepoint: 4488419 ns, Total: 5137925 ns
[1.709s][info][gc       ] GC(58) Concurrent Mark Cycle 24.923ms
[1.736s][info][gc       ] GC(60) Pause Young (Prepare Mixed) (G1 Evacuation Pause) 230M->162M(340M) 9.865ms
[1.740s][info][safepoint] Safepoint "G1CollectForAllocation", Time since last: 17482890 ns, Reaching safepoint: 3304 ns, Cleanup: 3143 ns, At safepoint: 9894078 ns, Leaving safepoint: 4652741 ns, Total: 14553266 ns
[1.764s][info][gc       ] GC(61) Pause Young (Mixed) (G1 Evacuation Pause) 243M->156M(340M) 11.297ms
[1.764s][info][safepoint] Safepoint "G1CollectForAllocation", Time since last: 12557832 ns, Reaching safepoint: 2730 ns, Cleanup: 3182 ns, At safepoint: 11332530 ns, Leaving safepoint: 25366 ns, Total: 11363808 ns
[1.794s][info][gc       ] GC(62) Pause Young (Mixed) (G1 Evacuation Pause) 240M->181M(340M) 10.053ms
[1.800s][info][safepoint] Safepoint "G1CollectForAllocation", Time since last: 19450673 ns, Reaching safepoint: 3268 ns, Cleanup: 3449 ns, At safepoint: 10082602 ns, Leaving safepoint: 6537773 ns, Total: 16627092 ns
[1.819s][info][gc       ] GC(63) Pause Young (Normal) (G1 Evacuation Pause) 249M->208M(409M) 8.475ms
[1.819s][info][safepoint] Safepoint "G1CollectForAllocation", Time since last: 10344938 ns, Reaching safepoint: 2518 ns, Cleanup: 3363 ns, At safepoint: 8501084 ns, Leaving safepoint: 3859 ns, Total: 8510824 ns
[1.866s][info][gc       ] GC(64) Pause Young (Normal) (G1 Evacuation Pause) 303M->243M(409M) 12.231ms
[1.868s][info][safepoint] Safepoint "G1CollectForAllocation", Time since last: 34488059 ns, Reaching safepoint: 3967 ns, Cleanup: 4812 ns, At safepoint: 12270442 ns, Leaving safepoint: 2344631 ns, Total: 14623852 ns
[1.890s][info][gc       ] GC(65) Pause Young (Normal) (G1 Evacuation Pause) 315M->270M(409M) 9.484ms
[1.892s][info][safepoint] Safepoint "G1CollectForAllocation", Time since last: 12119429 ns, Reaching safepoint: 2620 ns, Cleanup: 3559 ns, At safepoint: 9512070 ns, Leaving safepoint: 2356000 ns, Total: 11874249 ns
[1.910s][info][gc       ] GC(66) Pause Young (Normal) (G1 Evacuation Pause) 327M->297M(409M) 8.030ms
[1.912s][info][safepoint] Safepoint "G1CollectForAllocation", Time since last: 9213211 ns, Reaching safepoint: 2699 ns, Cleanup: 3585 ns, At safepoint: 8063210 ns, Leaving safepoint: 2713503 ns, Total: 10782997 ns
[1.927s][info][gc       ] GC(67) Pause Young (Normal) (G1 Evacuation Pause) 339M->319M(451M) 7.928ms
[1.927s][info][safepoint] Safepoint "G1CollectForAllocation", Time since last: 6557399 ns, Reaching safepoint: 2659 ns, Cleanup: 3649 ns, At safepoint: 7951558 ns, Leaving safepoint: 1229 ns, Total: 7959095 ns
[1.949s][info][gc       ] GC(68) Pause Young (Normal) (G1 Evacuation Pause) 371M->346M(451M) 11.627ms
[1.949s][info][safepoint] Safepoint "G1CollectForAllocation", Time since last: 10099036 ns, Reaching safepoint: 2156 ns, Cleanup: 2414 ns, At safepoint: 11652974 ns, Leaving safepoint: 1514 ns, Total: 11659058 ns
[1.973s][info][gc       ] GC(69) Pause Young (Normal) (G1 Evacuation Pause) 385M->369M(451M) 14.009ms
[1.973s][info][safepoint] Safepoint "G1CollectForAllocation", Time since last: 10475290 ns, Reaching safepoint: 2144 ns, Cleanup: 3290 ns, At safepoint: 14044668 ns, Leaving safepoint: 16718 ns, Total: 14066820 ns
[1.993s][info][gc       ] GC(70) Pause Young (Normal) (G1 Evacuation Pause) 398M->388M(451M) 12.394ms
[2.000s][info][safepoint] Safepoint "G1CollectForAllocation", Time since last: 7888002 ns, Reaching safepoint: 2650 ns, Cleanup: 2500 ns, At safepoint: 12419807 ns, Leaving safepoint: 6872049 ns, Total: 19297006 ns
[2.009s][info][gc       ] GC(71) Pause Young (Normal) (G1 Evacuation Pause) 409M->404M(476M) 4.437ms
[2.009s][info][safepoint] Safepoint "G1CollectForAllocation", Time since last: 4044753 ns, Reaching safepoint: 8506 ns, Cleanup: 3246 ns, At safepoint: 4459808 ns, Leaving safepoint: 2549 ns, Total: 4474109 ns
[2.028s][info][gc       ] GC(72) Pause Young (Normal) (G1 Evacuation Pause) 428M->422M(476M) 11.836ms
[2.032s][info][safepoint] Safepoint "G1CollectForAllocation", Time since last: 7508586 ns, Reaching safepoint: 8232 ns, Cleanup: 2664 ns, At safepoint: 11869717 ns, Leaving safepoint: 4085084 ns, Total: 15965697 ns
[2.044s][info][gc       ] GC(73) Pause Young (Concurrent Start) (G1 Evacuation Pause) 441M->436M(476M) 7.824ms
[2.044s][info][gc       ] GC(74) Concurrent Mark Cycle
[2.044s][info][safepoint] Safepoint "G1CollectForAllocation", Time since last: 4056459 ns, Reaching safepoint: 8522 ns, Cleanup: 2510 ns, At safepoint: 7976188 ns, Leaving safepoint: 8639 ns, Total: 7995859 ns
[2.060s][info][gc       ] GC(75) Pause Young (Normal) (G1 Evacuation Pause) 456M->452M(476M) 3.997ms
[2.060s][info][safepoint] Safepoint "G1CollectForAllocation", Time since last: 11985261 ns, Reaching safepoint: 21431 ns, Cleanup: 2617 ns, At safepoint: 4022219 ns, Leaving safepoint: 16408 ns, Total: 4062675 ns
[2.079s][info][gc       ] GC(76) Pause Young (Normal) (G1 Evacuation Pause) 472M->467M(500M) 10.344ms
[2.079s][info][safepoint] Safepoint "G1CollectForAllocation", Time since last: 7921667 ns, Reaching safepoint: 5755 ns, Cleanup: 2365 ns, At safepoint: 10368328 ns, Leaving safepoint: 13350 ns, Total: 10389798 ns
[2.081s][info][gc       ] GC(74) Pause Remark 468M->153M(500M) 0.375ms
[2.081s][info][safepoint] Safepoint "G1PauseRemark", Time since last: 1621529 ns, Reaching safepoint: 114637 ns, Cleanup: 1609 ns, At safepoint: 388336 ns, Leaving safepoint: 2058 ns, Total: 506640 ns
[2.085s][info][gc       ] GC(74) Pause Cleanup 166M->166M(500M) 0.139ms
[2.085s][info][safepoint] Safepoint "G1PauseCleanup", Time since last: 3831813 ns, Reaching safepoint: 95692 ns, Cleanup: 1967 ns, At safepoint: 155171 ns, Leaving safepoint: 1293 ns, Total: 254123 ns
[2.087s][info][gc       ] GC(74) Concurrent Mark Cycle 42.395ms
[2.093s][info][gc       ] GC(77) Pause Young (Prepare Mixed) (G1 Evacuation Pause) 174M->169M(500M) 5.616ms
[2.096s][info][safepoint] Safepoint "G1CollectForAllocation", Time since last: 2727303 ns, Reaching safepoint: 2262 ns, Cleanup: 1526 ns, At safepoint: 5637699 ns, Leaving safepoint: 3021765 ns, Total: 8663252 ns
[2.131s][info][gc       ] GC(78) Pause Young (Mixed) (G1 Evacuation Pause) 305M->162M(500M) 10.580ms
[2.132s][info][safepoint] Safepoint "G1CollectForAllocation", Time since last: 24204130 ns, Reaching safepoint: 3334 ns, Cleanup: 3521 ns, At safepoint: 10616173 ns, Leaving safepoint: 1163213 ns, Total: 11786241 ns
[2.168s][info][gc       ] GC(79) Pause Young (Mixed) (G1 Evacuation Pause) 307M->189M(500M) 10.838ms
[2.168s][info][safepoint] Safepoint "G1CollectForAllocation", Time since last: 24472014 ns, Reaching safepoint: 3397 ns, Cleanup: 3978 ns, At safepoint: 10874959 ns, Leaving safepoint: 1999 ns, Total: 10884333 ns
[2.208s][info][gc       ] GC(80) Pause Young (Normal) (G1 Evacuation Pause) 332M->217M(500M) 11.766ms
[2.212s][info][safepoint] Safepoint "G1CollectForAllocation", Time since last: 28882820 ns, Reaching safepoint: 3644 ns, Cleanup: 4047 ns, At safepoint: 11802683 ns, Leaving safepoint: 3974674 ns, Total: 15785048 ns
[2.244s][info][gc       ] GC(81) Pause Young (Normal) (G1 Evacuation Pause) 349M->243M(505M) 9.880ms
[2.248s][info][safepoint] Safepoint "G1CollectForAllocation", Time since last: 21391661 ns, Reaching safepoint: 3771 ns, Cleanup: 3735 ns, At safepoint: 9910399 ns, Leaving safepoint: 4679684 ns, Total: 14597589 ns
[2.283s][info][gc       ] GC(82) Pause Young (Normal) (G1 Evacuation Pause) 367M->271M(505M) 10.413ms
[2.284s][info][safepoint] Safepoint "G1CollectForAllocation", Time since last: 24071488 ns, Reaching safepoint: 3459 ns, Cleanup: 3183 ns, At safepoint: 10445133 ns, Leaving safepoint: 1462760 ns, Total: 11914535 ns
[2.313s][info][gc       ] GC(83) Pause Young (Normal) (G1 Evacuation Pause) 381M->299M(505M) 10.025ms
[2.316s][info][safepoint] Safepoint "G1CollectForAllocation", Time since last: 18613422 ns, Reaching safepoint: 3487 ns, Cleanup: 4241 ns, At safepoint: 10082834 ns, Leaving safepoint: 3308154 ns, Total: 13398716 ns
[2.340s][info][gc       ] GC(84) Pause Young (Normal) (G1 Evacuation Pause) 393M->327M(505M) 9.047ms
[2.340s][info][safepoint] Safepoint "G1CollectForAllocation", Time since last: 14189156 ns, Reaching safepoint: 3176 ns, Cleanup: 3102 ns, At safepoint: 9098804 ns, Leaving safepoint: 19154 ns, Total: 9124236 ns
[2.367s][info][gc       ] GC(85) Pause Young (Normal) (G1 Evacuation Pause) 405M->355M(508M) 9.791ms
[2.372s][info][safepoint] Safepoint "G1CollectForAllocation", Time since last: 17191989 ns, Reaching safepoint: 2972 ns, Cleanup: 3248 ns, At safepoint: 9824328 ns, Leaving safepoint: 5647578 ns, Total: 15478126 ns
[2.395s][info][gc       ] GC(86) Pause Young (Concurrent Start) (G1 Evacuation Pause) 419M->382M(508M) 8.136ms
[2.395s][info][gc       ] GC(87) Concurrent Mark Cycle
[2.395s][info][safepoint] Safepoint "G1CollectForAllocation", Time since last: 14112388 ns, Reaching safepoint: 3156 ns, Cleanup: 3132 ns, At safepoint: 8313032 ns, Leaving safepoint: 7388 ns, Total: 8326708 ns
[2.407s][info][gc       ] GC(87) Pause Remark 402M->106M(290M) 0.485ms
[2.408s][info][safepoint] Safepoint "G1PauseRemark", Time since last: 11583412 ns, Reaching safepoint: 134444 ns, Cleanup: 4289 ns, At safepoint: 513880 ns, Leaving safepoint: 1339593 ns, Total: 1992206 ns
[2.410s][info][gc       ] GC(87) Pause Cleanup 106M->106M(290M) 0.068ms
[2.410s][info][safepoint] Safepoint "G1PauseCleanup", Time since last: 1223093 ns, Reaching safepoint: 9984 ns, Cleanup: 1915 ns, At safepoint: 80229 ns, Leaving safepoint: 3960 ns, Total: 96088 ns
[2.411s][info][gc       ] GC(87) Concurrent Mark Cycle 16.364ms
[2.424s][info][gc       ] GC(88) Pause Young (Prepare Mixed) (G1 Evacuation Pause) 135M->111M(290M) 8.861ms
[2.428s][info][safepoint] Safepoint "G1CollectForAllocation", Time since last: 5235985 ns, Reaching safepoint: 2862 ns, Cleanup: 2755 ns, At safepoint: 8884788 ns, Leaving safepoint: 4545746 ns, Total: 13436151 ns
[2.449s][info][gc       ] GC(89) Pause Young (Mixed) (G1 Evacuation Pause) 189M->119M(290M) 8.938ms
[2.452s][info][safepoint] Safepoint "G1CollectForAllocation", Time since last: 11905022 ns, Reaching safepoint: 2018 ns, Cleanup: 2637 ns, At safepoint: 8961128 ns, Leaving safepoint: 3127162 ns, Total: 12092945 ns
[2.475s][info][gc       ] GC(90) Pause Young (Normal) (G1 Evacuation Pause) 193M->150M(290M) 8.900ms
[2.480s][info][safepoint] Safepoint "G1CollectForAllocation", Time since last: 13350121 ns, Reaching safepoint: 2996 ns, Cleanup: 2799 ns, At safepoint: 8924539 ns, Leaving safepoint: 5715592 ns, Total: 14645926 ns
[2.498s][info][gc       ] GC(91) Pause Young (Normal) (G1 Evacuation Pause) 206M->177M(379M) 8.054ms
[2.498s][info][safepoint] Safepoint "G1CollectForAllocation", Time since last: 9511324 ns, Reaching safepoint: 2745 ns, Cleanup: 3069 ns, At safepoint: 8077235 ns, Leaving safepoint: 1532 ns, Total: 8084581 ns
[2.529s][info][gc       ] GC(92) Pause Young (Normal) (G1 Evacuation Pause) 265M->211M(379M) 9.833ms
[2.532s][info][safepoint] Safepoint "G1CollectForAllocation", Time since last: 21153240 ns, Reaching safepoint: 2481 ns, Cleanup: 3487 ns, At safepoint: 9861894 ns, Leaving safepoint: 3385204 ns, Total: 13253066 ns
[2.554s][info][gc       ] GC(93) Pause Young (Normal) (G1 Evacuation Pause) 282M->239M(379M) 9.158ms
[2.556s][info][safepoint] Safepoint "G1CollectForAllocation", Time since last: 12274794 ns, Reaching safepoint: 2658 ns, Cleanup: 3120 ns, At safepoint: 9183703 ns, Leaving safepoint: 2548849 ns, Total: 11738330 ns
[2.574s][info][gc       ] GC(94) Pause Young (Normal) (G1 Evacuation Pause) 295M->264M(379M) 8.175ms
[2.576s][info][safepoint] Safepoint "G1CollectForAllocation", Time since last: 9517201 ns, Reaching safepoint: 2775 ns, Cleanup: 10603 ns, At safepoint: 8205929 ns, Leaving safepoint: 2284787 ns, Total: 10504094 ns
[2.590s][info][gc       ] GC(95) Pause Young (Normal) (G1 Evacuation Pause) 308M->288M(433M) 6.884ms
[2.590s][info][safepoint] Safepoint "G1CollectForAllocation", Time since last: 6972116 ns, Reaching safepoint: 2441 ns, Cleanup: 2205 ns, At safepoint: 6907536 ns, Leaving safepoint: 1124 ns, Total: 6913306 ns
[2.630s][info][gc       ] GC(96) Pause Young (Normal) (G1 Evacuation Pause) 345M->317M(433M) 13.550ms
[2.632s][info][safepoint] Safepoint "G1CollectForAllocation", Time since last: 26499118 ns, Reaching safepoint: 3018 ns, Cleanup: 3009 ns, At safepoint: 13581105 ns, Leaving safepoint: 1998057 ns, Total: 15585189 ns
[2.647s][info][gc       ] GC(97) Pause Young (Normal) (G1 Evacuation Pause) 361M->340M(433M) 7.542ms
[2.647s][info][safepoint] Safepoint "G1CollectForAllocation", Time since last: 7214951 ns, Reaching safepoint: 3039 ns, Cleanup: 2928 ns, At safepoint: 7572204 ns, Leaving safepoint: 1570 ns, Total: 7579741 ns
[2.658s][info][gc       ] GC(98) Pause Young (Normal) (G1 Evacuation Pause) 373M->360M(433M) 5.131ms
[2.661s][info][safepoint] Safepoint "G1CollectForAllocation", Time since last: 6134835 ns, Reaching safepoint: 1963 ns, Cleanup: 1884 ns, At safepoint: 5154953 ns, Leaving safepoint: 2462695 ns, Total: 7621495 ns
[2.673s][info][gc       ] GC(99) Pause Young (Normal) (G1 Evacuation Pause) 385M->377M(465M) 8.647ms
[2.676s][info][safepoint] Safepoint "G1CollectForAllocation", Time since last: 3824719 ns, Reaching safepoint: 2239 ns, Cleanup: 2440 ns, At safepoint: 8670004 ns, Leaving safepoint: 2988467 ns, Total: 11663150 ns
[2.692s][info][gc       ] GC(100) Pause Young (Normal) (G1 Evacuation Pause) 409M->397M(465M) 6.846ms
[2.696s][info][safepoint] Safepoint "G1CollectForAllocation", Time since last: 9236446 ns, Reaching safepoint: 2230 ns, Cleanup: 2515 ns, At safepoint: 6867603 ns, Leaving safepoint: 3861787 ns, Total: 10734135 ns
[2.709s][info][gc       ] GC(101) Pause Young (Normal) (G1 Evacuation Pause) 420M->414M(465M) 4.732ms
[2.709s][info][safepoint] Safepoint "G1CollectForAllocation", Time since last: 8029878 ns, Reaching safepoint: 8511 ns, Cleanup: 3130 ns, At safepoint: 4754520 ns, Leaving safepoint: 2517 ns, Total: 4768678 ns
[2.723s][info][gc       ] GC(102) Pause Young (Concurrent Start) (G1 Evacuation Pause) 433M->428M(465M) 10.768ms
[2.723s][info][gc       ] GC(103) Concurrent Mark Cycle
[2.728s][info][safepoint] Safepoint "G1CollectForAllocation", Time since last: 2844380 ns, Reaching safepoint: 2063 ns, Cleanup: 2169 ns, At safepoint: 10862212 ns, Leaving safepoint: 5507443 ns, Total: 16373887 ns
[2.740s][info][gc       ] GC(104) Pause Young (Normal) (G1 Evacuation Pause) 448M->444M(486M) 6.462ms
[2.744s][info][safepoint] Safepoint "G1CollectForAllocation", Time since last: 5397319 ns, Reaching safepoint: 9536 ns, Cleanup: 2639 ns, At safepoint: 6483977 ns, Leaving safepoint: 4079140 ns, Total: 10575292 ns
[2.762s][info][gc       ] GC(105) Pause Young (Normal) (G1 Evacuation Pause) 465M->460M(486M) 11.372ms
[2.763s][info][safepoint] Safepoint "G1CollectForAllocation", Time since last: 6715470 ns, Reaching safepoint: 60856 ns, Cleanup: 2311 ns, At safepoint: 11396717 ns, Leaving safepoint: 2702 ns, Total: 11462586 ns
[2.784s][info][gc       ] GC(106) Pause Young (Normal) (G1 Evacuation Pause) 481M->476M(501M) 11.394ms
[2.788s][info][safepoint] Safepoint "G1CollectForAllocation", Time since last: 9828094 ns, Reaching safepoint: 8685 ns, Cleanup: 2717 ns, At safepoint: 11419845 ns, Leaving safepoint: 4563408 ns, Total: 15994655 ns
[2.800s][info][gc       ] GC(107) Pause Young (Normal) (G1 Evacuation Pause) (Evacuation Failure) 498M->506M(512M) 9.223ms
[2.800s][info][safepoint] Safepoint "G1CollectForAllocation", Time since last: 2593561 ns, Reaching safepoint: 8224 ns, Cleanup: 1806 ns, At safepoint: 9245080 ns, Leaving safepoint: 12438 ns, Total: 9267548 ns
[2.806s][info][gc       ] GC(108) Pause Young (Normal) (G1 Evacuation Pause) (Evacuation Failure) 511M->511M(512M) 0.508ms
[2.823s][info][gc       ] GC(109) Pause Full (G1 Compaction Pause) 511M->50M(174M) 17.003ms
[2.824s][info][safepoint] Safepoint "G1CollectForAllocation", Time since last: 4794406 ns, Reaching safepoint: 11970 ns, Cleanup: 2546 ns, At safepoint: 17550349 ns, Leaving safepoint: 1786826 ns, Total: 19351691 ns
[2.825s][info][gc       ] GC(103) Pause Remark 51M->51M(174M) 0.007ms
[2.825s][info][safepoint] Safepoint "G1PauseRemark", Time since last: 28340 ns, Reaching safepoint: 149352 ns, Cleanup: 1630 ns, At safepoint: 12999 ns, Leaving safepoint: 1037 ns, Total: 165018 ns
[2.825s][info][gc       ] GC(103) Concurrent Mark Cycle 101.771ms
[2.840s][info][gc       ] GC(110) Pause Young (Normal) (G1 Evacuation Pause) 100M->82M(174M) 6.924ms
[2.840s][info][safepoint] Safepoint "G1CollectForAllocation", Time since last: 8153692 ns, Reaching safepoint: 1749 ns, Cleanup: 2215 ns, At safepoint: 6945144 ns, Leaving safepoint: 5692 ns, Total: 6954800 ns
[2.851s][info][gc       ] GC(111) Pause Young (Normal) (G1 Evacuation Pause) 116M->103M(174M) 5.589ms
[2.856s][info][safepoint] Safepoint "G1CollectForAllocation", Time since last: 5576461 ns, Reaching safepoint: 2517 ns, Cleanup: 2030 ns, At safepoint: 5608933 ns, Leaving safepoint: 5501571 ns, Total: 11115051 ns
[2.867s][info][gc       ] GC(112) Pause Young (Concurrent Start) (G1 Evacuation Pause) 127M->120M(174M) 5.449ms
[2.867s][info][gc       ] GC(113) Concurrent Mark Cycle
[2.867s][info][safepoint] Safepoint "G1CollectForAllocation", Time since last: 5159275 ns, Reaching safepoint: 11097 ns, Cleanup: 2806 ns, At safepoint: 5635080 ns, Leaving safepoint: 7815 ns, Total: 5656798 ns
[2.875s][info][gc       ] GC(113) Pause Remark 130M->116M(180M) 0.186ms
[2.875s][info][safepoint] Safepoint "G1PauseRemark", Time since last: 7911481 ns, Reaching safepoint: 10996 ns, Cleanup: 2094 ns, At safepoint: 202548 ns, Leaving safepoint: 3507 ns, Total: 219145 ns
[2.876s][info][gc       ] GC(113) Pause Cleanup 116M->116M(180M) 0.067ms
[2.876s][info][safepoint] Safepoint "G1PauseCleanup", Time since last: 1134970 ns, Reaching safepoint: 1210 ns, Cleanup: 1857 ns, At safepoint: 78856 ns, Leaving safepoint: 590 ns, Total: 82513 ns
[2.877s][info][gc       ] GC(113) Concurrent Mark Cycle 9.801ms
[2.882s][info][gc       ] GC(114) Pause Young (Prepare Mixed) (G1 Evacuation Pause) 122M->119M(180M) 3.882ms
[2.884s][info][safepoint] Safepoint "G1CollectForAllocation", Time since last: 1208366 ns, Reaching safepoint: 1365 ns, Cleanup: 1411 ns, At safepoint: 3963471 ns, Leaving safepoint: 2676326 ns, Total: 6642573 ns
[2.892s][info][gc       ] GC(115) Pause Young (Mixed) (G1 Evacuation Pause) 139M->118M(313M) 3.695ms
[2.897s][info][safepoint] Safepoint "G1CollectForAllocation", Time since last: 3991978 ns, Reaching safepoint: 6197 ns, Cleanup: 1894 ns, At safepoint: 3715510 ns, Leaving safepoint: 4972908 ns, Total: 8696509 ns
[2.922s][info][gc       ] GC(116) Pause Young (Mixed) (G1 Evacuation Pause) 201M->124M(313M) 8.759ms
[2.922s][info][safepoint] Safepoint "G1CollectForAllocation", Time since last: 16345054 ns, Reaching safepoint: 1950 ns, Cleanup: 2670 ns, At safepoint: 8790965 ns, Leaving safepoint: 3000 ns, Total: 8798585 ns
[2.949s][info][gc       ] GC(117) Pause Young (Mixed) (G1 Evacuation Pause) 205M->145M(313M) 8.752ms
[2.954s][info][safepoint] Safepoint "G1CollectForAllocation", Time since last: 18133221 ns, Reaching safepoint: 2025 ns, Cleanup: 2767 ns, At safepoint: 8847825 ns, Leaving safepoint: 5250791 ns, Total: 14103408 ns
[2.976s][info][gc       ] GC(118) Pause Young (Normal) (G1 Evacuation Pause) 216M->173M(313M) 9.017ms
[2.980s][info][safepoint] Safepoint "G1CollectForAllocation", Time since last: 12962111 ns, Reaching safepoint: 3056 ns, Cleanup: 3088 ns, At safepoint: 9044433 ns, Leaving safepoint: 3898719 ns, Total: 12949296 ns
[3.003s][info][gc       ] GC(119) Pause Young (Normal) (G1 Evacuation Pause) 230M->199M(387M) 12.942ms
[3.003s][info][safepoint] Safepoint "G1CollectForAllocation", Time since last: 9494856 ns, Reaching safepoint: 2900 ns, Cleanup: 3036 ns, At safepoint: 12968664 ns, Leaving safepoint: 1531 ns, Total: 12976131 ns
[3.059s][info][gc       ] GC(120) Pause Young (Normal) (G1 Evacuation Pause) 282M->233M(387M) 9.455ms
[3.062s][info][safepoint] Safepoint "G1CollectForAllocation", Time since last: 46534617 ns, Reaching safepoint: 4069 ns, Cleanup: 4498 ns, At safepoint: 9492603 ns, Leaving safepoint: 3026847 ns, Total: 12528017 ns
[3.080s][info][gc       ] GC(121) Pause Young (Normal) (G1 Evacuation Pause) 297M->259M(387M) 8.958ms
[3.081s][info][safepoint] Safepoint "G1CollectForAllocation", Time since last: 9630909 ns, Reaching safepoint: 3053 ns, Cleanup: 4122 ns, At safepoint: 9002475 ns, Leaving safepoint: 1575 ns, Total: 9011225 ns
[3.097s][info][gc       ] GC(122) Pause Young (Normal) (G1 Evacuation Pause) 309M->284M(387M) 7.832ms
[3.100s][info][safepoint] Safepoint "G1CollectForAllocation", Time since last: 8495716 ns, Reaching safepoint: 2784 ns, Cleanup: 2722 ns, At safepoint: 7856671 ns, Leaving safepoint: 3478541 ns, Total: 11340718 ns
[3.114s][info][gc       ] GC(123) Pause Young (Normal) (G1 Evacuation Pause) 322M->307M(437M) 6.341ms
[3.116s][info][safepoint] Safepoint "G1CollectForAllocation", Time since last: 6869954 ns, Reaching safepoint: 2941 ns, Cleanup: 3706 ns, At safepoint: 6365760 ns, Leaving safepoint: 2794634 ns, Total: 9167041 ns
[3.151s][info][gc       ] GC(124) Pause Young (Normal) (G1 Evacuation Pause) 357M->334M(437M) 10.586ms
[3.156s][info][safepoint] Safepoint "G1CollectForAllocation", Time since last: 24234557 ns, Reaching safepoint: 2872 ns, Cleanup: 3086 ns, At safepoint: 10615220 ns, Leaving safepoint: 5094647 ns, Total: 15715825 ns
[3.169s][info][gc       ] GC(125) Pause Young (Normal) (G1 Evacuation Pause) 372M->358M(437M) 6.557ms
[3.172s][info][safepoint] Safepoint "G1CollectForAllocation", Time since last: 5811494 ns, Reaching safepoint: 2850 ns, Cleanup: 3137 ns, At safepoint: 6580462 ns, Leaving safepoint: 3609415 ns, Total: 10195864 ns
[3.182s][info][gc       ] GC(126) Pause Young (Concurrent Start) (G1 Evacuation Pause) 385M->377M(437M) 5.285ms
[3.182s][info][gc       ] GC(127) Concurrent Mark Cycle
[3.182s][info][safepoint] Safepoint "G1CollectForAllocation", Time since last: 4186060 ns, Reaching safepoint: 2658 ns, Cleanup: 3154 ns, At safepoint: 5411077 ns, Leaving safepoint: 6544 ns, Total: 5423433 ns
[3.201s][info][gc       ] GC(128) Pause Young (Normal) (G1 Evacuation Pause) 397M->391M(467M) 4.839ms
[3.201s][info][safepoint] Safepoint "G1CollectForAllocation", Time since last: 14397953 ns, Reaching safepoint: 6133 ns, Cleanup: 3714 ns, At safepoint: 4862742 ns, Leaving safepoint: 3328 ns, Total: 4875917 ns
[3.209s][info][gc       ] GC(127) Pause Remark 403M->133M(407M) 0.392ms
[3.209s][info][safepoint] Safepoint "G1PauseRemark", Time since last: 7118125 ns, Reaching safepoint: 462405 ns, Cleanup: 3578 ns, At safepoint: 411701 ns, Leaving safepoint: 12189 ns, Total: 889873 ns
[3.218s][info][gc       ] GC(129) Pause Young (Normal) (G1 Evacuation Pause) 147M->140M(407M) 4.289ms
[3.220s][info][safepoint] Safepoint "G1CollectForAllocation", Time since last: 4111984 ns, Reaching safepoint: 2004 ns, Cleanup: 2195 ns, At safepoint: 4309462 ns, Leaving safepoint: 2680822 ns, Total: 6994483 ns
[3.221s][info][gc       ] GC(127) Pause Cleanup 141M->141M(407M) 0.108ms
[3.221s][info][safepoint] Safepoint "G1PauseCleanup", Time since last: 28546 ns, Reaching safepoint: 140866 ns, Cleanup: 2000 ns, At safepoint: 117287 ns, Leaving safepoint: 1790 ns, Total: 261943 ns
[3.222s][info][gc       ] GC(127) Concurrent Mark Cycle 40.091ms
[3.250s][info][gc       ] GC(130) Pause Young (Prepare Mixed) (G1 Evacuation Pause) 250M->181M(407M) 10.001ms
[3.250s][info][safepoint] Safepoint "G1CollectForAllocation", Time since last: 19476326 ns, Reaching safepoint: 1815 ns, Cleanup: 3501 ns, At safepoint: 10024322 ns, Leaving safepoint: 1235 ns, Total: 10030873 ns
[3.277s][info][gc       ] GC(131) Pause Young (Mixed) (G1 Evacuation Pause) 276M->170M(407M) 9.827ms
[3.277s][info][safepoint] Safepoint "G1CollectForAllocation", Time since last: 17371608 ns, Reaching safepoint: 2435 ns, Cleanup: 2743 ns, At safepoint: 9853254 ns, Leaving safepoint: 1605 ns, Total: 9860037 ns
[3.308s][info][gc       ] GC(132) Pause Young (Mixed) (G1 Evacuation Pause) 273M->200M(407M) 9.663ms
[3.313s][info][safepoint] Safepoint "G1CollectForAllocation", Time since last: 20932893 ns, Reaching safepoint: 2536 ns, Cleanup: 2357 ns, At safepoint: 9689552 ns, Leaving safepoint: 5389856 ns, Total: 15084301 ns
[3.338s][info][gc       ] GC(133) Pause Young (Normal) (G1 Evacuation Pause) 291M->229M(407M) 9.138ms
[3.340s][info][safepoint] Safepoint "G1CollectForAllocation", Time since last: 15000063 ns, Reaching safepoint: 3625 ns, Cleanup: 3227 ns, At safepoint: 9164922 ns, Leaving safepoint: 2779536 ns, Total: 11951310 ns
[3.361s][info][gc       ] GC(134) Pause Young (Normal) (G1 Evacuation Pause) 305M->257M(447M) 9.200ms
[3.361s][info][safepoint] Safepoint "G1CollectForAllocation", Time since last: 11937971 ns, Reaching safepoint: 2261 ns, Cleanup: 2815 ns, At safepoint: 9224768 ns, Leaving safepoint: 1041 ns, Total: 9230885 ns
[3.403s][info][gc       ] GC(135) Pause Young (Normal) (G1 Evacuation Pause) 342M->287M(447M) 9.198ms
[3.403s][info][safepoint] Safepoint "G1CollectForAllocation", Time since last: 32671915 ns, Reaching safepoint: 3307 ns, Cleanup: 4307 ns, At safepoint: 9237751 ns, Leaving safepoint: 2760 ns, Total: 9248125 ns
[3.423s][info][gc       ] GC(136) Pause Young (Normal) (G1 Evacuation Pause) 355M->314M(447M) 8.401ms
[3.423s][info][safepoint] Safepoint "G1CollectForAllocation", Time since last: 11383204 ns, Reaching safepoint: 2950 ns, Cleanup: 3247 ns, At safepoint: 8430707 ns, Leaving safepoint: 1798 ns, Total: 8438702 ns
[3.445s][info][gc       ] GC(137) Pause Young (Normal) (G1 Evacuation Pause) 368M->340M(447M) 7.360ms
[3.445s][info][safepoint] Safepoint "G1CollectForAllocation", Time since last: 14033842 ns, Reaching safepoint: 2952 ns, Cleanup: 3655 ns, At safepoint: 7389987 ns, Leaving safepoint: 1369 ns, Total: 7397963 ns
[3.463s][info][gc       ] GC(138) Pause Young (Normal) (G1 Evacuation Pause) 380M->363M(473M) 6.972ms
[3.463s][info][safepoint] Safepoint "G1CollectForAllocation", Time since last: 11544263 ns, Reaching safepoint: 3535 ns, Cleanup: 3042 ns, At safepoint: 6998387 ns, Leaving safepoint: 1242 ns, Total: 7006206 ns
[3.486s][info][gc       ] GC(139) Pause Young (Normal) (G1 Evacuation Pause) 404M->388M(473M) 7.117ms
[3.486s][info][safepoint] Safepoint "G1CollectForAllocation", Time since last: 15857071 ns, Reaching safepoint: 3299 ns, Cleanup: 3199 ns, At safepoint: 7144821 ns, Leaving safepoint: 1225 ns, Total: 7152544 ns
[3.499s][info][gc       ] GC(140) Pause Young (Concurrent Start) (G1 Evacuation Pause) 417M->407M(473M) 5.522ms
[3.499s][info][gc       ] GC(141) Concurrent Mark Cycle
[3.506s][info][safepoint] Safepoint "G1CollectForAllocation", Time since last: 6984257 ns, Reaching safepoint: 2652 ns, Cleanup: 2460 ns, At safepoint: 5655732 ns, Leaving safepoint: 7290498 ns, Total: 12951342 ns
[3.509s][info][gc       ] GC(141) Pause Remark 422M->121M(357M) 0.612ms
[3.509s][info][safepoint] Safepoint "G1PauseRemark", Time since last: 2185129 ns, Reaching safepoint: 95310 ns, Cleanup: 2725 ns, At safepoint: 627765 ns, Leaving safepoint: 132560 ns, Total: 858360 ns
[3.512s][info][gc       ] GC(141) Pause Cleanup 121M->121M(357M) 0.099ms
[3.512s][info][safepoint] Safepoint "G1PauseCleanup", Time since last: 3148149 ns, Reaching safepoint: 18013 ns, Cleanup: 2471 ns, At safepoint: 116786 ns, Leaving safepoint: 4824 ns, Total: 142094 ns
[3.513s][info][gc       ] GC(141) Concurrent Mark Cycle 14.599ms
[3.519s][info][gc       ] GC(142) Pause Young (Prepare Mixed) (G1 Evacuation Pause) 128M->122M(357M) 4.416ms
[3.519s][info][safepoint] Safepoint "G1CollectForAllocation", Time since last: 1767441 ns, Reaching safepoint: 5643 ns, Cleanup: 2057 ns, At safepoint: 4435263 ns, Leaving safepoint: 24318 ns, Total: 4467281 ns
[3.543s][info][gc       ] GC(143) Pause Young (Mixed) (G1 Evacuation Pause) 213M->125M(357M) 9.108ms
[3.548s][info][safepoint] Safepoint "G1CollectForAllocation", Time since last: 15511393 ns, Reaching safepoint: 2325 ns, Cleanup: 2166 ns, At safepoint: 9130757 ns, Leaving safepoint: 4961191 ns, Total: 14096439 ns
[3.575s][info][gc       ] GC(144) Pause Young (Mixed) (G1 Evacuation Pause) 219M->148M(419M) 9.937ms
[3.576s][info][safepoint] Safepoint "G1CollectForAllocation", Time since last: 16419074 ns, Reaching safepoint: 2584 ns, Cleanup: 2885 ns, At safepoint: 9971048 ns, Leaving safepoint: 1593391 ns, Total: 11569908 ns
[3.606s][info][gc       ] GC(145) Pause Young (Normal) (G1 Evacuation Pause) 261M->180M(419M) 9.572ms
[3.608s][info][safepoint] Safepoint "G1CollectForAllocation", Time since last: 19863786 ns, Reaching safepoint: 2652 ns, Cleanup: 3000 ns, At safepoint: 9597466 ns, Leaving safepoint: 2541202 ns, Total: 12144320 ns
[3.635s][info][gc       ] GC(146) Pause Young (Normal) (G1 Evacuation Pause) 284M->210M(419M) 8.726ms
[3.636s][info][safepoint] Safepoint "G1CollectForAllocation", Time since last: 18279289 ns, Reaching safepoint: 2524 ns, Cleanup: 2927 ns, At safepoint: 8752648 ns, Leaving safepoint: 960897 ns, Total: 9718996 ns
[3.661s][info][gc       ] GC(147) Pause Young (Normal) (G1 Evacuation Pause) 302M->240M(419M) 9.339ms
[3.661s][info][safepoint] Safepoint "G1CollectForAllocation", Time since last: 15506898 ns, Reaching safepoint: 2853 ns, Cleanup: 3577 ns, At safepoint: 9364665 ns, Leaving safepoint: 6349 ns, Total: 9377444 ns
[3.686s][info][gc       ] GC(148) Pause Young (Normal) (G1 Evacuation Pause) 317M->269M(453M) 9.236ms
[3.686s][info][safepoint] Safepoint "G1CollectForAllocation", Time since last: 15726508 ns, Reaching safepoint: 2862 ns, Cleanup: 3441 ns, At safepoint: 9260421 ns, Leaving safepoint: 1352 ns, Total: 9268076 ns
[3.722s][info][gc       ] GC(149) Pause Young (Normal) (G1 Evacuation Pause) 350M->299M(453M) 10.029ms
[3.724s][info][safepoint] Safepoint "G1CollectForAllocation", Time since last: 25551924 ns, Reaching safepoint: 2391 ns, Cleanup: 3565 ns, At safepoint: 10058566 ns, Leaving safepoint: 2550386 ns, Total: 12614908 ns
[3.748s][info][gc       ] GC(150) Pause Young (Normal) (G1 Evacuation Pause) 363M->326M(453M) 7.499ms
[3.748s][info][safepoint] Safepoint "G1CollectForAllocation", Time since last: 15982563 ns, Reaching safepoint: 2265 ns, Cleanup: 2851 ns, At safepoint: 7530782 ns, Leaving safepoint: 17410 ns, Total: 7553308 ns
[3.763s][info][gc       ] GC(151) Pause Young (Normal) (G1 Evacuation Pause) 376M->350M(453M) 6.763ms
[3.768s][info][safepoint] Safepoint "G1CollectForAllocation", Time since last: 8198031 ns, Reaching safepoint: 2463 ns, Cleanup: 2916 ns, At safepoint: 6788080 ns, Leaving safepoint: 5412278 ns, Total: 12205737 ns
[3.781s][info][gc       ] GC(152) Pause Young (Normal) (G1 Evacuation Pause) 388M->372M(477M) 6.041ms
[3.781s][info][safepoint] Safepoint "G1CollectForAllocation", Time since last: 6271712 ns, Reaching safepoint: 2530 ns, Cleanup: 2812 ns, At safepoint: 6062728 ns, Leaving safepoint: 927 ns, Total: 6068997 ns
[3.802s][info][gc       ] GC(153) Pause Young (Normal) (G1 Evacuation Pause) 411M->396M(477M) 8.450ms
[3.802s][info][safepoint] Safepoint "G1CollectForAllocation", Time since last: 13073737 ns, Reaching safepoint: 2694 ns, Cleanup: 3004 ns, At safepoint: 8472803 ns, Leaving safepoint: 6277 ns, Total: 8484778 ns
[3.813s][info][gc       ] GC(154) Pause Young (Concurrent Start) (G1 Evacuation Pause) 424M->415M(477M) 4.846ms
[3.813s][info][gc       ] GC(155) Concurrent Mark Cycle
[3.813s][info][safepoint] Safepoint "G1CollectForAllocation", Time since last: 6188483 ns, Reaching safepoint: 1688 ns, Cleanup: 2196 ns, At safepoint: 4980029 ns, Leaving safepoint: 5942 ns, Total: 4989855 ns
[3.822s][info][gc       ] GC(155) Pause Remark 416M->104M(347M) 0.413ms
[3.822s][info][safepoint] Safepoint "G1PauseRemark", Time since last: 7896108 ns, Reaching safepoint: 1564 ns, Cleanup: 2121 ns, At safepoint: 433857 ns, Leaving safepoint: 130166 ns, Total: 567708 ns
[3.829s][info][gc       ] GC(156) Pause Young (Normal) (G1 Evacuation Pause) 123M->118M(347M) 4.176ms
[3.830s][info][safepoint] Safepoint "G1CollectForAllocation", Time since last: 3266756 ns, Reaching safepoint: 2611 ns, Cleanup: 2307 ns, At safepoint: 4197492 ns, Leaving safepoint: 1112097 ns, Total: 5314507 ns
[3.837s][info][gc       ] GC(155) Pause Cleanup 141M->141M(347M) 0.105ms
[3.840s][info][safepoint] Safepoint "G1PauseCleanup", Time since last: 5923501 ns, Reaching safepoint: 103511 ns, Cleanup: 2372 ns, At safepoint: 123272 ns, Leaving safepoint: 3726444 ns, Total: 3955599 ns
[3.841s][info][gc       ] GC(155) Concurrent Mark Cycle 27.986ms
[3.862s][info][gc       ] GC(157) Pause Young (Prepare Mixed) (G1 Evacuation Pause) 214M->158M(347M) 8.944ms
[3.864s][info][safepoint] Safepoint "G1CollectForAllocation", Time since last: 12985935 ns, Reaching safepoint: 2458 ns, Cleanup: 2060 ns, At safepoint: 8965187 ns, Leaving safepoint: 2060581 ns, Total: 11030286 ns
[3.885s][info][gc       ] GC(158) Pause Young (Mixed) (G1 Evacuation Pause) 237M->153M(347M) 8.207ms
[3.885s][info][safepoint] Safepoint "G1CollectForAllocation", Time since last: 12312570 ns, Reaching safepoint: 2140 ns, Cleanup: 2544 ns, At safepoint: 8232246 ns, Leaving safepoint: 2467 ns, Total: 8239397 ns
[3.914s][info][gc       ] GC(159) Pause Young (Mixed) (G1 Evacuation Pause) 236M->176M(413M) 9.827ms
[3.916s][info][safepoint] Safepoint "G1CollectForAllocation", Time since last: 19469051 ns, Reaching safepoint: 2343 ns, Cleanup: 3285 ns, At safepoint: 9856506 ns, Leaving safepoint: 2109071 ns, Total: 11971205 ns
[3.945s][info][gc       ] GC(160) Pause Young (Normal) (G1 Evacuation Pause) 282M->209M(413M) 10.205ms
[3.952s][info][safepoint] Safepoint "G1CollectForAllocation", Time since last: 18873575 ns, Reaching safepoint: 2243 ns, Cleanup: 3872 ns, At safepoint: 10234684 ns, Leaving safepoint: 6873516 ns, Total: 17114315 ns
[3.977s][info][gc       ] GC(161) Pause Young (Normal) (G1 Evacuation Pause) 300M->238M(413M) 9.255ms
[3.977s][info][safepoint] Safepoint "G1CollectForAllocation", Time since last: 15583495 ns, Reaching safepoint: 2737 ns, Cleanup: 3507 ns, At safepoint: 9288244 ns, Leaving safepoint: 1574 ns, Total: 9296062 ns
[4.000s][info][gc       ] GC(162) Pause Young (Normal) (G1 Evacuation Pause) 314M->266M(413M) 10.095ms
[4.000s][info][safepoint] Safepoint "G1CollectForAllocation", Time since last: 12654576 ns, Reaching safepoint: 11793 ns, Cleanup: 4023 ns, At safepoint: 10128323 ns, Leaving safepoint: 2284 ns, Total: 10146423 ns
[4.026s][info][gc       ] GC(163) Pause Young (Normal) (G1 Evacuation Pause) 327M->294M(453M) 9.242ms
[4.026s][info][safepoint] Safepoint "G1CollectForAllocation", Time since last: 16501267 ns, Reaching safepoint: 3263 ns, Cleanup: 3632 ns, At safepoint: 9277845 ns, Leaving safepoint: 40500 ns, Total: 9325240 ns
[4.061s][info][gc       ] GC(164) Pause Young (Normal) (G1 Evacuation Pause) 361M->324M(453M) 8.815ms
[4.068s][info][safepoint] Safepoint "G1CollectForAllocation", Time since last: 26349082 ns, Reaching safepoint: 2466 ns, Cleanup: 3742 ns, At safepoint: 8881557 ns, Leaving safepoint: 7271456 ns, Total: 16159221 ns
[4.085s][info][gc       ] GC(165) Pause Young (Normal) (G1 Evacuation Pause) 375M->350M(453M) 8.848ms
[4.088s][info][safepoint] Safepoint "G1CollectForAllocation", Time since last: 8290133 ns, Reaching safepoint: 2816 ns, Cleanup: 4445 ns, At safepoint: 8880251 ns, Leaving safepoint: 2844081 ns, Total: 11731593 ns
[4.101s][info][gc       ] GC(166) Pause Young (Normal) (G1 Evacuation Pause) 388M->373M(453M) 5.854ms
[4.104s][info][safepoint] Safepoint "G1CollectForAllocation", Time since last: 6409592 ns, Reaching safepoint: 3924 ns, Cleanup: 3498 ns, At safepoint: 5881025 ns, Leaving safepoint: 3673431 ns, Total: 9561878 ns
[4.115s][info][gc       ] GC(167) Pause Young (Normal) (G1 Evacuation Pause) 401M->392M(476M) 5.612ms
[4.116s][info][safepoint] Safepoint "G1CollectForAllocation", Time since last: 4556115 ns, Reaching safepoint: 1870 ns, Cleanup: 2556 ns, At safepoint: 5637938 ns, Leaving safepoint: 1820247 ns, Total: 7462611 ns
[4.136s][info][gc       ] GC(168) Pause Young (Normal) (G1 Evacuation Pause) 421M->412M(476M) 5.202ms
[4.140s][info][safepoint] Safepoint "G1CollectForAllocation", Time since last: 14381210 ns, Reaching safepoint: 2770 ns, Cleanup: 2788 ns, At safepoint: 5228645 ns, Leaving safepoint: 4385895 ns, Total: 9620098 ns
[4.148s][info][gc       ] GC(169) Pause Young (Concurrent Start) (G1 Evacuation Pause) 433M->426M(476M) 3.253ms
[4.148s][info][gc       ] GC(170) Concurrent Mark Cycle
[4.151s][info][safepoint] Safepoint "G1CollectForAllocation", Time since last: 3990891 ns, Reaching safepoint: 7346 ns, Cleanup: 2350 ns, At safepoint: 3352746 ns, Leaving safepoint: 3418063 ns, Total: 6780505 ns
[4.160s][info][gc       ] GC(171) Pause Young (Normal) (G1 Evacuation Pause) 445M->440M(476M) 3.571ms
[4.160s][info][safepoint] Safepoint "G1CollectForAllocation", Time since last: 5218963 ns, Reaching safepoint: 6449 ns, Cleanup: 2160 ns, At safepoint: 3594506 ns, Leaving safepoint: 14067 ns, Total: 3617182 ns
[4.174s][info][gc       ] GC(172) Pause Young (Normal) (G1 Evacuation Pause) 460M->455M(491M) 7.565ms
[4.180s][info][safepoint] Safepoint "G1CollectForAllocation", Time since last: 6787640 ns, Reaching safepoint: 6768 ns, Cleanup: 2017 ns, At safepoint: 7585999 ns, Leaving safepoint: 5990512 ns, Total: 13585296 ns
[4.181s][info][gc       ] GC(170) Pause Remark 456M->136M(454M) 0.378ms
[4.181s][info][safepoint] Safepoint "G1PauseRemark", Time since last: 29673 ns, Reaching safepoint: 138828 ns, Cleanup: 2423 ns, At safepoint: 389510 ns, Leaving safepoint: 10367 ns, Total: 541128 ns
[4.182s][info][gc       ] GC(170) Pause Cleanup 136M->136M(454M) 0.102ms
[4.182s][info][safepoint] Safepoint "G1PauseCleanup", Time since last: 1211927 ns, Reaching safepoint: 1267 ns, Cleanup: 1776 ns, At safepoint: 113000 ns, Leaving safepoint: 619 ns, Total: 116662 ns
[4.186s][info][gc       ] GC(170) Concurrent Mark Cycle 38.275ms
[4.192s][info][gc       ] GC(173) Pause Young (Prepare Mixed) (G1 Evacuation Pause) 156M->152M(454M) 4.397ms
[4.192s][info][safepoint] Safepoint "G1CollectForAllocation", Time since last: 5014182 ns, Reaching safepoint: 1932 ns, Cleanup: 1716 ns, At safepoint: 4419243 ns, Leaving safepoint: 2772 ns, Total: 4425663 ns
[4.225s][info][gc       ] GC(174) Pause Young (Mixed) (G1 Evacuation Pause) 281M->156M(454M) 10.669ms
[4.228s][info][safepoint] Safepoint "G1CollectForAllocation", Time since last: 22265027 ns, Reaching safepoint: 3608 ns, Cleanup: 3105 ns, At safepoint: 10702310 ns, Leaving safepoint: 3693927 ns, Total: 14402950 ns
[4.262s][info][gc       ] GC(175) Pause Young (Normal) (G1 Evacuation Pause) 288M->186M(454M) 9.801ms
[4.262s][info][safepoint] Safepoint "G1CollectForAllocation", Time since last: 23576132 ns, Reaching safepoint: 3177 ns, Cleanup: 3451 ns, At safepoint: 9834481 ns, Leaving safepoint: 1683 ns, Total: 9842792 ns
[4.295s][info][gc       ] GC(176) Pause Young (Normal) (G1 Evacuation Pause) 309M->214M(454M) 9.811ms
[4.295s][info][safepoint] Safepoint "G1CollectForAllocation", Time since last: 23148218 ns, Reaching safepoint: 2920 ns, Cleanup: 2500 ns, At safepoint: 9844084 ns, Leaving safepoint: 1378 ns, Total: 9850882 ns
[4.326s][info][gc       ] GC(177) Pause Young (Normal) (G1 Evacuation Pause) 325M->243M(477M) 10.257ms
[4.326s][info][safepoint] Safepoint "G1CollectForAllocation", Time since last: 20793656 ns, Reaching safepoint: 2817 ns, Cleanup: 3515 ns, At safepoint: 10285386 ns, Leaving safepoint: 1647 ns, Total: 10293365 ns
[4.364s][info][gc       ] GC(178) Pause Young (Normal) (G1 Evacuation Pause) 353M->272M(477M) 9.652ms
[4.368s][info][safepoint] Safepoint "G1CollectForAllocation", Time since last: 28592220 ns, Reaching safepoint: 2651 ns, Cleanup: 3148 ns, At safepoint: 9697393 ns, Leaving safepoint: 4201527 ns, Total: 13904719 ns
[4.393s][info][gc       ] GC(179) Pause Young (Normal) (G1 Evacuation Pause) 365M->301M(477M) 8.708ms
[4.400s][info][safepoint] Safepoint "G1CollectForAllocation", Time since last: 15460753 ns, Reaching safepoint: 2696 ns, Cleanup: 6133 ns, At safepoint: 8736107 ns, Leaving safepoint: 7793659 ns, Total: 16538595 ns
[4.422s][info][gc       ] GC(180) Pause Young (Normal) (G1 Evacuation Pause) 377M->329M(477M) 9.040ms
[4.422s][info][safepoint] Safepoint "G1CollectForAllocation", Time since last: 12590775 ns, Reaching safepoint: 3211 ns, Cleanup: 3714 ns, At safepoint: 9066210 ns, Leaving safepoint: 1949 ns, Total: 9075084 ns
[4.445s][info][gc       ] GC(181) Pause Young (Normal) (G1 Evacuation Pause) 390M->354M(489M) 8.396ms
[4.445s][info][safepoint] Safepoint "G1CollectForAllocation", Time since last: 14149290 ns, Reaching safepoint: 2610 ns, Cleanup: 3347 ns, At safepoint: 8427620 ns, Leaving safepoint: 10217 ns, Total: 8443794 ns
[4.469s][info][gc       ] GC(182) Pause Young (Normal) (G1 Evacuation Pause) 408M->381M(489M) 7.845ms
[4.469s][info][safepoint] Safepoint "G1CollectForAllocation", Time since last: 16757269 ns, Reaching safepoint: 2544 ns, Cleanup: 3188 ns, At safepoint: 7874851 ns, Leaving safepoint: 6282 ns, Total: 7886865 ns
[4.487s][info][gc       ] GC(183) Pause Young (Concurrent Start) (G1 Evacuation Pause) 421M->404M(489M) 7.617ms
[4.487s][info][gc       ] GC(184) Concurrent Mark Cycle
[4.488s][info][safepoint] Safepoint "G1CollectForAllocation", Time since last: 10065319 ns, Reaching safepoint: 2429 ns, Cleanup: 2478 ns, At safepoint: 7970810 ns, Leaving safepoint: 1077180 ns, Total: 9052897 ns
[4.495s][info][gc       ] GC(184) Pause Remark 430M->127M(337M) 0.427ms
[4.495s][info][safepoint] Safepoint "G1PauseRemark", Time since last: 6443381 ns, Reaching safepoint: 88315 ns, Cleanup: 4020 ns, At safepoint: 447887 ns, Leaving safepoint: 2299 ns, Total: 542521 ns
[4.497s][info][gc       ] GC(184) Pause Cleanup 127M->127M(337M) 0.079ms
[4.497s][info][safepoint] Safepoint "G1PauseCleanup", Time since last: 1236334 ns, Reaching safepoint: 1635 ns, Cleanup: 1883 ns, At safepoint: 92415 ns, Leaving safepoint: 633 ns, Total: 96566 ns
[4.497s][info][gc       ] GC(184) Concurrent Mark Cycle 10.446ms
[4.504s][info][gc       ] GC(185) Pause Young (Prepare Mixed) (G1 Evacuation Pause) 130M->119M(337M) 6.400ms
[4.504s][info][safepoint] Safepoint "G1CollectForAllocation", Time since last: 1150984 ns, Reaching safepoint: 1908 ns, Cleanup: 1294 ns, At safepoint: 6426930 ns, Leaving safepoint: 3538 ns, Total: 6433670 ns
[4.534s][info][gc       ] GC(186) Pause Young (Mixed) (G1 Evacuation Pause) 209M->124M(337M) 9.154ms
[4.540s][info][safepoint] Safepoint "G1CollectForAllocation", Time since last: 20424441 ns, Reaching safepoint: 2707 ns, Cleanup: 3062 ns, At safepoint: 9180391 ns, Leaving safepoint: 6453708 ns, Total: 15639868 ns
[4.567s][info][gc       ] GC(187) Pause Young (Mixed) (G1 Evacuation Pause) 215M->150M(407M) 9.731ms
[4.567s][info][safepoint] Safepoint "G1CollectForAllocation", Time since last: 16825901 ns, Reaching safepoint: 2646 ns, Cleanup: 3914 ns, At safepoint: 9759226 ns, Leaving safepoint: 1407 ns, Total: 9767193 ns
[4.602s][info][gc       ] GC(188) Pause Young (Normal) (G1 Evacuation Pause) 263M->183M(407M) 10.274ms
[4.602s][info][safepoint] Safepoint "G1CollectForAllocation", Time since last: 24748567 ns, Reaching safepoint: 3874 ns, Cleanup: 4911 ns, At safepoint: 10311933 ns, Leaving safepoint: 4180 ns, Total: 10324898 ns
[4.633s][info][gc       ] GC(189) Pause Young (Normal) (G1 Evacuation Pause) 283M->213M(407M) 10.181ms
[4.636s][info][safepoint] Safepoint "G1CollectForAllocation", Time since last: 20752311 ns, Reaching safepoint: 2759 ns, Cleanup: 4225 ns, At safepoint: 10221064 ns, Leaving safepoint: 3387202 ns, Total: 13615250 ns
[4.666s][info][gc       ] GC(190) Pause Young (Normal) (G1 Evacuation Pause) 298M->241M(407M) 11.029ms
[4.669s][info][safepoint] Safepoint "G1CollectForAllocation", Time since last: 18124747 ns, Reaching safepoint: 4351 ns, Cleanup: 4571 ns, At safepoint: 11139034 ns, Leaving safepoint: 3484314 ns, Total: 14632270 ns
[4.692s][info][gc       ] GC(191) Pause Young (Normal) (G1 Evacuation Pause) 311M->269M(445M) 9.529ms
[4.700s][info][safepoint] Safepoint "G1CollectForAllocation", Time since last: 13040751 ns, Reaching safepoint: 2730 ns, Cleanup: 4118 ns, At safepoint: 9557746 ns, Leaving safepoint: 8610982 ns, Total: 18175576 ns
[4.740s][info][gc       ] GC(192) Pause Young (Normal) (G1 Evacuation Pause) 346M->299M(445M) 9.876ms
[4.740s][info][safepoint] Safepoint "G1CollectForAllocation", Time since last: 29816692 ns, Reaching safepoint: 3078 ns, Cleanup: 3928 ns, At safepoint: 9909428 ns, Leaving safepoint: 3299 ns, Total: 9919733 ns
[4.759s][info][gc       ] GC(193) Pause Young (Normal) (G1 Evacuation Pause) 358M->327M(445M) 8.385ms
[4.759s][info][safepoint] Safepoint "G1CollectForAllocation", Time since last: 10464512 ns, Reaching safepoint: 2984 ns, Cleanup: 4041 ns, At safepoint: 8431710 ns, Leaving safepoint: 1968 ns, Total: 8440703 ns
[4.778s][info][gc       ] GC(194) Pause Young (Normal) (G1 Evacuation Pause) 371M->351M(445M) 8.089ms
[4.778s][info][safepoint] Safepoint "G1CollectForAllocation", Time since last: 10850493 ns, Reaching safepoint: 2635 ns, Cleanup: 3566 ns, At safepoint: 8119789 ns, Leaving safepoint: 1936 ns, Total: 8127926 ns
[4.792s][info][gc       ] GC(195) Pause Young (Normal) (G1 Evacuation Pause) 385M->372M(472M) 7.430ms
[4.796s][info][safepoint] Safepoint "G1CollectForAllocation", Time since last: 6789849 ns, Reaching safepoint: 3013 ns, Cleanup: 4385 ns, At safepoint: 7460857 ns, Leaving safepoint: 4131026 ns, Total: 11599281 ns
[4.813s][info][gc       ] GC(196) Pause Young (Normal) (G1 Evacuation Pause) 408M->394M(472M) 8.101ms
[4.813s][info][safepoint] Safepoint "G1CollectForAllocation", Time since last: 8860716 ns, Reaching safepoint: 2693 ns, Cleanup: 3389 ns, At safepoint: 8125186 ns, Leaving safepoint: 2071 ns, Total: 8133339 ns
[4.826s][info][gc       ] GC(197) Pause Young (Concurrent Start) (G1 Evacuation Pause) 421M->413M(472M) 5.155ms
[4.826s][info][gc       ] GC(198) Concurrent Mark Cycle
[4.826s][info][safepoint] Safepoint "G1CollectForAllocation", Time since last: 7170922 ns, Reaching safepoint: 1535 ns, Cleanup: 2670 ns, At safepoint: 5207223 ns, Leaving safepoint: 124928 ns, Total: 5336356 ns
[4.843s][info][gc       ] GC(199) Pause Young (Normal) (G1 Evacuation Pause) 431M->427M(472M) 6.872ms
[4.843s][info][safepoint] Safepoint "G1CollectForAllocation", Time since last: 10498124 ns, Reaching safepoint: 14143 ns, Cleanup: 2716 ns, At safepoint: 6896165 ns, Leaving safepoint: 12143 ns, Total: 6925167 ns
[4.856s][info][gc       ] GC(200) Pause Young (Normal) (G1 Evacuation Pause) 447M->443M(488M) 5.519ms
[4.856s][info][safepoint] Safepoint "G1CollectForAllocation", Time since last: 7203622 ns, Reaching safepoint: 8202 ns, Cleanup: 2407 ns, At safepoint: 5568395 ns, Leaving safepoint: 2780 ns, Total: 5581784 ns
[4.861s][info][gc       ] GC(198) Pause Remark 445M->134M(444M) 0.406ms
[4.861s][info][safepoint] Safepoint "G1PauseRemark", Time since last: 4278953 ns, Reaching safepoint: 6683 ns, Cleanup: 1770 ns, At safepoint: 422889 ns, Leaving safepoint: 10099 ns, Total: 441441 ns
[4.862s][info][gc       ] GC(198) Pause Cleanup 134M->134M(444M) 0.149ms
[4.862s][info][safepoint] Safepoint "G1PauseCleanup", Time since last: 1161175 ns, Reaching safepoint: 1523 ns, Cleanup: 1771 ns, At safepoint: 165107 ns, Leaving safepoint: 1224 ns, Total: 169625 ns
[4.866s][info][gc       ] GC(198) Concurrent Mark Cycle 40.197ms
[4.872s][info][gc       ] GC(201) Pause Young (Prepare Mixed) (G1 Evacuation Pause) 153M->149M(444M) 3.898ms
[4.876s][info][safepoint] Safepoint "G1CollectForAllocation", Time since last: 6240595 ns, Reaching safepoint: 5059 ns, Cleanup: 1943 ns, At safepoint: 3920733 ns, Leaving safepoint: 3371945 ns, Total: 7299680 ns
[4.905s][info][gc       ] GC(202) Pause Young (Mixed) (G1 Evacuation Pause) 264M->155M(444M) 10.017ms
[4.912s][info][safepoint] Safepoint "G1CollectForAllocation", Time since last: 19567709 ns, Reaching safepoint: 2330 ns, Cleanup: 2347 ns, At safepoint: 10042421 ns, Leaving safepoint: 7060282 ns, Total: 17107380 ns
[4.942s][info][gc       ] GC(203) Pause Young (Normal) (G1 Evacuation Pause) 273M->187M(444M) 9.980ms
[4.942s][info][safepoint] Safepoint "G1CollectForAllocation", Time since last: 19363324 ns, Reaching safepoint: 3537 ns, Cleanup: 3194 ns, At safepoint: 10010257 ns, Leaving safepoint: 1425 ns, Total: 10018413 ns
[4.972s][info][gc       ] GC(204) Pause Young (Normal) (G1 Evacuation Pause) 297M->215M(464M) 10.843ms
[4.977s][info][safepoint] Safepoint "G1CollectForAllocation", Time since last: 19393018 ns, Reaching safepoint: 2594 ns, Cleanup: 2614 ns, At safepoint: 10875421 ns, Leaving safepoint: 4621171 ns, Total: 15501800 ns
[5.010s][info][gc       ] GC(205) Pause Young (Normal) (G1 Evacuation Pause) 326M->246M(464M) 9.962ms
[5.016s][info][safepoint] Safepoint "G1CollectForAllocation", Time since last: 23650173 ns, Reaching safepoint: 3186 ns, Cleanup: 3016 ns, At safepoint: 10034483 ns, Leaving safepoint: 6034584 ns, Total: 16075269 ns
[5.042s][info][gc       ] GC(206) Pause Young (Normal) (G1 Evacuation Pause) 343M->275M(464M) 9.735ms
[5.042s][info][safepoint] Safepoint "G1CollectForAllocation", Time since last: 15833349 ns, Reaching safepoint: 2545 ns, Cleanup: 3788 ns, At safepoint: 9763058 ns, Leaving safepoint: 1810 ns, Total: 9771201 ns
[5.065s][info][gc       ] GC(207) Pause Young (Normal) (G1 Evacuation Pause) 357M->304M(464M) 9.778ms
[5.068s][info][safepoint] Safepoint "G1CollectForAllocation", Time since last: 13391548 ns, Reaching safepoint: 2840 ns, Cleanup: 3319 ns, At safepoint: 9809748 ns, Leaving safepoint: 3205537 ns, Total: 13021444 ns
[5.088s][info][gc       ] GC(208) Pause Young (Normal) (G1 Evacuation Pause) 370M->331M(483M) 7.969ms
[5.092s][info][safepoint] Safepoint "G1CollectForAllocation", Time since last: 11502987 ns, Reaching safepoint: 2875 ns, Cleanup: 2650 ns, At safepoint: 7995217 ns, Leaving safepoint: 4536587 ns, Total: 12537329 ns
[5.116s][info][gc       ] GC(209) Pause Young (Normal) (G1 Evacuation Pause) 393M->359M(483M) 7.519ms
[5.120s][info][safepoint] Safepoint "G1CollectForAllocation", Time since last: 16203803 ns, Reaching safepoint: 2433 ns, Cleanup: 3069 ns, At safepoint: 7546517 ns, Leaving safepoint: 4205047 ns, Total: 11757066 ns
[5.135s][info][gc       ] GC(210) Pause Young (Normal) (G1 Evacuation Pause) 407M->385M(483M) 7.353ms
[5.140s][info][safepoint] Safepoint "G1CollectForAllocation", Time since last: 7657592 ns, Reaching safepoint: 2259 ns, Cleanup: 3323 ns, At safepoint: 7398325 ns, Leaving safepoint: 4919454 ns, Total: 12323361 ns
[5.152s][info][gc       ] GC(211) Pause Young (Concurrent Start) (G1 Evacuation Pause) 420M->407M(483M) 5.962ms
[5.152s][info][gc       ] GC(212) Concurrent Mark Cycle
[5.152s][info][safepoint] Safepoint "G1CollectForAllocation", Time since last: 5348971 ns, Reaching safepoint: 2712 ns, Cleanup: 2968 ns, At safepoint: 6097679 ns, Leaving safepoint: 6703 ns, Total: 6110062 ns
[5.161s][info][gc       ] GC(212) Pause Remark 411M->107M(347M) 0.362ms
[5.161s][info][safepoint] Safepoint "G1PauseRemark", Time since last: 8545479 ns, Reaching safepoint: 45010 ns, Cleanup: 2912 ns, At safepoint: 378727 ns, Leaving safepoint: 9562 ns, Total: 436211 ns
[5.166s][info][gc       ] GC(212) Pause Cleanup 127M->127M(347M) 0.097ms
[5.168s][info][safepoint] Safepoint "G1PauseCleanup", Time since last: 4573227 ns, Reaching safepoint: 130316 ns, Cleanup: 2419 ns, At safepoint: 117328 ns, Leaving safepoint: 2764693 ns, Total: 3014756 ns
[5.169s][info][gc       ] GC(212) Concurrent Mark Cycle 17.641ms
[5.175s][info][gc       ] GC(213) Pause Young (Prepare Mixed) (G1 Evacuation Pause) 129M->121M(347M) 5.546ms
[5.175s][info][safepoint] Safepoint "G1CollectForAllocation", Time since last: 1144308 ns, Reaching safepoint: 8872 ns, Cleanup: 2131 ns, At safepoint: 5570759 ns, Leaving safepoint: 3630 ns, Total: 5585392 ns
[5.198s][info][gc       ] GC(214) Pause Young (Mixed) (G1 Evacuation Pause) 210M->125M(413M) 9.540ms
[5.200s][info][safepoint] Safepoint "G1CollectForAllocation", Time since last: 13445640 ns, Reaching safepoint: 2295 ns, Cleanup: 2334 ns, At safepoint: 9572311 ns, Leaving safepoint: 2244871 ns, Total: 11821811 ns
[5.229s][info][gc       ] GC(215) Pause Young (Mixed) (G1 Evacuation Pause) 244M->152M(413M) 10.150ms
[5.230s][info][safepoint] Safepoint "G1CollectForAllocation", Time since last: 18986196 ns, Reaching safepoint: 2914 ns, Cleanup: 2636 ns, At safepoint: 10180025 ns, Leaving safepoint: 1166 ns, Total: 10186741 ns
[5.260s][info][gc       ] GC(216) Pause Young (Normal) (G1 Evacuation Pause) 265M->183M(413M) 9.374ms
[5.260s][info][safepoint] Safepoint "G1CollectForAllocation", Time since last: 20858035 ns, Reaching safepoint: 2830 ns, Cleanup: 3171 ns, At safepoint: 9406143 ns, Leaving safepoint: 1876 ns, Total: 9414020 ns
[5.290s][info][gc       ] GC(217) Pause Young (Normal) (G1 Evacuation Pause) 284M->212M(413M) 9.720ms
[5.292s][info][safepoint] Safepoint "G1CollectForAllocation", Time since last: 20267058 ns, Reaching safepoint: 3485 ns, Cleanup: 3220 ns, At safepoint: 9751077 ns, Leaving safepoint: 2531325 ns, Total: 12289107 ns
[5.315s][info][gc       ] GC(218) Pause Young (Normal) (G1 Evacuation Pause) 300M->241M(452M) 8.594ms
[5.320s][info][safepoint] Safepoint "G1CollectForAllocation", Time since last: 13678542 ns, Reaching safepoint: 3080 ns, Cleanup: 3794 ns, At safepoint: 8622956 ns, Leaving safepoint: 5666478 ns, Total: 14296308 ns
[5.360s][info][gc       ] GC(219) Pause Young (Normal) (G1 Evacuation Pause) 336M->273M(452M) 8.623ms
[5.360s][info][safepoint] Safepoint "G1CollectForAllocation", Time since last: 30707503 ns, Reaching safepoint: 3922 ns, Cleanup: 3597 ns, At safepoint: 8658662 ns, Leaving safepoint: 1274 ns, Total: 8667455 ns
[5.386s][info][gc       ] GC(220) Pause Young (Normal) (G1 Evacuation Pause) 350M->302M(452M) 9.605ms
[5.392s][info][safepoint] Safepoint "G1CollectForAllocation", Time since last: 16733236 ns, Reaching safepoint: 3222 ns, Cleanup: 4657 ns, At safepoint: 9646414 ns, Leaving safepoint: 6235443 ns, Total: 15889736 ns
[5.410s][info][gc       ] GC(221) Pause Young (Normal) (G1 Evacuation Pause) 363M->329M(452M) 7.780ms
[5.410s][info][safepoint] Safepoint "G1CollectForAllocation", Time since last: 9761593 ns, Reaching safepoint: 3217 ns, Cleanup: 3999 ns, At safepoint: 7811605 ns, Leaving safepoint: 1708 ns, Total: 7820529 ns
[5.426s][info][gc       ] GC(222) Pause Young (Normal) (G1 Evacuation Pause) 376M->353M(473M) 7.219ms
[5.432s][info][safepoint] Safepoint "G1CollectForAllocation", Time since last: 8760695 ns, Reaching safepoint: 2724 ns, Cleanup: 3356 ns, At safepoint: 7249178 ns, Leaving safepoint: 6433328 ns, Total: 13688586 ns
[5.454s][info][gc       ] GC(223) Pause Young (Normal) (G1 Evacuation Pause) 398M->377M(473M) 6.965ms
[5.460s][info][safepoint] Safepoint "G1CollectForAllocation", Time since last: 14397448 ns, Reaching safepoint: 3309 ns, Cleanup: 3836 ns, At safepoint: 6993384 ns, Leaving safepoint: 6570148 ns, Total: 13570677 ns
[5.472s][info][gc       ] GC(224) Pause Young (Normal) (G1 Evacuation Pause) 411M->398M(473M) 5.804ms
[5.472s][info][safepoint] Safepoint "G1CollectForAllocation", Time since last: 5725676 ns, Reaching safepoint: 3783 ns, Cleanup: 3924 ns, At safepoint: 5829509 ns, Leaving safepoint: 1391 ns, Total: 5838607 ns
[5.486s][info][gc       ] GC(225) Pause Young (Concurrent Start) (G1 Evacuation Pause) 423M->415M(473M) 5.238ms
[5.486s][info][gc       ] GC(226) Concurrent Mark Cycle
[5.492s][info][safepoint] Safepoint "G1CollectForAllocation", Time since last: 8457309 ns, Reaching safepoint: 7252 ns, Cleanup: 3506 ns, At safepoint: 5356354 ns, Leaving safepoint: 6636436 ns, Total: 12003548 ns
[5.504s][info][gc       ] GC(227) Pause Young (Normal) (G1 Evacuation Pause) 434M->430M(489M) 4.087ms
[5.504s][info][safepoint] Safepoint "G1CollectForAllocation", Time since last: 7984905 ns, Reaching safepoint: 5858 ns, Cleanup: 2526 ns, At safepoint: 4110406 ns, Leaving safepoint: 10013 ns, Total: 4128803 ns
[5.509s][info][gc       ] GC(226) Pause Remark 440M->135M(420M) 0.394ms
[5.512s][info][safepoint] Safepoint "G1PauseRemark", Time since last: 3933613 ns, Reaching safepoint: 85561 ns, Cleanup: 2768 ns, At safepoint: 413949 ns, Leaving safepoint: 3474351 ns, Total: 3976629 ns
[5.514s][info][gc       ] GC(226) Pause Cleanup 136M->136M(420M) 0.106ms
[5.514s][info][safepoint] Safepoint "G1PauseCleanup", Time since last: 1279515 ns, Reaching safepoint: 10769 ns, Cleanup: 1717 ns, At safepoint: 119213 ns, Leaving safepoint: 5324 ns, Total: 137023 ns
[5.515s][info][gc       ] GC(226) Concurrent Mark Cycle 29.226ms
[5.521s][info][gc       ] GC(228) Pause Young (Prepare Mixed) (G1 Evacuation Pause) 146M->142M(420M) 4.225ms
[5.524s][info][safepoint] Safepoint "G1CollectForAllocation", Time since last: 2767838 ns, Reaching safepoint: 2064 ns, Cleanup: 5046 ns, At safepoint: 4242887 ns, Leaving safepoint: 3552820 ns, Total: 7802817 ns
[5.553s][info][gc       ] GC(229) Pause Young (Mixed) (G1 Evacuation Pause) 246M->141M(420M) 10.324ms
[5.556s][info][safepoint] Safepoint "G1CollectForAllocation", Time since last: 18579727 ns, Reaching safepoint: 2304 ns, Cleanup: 2408 ns, At safepoint: 10354105 ns, Leaving safepoint: 3051709 ns, Total: 13410526 ns
[5.582s][info][gc       ] GC(230) Pause Young (Mixed) (G1 Evacuation Pause) 250M->169M(420M) 8.994ms
[5.588s][info][safepoint] Safepoint "G1CollectForAllocation", Time since last: 16907877 ns, Reaching safepoint: 2236 ns, Cleanup: 2571 ns, At safepoint: 9021965 ns, Leaving safepoint: 6061411 ns, Total: 15088183 ns
[5.615s][info][gc       ] GC(231) Pause Young (Normal) (G1 Evacuation Pause) 272M->198M(420M) 9.138ms
[5.615s][info][safepoint] Safepoint "G1CollectForAllocation", Time since last: 17146307 ns, Reaching safepoint: 2645 ns, Cleanup: 4075 ns, At safepoint: 9167288 ns, Leaving safepoint: 20165 ns, Total: 9194173 ns
[5.644s][info][gc       ] GC(232) Pause Young (Normal) (G1 Evacuation Pause) 291M->228M(457M) 9.544ms
[5.648s][info][safepoint] Safepoint "G1CollectForAllocation", Time since last: 19934055 ns, Reaching safepoint: 2151 ns, Cleanup: 3010 ns, At safepoint: 9574162 ns, Leaving safepoint: 4127660 ns, Total: 13706983 ns
[5.688s][info][gc       ] GC(233) Pause Young (Normal) (G1 Evacuation Pause) 328M->259M(457M) 10.090ms
[5.692s][info][safepoint] Safepoint "G1CollectForAllocation", Time since last: 30021857 ns, Reaching safepoint: 2773 ns, Cleanup: 3754 ns, At safepoint: 10127705 ns, Leaving safepoint: 3879737 ns, Total: 14013969 ns
[5.716s][info][gc       ] GC(234) Pause Young (Normal) (G1 Evacuation Pause) 345M->287M(457M) 9.343ms
[5.716s][info][safepoint] Safepoint "G1CollectForAllocation", Time since last: 14147839 ns, Reaching safepoint: 3001 ns, Cleanup: 3817 ns, At safepoint: 9369783 ns, Leaving safepoint: 17375 ns, Total: 9393976 ns
[5.736s][info][gc       ] GC(235) Pause Young (Normal) (G1 Evacuation Pause) 358M->315M(457M) 8.531ms
[5.740s][info][safepoint] Safepoint "G1CollectForAllocation", Time since last: 12049715 ns, Reaching safepoint: 2513 ns, Cleanup: 2983 ns, At safepoint: 8558851 ns, Leaving safepoint: 3808648 ns, Total: 12372995 ns
[5.757s][info][gc       ] GC(236) Pause Young (Normal) (G1 Evacuation Pause) 371M->341M(478M) 7.455ms
[5.760s][info][safepoint] Safepoint "G1CollectForAllocation", Time since last: 8893133 ns, Reaching safepoint: 2200 ns, Cleanup: 3634 ns, At safepoint: 7478454 ns, Leaving safepoint: 3644603 ns, Total: 11128891 ns
[5.783s][info][gc       ] GC(237) Pause Young (Normal) (G1 Evacuation Pause) 395M->368M(478M) 6.882ms
[5.788s][info][safepoint] Safepoint "G1CollectForAllocation", Time since last: 15948881 ns, Reaching safepoint: 2517 ns, Cleanup: 3250 ns, At safepoint: 6931238 ns, Leaving safepoint: 5086773 ns, Total: 12023778 ns
[5.801s][info][gc       ] GC(238) Pause Young (Normal) (G1 Evacuation Pause) 409M->390M(478M) 6.066ms
[5.801s][info][safepoint] Safepoint "G1CollectForAllocation", Time since last: 6350329 ns, Reaching safepoint: 2480 ns, Cleanup: 2661 ns, At safepoint: 6089908 ns, Leaving safepoint: 1874 ns, Total: 6096923 ns
[5.815s][info][gc       ] GC(239) Pause Young (Normal) (G1 Evacuation Pause) 421M->410M(478M) 5.571ms
[5.815s][info][safepoint] Safepoint "G1CollectForAllocation", Time since last: 8969024 ns, Reaching safepoint: 2282 ns, Cleanup: 2556 ns, At safepoint: 5594438 ns, Leaving safepoint: 13789 ns, Total: 5613065 ns
[5.823s][info][gc       ] GC(240) Pause Young (Concurrent Start) (G1 Evacuation Pause) 433M->427M(492M) 4.313ms
[5.823s][info][gc       ] GC(241) Concurrent Mark Cycle
[5.831s][info][safepoint] Safepoint "G1CollectForAllocation", Time since last: 3699387 ns, Reaching safepoint: 2120 ns, Cleanup: 2399 ns, At safepoint: 4422648 ns, Leaving safepoint: 7591846 ns, Total: 12019013 ns
[5.833s][info][gc       ] GC(241) Pause Remark 431M->116M(377M) 0.407ms
[5.833s][info][safepoint] Safepoint "G1PauseRemark", Time since last: 1277221 ns, Reaching safepoint: 443812 ns, Cleanup: 2658 ns, At safepoint: 421514 ns, Leaving safepoint: 9858 ns, Total: 877842 ns
[5.835s][info][gc       ] GC(241) Pause Cleanup 116M->116M(377M) 0.098ms
[5.835s][info][safepoint] Safepoint "G1PauseCleanup", Time since last: 1293417 ns, Reaching safepoint: 2533 ns, Cleanup: 1998 ns, At safepoint: 113468 ns, Leaving safepoint: 964 ns, Total: 118963 ns
[5.837s][info][gc       ] GC(241) Concurrent Mark Cycle 14.054ms
[5.845s][info][gc       ] GC(242) Pause Young (Prepare Mixed) (G1 Evacuation Pause) 134M->129M(377M) 4.226ms
[5.848s][info][safepoint] Safepoint "G1CollectForAllocation", Time since last: 5702906 ns, Reaching safepoint: 5032 ns, Cleanup: 1511 ns, At safepoint: 4247408 ns, Leaving safepoint: 3758475 ns, Total: 8012426 ns
[5.876s][info][gc       ] GC(243) Pause Young (Mixed) (G1 Evacuation Pause) 236M->131M(377M) 9.875ms
[5.880s][info][safepoint] Safepoint "G1CollectForAllocation", Time since last: 17960953 ns, Reaching safepoint: 2456 ns, Cleanup: 3172 ns, At safepoint: 9901442 ns, Leaving safepoint: 4122140 ns, Total: 14029210 ns
[5.908s][info][gc       ] GC(244) Pause Young (Mixed) (G1 Evacuation Pause) 240M->150M(377M) 9.584ms
[5.912s][info][safepoint] Safepoint "G1CollectForAllocation", Time since last: 18430504 ns, Reaching safepoint: 2522 ns, Cleanup: 3290 ns, At safepoint: 9615754 ns, Leaving safepoint: 3943100 ns, Total: 13564666 ns
[5.939s][info][gc       ] GC(245) Pause Young (Normal) (G1 Evacuation Pause) 253M->179M(377M) 10.483ms
[5.947s][info][safepoint] Safepoint "G1CollectForAllocation", Time since last: 16495847 ns, Reaching safepoint: 2502 ns, Cleanup: 2965 ns, At safepoint: 10513721 ns, Leaving safepoint: 7555476 ns, Total: 18074664 ns
[5.974s][info][gc       ] GC(246) Pause Young (Normal) (G1 Evacuation Pause) 267M->209M(431M) 11.015ms
[5.976s][info][safepoint] Safepoint "G1CollectForAllocation", Time since last: 15780649 ns, Reaching safepoint: 2958 ns, Cleanup: 3117 ns, At safepoint: 11045726 ns, Leaving safepoint: 2592890 ns, Total: 13644691 ns
[6.024s][info][gc       ] GC(247) Pause Young (Normal) (G1 Evacuation Pause) 313M->242M(431M) 10.757ms
[6.024s][info][safepoint] Safepoint "G1CollectForAllocation", Time since last: 37296393 ns, Reaching safepoint: 4730 ns, Cleanup: 4427 ns, At safepoint: 10799077 ns, Leaving safepoint: 2719 ns, Total: 10810953 ns
[6.053s][info][gc       ] GC(248) Pause Young (Normal) (G1 Evacuation Pause) 326M->271M(431M) 9.954ms
[6.053s][info][safepoint] Safepoint "G1CollectForAllocation", Time since last: 19015167 ns, Reaching safepoint: 3368 ns, Cleanup: 3819 ns, At safepoint: 10010828 ns, Leaving safepoint: 18303 ns, Total: 10036318 ns
[6.075s][info][gc       ] GC(249) Pause Young (Normal) (G1 Evacuation Pause) 339M->298M(431M) 8.686ms
[6.080s][info][safepoint] Safepoint "G1CollectForAllocation", Time since last: 12357659 ns, Reaching safepoint: 4155 ns, Cleanup: 3592 ns, At safepoint: 8732911 ns, Leaving safepoint: 5748512 ns, Total: 14489170 ns
[6.098s][info][gc       ] GC(250) Pause Young (Normal) (G1 Evacuation Pause) 351M->323M(461M) 8.617ms
[6.098s][info][safepoint] Safepoint "G1CollectForAllocation", Time since last: 9291246 ns, Reaching safepoint: 3146 ns, Cleanup: 4134 ns, At safepoint: 8647216 ns, Leaving safepoint: 1610 ns, Total: 8656106 ns
[6.131s][info][gc       ] GC(251) Pause Young (Normal) (G1 Evacuation Pause) 378M->352M(461M) 8.383ms
[6.132s][info][safepoint] Safepoint "G1CollectForAllocation", Time since last: 24419848 ns, Reaching safepoint: 3388 ns, Cleanup: 4169 ns, At safepoint: 8416913 ns, Leaving safepoint: 1198951 ns, Total: 9623421 ns
[6.147s][info][gc       ] GC(252) Pause Young (Normal) (G1 Evacuation Pause) 393M->375M(461M) 7.593ms
[6.147s][info][safepoint] Safepoint "G1CollectForAllocation", Time since last: 6595704 ns, Reaching safepoint: 3502 ns, Cleanup: 3547 ns, At safepoint: 7620745 ns, Leaving safepoint: 1617 ns, Total: 7629411 ns
[6.159s][info][gc       ] GC(253) Pause Young (Normal) (G1 Evacuation Pause) 406M->396M(461M) 5.287ms
[6.164s][info][safepoint] Safepoint "G1CollectForAllocation", Time since last: 6671119 ns, Reaching safepoint: 2938 ns, Cleanup: 3821 ns, At safepoint: 5311373 ns, Leaving safepoint: 5884946 ns, Total: 11203078 ns
[6.177s][info][gc       ] GC(254) Pause Young (Normal) (G1 Evacuation Pause) 417M->411M(482M) 4.800ms
[6.177s][info][safepoint] Safepoint "G1CollectForAllocation", Time since last: 7932804 ns, Reaching safepoint: 9364 ns, Cleanup: 4392 ns, At safepoint: 4826717 ns, Leaving safepoint: 3687 ns, Total: 4844160 ns
[6.195s][info][gc       ] GC(255) Pause Young (Concurrent Start) (G1 Evacuation Pause) 435M->428M(482M) 5.429ms
[6.195s][info][gc       ] GC(256) Concurrent Mark Cycle
[6.195s][info][safepoint] Safepoint "G1CollectForAllocation", Time since last: 12621760 ns, Reaching safepoint: 2951 ns, Cleanup: 3080 ns, At safepoint: 5557495 ns, Leaving safepoint: 6799 ns, Total: 5570325 ns
[6.213s][info][gc       ] GC(257) Pause Young (Normal) (G1 Evacuation Pause) 448M->443M(482M) 4.186ms
[6.213s][info][safepoint] Safepoint "G1CollectForAllocation", Time since last: 13405446 ns, Reaching safepoint: 6519 ns, Cleanup: 2772 ns, At safepoint: 4342066 ns, Leaving safepoint: 3612 ns, Total: 4354969 ns
[6.221s][info][gc       ] GC(256) Pause Remark 464M->150M(434M) 0.422ms
[6.221s][info][safepoint] Safepoint "G1PauseRemark", Time since last: 7173811 ns, Reaching safepoint: 79062 ns, Cleanup: 3212 ns, At safepoint: 441249 ns, Leaving safepoint: 11607 ns, Total: 535130 ns
[6.227s][info][gc       ] GC(258) Pause Young (Normal) (G1 Evacuation Pause) 150M->145M(434M) 4.600ms
[6.227s][info][safepoint] Safepoint "G1CollectForAllocation", Time since last: 1297221 ns, Reaching safepoint: 1801 ns, Cleanup: 1887 ns, At safepoint: 4621910 ns, Leaving safepoint: 16216 ns, Total: 4641814 ns
[6.229s][info][gc       ] GC(256) Pause Cleanup 150M->150M(434M) 0.121ms
[6.232s][info][safepoint] Safepoint "G1PauseCleanup", Time since last: 1596735 ns, Reaching safepoint: 207488 ns, Cleanup: 4760 ns, At safepoint: 141709 ns, Leaving safepoint: 3117051 ns, Total: 3471008 ns
[6.233s][info][gc       ] GC(256) Concurrent Mark Cycle 38.033ms
[6.263s][info][gc       ] GC(259) Pause Young (Prepare Mixed) (G1 Evacuation Pause) 254M->187M(434M) 10.688ms
[6.264s][info][safepoint] Safepoint "G1CollectForAllocation", Time since last: 20007770 ns, Reaching safepoint: 3340 ns, Cleanup: 2655 ns, At safepoint: 10732856 ns, Leaving safepoint: 1717366 ns, Total: 12456217 ns
[6.291s][info][gc       ] GC(260) Pause Young (Mixed) (G1 Evacuation Pause) 285M->175M(434M) 10.690ms
[6.296s][info][safepoint] Safepoint "G1CollectForAllocation", Time since last: 16136679 ns, Reaching safepoint: 3086 ns, Cleanup: 3055 ns, At safepoint: 10724351 ns, Leaving safepoint: 5119431 ns, Total: 15849923 ns
[6.327s][info][gc       ] GC(261) Pause Young (Mixed) (G1 Evacuation Pause) 283M->200M(462M) 10.639ms
[6.327s][info][safepoint] Safepoint "G1CollectForAllocation", Time since last: 19546235 ns, Reaching safepoint: 4068 ns, Cleanup: 4864 ns, At safepoint: 10677660 ns, Leaving safepoint: 715138 ns, Total: 11401730 ns
[6.357s][info][gc       ] GC(262) Pause Young (Normal) (G1 Evacuation Pause) 313M->231M(462M) 10.292ms
[6.357s][info][safepoint] Safepoint "G1CollectForAllocation", Time since last: 19294728 ns, Reaching safepoint: 3372 ns, Cleanup: 3278 ns, At safepoint: 10331645 ns, Leaving safepoint: 2517 ns, Total: 10340812 ns
[6.385s][info][gc       ] GC(263) Pause Young (Normal) (G1 Evacuation Pause) 333M->259M(462M) 10.726ms
[6.385s][info][safepoint] Safepoint "G1CollectForAllocation", Time since last: 17216319 ns, Reaching safepoint: 3151 ns, Cleanup: 4155 ns, At safepoint: 10762038 ns, Leaving safepoint: 1866 ns, Total: 10771210 ns
[6.414s][info][gc       ] GC(264) Pause Young (Normal) (G1 Evacuation Pause) 348M->287M(462M) 9.966ms
[6.414s][info][safepoint] Safepoint "G1CollectForAllocation", Time since last: 19469873 ns, Reaching safepoint: 2904 ns, Cleanup: 4245 ns, At safepoint: 10001776 ns, Leaving safepoint: 1709 ns, Total: 10010634 ns
[6.440s][info][gc       ] GC(265) Pause Young (Normal) (G1 Evacuation Pause) 362M->316M(482M) 9.881ms
[6.444s][info][safepoint] Safepoint "G1CollectForAllocation", Time since last: 15254200 ns, Reaching safepoint: 3542 ns, Cleanup: 4018 ns, At safepoint: 9913645 ns, Leaving safepoint: 4776915 ns, Total: 14698120 ns
[6.473s][info][gc       ] GC(266) Pause Young (Normal) (G1 Evacuation Pause) 386M->346M(482M) 9.633ms
[6.473s][info][safepoint] Safepoint "G1CollectForAllocation", Time since last: 18958569 ns, Reaching safepoint: 3139 ns, Cleanup: 3301 ns, At safepoint: 9667198 ns, Leaving safepoint: 1901 ns, Total: 9675539 ns
[6.489s][info][gc       ] GC(267) Pause Young (Normal) (G1 Evacuation Pause) 399M->372M(482M) 7.588ms
[6.492s][info][safepoint] Safepoint "G1CollectForAllocation", Time since last: 8820919 ns, Reaching safepoint: 2969 ns, Cleanup: 3086 ns, At safepoint: 7621423 ns, Leaving safepoint: 2928900 ns, Total: 10556378 ns
[6.506s][info][gc       ] GC(268) Pause Young (Normal) (G1 Evacuation Pause) 413M->395M(482M) 6.850ms
[6.508s][info][safepoint] Safepoint "G1CollectForAllocation", Time since last: 6897396 ns, Reaching safepoint: 3337 ns, Cleanup: 3504 ns, At safepoint: 6882478 ns, Leaving safepoint: 2205662 ns, Total: 9094981 ns
[6.518s][info][gc       ] GC(269) Pause Young (Concurrent Start) (G1 Evacuation Pause) 426M->415M(494M) 5.196ms
[6.518s][info][gc       ] GC(270) Concurrent Mark Cycle
[6.518s][info][safepoint] Safepoint "G1CollectForAllocation", Time since last: 4304872 ns, Reaching safepoint: 2078 ns, Cleanup: 2287 ns, At safepoint: 5230273 ns, Leaving safepoint: 78689 ns, Total: 5313327 ns
[6.533s][info][gc       ] GC(270) Pause Remark 427M->116M(350M) 0.425ms
[6.533s][info][safepoint] Safepoint "G1PauseRemark", Time since last: 14415675 ns, Reaching safepoint: 478283 ns, Cleanup: 3229 ns, At safepoint: 449100 ns, Leaving safepoint: 12617 ns, Total: 943229 ns
[6.535s][info][gc       ] GC(270) Pause Cleanup 116M->116M(350M) 0.091ms
[6.535s][info][safepoint] Safepoint "G1PauseCleanup", Time since last: 1120666 ns, Reaching safepoint: 1428 ns, Cleanup: 1774 ns, At safepoint: 101692 ns, Leaving safepoint: 589 ns, Total: 105483 ns
[6.535s][info][gc       ] GC(270) Concurrent Mark Cycle 17.376ms
[6.543s][info][gc       ] GC(271) Pause Young (Prepare Mixed) (G1 Evacuation Pause) 131M->124M(350M) 5.521ms
[6.548s][info][safepoint] Safepoint "G1CollectForAllocation", Time since last: 3419250 ns, Reaching safepoint: 2019 ns, Cleanup: 1362 ns, At safepoint: 5540356 ns, Leaving safepoint: 4842717 ns, Total: 10386454 ns
[6.573s][info][gc       ] GC(272) Pause Young (Mixed) (G1 Evacuation Pause) 217M->128M(350M) 9.348ms
[6.576s][info][safepoint] Safepoint "G1CollectForAllocation", Time since last: 14967947 ns, Reaching safepoint: 2207 ns, Cleanup: 2823 ns, At safepoint: 9373487 ns, Leaving safepoint: 3641504 ns, Total: 13020021 ns
[6.602s][info][gc       ] GC(273) Pause Young (Mixed) (G1 Evacuation Pause) 223M->152M(350M) 9.439ms
[6.604s][info][safepoint] Safepoint "G1CollectForAllocation", Time since last: 15829894 ns, Reaching safepoint: 2537 ns, Cleanup: 3160 ns, At safepoint: 9467558 ns, Leaving safepoint: 2718970 ns, Total: 12192225 ns
[6.626s][info][gc       ] GC(274) Pause Young (Normal) (G1 Evacuation Pause) 237M->180M(350M) 8.044ms
[6.628s][info][safepoint] Safepoint "G1CollectForAllocation", Time since last: 13388275 ns, Reaching safepoint: 2239 ns, Cleanup: 3605 ns, At safepoint: 8068648 ns, Leaving safepoint: 2511323 ns, Total: 10585815 ns
[6.654s][info][gc       ] GC(275) Pause Young (Normal) (G1 Evacuation Pause) 251M->209M(415M) 9.949ms
[6.654s][info][safepoint] Safepoint "G1CollectForAllocation", Time since last: 15809629 ns, Reaching safepoint: 2646 ns, Cleanup: 2752 ns, At safepoint: 9979162 ns, Leaving safepoint: 3055 ns, Total: 9987615 ns
[6.703s][info][gc       ] GC(276) Pause Young (Normal) (G1 Evacuation Pause) 301M->244M(415M) 12.113ms
[6.703s][info][safepoint] Safepoint "G1CollectForAllocation", Time since last: 36561871 ns, Reaching safepoint: 4390 ns, Cleanup: 4075 ns, At safepoint: 12152768 ns, Leaving safepoint: 1854 ns, Total: 12163087 ns
[6.728s][info][gc       ] GC(277) Pause Young (Normal) (G1 Evacuation Pause) 317M->273M(415M) 10.444ms
[6.732s][info][safepoint] Safepoint "G1CollectForAllocation", Time since last: 14199013 ns, Reaching safepoint: 4384 ns, Cleanup: 4149 ns, At safepoint: 10494155 ns, Leaving safepoint: 4790630 ns, Total: 15293318 ns
[6.750s][info][gc       ] GC(278) Pause Young (Normal) (G1 Evacuation Pause) 330M->299M(415M) 8.280ms
[6.752s][info][safepoint] Safepoint "G1CollectForAllocation", Time since last: 9227665 ns, Reaching safepoint: 3745 ns, Cleanup: 3720 ns, At safepoint: 8310248 ns, Leaving safepoint: 2487323 ns, Total: 10805036 ns
[6.766s][info][gc       ] GC(279) Pause Young (Normal) (G1 Evacuation Pause) 342M->324M(454M) 7.272ms
[6.766s][info][safepoint] Safepoint "G1CollectForAllocation", Time since last: 6041682 ns, Reaching safepoint: 2572 ns, Cleanup: 4309 ns, At safepoint: 7296768 ns, Leaving safepoint: 1509 ns, Total: 7305158 ns
[6.796s][info][gc       ] GC(280) Pause Young (Normal) (G1 Evacuation Pause) 374M->351M(454M) 11.455ms
[6.800s][info][safepoint] Safepoint "G1CollectForAllocation", Time since last: 19168258 ns, Reaching safepoint: 4254 ns, Cleanup: 10433 ns, At safepoint: 11489204 ns, Leaving safepoint: 3934764 ns, Total: 15438655 ns
[6.814s][info][gc       ] GC(281) Pause Young (Normal) (G1 Evacuation Pause) 388M->371M(454M) 8.280ms
[6.814s][info][safepoint] Safepoint "G1CollectForAllocation", Time since last: 5851101 ns, Reaching safepoint: 2615 ns, Cleanup: 3556 ns, At safepoint: 8312131 ns, Leaving safepoint: 1915 ns, Total: 8320217 ns
[6.831s][info][gc       ] GC(282) Pause Young (Normal) (G1 Evacuation Pause) 400M->391M(454M) 8.563ms
[6.836s][info][safepoint] Safepoint "G1CollectForAllocation", Time since last: 7710482 ns, Reaching safepoint: 2957 ns, Cleanup: 7111 ns, At safepoint: 8591126 ns, Leaving safepoint: 5528358 ns, Total: 14129552 ns
[6.853s][info][gc       ] GC(283) Pause Young (Normal) (G1 Evacuation Pause) 412M->407M(478M) 8.651ms
[6.853s][info][safepoint] Safepoint "G1CollectForAllocation", Time since last: 8038870 ns, Reaching safepoint: 7769 ns, Cleanup: 3746 ns, At safepoint: 8676158 ns, Leaving safepoint: 3203 ns, Total: 8690876 ns
[6.861s][info][gc       ] GC(284) Pause Young (Normal) (G1 Evacuation Pause) 431M->425M(478M) 4.758ms
[6.864s][info][safepoint] Safepoint "G1CollectForAllocation", Time since last: 3620729 ns, Reaching safepoint: 1891 ns, Cleanup: 3224 ns, At safepoint: 4779652 ns, Leaving safepoint: 2870478 ns, Total: 7655245 ns
[6.883s][info][gc       ] GC(285) Pause Young (Concurrent Start) (G1 Evacuation Pause) 444M->439M(478M) 10.932ms
[6.883s][info][gc       ] GC(286) Concurrent Mark Cycle
[6.892s][info][safepoint] Safepoint "G1CollectForAllocation", Time since last: 8016728 ns, Reaching safepoint: 6936 ns, Cleanup: 2982 ns, At safepoint: 11050773 ns, Leaving safepoint: 8922834 ns, Total: 19983525 ns
[6.897s][info][gc       ] GC(286) Pause Remark 457M->131M(380M) 0.402ms
[6.897s][info][safepoint] Safepoint "G1PauseRemark", Time since last: 4018721 ns, Reaching safepoint: 109458 ns, Cleanup: 3640 ns, At safepoint: 421620 ns, Leaving safepoint: 63284 ns, Total: 598002 ns
[6.898s][info][gc       ] GC(286) Pause Cleanup 131M->131M(380M) 0.106ms
[6.899s][info][safepoint] Safepoint "G1PauseCleanup", Time since last: 1416895 ns, Reaching safepoint: 2264 ns, Cleanup: 1895 ns, At safepoint: 121605 ns, Leaving safepoint: 1813 ns, Total: 127577 ns
[6.902s][info][gc       ] GC(286) Concurrent Mark Cycle 18.597ms
[6.907s][info][gc       ] GC(287) Pause Young (Prepare Mixed) (G1 Evacuation Pause) 133M->129M(380M) 4.813ms
[6.907s][info][safepoint] Safepoint "G1CollectForAllocation", Time since last: 3878946 ns, Reaching safepoint: 12614 ns, Cleanup: 2324 ns, At safepoint: 4838256 ns, Leaving safepoint: 35657 ns, Total: 4888851 ns
[6.943s][info][gc       ] GC(288) Pause Young (Mixed) (G1 Evacuation Pause) 232M->132M(380M) 16.192ms
[6.943s][info][safepoint] Safepoint "G1CollectForAllocation", Time since last: 19121216 ns, Reaching safepoint: 3314 ns, Cleanup: 3785 ns, At safepoint: 16233211 ns, Leaving safepoint: 1859 ns, Total: 16242169 ns
[6.971s][info][gc       ] GC(289) Pause Young (Mixed) (G1 Evacuation Pause) 237M->148M(433M) 10.759ms
[6.976s][info][safepoint] Safepoint "G1CollectForAllocation", Time since last: 17924259 ns, Reaching safepoint: 3280 ns, Cleanup: 4073 ns, At safepoint: 10800107 ns, Leaving safepoint: 4978484 ns, Total: 15785944 ns
[7.014s][info][gc       ] GC(290) Pause Young (Normal) (G1 Evacuation Pause) 273M->180M(433M) 12.165ms
[7.014s][info][safepoint] Safepoint "G1CollectForAllocation", Time since last: 25355776 ns, Reaching safepoint: 3967 ns, Cleanup: 4501 ns, At safepoint: 12205125 ns, Leaving safepoint: 2569 ns, Total: 12216162 ns
[7.050s][info][gc       ] GC(291) Pause Young (Normal) (G1 Evacuation Pause) 294M->208M(433M) 11.460ms
[7.052s][info][safepoint] Safepoint "G1CollectForAllocation", Time since last: 24438536 ns, Reaching safepoint: 4238 ns, Cleanup: 4218 ns, At safepoint: 11507975 ns, Leaving safepoint: 2501467 ns, Total: 14017898 ns
[7.085s][info][gc       ] GC(292) Pause Young (Normal) (G1 Evacuation Pause) 311M->237M(433M) 12.688ms
[7.088s][info][safepoint] Safepoint "G1CollectForAllocation", Time since last: 20190844 ns, Reaching safepoint: 3389 ns, Cleanup: 3795 ns, At safepoint: 12729933 ns, Leaving safepoint: 2565739 ns, Total: 15302856 ns
[7.115s][info][gc       ] GC(293) Pause Young (Normal) (G1 Evacuation Pause) 325M->267M(464M) 12.164ms
[7.120s][info][safepoint] Safepoint "G1CollectForAllocation", Time since last: 14923716 ns, Reaching safepoint: 3024 ns, Cleanup: 3408 ns, At safepoint: 12199838 ns, Leaving safepoint: 5354409 ns, Total: 17560679 ns
[7.161s][info][gc       ] GC(294) Pause Young (Normal) (G1 Evacuation Pause) 356M->297M(464M) 11.029ms
[7.164s][info][safepoint] Safepoint "G1CollectForAllocation", Time since last: 29987577 ns, Reaching safepoint: 4519 ns, Cleanup: 4577 ns, At safepoint: 11070223 ns, Leaving safepoint: 2912215 ns, Total: 13991534 ns
[7.190s][info][gc       ] GC(295) Pause Young (Normal) (G1 Evacuation Pause) 369M->326M(464M) 12.092ms
[7.190s][info][safepoint] Safepoint "G1CollectForAllocation", Time since last: 13197545 ns, Reaching safepoint: 3743 ns, Cleanup: 4137 ns, At safepoint: 12132503 ns, Leaving safepoint: 2266 ns, Total: 12142649 ns
[7.207s][info][gc       ] GC(296) Pause Young (Normal) (G1 Evacuation Pause) 381M->351M(464M) 7.695ms
[7.208s][info][safepoint] Safepoint "G1CollectForAllocation", Time since last: 9581338 ns, Reaching safepoint: 4040 ns, Cleanup: 4080 ns, At safepoint: 7727201 ns, Leaving safepoint: 1356522 ns, Total: 9091843 ns
[7.230s][info][gc       ] GC(297) Pause Young (Normal) (G1 Evacuation Pause) 394M->375M(484M) 8.609ms
[7.230s][info][safepoint] Safepoint "G1CollectForAllocation", Time since last: 13153203 ns, Reaching safepoint: 4759 ns, Cleanup: 3762 ns, At safepoint: 8645536 ns, Leaving safepoint: 1755 ns, Total: 8655812 ns
[7.258s][info][gc       ] GC(298) Pause Young (Normal) (G1 Evacuation Pause) 416M->398M(484M) 7.583ms
[7.260s][info][safepoint] Safepoint "G1CollectForAllocation", Time since last: 19880677 ns, Reaching safepoint: 3565 ns, Cleanup: 4155 ns, At safepoint: 7619010 ns, Leaving safepoint: 2674383 ns, Total: 10301113 ns
[7.272s][info][gc       ] GC(299) Pause Young (Concurrent Start) (G1 Evacuation Pause) 429M->418M(484M) 6.503ms
[7.272s][info][gc       ] GC(300) Concurrent Mark Cycle
[7.280s][info][safepoint] Safepoint "G1CollectForAllocation", Time since last: 4919697 ns, Reaching safepoint: 2674 ns, Cleanup: 2857 ns, At safepoint: 6536689 ns, Leaving safepoint: 8075267 ns, Total: 14617487 ns
[7.294s][info][gc       ] GC(301) Pause Young (Normal) (G1 Evacuation Pause) 440M->433M(484M) 5.366ms
[7.294s][info][safepoint] Safepoint "G1CollectForAllocation", Time since last: 8507462 ns, Reaching safepoint: 9909 ns, Cleanup: 4428 ns, At safepoint: 5395902 ns, Leaving safepoint: 5644 ns, Total: 5415883 ns
[7.301s][info][gc       ] GC(300) Pause Remark 449M->144M(430M) 0.626ms
[7.301s][info][safepoint] Safepoint "G1PauseRemark", Time since last: 6534654 ns, Reaching safepoint: 103630 ns, Cleanup: 3217 ns, At safepoint: 657420 ns, Leaving safepoint: 16449 ns, Total: 780716 ns
[7.311s][info][gc       ] GC(302) Pause Young (Normal) (G1 Evacuation Pause) 148M->144M(430M) 7.092ms
[7.316s][info][safepoint] Safepoint "G1CollectForAllocation", Time since last: 2508169 ns, Reaching safepoint: 2155 ns, Cleanup: 1849 ns, At safepoint: 7115130 ns, Leaving safepoint: 5588770 ns, Total: 12707904 ns
[7.321s][info][gc       ] GC(300) Pause Cleanup 159M->159M(430M) 0.826ms
[7.324s][info][safepoint] Safepoint "G1PauseCleanup", Time since last: 4043790 ns, Reaching safepoint: 99038 ns, Cleanup: 2503 ns, At safepoint: 853052 ns, Leaving safepoint: 3034480 ns, Total: 3989073 ns
[7.325s][info][gc       ] GC(300) Concurrent Mark Cycle 53.556ms
[7.358s][info][gc       ] GC(303) Pause Young (Prepare Mixed) (G1 Evacuation Pause) 268M->186M(430M) 11.436ms
[7.360s][info][safepoint] Safepoint "G1CollectForAllocation", Time since last: 22295181 ns, Reaching safepoint: 2961 ns, Cleanup: 2259 ns, At safepoint: 11475964 ns, Leaving safepoint: 2208217 ns, Total: 13689401 ns
[7.394s][info][gc       ] GC(304) Pause Young (Mixed) (G1 Evacuation Pause) 294M->172M(463M) 14.080ms
[7.394s][info][safepoint] Safepoint "G1CollectForAllocation", Time since last: 19773887 ns, Reaching safepoint: 3447 ns, Cleanup: 3515 ns, At safepoint: 14117671 ns, Leaving safepoint: 3321 ns, Total: 14127954 ns
[7.433s][info][gc       ] GC(305) Pause Young (Mixed) (G1 Evacuation Pause) 307M->198M(463M) 11.286ms
[7.436s][info][safepoint] Safepoint "G1CollectForAllocation", Time since last: 27566651 ns, Reaching safepoint: 4425 ns, Cleanup: 4342 ns, At safepoint: 11328972 ns, Leaving safepoint: 3208827 ns, Total: 14546566 ns
[7.472s][info][gc       ] GC(306) Pause Young (Normal) (G1 Evacuation Pause) 325M->227M(463M) 11.138ms
[7.476s][info][safepoint] Safepoint "G1CollectForAllocation", Time since last: 24191313 ns, Reaching safepoint: 4469 ns, Cleanup: 5077 ns, At safepoint: 11183620 ns, Leaving safepoint: 4598907 ns, Total: 15792073 ns
[7.510s][info][gc       ] GC(307) Pause Young (Normal) (G1 Evacuation Pause) 340M->254M(463M) 11.328ms
[7.510s][info][safepoint] Safepoint "G1CollectForAllocation", Time since last: 21916674 ns, Reaching safepoint: 4094 ns, Cleanup: 4633 ns, At safepoint: 11366111 ns, Leaving safepoint: 19040 ns, Total: 11393878 ns
[7.541s][info][gc       ] GC(308) Pause Young (Normal) (G1 Evacuation Pause) 350M->283M(481M) 13.386ms
[7.541s][info][safepoint] Safepoint "G1CollectForAllocation", Time since last: 18256479 ns, Reaching safepoint: 5220 ns, Cleanup: 5601 ns, At safepoint: 13422625 ns, Leaving safepoint: 1338 ns, Total: 13434784 ns
[7.581s][info][gc       ] GC(309) Pause Young (Normal) (G1 Evacuation Pause) 374M->312M(481M) 9.606ms
[7.584s][info][safepoint] Safepoint "G1CollectForAllocation", Time since last: 29615745 ns, Reaching safepoint: 4853 ns, Cleanup: 4931 ns, At safepoint: 9655119 ns, Leaving safepoint: 3764349 ns, Total: 13429252 ns
[7.615s][info][gc       ] GC(310) Pause Young (Normal) (G1 Evacuation Pause) 386M->339M(481M) 12.207ms
[7.615s][info][safepoint] Safepoint "G1CollectForAllocation", Time since last: 17898549 ns, Reaching safepoint: 4355 ns, Cleanup: 4473 ns, At safepoint: 12241693 ns, Leaving safepoint: 1705 ns, Total: 12252226 ns
[7.635s][info][gc       ] GC(311) Pause Young (Normal) (G1 Evacuation Pause) 396M->367M(481M) 8.496ms
[7.640s][info][safepoint] Safepoint "G1CollectForAllocation", Time since last: 12344185 ns, Reaching safepoint: 3477 ns, Cleanup: 4201 ns, At safepoint: 8531670 ns, Leaving safepoint: 4926202 ns, Total: 13465550 ns
[7.658s][info][gc       ] GC(312) Pause Young (Normal) (G1 Evacuation Pause) 410M->390M(494M) 9.611ms
[7.660s][info][safepoint] Safepoint "G1CollectForAllocation", Time since last: 8232600 ns, Reaching safepoint: 3203 ns, Cleanup: 3695 ns, At safepoint: 9637099 ns, Leaving safepoint: 2119827 ns, Total: 11763824 ns
[7.682s][info][gc       ] GC(313) Pause Young (Concurrent Start) (G1 Evacuation Pause) 428M->413M(494M) 7.737ms
[7.682s][info][gc       ] GC(314) Concurrent Mark Cycle
[7.688s][info][safepoint] Safepoint "G1CollectForAllocation", Time since last: 13656218 ns, Reaching safepoint: 29571 ns, Cleanup: 4503 ns, At safepoint: 7883876 ns, Leaving safepoint: 6434430 ns, Total: 14352380 ns
[7.693s][info][gc       ] GC(314) Pause Remark 428M->122M(360M) 0.392ms
[7.694s][info][safepoint] Safepoint "G1PauseRemark", Time since last: 4708657 ns, Reaching safepoint: 22491 ns, Cleanup: 3893 ns, At safepoint: 412756 ns, Leaving safepoint: 6662 ns, Total: 445802 ns
[7.701s][info][gc       ] GC(315) Pause Young (Normal) (G1 Evacuation Pause) 135M->127M(360M) 5.703ms
[7.702s][info][safepoint] Safepoint "G1CollectForAllocation", Time since last: 2265881 ns, Reaching safepoint: 3036 ns, Cleanup: 2937 ns, At safepoint: 5726921 ns, Leaving safepoint: 15283 ns, Total: 5748177 ns
[7.709s][info][gc       ] GC(314) Pause Cleanup 153M->153M(360M) 0.112ms
[7.712s][info][safepoint] Safepoint "G1PauseCleanup", Time since last: 6837562 ns, Reaching safepoint: 216273 ns, Cleanup: 5586 ns, At safepoint: 133801 ns, Leaving safepoint: 3627230 ns, Total: 3982890 ns
[7.713s][info][gc       ] GC(314) Concurrent Mark Cycle 31.545ms
[7.747s][info][gc       ] GC(316) Pause Young (Prepare Mixed) (G1 Evacuation Pause) 244M->167M(360M) 12.902ms
[7.751s][info][safepoint] Safepoint "G1CollectForAllocation", Time since last: 21605780 ns, Reaching safepoint: 2858 ns, Cleanup: 2687 ns, At safepoint: 12932368 ns, Leaving safepoint: 4198710 ns, Total: 17136623 ns
[7.781s][info][gc       ] GC(317) Pause Young (Mixed) (G1 Evacuation Pause) 259M->160M(360M) 13.248ms
[7.781s][info][safepoint] Safepoint "G1CollectForAllocation", Time since last: 16737832 ns, Reaching safepoint: 3138 ns, Cleanup: 3673 ns, At safepoint: 13282559 ns, Leaving safepoint: 30051 ns, Total: 13319421 ns
[7.815s][info][gc       ] GC(318) Pause Young (Mixed) (G1 Evacuation Pause) 255M->181M(360M) 11.461ms
[7.815s][info][safepoint] Safepoint "G1CollectForAllocation", Time since last: 22746628 ns, Reaching safepoint: 2843 ns, Cleanup: 3797 ns, At safepoint: 11496148 ns, Leaving safepoint: 3912 ns, Total: 11506700 ns
[7.840s][info][gc       ] GC(319) Pause Young (Normal) (G1 Evacuation Pause) 262M->209M(421M) 10.378ms
[7.842s][info][safepoint] Safepoint "G1CollectForAllocation", Time since last: 14109704 ns, Reaching safepoint: 3204 ns, Cleanup: 4001 ns, At safepoint: 10409631 ns, Leaving safepoint: 1771291 ns, Total: 12188127 ns
[7.901s][info][gc       ] GC(320) Pause Young (Normal) (G1 Evacuation Pause) 313M->243M(421M) 13.830ms
[7.905s][info][safepoint] Safepoint "G1CollectForAllocation", Time since last: 44973671 ns, Reaching safepoint: 3768 ns, Cleanup: 4615 ns, At safepoint: 13884002 ns, Leaving safepoint: 4643843 ns, Total: 18536228 ns
[7.930s][info][gc       ] GC(321) Pause Young (Normal) (G1 Evacuation Pause) 323M->271M(421M) 10.235ms
[7.930s][info][safepoint] Safepoint "G1CollectForAllocation", Time since last: 14662502 ns, Reaching safepoint: 5165 ns, Cleanup: 6163 ns, At safepoint: 10266918 ns, Leaving safepoint: 1813 ns, Total: 10280059 ns
[7.952s][info][gc       ] GC(322) Pause Young (Normal) (G1 Evacuation Pause) 334M->298M(421M) 9.633ms
[7.956s][info][safepoint] Safepoint "G1CollectForAllocation", Time since last: 12581281 ns, Reaching safepoint: 3402 ns, Cleanup: 4491 ns, At safepoint: 9665790 ns, Leaving safepoint: 3934869 ns, Total: 13608552 ns
[7.974s][info][gc       ] GC(323) Pause Young (Normal) (G1 Evacuation Pause) 346M->323M(458M) 8.869ms
[7.974s][info][safepoint] Safepoint "G1CollectForAllocation", Time since last: 8627833 ns, Reaching safepoint: 3196 ns, Cleanup: 11242 ns, At safepoint: 8900165 ns, Leaving safepoint: 1424 ns, Total: 8916027 ns
[8.017s][info][gc       ] GC(324) Pause Young (Normal) (G1 Evacuation Pause) 377M->349M(458M) 19.955ms
[8.017s][info][safepoint] Safepoint "G1CollectForAllocation", Time since last: 22982094 ns, Reaching safepoint: 3571 ns, Cleanup: 4672 ns, At safepoint: 19982563 ns, Leaving safepoint: 1956 ns, Total: 19992762 ns
[8.048s][info][gc       ] GC(325) Pause Young (Normal) (G1 Evacuation Pause) 390M->372M(458M) 11.812ms
[8.048s][info][safepoint] Safepoint "G1CollectForAllocation", Time since last: 19510820 ns, Reaching safepoint: 4750 ns, Cleanup: 4557 ns, At safepoint: 11844001 ns, Leaving safepoint: 1648 ns, Total: 11854956 ns
[8.069s][info][gc       ] GC(326) Pause Young (Normal) (G1 Evacuation Pause) 402M->392M(458M) 11.285ms
[8.072s][info][safepoint] Safepoint "G1CollectForAllocation", Time since last: 9212582 ns, Reaching safepoint: 3810 ns, Cleanup: 4279 ns, At safepoint: 11315289 ns, Leaving safepoint: 3611836 ns, Total: 14935214 ns
[8.102s][info][gc       ] GC(327) Pause Young (Normal) (G1 Evacuation Pause) 414M->408M(480M) 12.600ms
[8.103s][info][safepoint] Safepoint "G1CollectForAllocation", Time since last: 12033570 ns, Reaching safepoint: 5478124 ns, Cleanup: 5238 ns, At safepoint: 12636671 ns, Leaving safepoint: 3552 ns, Total: 18123585 ns
[8.133s][info][gc       ] GC(328) Pause Young (Normal) (G1 Evacuation Pause) 432M->426M(480M) 14.285ms
[8.136s][info][safepoint] Safepoint "G1CollectForAllocation", Time since last: 16072969 ns, Reaching safepoint: 3193 ns, Cleanup: 3430 ns, At safepoint: 14319515 ns, Leaving safepoint: 3408214 ns, Total: 17734352 ns
[8.156s][info][gc       ] GC(329) Pause Young (Concurrent Start) (G1 Evacuation Pause) 446M->440M(480M) 9.481ms
[8.156s][info][gc       ] GC(330) Concurrent Mark Cycle
[8.164s][info][safepoint] Safepoint "G1CollectForAllocation", Time since last: 10371028 ns, Reaching safepoint: 2949 ns, Cleanup: 3387 ns, At safepoint: 9650579 ns, Leaving safepoint: 7977763 ns, Total: 17634678 ns
[8.210s][info][gc       ] GC(331) Pause Young (Normal) (G1 Evacuation Pause) 461M->456M(481M) 26.549ms
[8.210s][info][safepoint] Safepoint "G1CollectForAllocation", Time since last: 16032294 ns, Reaching safepoint: 2779973 ns, Cleanup: 6232 ns, At safepoint: 26593128 ns, Leaving safepoint: 5406 ns, Total: 29384739 ns
[8.213s][info][gc       ] GC(330) Pause Remark 471M->149M(450M) 0.522ms
[8.213s][info][safepoint] Safepoint "G1PauseRemark", Time since last: 2639742 ns, Reaching safepoint: 397151 ns, Cleanup: 6897 ns, At safepoint: 546110 ns, Leaving safepoint: 5747 ns, Total: 955905 ns
[8.218s][info][gc       ] GC(330) Pause Cleanup 149M->149M(450M) 0.123ms
[8.218s][info][safepoint] Safepoint "G1PauseCleanup", Time since last: 4692509 ns, Reaching safepoint: 11038 ns, Cleanup: 2305 ns, At safepoint: 143085 ns, Leaving safepoint: 4349 ns, Total: 160777 ns
[8.220s][info][gc       ] GC(330) Concurrent Mark Cycle 63.422ms
[8.231s][info][gc       ] GC(332) Pause Young (Prepare Mixed) (G1 Evacuation Pause) 155M->150M(450M) 10.075ms
[8.231s][info][safepoint] Safepoint "G1CollectForAllocation", Time since last: 2491619 ns, Reaching safepoint: 2196 ns, Cleanup: 2488 ns, At safepoint: 10098879 ns, Leaving safepoint: 30181 ns, Total: 10133744 ns
[8.311s][info][gc       ] GC(333) Pause Young (Mixed) (G1 Evacuation Pause) 268M->147M(475M) 29.954ms
[8.311s][info][safepoint] Safepoint "G1CollectForAllocation", Time since last: 49928620 ns, Reaching safepoint: 5543 ns, Cleanup: 4693 ns, At safepoint: 29996991 ns, Leaving safepoint: 6352 ns, Total: 30013579 ns
[8.427s][info][gc       ] GC(334) Pause Young (Mixed) (G1 Evacuation Pause) 282M->169M(475M) 46.249ms
[8.427s][info][safepoint] Safepoint "G1CollectForAllocation", Time since last: 69605617 ns, Reaching safepoint: 6072 ns, Cleanup: 5794 ns, At safepoint: 46291406 ns, Leaving safepoint: 4940 ns, Total: 46308212 ns
[8.529s][info][gc       ] GC(335) Pause Young (Normal) (G1 Evacuation Pause) 301M->198M(475M) 27.859ms
[8.529s][info][safepoint] Safepoint "G1CollectForAllocation", Time since last: 74141815 ns, Reaching safepoint: 4879 ns, Cleanup: 3743 ns, At safepoint: 27891119 ns, Leaving safepoint: 7074 ns, Total: 27906815 ns
[8.613s][info][gc       ] GC(336) Pause Young (Normal) (G1 Evacuation Pause) 323M->227M(475M) 32.606ms
[8.613s][info][safepoint] Safepoint "G1CollectForAllocation", Time since last: 51636863 ns, Reaching safepoint: 5340 ns, Cleanup: 4993 ns, At safepoint: 32680632 ns, Leaving safepoint: 6465 ns, Total: 32697430 ns
[8.686s][info][gc       ] GC(337) Pause Young (Normal) (G1 Evacuation Pause) 340M->255M(490M) 27.571ms
[8.695s][info][safepoint] Safepoint "G1CollectForAllocation", Time since last: 45216623 ns, Reaching safepoint: 4717 ns, Cleanup: 5150 ns, At safepoint: 27617633 ns, Leaving safepoint: 8693760 ns, Total: 36321260 ns
[8.803s][info][gc       ] GC(338) Pause Young (Normal) (G1 Evacuation Pause) 364M->285M(490M) 28.583ms
[8.808s][info][safepoint] Safepoint "G1CollectForAllocation", Time since last: 79758654 ns, Reaching safepoint: 5760 ns, Cleanup: 4418 ns, At safepoint: 28623870 ns, Leaving safepoint: 5352530 ns, Total: 33986578 ns
[8.889s][info][gc       ] GC(339) Pause Young (Normal) (G1 Evacuation Pause) 377M->314M(490M) 24.221ms
[8.889s][info][safepoint] Safepoint "G1CollectForAllocation", Time since last: 56022501 ns, Reaching safepoint: 5449 ns, Cleanup: 4333 ns, At safepoint: 24262273 ns, Leaving safepoint: 5826 ns, Total: 24277881 ns
[8.931s][info][gc       ] GC(340) Pause Young (Normal) (G1 Evacuation Pause) 390M->342M(490M) 12.780ms
[8.931s][info][safepoint] Safepoint "G1CollectForAllocation", Time since last: 29126415 ns, Reaching safepoint: 4710 ns, Cleanup: 4793 ns, At safepoint: 12820244 ns, Leaving safepoint: 2890 ns, Total: 12832637 ns
[8.952s][info][gc       ] GC(341) Pause Young (Normal) (G1 Evacuation Pause) 403M->369M(498M) 9.200ms
[8.956s][info][safepoint] Safepoint "G1CollectForAllocation", Time since last: 12034444 ns, Reaching safepoint: 4559 ns, Cleanup: 4189 ns, At safepoint: 9235047 ns, Leaving safepoint: 4467447 ns, Total: 13711242 ns
[8.979s][info][gc       ] GC(342) Pause Young (Normal) (G1 Evacuation Pause) 420M->394M(498M) 8.951ms
[8.979s][info][safepoint] Safepoint "G1CollectForAllocation", Time since last: 14017805 ns, Reaching safepoint: 8524 ns, Cleanup: 4348 ns, At safepoint: 8981612 ns, Leaving safepoint: 114700 ns, Total: 9109184 ns
[9.000s][info][gc       ] GC(343) Pause Full (Heap Dump Initiated GC) 398M->50M(174M) 19.530ms
[9.053s][info][safepoint] Safepoint "HeapDumper", Time since last: 958699 ns, Reaching safepoint: 3218 ns, Cleanup: 2763 ns, At safepoint: 72995633 ns, Leaving safepoint: 10086 ns, Total: 73011700 ns
[9.076s][info][gc       ] GC(344) Pause Young (Normal) (G1 Evacuation Pause) 98M->80M(174M) 6.017ms
[9.080s][info][safepoint] Safepoint "G1CollectForAllocation", Time since last: 16080052 ns, Reaching safepoint: 4888 ns, Cleanup: 20362 ns, At safepoint: 6049386 ns, Leaving safepoint: 4748118 ns, Total: 10822754 ns
[9.093s][info][gc       ] GC(345) Pause Young (Normal) (G1 Evacuation Pause) 114M->102M(174M) 6.682ms
[9.093s][info][safepoint] Safepoint "G1CollectForAllocation", Time since last: 6191282 ns, Reaching safepoint: 3550 ns, Cleanup: 14160 ns, At safepoint: 6710591 ns, Leaving safepoint: 3115 ns, Total: 6731416 ns
[9.117s][info][gc       ] GC(346) Pause Young (Normal) (G1 Evacuation Pause) 125M->119M(310M) 5.001ms
[9.117s][info][safepoint] Safepoint "G1CollectForAllocation", Time since last: 16002604 ns, Reaching safepoint: 2532072 ns, Cleanup: 4726 ns, At safepoint: 5043641 ns, Leaving safepoint: 17848 ns, Total: 7598287 ns
[9.144s][info][gc       ] GC(347) Pause Young (Normal) (G1 Evacuation Pause) 191M->154M(310M) 9.131ms
[9.144s][info][safepoint] Safepoint "G1CollectForAllocation", Time since last: 17750239 ns, Reaching safepoint: 3690 ns, Cleanup: 3840 ns, At safepoint: 9167282 ns, Leaving safepoint: 2052 ns, Total: 9176864 ns
[9.164s][info][gc       ] GC(348) Pause Young (Normal) (G1 Evacuation Pause) 213M->182M(310M) 7.965ms
[9.168s][info][safepoint] Safepoint "G1CollectForAllocation", Time since last: 12114574 ns, Reaching safepoint: 3162 ns, Cleanup: 3289 ns, At safepoint: 8000589 ns, Leaving safepoint: 4416783 ns, Total: 12423823 ns
[9.184s][info][gc       ] GC(349) Pause Young (Normal) (G1 Evacuation Pause) 229M->207M(310M) 7.856ms
[9.188s][info][safepoint] Safepoint "G1CollectForAllocation", Time since last: 7625791 ns, Reaching safepoint: 3625 ns, Cleanup: 3503 ns, At safepoint: 7883200 ns, Leaving safepoint: 4482350 ns, Total: 12372678 ns
[9.200s][info][gc       ] GC(350) Pause Young (Normal) (G1 Evacuation Pause) 243M->230M(388M) 5.501ms
[9.200s][info][safepoint] Safepoint "G1CollectForAllocation", Time since last: 5883704 ns, Reaching safepoint: 3937 ns, Cleanup: 3234 ns, At safepoint: 5538448 ns, Leaving safepoint: 11218 ns, Total: 5556837 ns
[9.231s][info][gc       ] GC(351) Pause Young (Normal) (G1 Evacuation Pause) 294M->260M(388M) 20.174ms
[9.236s][info][safepoint] Safepoint "G1CollectForAllocation", Time since last: 11351012 ns, Reaching safepoint: 3085 ns, Cleanup: 3364 ns, At safepoint: 20208534 ns, Leaving safepoint: 4968386 ns, Total: 25183369 ns
[9.263s][info][gc       ] GC(352) Pause Young (Normal) (G1 Evacuation Pause) 309M->285M(388M) 18.422ms
[9.268s][info][safepoint] Safepoint "G1CollectForAllocation", Time since last: 8428312 ns, Reaching safepoint: 3135 ns, Cleanup: 3532 ns, At safepoint: 18456286 ns, Leaving safepoint: 5108330 ns, Total: 23571283 ns
[9.291s][info][gc       ] GC(353) Pause Young (Normal) (G1 Evacuation Pause) 322M->307M(388M) 16.070ms
[9.292s][info][safepoint] Safepoint "G1CollectForAllocation", Time since last: 6140220 ns, Reaching safepoint: 2883 ns, Cleanup: 3672 ns, At safepoint: 16102641 ns, Leaving safepoint: 1215047 ns, Total: 17324243 ns
[9.303s][info][gc       ] GC(354) Pause Young (Normal) (G1 Evacuation Pause) 335M->326M(438M) 6.411ms
[9.303s][info][safepoint] Safepoint "G1CollectForAllocation", Time since last: 4341414 ns, Reaching safepoint: 12178 ns, Cleanup: 3671 ns, At safepoint: 6441049 ns, Leaving safepoint: 2971 ns, Total: 6459869 ns
[9.329s][info][gc       ] GC(355) Pause Young (Normal) (G1 Evacuation Pause) 368M->352M(438M) 17.540ms
[9.329s][info][safepoint] Safepoint "G1CollectForAllocation", Time since last: 9263654 ns, Reaching safepoint: 2970 ns, Cleanup: 3059 ns, At safepoint: 17571482 ns, Leaving safepoint: 1591 ns, Total: 17579102 ns
[9.351s][info][gc       ] GC(356) Pause Young (Normal) (G1 Evacuation Pause) 381M->372M(438M) 14.405ms
[9.351s][info][safepoint] Safepoint "G1CollectForAllocation", Time since last: 7462647 ns, Reaching safepoint: 2513 ns, Cleanup: 3657 ns, At safepoint: 14434546 ns, Leaving safepoint: 1250 ns, Total: 14441966 ns
[9.366s][info][gc       ] GC(357) Pause Young (Normal) (G1 Evacuation Pause) 393M->387M(438M) 5.744ms
[9.366s][info][safepoint] Safepoint "G1CollectForAllocation", Time since last: 9004088 ns, Reaching safepoint: 6009 ns, Cleanup: 3664 ns, At safepoint: 5771913 ns, Leaving safepoint: 3075 ns, Total: 5784661 ns
[9.373s][info][gc       ] GC(358) Pause Young (Normal) (G1 Evacuation Pause) 404M->401M(468M) 3.915ms
[9.376s][info][safepoint] Safepoint "G1CollectForAllocation", Time since last: 2746715 ns, Reaching safepoint: 1709 ns, Cleanup: 2381 ns, At safepoint: 3936738 ns, Leaving safepoint: 3538842 ns, Total: 7479670 ns
[9.392s][info][gc       ] GC(359) Pause Young (Normal) (G1 Evacuation Pause) 422M->417M(468M) 5.199ms
[9.396s][info][safepoint] Safepoint "G1CollectForAllocation", Time since last: 10902029 ns, Reaching safepoint: 1972 ns, Cleanup: 2464 ns, At safepoint: 5220974 ns, Leaving safepoint: 3851615 ns, Total: 9077025 ns
[9.407s][info][gc       ] GC(360) Pause Young (Concurrent Start) (G1 Evacuation Pause) 437M->432M(468M) 4.799ms
[9.407s][info][gc       ] GC(361) Concurrent Mark Cycle
[9.416s][info][safepoint] Safepoint "G1CollectForAllocation", Time since last: 5898544 ns, Reaching safepoint: 5430 ns, Cleanup: 2580 ns, At safepoint: 4894894 ns, Leaving safepoint: 9191769 ns, Total: 14094673 ns
[9.428s][info][gc       ] GC(362) Pause Young (Normal) (G1 Evacuation Pause) 452M->447M(473M) 7.348ms
[9.432s][info][safepoint] Safepoint "G1CollectForAllocation", Time since last: 4030919 ns, Reaching safepoint: 9097 ns, Cleanup: 2478 ns, At safepoint: 7369284 ns, Leaving safepoint: 4602174 ns, Total: 11983033 ns
[9.451s][info][gc       ] GC(363) Pause Young (Normal) (G1 Evacuation Pause) 467M->463M(498M) 11.086ms
[9.451s][info][safepoint] Safepoint "G1CollectForAllocation", Time since last: 8034259 ns, Reaching safepoint: 7470 ns, Cleanup: 2793 ns, At safepoint: 11110445 ns, Leaving safepoint: 2984 ns, Total: 11123692 ns
[9.453s][info][gc       ] GC(361) Pause Remark 464M->155M(498M) 0.394ms
[9.456s][info][safepoint] Safepoint "G1PauseRemark", Time since last: 854614 ns, Reaching safepoint: 83095 ns, Cleanup: 2267 ns, At safepoint: 420073 ns, Leaving safepoint: 3483898 ns, Total: 3989333 ns
[9.458s][info][gc       ] GC(361) Pause Cleanup 155M->155M(498M) 0.132ms
[9.458s][info][safepoint] Safepoint "G1PauseCleanup", Time since last: 1413898 ns, Reaching safepoint: 8224 ns, Cleanup: 1954 ns, At safepoint: 146494 ns, Leaving safepoint: 5196 ns, Total: 161868 ns
[9.464s][info][gc       ] GC(361) Concurrent Mark Cycle 57.288ms
[9.474s][info][gc       ] GC(364) Pause Young (Prepare Mixed) (G1 Evacuation Pause) 174M->170M(498M) 3.989ms
[9.475s][info][safepoint] Safepoint "G1CollectForAllocation", Time since last: 12526305 ns, Reaching safepoint: 3200 ns, Cleanup: 2587 ns, At safepoint: 4012462 ns, Leaving safepoint: 2438 ns, Total: 4020687 ns
[9.514s][info][gc       ] GC(365) Pause Young (Mixed) (G1 Evacuation Pause) 295M->163M(498M) 14.337ms
[9.516s][info][safepoint] Safepoint "G1CollectForAllocation", Time since last: 25075490 ns, Reaching safepoint: 3879 ns, Cleanup: 3672 ns, At safepoint: 14371708 ns, Leaving safepoint: 2420821 ns, Total: 16800080 ns
[9.554s][info][gc       ] GC(366) Pause Young (Mixed) (G1 Evacuation Pause) 298M->189M(498M) 10.275ms
[9.556s][info][safepoint] Safepoint "G1CollectForAllocation", Time since last: 26884373 ns, Reaching safepoint: 3637 ns, Cleanup: 3964 ns, At safepoint: 10309683 ns, Leaving safepoint: 2815097 ns, Total: 13132381 ns
[9.590s][info][gc       ] GC(367) Pause Young (Normal) (G1 Evacuation Pause) 321M->218M(498M) 10.821ms
[9.592s][info][safepoint] Safepoint "G1CollectForAllocation", Time since last: 22679985 ns, Reaching safepoint: 3508 ns, Cleanup: 3670 ns, At safepoint: 10854475 ns, Leaving safepoint: 2446989 ns, Total: 13308642 ns
[9.625s][info][gc       ] GC(368) Pause Young (Normal) (G1 Evacuation Pause) 343M->246M(503M) 10.386ms
[9.628s][info][safepoint] Safepoint "G1CollectForAllocation", Time since last: 21878625 ns, Reaching safepoint: 3491 ns, Cleanup: 4973 ns, At safepoint: 10422116 ns, Leaving safepoint: 3714011 ns, Total: 14144591 ns
[9.662s][info][gc       ] GC(369) Pause Young (Normal) (G1 Evacuation Pause) 364M->275M(503M) 10.643ms
[9.662s][info][safepoint] Safepoint "G1CollectForAllocation", Time since last: 22807839 ns, Reaching safepoint: 4048 ns, Cleanup: 3959 ns, At safepoint: 10680332 ns, Leaving safepoint: 2159 ns, Total: 10690498 ns
[9.693s][info][gc       ] GC(370) Pause Young (Normal) (G1 Evacuation Pause) 379M->304M(503M) 11.560ms
[9.693s][info][safepoint] Safepoint "G1CollectForAllocation", Time since last: 19514312 ns, Reaching safepoint: 3712 ns, Cleanup: 3817 ns, At safepoint: 11847326 ns, Leaving safepoint: 4035 ns, Total: 11858890 ns
[9.721s][info][gc       ] GC(371) Pause Young (Normal) (G1 Evacuation Pause) 393M->333M(503M) 9.088ms
[9.724s][info][safepoint] Safepoint "G1CollectForAllocation", Time since last: 19016997 ns, Reaching safepoint: 3078 ns, Cleanup: 3287 ns, At safepoint: 9125393 ns, Leaving safepoint: 2988753 ns, Total: 12120511 ns
[9.747s][info][gc       ] GC(372) Pause Young (Normal) (G1 Evacuation Pause) 405M->361M(507M) 9.836ms
[9.747s][info][safepoint] Safepoint "G1CollectForAllocation", Time since last: 12374859 ns, Reaching safepoint: 2881 ns, Cleanup: 3881 ns, At safepoint: 9865639 ns, Leaving safepoint: 2312 ns, Total: 9874713 ns
[9.768s][info][gc       ] GC(373) Pause Young (Concurrent Start) (G1 Evacuation Pause) 420M->387M(507M) 8.157ms
[9.768s][info][safepoint] Safepoint "G1CollectForAllocation", Time since last: 12941520 ns, Reaching safepoint: 3197 ns, Cleanup: 2995 ns, At safepoint: 8193286 ns, Leaving safepoint: 1794 ns, Total: 8201272 ns
[9.768s][info][gc       ] GC(374) Concurrent Mark Cycle
[9.777s][info][gc       ] GC(374) Pause Remark 400M->106M(314M) 0.373ms
[9.780s][info][safepoint] Safepoint "G1PauseRemark", Time since last: 8714339 ns, Reaching safepoint: 94193 ns, Cleanup: 3646 ns, At safepoint: 394683 ns, Leaving safepoint: 3350353 ns, Total: 3842875 ns
[9.786s][info][gc       ] GC(374) Pause Cleanup 128M->128M(314M) 0.106ms
[9.788s][info][safepoint] Safepoint "G1PauseCleanup", Time since last: 5035171 ns, Reaching safepoint: 184951 ns, Cleanup: 5179 ns, At safepoint: 135712 ns, Leaving safepoint: 2645972 ns, Total: 2971814 ns
[9.789s][info][gc       ] GC(374) Concurrent Mark Cycle 21.204ms
[9.798s][info][gc       ] GC(375) Pause Young (Prepare Mixed) (G1 Evacuation Pause) 139M->119M(314M) 7.723ms
[9.800s][info][safepoint] Safepoint "G1CollectForAllocation", Time since last: 2349115 ns, Reaching safepoint: 8087 ns, Cleanup: 2266 ns, At safepoint: 7745464 ns, Leaving safepoint: 1895822 ns, Total: 9651639 ns
[9.827s][info][gc       ] GC(376) Pause Young (Mixed) (G1 Evacuation Pause) 207M->122M(314M) 10.025ms
[9.832s][info][safepoint] Safepoint "G1CollectForAllocation", Time since last: 16374582 ns, Reaching safepoint: 2634 ns, Cleanup: 2559 ns, At safepoint: 10053562 ns, Leaving safepoint: 5608655 ns, Total: 15667410 ns
[9.856s][info][gc       ] GC(377) Pause Young (Normal) (G1 Evacuation Pause) 209M->154M(314M) 9.341ms
[9.856s][info][safepoint] Safepoint "G1CollectForAllocation", Time since last: 14043223 ns, Reaching safepoint: 3327 ns, Cleanup: 2858 ns, At safepoint: 9371475 ns, Leaving safepoint: 1163 ns, Total: 9378823 ns
[9.877s][info][gc       ] GC(378) Pause Young (Normal) (G1 Evacuation Pause) 222M->182M(394M) 8.546ms
[9.884s][info][safepoint] Safepoint "G1CollectForAllocation", Time since last: 12963258 ns, Reaching safepoint: 3082 ns, Cleanup: 3041 ns, At safepoint: 8574026 ns, Leaving safepoint: 7029391 ns, Total: 15609540 ns
[9.911s][info][gc       ] GC(379) Pause Young (Normal) (G1 Evacuation Pause) 282M->216M(394M) 8.693ms
[9.912s][info][safepoint] Safepoint "G1CollectForAllocation", Time since last: 17806464 ns, Reaching safepoint: 6716 ns, Cleanup: 6836 ns, At safepoint: 8726809 ns, Leaving safepoint: 1416371 ns, Total: 10156732 ns
[9.935s][info][gc       ] GC(380) Pause Young (Normal) (G1 Evacuation Pause) 294M->244M(394M) 8.918ms
[9.940s][info][safepoint] Safepoint "G1CollectForAllocation", Time since last: 14061361 ns, Reaching safepoint: 3297 ns, Cleanup: 2941 ns, At safepoint: 8945770 ns, Leaving safepoint: 4977201 ns, Total: 13929209 ns
[9.959s][info][gc       ] GC(381) Pause Young (Normal) (G1 Evacuation Pause) 306M->271M(394M) 8.332ms
[9.959s][info][safepoint] Safepoint "G1CollectForAllocation", Time since last: 10496627 ns, Reaching safepoint: 3098 ns, Cleanup: 2989 ns, At safepoint: 8359279 ns, Leaving safepoint: 1550 ns, Total: 8366916 ns
[9.976s][info][gc       ] GC(382) Pause Young (Normal) (G1 Evacuation Pause) 318M->296M(441M) 7.959ms
[9.977s][info][safepoint] Safepoint "G1CollectForAllocation", Time since last: 9325661 ns, Reaching safepoint: 2597 ns, Cleanup: 2653 ns, At safepoint: 7985678 ns, Leaving safepoint: 8770 ns, Total: 7999698 ns
[10.018s][info][gc       ] GC(383) Pause Young (Normal) (G1 Evacuation Pause) 354M->325M(441M) 9.254ms
[10.018s][info][safepoint] Safepoint "G1CollectForAllocation", Time since last: 32120582 ns, Reaching safepoint: 4937 ns, Cleanup: 4154 ns, At safepoint: 9289392 ns, Leaving safepoint: 7043 ns, Total: 9305526 ns
[10.035s][info][gc       ] GC(384) Pause Young (Normal) (G1 Evacuation Pause) 369M->348M(441M) 6.660ms
[10.036s][info][safepoint] Safepoint "G1CollectForAllocation", Time since last: 10255172 ns, Reaching safepoint: 4012 ns, Cleanup: 2925 ns, At safepoint: 6692105 ns, Leaving safepoint: 1456237 ns, Total: 8155279 ns
[10.047s][info][gc       ] GC(385) Pause Young (Normal) (G1 Evacuation Pause) 381M->368M(441M) 5.721ms
[10.047s][info][safepoint] Safepoint "G1CollectForAllocation", Time since last: 5008749 ns, Reaching safepoint: 2986 ns, Cleanup: 2526 ns, At safepoint: 5746706 ns, Leaving safepoint: 6936 ns, Total: 5759154 ns
[10.061s][info][gc       ] GC(386) Pause Young (Normal) (G1 Evacuation Pause) 392M->385M(470M) 4.782ms
[10.064s][info][safepoint] Safepoint "G1CollectForAllocation", Time since last: 9230093 ns, Reaching safepoint: 5309 ns, Cleanup: 3236 ns, At safepoint: 4806570 ns, Leaving safepoint: 3178659 ns, Total: 7993774 ns
[10.082s][info][gc       ] GC(387) Pause Young (Normal) (G1 Evacuation Pause) 414M->406M(470M) 7.166ms
[10.084s][info][safepoint] Safepoint "G1CollectForAllocation", Time since last: 10290788 ns, Reaching safepoint: 2111 ns, Cleanup: 2330 ns, At safepoint: 7190683 ns, Leaving safepoint: 2505337 ns, Total: 9700461 ns
[10.097s][info][gc       ] GC(388) Pause Young (Normal) (G1 Evacuation Pause) 427M->422M(470M) 4.712ms
[10.097s][info][safepoint] Safepoint "G1CollectForAllocation", Time since last: 8031817 ns, Reaching safepoint: 6648 ns, Cleanup: 2647 ns, At safepoint: 4737487 ns, Leaving safepoint: 2670 ns, Total: 4749452 ns
[10.111s][info][gc       ] GC(389) Pause Young (Concurrent Start) (G1 Evacuation Pause) 441M->436M(470M) 6.791ms
[10.111s][info][gc       ] GC(390) Concurrent Mark Cycle
[10.111s][info][safepoint] Safepoint "G1CollectForAllocation", Time since last: 6911570 ns, Reaching safepoint: 6213 ns, Cleanup: 2182 ns, At safepoint: 7138368 ns, Leaving safepoint: 9207 ns, Total: 7155970 ns
[10.132s][info][gc       ] GC(391) Pause Young (Normal) (G1 Evacuation Pause) 456M->452M(491M) 8.035ms
[10.136s][info][safepoint] Safepoint "G1CollectForAllocation", Time since last: 13194628 ns, Reaching safepoint: 11086 ns, Cleanup: 3462 ns, At safepoint: 8059832 ns, Leaving safepoint: 3881042 ns, Total: 11955422 ns
[10.141s][info][gc       ] GC(390) Pause Remark 469M->154M(457M) 0.408ms
[10.141s][info][safepoint] Safepoint "G1PauseRemark", Time since last: 4026248 ns, Reaching safepoint: 99336 ns, Cleanup: 3224 ns, At safepoint: 424397 ns, Leaving safepoint: 246648 ns, Total: 773605 ns
[10.143s][info][gc       ] GC(390) Pause Cleanup 154M->154M(457M) 0.118ms
[10.143s][info][safepoint] Safepoint "G1PauseCleanup", Time since last: 1267960 ns, Reaching safepoint: 1407 ns, Cleanup: 2532 ns, At safepoint: 129019 ns, Leaving safepoint: 470 ns, Total: 133428 ns
[10.144s][info][gc       ] GC(390) Concurrent Mark Cycle 33.064ms
[10.148s][info][gc       ] GC(392) Pause Young (Prepare Mixed) (G1 Evacuation Pause) 155M->151M(457M) 3.604ms
[10.148s][info][safepoint] Safepoint "G1CollectForAllocation", Time since last: 1509738 ns, Reaching safepoint: 1774 ns, Cleanup: 1679 ns, At safepoint: 3623231 ns, Leaving safepoint: 1026 ns, Total: 3627710 ns
[10.185s][info][gc       ] GC(393) Pause Young (Mixed) (G1 Evacuation Pause) 269M->148M(457M) 11.054ms
[10.185s][info][safepoint] Safepoint "G1CollectForAllocation", Time since last: 26018166 ns, Reaching safepoint: 2559 ns, Cleanup: 3182 ns, At safepoint: 11082882 ns, Leaving safepoint: 1348 ns, Total: 11089971 ns
[10.219s][info][gc       ] GC(394) Pause Young (Mixed) (G1 Evacuation Pause) 273M->170M(457M) 10.853ms
[10.219s][info][safepoint] Safepoint "G1CollectForAllocation", Time since last: 22981183 ns, Reaching safepoint: 2723 ns, Cleanup: 3052 ns, At safepoint: 10947698 ns, Leaving safepoint: 1912 ns, Total: 10955385 ns
[10.252s][info][gc       ] GC(395) Pause Young (Normal) (G1 Evacuation Pause) 292M->199M(457M) 11.132ms
[10.252s][info][safepoint] Safepoint "G1CollectForAllocation", Time since last: 22149189 ns, Reaching safepoint: 2227 ns, Cleanup: 3286 ns, At safepoint: 11210530 ns, Leaving safepoint: 3817 ns, Total: 11219860 ns
[10.290s][info][gc       ] GC(396) Pause Young (Normal) (G1 Evacuation Pause) 313M->228M(479M) 11.511ms
[10.292s][info][safepoint] Safepoint "G1CollectForAllocation", Time since last: 26341207 ns, Reaching safepoint: 3545 ns, Cleanup: 4359 ns, At safepoint: 11542937 ns, Leaving safepoint: 2190878 ns, Total: 13741719 ns
[10.330s][info][gc       ] GC(397) Pause Young (Normal) (G1 Evacuation Pause) 342M->257M(479M) 10.342ms
[10.336s][info][safepoint] Safepoint "G1CollectForAllocation", Time since last: 27481578 ns, Reaching safepoint: 3591 ns, Cleanup: 2901 ns, At safepoint: 10487865 ns, Leaving safepoint: 6203627 ns, Total: 16697984 ns
[10.365s][info][gc       ] GC(398) Pause Young (Normal) (G1 Evacuation Pause) 358M->285M(479M) 10.477ms
[10.365s][info][safepoint] Safepoint "G1CollectForAllocation", Time since last: 17993668 ns, Reaching safepoint: 3134 ns, Cleanup: 3628 ns, At safepoint: 10505614 ns, Leaving safepoint: 2089 ns, Total: 10514465 ns
[10.392s][info][gc       ] GC(399) Pause Young (Normal) (G1 Evacuation Pause) 370M->314M(479M) 10.367ms
[10.396s][info][safepoint] Safepoint "G1CollectForAllocation", Time since last: 17016697 ns, Reaching safepoint: 2795 ns, Cleanup: 3514 ns, At safepoint: 10395698 ns, Leaving safepoint: 4067067 ns, Total: 14469074 ns
[10.418s][info][gc       ] GC(400) Pause Young (Normal) (G1 Evacuation Pause) 383M->342M(491M) 9.070ms
[10.418s][info][safepoint] Safepoint "G1CollectForAllocation", Time since last: 12637876 ns, Reaching safepoint: 3280 ns, Cleanup: 3448 ns, At safepoint: 9095531 ns, Leaving safepoint: 6607 ns, Total: 9108866 ns
[10.443s][info][gc       ] GC(401) Pause Young (Normal) (G1 Evacuation Pause) 403M->369M(491M) 8.324ms
[10.443s][info][safepoint] Safepoint "G1CollectForAllocation", Time since last: 16802506 ns, Reaching safepoint: 3662 ns, Cleanup: 3764 ns, At safepoint: 8354729 ns, Leaving safepoint: 1197 ns, Total: 8363352 ns
[10.463s][info][gc       ] GC(402) Pause Young (Normal) (G1 Evacuation Pause) 416M->395M(491M) 7.438ms
[10.463s][info][safepoint] Safepoint "G1CollectForAllocation", Time since last: 12492968 ns, Reaching safepoint: 3043 ns, Cleanup: 3120 ns, At safepoint: 7464573 ns, Leaving safepoint: 16247 ns, Total: 7486983 ns
[10.476s][info][gc       ] GC(403) Pause Young (Concurrent Start) (G1 Evacuation Pause) 429M->416M(491M) 6.313ms
[10.476s][info][gc       ] GC(404) Concurrent Mark Cycle
[10.476s][info][safepoint] Safepoint "G1CollectForAllocation", Time since last: 5961618 ns, Reaching safepoint: 2887 ns, Cleanup: 2975 ns, At safepoint: 6460441 ns, Leaving safepoint: 6411 ns, Total: 6472714 ns
[10.490s][info][gc       ] GC(404) Pause Remark 428M->116M(350M) 0.710ms
[10.492s][info][safepoint] Safepoint "G1PauseRemark", Time since last: 12905891 ns, Reaching safepoint: 425009 ns, Cleanup: 5206 ns, At safepoint: 733771 ns, Leaving safepoint: 2601250 ns, Total: 3765236 ns
[10.494s][info][gc       ] GC(404) Pause Cleanup 117M->117M(350M) 0.093ms
[10.494s][info][safepoint] Safepoint "G1PauseCleanup", Time since last: 1207055 ns, Reaching safepoint: 9102 ns, Cleanup: 2053 ns, At safepoint: 107080 ns, Leaving safepoint: 3663 ns, Total: 121898 ns
[10.494s][info][gc       ] GC(404) Concurrent Mark Cycle 18.890ms
[10.504s][info][gc       ] GC(405) Pause Young (Prepare Mixed) (G1 Evacuation Pause) 130M->122M(350M) 6.502ms
[10.508s][info][safepoint] Safepoint "G1CollectForAllocation", Time since last: 4282236 ns, Reaching safepoint: 2096 ns, Cleanup: 2054 ns, At safepoint: 6524750 ns, Leaving safepoint: 3867800 ns, Total: 10396700 ns
[10.535s][info][gc       ] GC(406) Pause Young (Mixed) (G1 Evacuation Pause) 222M->127M(415M) 10.280ms
[10.535s][info][safepoint] Safepoint "G1CollectForAllocation", Time since last: 16350046 ns, Reaching safepoint: 3117 ns, Cleanup: 2609 ns, At safepoint: 10305006 ns, Leaving safepoint: 39720 ns, Total: 10350452 ns
[10.569s][info][gc       ] GC(407) Pause Young (Mixed) (G1 Evacuation Pause) 259M->153M(415M) 10.531ms
[10.572s][info][safepoint] Safepoint "G1CollectForAllocation", Time since last: 23646384 ns, Reaching safepoint: 2303 ns, Cleanup: 2354 ns, At safepoint: 10559917 ns, Leaving safepoint: 3087334 ns, Total: 13651908 ns
[10.604s][info][gc       ] GC(408) Pause Young (Normal) (G1 Evacuation Pause) 277M->181M(415M) 9.915ms
[10.608s][info][safepoint] Safepoint "G1CollectForAllocation", Time since last: 21497245 ns, Reaching safepoint: 2623 ns, Cleanup: 2859 ns, At safepoint: 9948861 ns, Leaving safepoint: 4527324 ns, Total: 14481667 ns
[10.637s][info][gc       ] GC(409) Pause Young (Normal) (G1 Evacuation Pause) 291M->210M(415M) 9.963ms
[10.640s][info][safepoint] Safepoint "G1CollectForAllocation", Time since last: 18909392 ns, Reaching safepoint: 2884 ns, Cleanup: 2530 ns, At safepoint: 9995420 ns, Leaving safepoint: 3128889 ns, Total: 13129723 ns
[10.666s][info][gc       ] GC(410) Pause Young (Normal) (G1 Evacuation Pause) 304M->239M(449M) 9.625ms
[10.672s][info][safepoint] Safepoint "G1CollectForAllocation", Time since last: 15526619 ns, Reaching safepoint: 2712 ns, Cleanup: 3413 ns, At safepoint: 9669853 ns, Leaving safepoint: 6784063 ns, Total: 16460041 ns
[10.719s][info][gc       ] GC(411) Pause Young (Normal) (G1 Evacuation Pause) 337M->271M(449M) 16.686ms
[10.724s][info][safepoint] Safepoint "G1CollectForAllocation", Time since last: 29921670 ns, Reaching safepoint: 4033 ns, Cleanup: 4942 ns, At safepoint: 16723065 ns, Leaving safepoint: 5362887 ns, Total: 22094927 ns
[10.748s][info][gc       ] GC(412) Pause Young (Normal) (G1 Evacuation Pause) 349M->299M(449M) 9.619ms
[10.751s][info][safepoint] Safepoint "G1CollectForAllocation", Time since last: 14128486 ns, Reaching safepoint: 3925 ns, Cleanup: 4070 ns, At safepoint: 9647333 ns, Leaving safepoint: 2984087 ns, Total: 12639415 ns
[10.775s][info][gc       ] GC(413) Pause Young (Normal) (G1 Evacuation Pause) 361M->326M(449M) 13.177ms
[10.775s][info][safepoint] Safepoint "G1CollectForAllocation", Time since last: 10919834 ns, Reaching safepoint: 4561 ns, Cleanup: 4547 ns, At safepoint: 13211643 ns, Leaving safepoint: 23428 ns, Total: 13244179 ns
[10.793s][info][gc       ] GC(414) Pause Young (Normal) (G1 Evacuation Pause) 373M->350M(475M) 8.465ms
[10.796s][info][safepoint] Safepoint "G1CollectForAllocation", Time since last: 8993132 ns, Reaching safepoint: 3929 ns, Cleanup: 3451 ns, At safepoint: 8496616 ns, Leaving safepoint: 3558333 ns, Total: 12062329 ns
[10.826s][info][gc       ] GC(415) Pause Young (Normal) (G1 Evacuation Pause) 398M->376M(475M) 7.909ms
[10.828s][info][safepoint] Safepoint "G1CollectForAllocation", Time since last: 21616366 ns, Reaching safepoint: 3526 ns, Cleanup: 4591 ns, At safepoint: 7943569 ns, Leaving safepoint: 2438187 ns, Total: 10389873 ns
[10.840s][info][gc       ] GC(416) Pause Young (Normal) (G1 Evacuation Pause) 411M->398M(475M) 5.841ms
[10.844s][info][safepoint] Safepoint "G1CollectForAllocation", Time since last: 6241529 ns, Reaching safepoint: 4003 ns, Cleanup: 3522 ns, At safepoint: 5868565 ns, Leaving safepoint: 3855834 ns, Total: 9731924 ns
[10.854s][info][gc       ] GC(417) Pause Young (Normal) (G1 Evacuation Pause) 424M->416M(475M) 5.335ms
[10.856s][info][safepoint] Safepoint "G1CollectForAllocation", Time since last: 4378082 ns, Reaching safepoint: 1956 ns, Cleanup: 3353 ns, At safepoint: 5362537 ns, Leaving safepoint: 2249384 ns, Total: 7617230 ns
[10.865s][info][gc       ] GC(418) Pause Young (Concurrent Start) (G1 Evacuation Pause) 435M->430M(490M) 4.161ms
[10.865s][info][gc       ] GC(419) Concurrent Mark Cycle
[10.865s][info][safepoint] Safepoint "G1CollectForAllocation", Time since last: 4013514 ns, Reaching safepoint: 6967 ns, Cleanup: 2452 ns, At safepoint: 4200572 ns, Leaving safepoint: 74668 ns, Total: 4284659 ns
[10.877s][info][gc       ] GC(419) Pause Remark 448M->132M(384M) 0.393ms
[10.880s][info][safepoint] Safepoint "G1PauseRemark", Time since last: 11736273 ns, Reaching safepoint: 106972 ns, Cleanup: 2802 ns, At safepoint: 409768 ns, Leaving safepoint: 3454676 ns, Total: 3974218 ns
[10.882s][info][gc       ] GC(419) Pause Cleanup 132M->132M(384M) 0.093ms
[10.882s][info][safepoint] Safepoint "G1PauseCleanup", Time since last: 1192229 ns, Reaching safepoint: 9799 ns, Cleanup: 1825 ns, At safepoint: 104334 ns, Leaving safepoint: 3445 ns, Total: 119403 ns
[10.883s][info][gc       ] GC(419) Concurrent Mark Cycle 17.969ms
[10.887s][info][gc       ] GC(420) Pause Young (Prepare Mixed) (G1 Evacuation Pause) 135M->129M(384M) 4.145ms
[10.892s][info][safepoint] Safepoint "G1CollectForAllocation", Time since last: 1351650 ns, Reaching safepoint: 1975 ns, Cleanup: 1265 ns, At safepoint: 4162250 ns, Leaving safepoint: 5211438 ns, Total: 9376928 ns
[10.923s][info][gc       ] GC(421) Pause Young (Mixed) (G1 Evacuation Pause) 235M->133M(384M) 9.815ms
[10.923s][info][safepoint] Safepoint "G1CollectForAllocation", Time since last: 21113753 ns, Reaching safepoint: 2601 ns, Cleanup: 3245 ns, At safepoint: 9843429 ns, Leaving safepoint: 1341 ns, Total: 9850616 ns
[10.952s][info][gc       ] GC(422) Pause Young (Mixed) (G1 Evacuation Pause) 241M->150M(384M) 9.586ms
[10.956s][info][safepoint] Safepoint "G1CollectForAllocation", Time since last: 19302649 ns, Reaching safepoint: 2511 ns, Cleanup: 2950 ns, At safepoint: 9614322 ns, Leaving safepoint: 3400572 ns, Total: 13020355 ns
[10.981s][info][gc       ] GC(423) Pause Young (Normal) (G1 Evacuation Pause) 254M->180M(384M) 8.937ms
[10.981s][info][safepoint] Safepoint "G1CollectForAllocation", Time since last: 16311517 ns, Reaching safepoint: 2810 ns, Cleanup: 2365 ns, At safepoint: 8965670 ns, Leaving safepoint: 5107 ns, Total: 8975952 ns
[11.010s][info][gc       ] GC(424) Pause Young (Normal) (G1 Evacuation Pause) 270M->209M(436M) 9.729ms
[11.016s][info][safepoint] Safepoint "G1CollectForAllocation", Time since last: 19204217 ns, Reaching safepoint: 2752 ns, Cleanup: 3429 ns, At safepoint: 9757814 ns, Leaving safepoint: 6429336 ns, Total: 16193331 ns
[11.062s][info][gc       ] GC(425) Pause Young (Normal) (G1 Evacuation Pause) 314M->240M(436M) 10.009ms
[11.062s][info][safepoint] Safepoint "G1CollectForAllocation", Time since last: 35799733 ns, Reaching safepoint: 3558 ns, Cleanup: 4364 ns, At safepoint: 10044047 ns, Leaving safepoint: 1837 ns, Total: 10053806 ns
[11.090s][info][gc       ] GC(426) Pause Young (Normal) (G1 Evacuation Pause) 329M->269M(436M) 9.707ms
[11.090s][info][safepoint] Safepoint "G1CollectForAllocation", Time since last: 17974210 ns, Reaching safepoint: 2605 ns, Cleanup: 3738 ns, At safepoint: 9742024 ns, Leaving safepoint: 1443 ns, Total: 9749810 ns
[11.114s][info][gc       ] GC(427) Pause Young (Normal) (G1 Evacuation Pause) 341M->298M(436M) 9.539ms
[11.116s][info][safepoint] Safepoint "G1CollectForAllocation", Time since last: 14222676 ns, Reaching safepoint: 2375 ns, Cleanup: 3014 ns, At safepoint: 9568209 ns, Leaving safepoint: 2609670 ns, Total: 12183268 ns
[11.134s][info][gc       ] GC(428) Pause Young (Normal) (G1 Evacuation Pause) 354M->325M(464M) 9.589ms
[11.136s][info][safepoint] Safepoint "G1CollectForAllocation", Time since last: 8555680 ns, Reaching safepoint: 2731 ns, Cleanup: 3432 ns, At safepoint: 9618100 ns, Leaving safepoint: 1841174 ns, Total: 11465437 ns
[11.161s][info][gc       ] GC(429) Pause Young (Normal) (G1 Evacuation Pause) 381M->352M(464M) 9.388ms
[11.162s][info][safepoint] Safepoint "G1CollectForAllocation", Time since last: 15745773 ns, Reaching safepoint: 3013 ns, Cleanup: 3509 ns, At safepoint: 9418483 ns, Leaving safepoint: 6937 ns, Total: 9431942 ns
[11.178s][info][gc       ] GC(430) Pause Young (Normal) (G1 Evacuation Pause) 394M->376M(464M) 6.026ms
[11.180s][info][safepoint] Safepoint "G1CollectForAllocation", Time since last: 10127866 ns, Reaching safepoint: 3424 ns, Cleanup: 3369 ns, At safepoint: 6053402 ns, Leaving safepoint: 2609328 ns, Total: 8669523 ns
[11.193s][info][gc       ] GC(431) Pause Young (Normal) (G1 Evacuation Pause) 407M->396M(464M) 8.543ms
[11.196s][info][safepoint] Safepoint "G1CollectForAllocation", Time since last: 4416153 ns, Reaching safepoint: 1794 ns, Cleanup: 2702 ns, At safepoint: 8570593 ns, Leaving safepoint: 3024760 ns, Total: 11599849 ns
[11.205s][info][gc       ] GC(432) Pause Young (Normal) (G1 Evacuation Pause) 419M->412M(484M) 5.390ms
[11.205s][info][safepoint] Safepoint "G1CollectForAllocation", Time since last: 3306127 ns, Reaching safepoint: 12887 ns, Cleanup: 2623 ns, At safepoint: 5412459 ns, Leaving safepoint: 3027 ns, Total: 5430996 ns
[11.218s][info][gc       ] GC(433) Pause Young (Concurrent Start) (G1 Evacuation Pause) 436M->430M(484M) 6.293ms
[11.218s][info][safepoint] Safepoint "G1CollectForAllocation", Time since last: 6731270 ns, Reaching safepoint: 2154 ns, Cleanup: 2101 ns, At safepoint: 6325162 ns, Leaving safepoint: 1234 ns, Total: 6330651 ns
[11.218s][info][gc       ] GC(434) Concurrent Mark Cycle
[11.232s][info][gc       ] GC(435) Pause Young (Normal) (G1 Evacuation Pause) 450M->445M(484M) 3.710ms
[11.232s][info][safepoint] Safepoint "G1CollectForAllocation", Time since last: 10519465 ns, Reaching safepoint: 8412 ns, Cleanup: 2397 ns, At safepoint: 3733134 ns, Leaving safepoint: 10571 ns, Total: 3754514 ns
[11.248s][info][gc       ] GC(436) Pause Young (Normal) (G1 Evacuation Pause) 466M->461M(486M) 8.622ms
[11.252s][info][safepoint] Safepoint "G1CollectForAllocation", Time since last: 6942343 ns, Reaching safepoint: 8304 ns, Cleanup: 2293 ns, At safepoint: 8669282 ns, Leaving safepoint: 4302475 ns, Total: 12982354 ns
[11.253s][info][gc       ] GC(434) Pause Remark 462M->150M(486M) 0.399ms
[11.253s][info][safepoint] Safepoint "G1PauseRemark", Time since last: 43249 ns, Reaching safepoint: 152295 ns, Cleanup: 2284 ns, At safepoint: 411114 ns, Leaving safepoint: 4977 ns, Total: 570670 ns
[11.254s][info][gc       ] GC(434) Pause Cleanup 150M->150M(486M) 0.113ms
[11.254s][info][safepoint] Safepoint "G1PauseCleanup", Time since last: 1291568 ns, Reaching safepoint: 1674 ns, Cleanup: 1850 ns, At safepoint: 123115 ns, Leaving safepoint: 692 ns, Total: 127331 ns
[11.258s][info][gc       ] GC(434) Concurrent Mark Cycle 40.027ms
[11.265s][info][gc       ] GC(437) Pause Young (Prepare Mixed) (G1 Evacuation Pause) 170M->165M(486M) 4.559ms
[11.268s][info][safepoint] Safepoint "G1CollectForAllocation", Time since last: 5982550 ns, Reaching safepoint: 9395 ns, Cleanup: 2104 ns, At safepoint: 4580445 ns, Leaving safepoint: 3377805 ns, Total: 7969749 ns
[11.300s][info][gc       ] GC(438) Pause Young (Mixed) (G1 Evacuation Pause) 285M->160M(497M) 10.841ms
[11.300s][info][safepoint] Safepoint "G1CollectForAllocation", Time since last: 20591747 ns, Reaching safepoint: 2819 ns, Cleanup: 3052 ns, At safepoint: 10870177 ns, Leaving safepoint: 6438 ns, Total: 10882486 ns
[11.344s][info][gc       ] GC(439) Pause Young (Mixed) (G1 Evacuation Pause) 293M->191M(497M) 10.606ms
[11.344s][info][safepoint] Safepoint "G1CollectForAllocation", Time since last: 33396966 ns, Reaching safepoint: 3985 ns, Cleanup: 4811 ns, At safepoint: 10644388 ns, Leaving safepoint: 2500 ns, Total: 10655684 ns
[11.380s][info][gc       ] GC(440) Pause Young (Normal) (G1 Evacuation Pause) 319M->219M(497M) 10.599ms
[11.380s][info][safepoint] Safepoint "G1CollectForAllocation", Time since last: 25927401 ns, Reaching safepoint: 3472 ns, Cleanup: 4651 ns, At safepoint: 10639436 ns, Leaving safepoint: 1557 ns, Total: 10649116 ns
[11.417s][info][gc       ] GC(441) Pause Young (Normal) (G1 Evacuation Pause) 341M->248M(497M) 11.169ms
[11.417s][info][safepoint] Safepoint "G1CollectForAllocation", Time since last: 25311863 ns, Reaching safepoint: 3442 ns, Cleanup: 3455 ns, At safepoint: 11208143 ns, Leaving safepoint: 1476 ns, Total: 11216516 ns
[11.446s][info][gc       ] GC(442) Pause Young (Normal) (G1 Evacuation Pause) 360M->276M(502M) 11.291ms
[11.448s][info][safepoint] Safepoint "G1CollectForAllocation", Time since last: 18215528 ns, Reaching safepoint: 5117 ns, Cleanup: 4489 ns, At safepoint: 11326945 ns, Leaving safepoint: 1842680 ns, Total: 13179231 ns
[11.478s][info][gc       ] GC(443) Pause Young (Normal) (G1 Evacuation Pause) 378M->305M(502M) 9.839ms
[11.478s][info][safepoint] Safepoint "G1CollectForAllocation", Time since last: 20105723 ns, Reaching safepoint: 3149 ns, Cleanup: 3928 ns, At safepoint: 9871366 ns, Leaving safepoint: 3003 ns, Total: 9881446 ns
[11.503s][info][gc       ] GC(444) Pause Young (Normal) (G1 Evacuation Pause) 392M->334M(502M) 8.822ms
[11.508s][info][safepoint] Safepoint "G1CollectForAllocation", Time since last: 16025374 ns, Reaching safepoint: 3867 ns, Cleanup: 4203 ns, At safepoint: 8857860 ns, Leaving safepoint: 5109742 ns, Total: 13975672 ns
[11.530s][info][gc       ] GC(445) Pause Young (Normal) (G1 Evacuation Pause) 405M->361M(502M) 8.891ms
[11.532s][info][safepoint] Safepoint "G1CollectForAllocation", Time since last: 13087769 ns, Reaching safepoint: 3662 ns, Cleanup: 3617 ns, At safepoint: 8918473 ns, Leaving safepoint: 1984045 ns, Total: 10909797 ns
[11.554s][info][gc       ] GC(446) Pause Young (Normal) (G1 Evacuation Pause) 417M->388M(506M) 8.547ms
[11.554s][info][safepoint] Safepoint "G1CollectForAllocation", Time since last: 13451398 ns, Reaching safepoint: 3172 ns, Cleanup: 3415 ns, At safepoint: 8575615 ns, Leaving safepoint: 18763 ns, Total: 8600965 ns
[11.572s][info][gc       ] GC(447) Pause Young (Concurrent Start) (G1 Evacuation Pause) 433M->413M(506M) 9.101ms
[11.572s][info][safepoint] Safepoint "G1CollectForAllocation", Time since last: 8951480 ns, Reaching safepoint: 2807 ns, Cleanup: 3003 ns, At safepoint: 9138979 ns, Leaving safepoint: 1341 ns, Total: 9146130 ns
[11.572s][info][gc       ] GC(448) Concurrent Mark Cycle
[11.580s][info][gc       ] GC(448) Pause Remark 435M->118M(324M) 0.457ms
[11.581s][info][safepoint] Safepoint "G1PauseRemark", Time since last: 7373868 ns, Reaching safepoint: 88815 ns, Cleanup: 3643 ns, At safepoint: 480071 ns, Leaving safepoint: 69775 ns, Total: 642304 ns
[11.589s][info][gc       ] GC(449) Pause Young (Normal) (G1 Evacuation Pause) 129M->117M(324M) 5.209ms
[11.592s][info][safepoint] Safepoint "G1CollectForAllocation", Time since last: 2950581 ns, Reaching safepoint: 1992 ns, Cleanup: 2106 ns, At safepoint: 5234551 ns, Leaving safepoint: 3681658 ns, Total: 8920307 ns
[11.593s][info][gc       ] GC(448) Pause Cleanup 117M->117M(324M) 0.100ms
[11.593s][info][safepoint] Safepoint "G1PauseCleanup", Time since last: 47245 ns, Reaching safepoint: 274586 ns, Cleanup: 3170 ns, At safepoint: 120276 ns, Leaving safepoint: 4829 ns, Total: 402861 ns
[11.594s][info][gc       ] GC(448) Concurrent Mark Cycle 21.076ms
[11.619s][info][gc       ] GC(450) Pause Young (Prepare Mixed) (G1 Evacuation Pause) 204M->154M(324M) 9.416ms
[11.620s][info][safepoint] Safepoint "G1CollectForAllocation", Time since last: 16595347 ns, Reaching safepoint: 2405 ns, Cleanup: 2270 ns, At safepoint: 9443193 ns, Leaving safepoint: 1459053 ns, Total: 10906921 ns
[11.647s][info][gc       ] GC(451) Pause Young (Mixed) (G1 Evacuation Pause) 225M->150M(324M) 13.328ms
[11.652s][info][safepoint] Safepoint "G1CollectForAllocation", Time since last: 13483568 ns, Reaching safepoint: 2770 ns, Cleanup: 3049 ns, At safepoint: 13354058 ns, Leaving safepoint: 5156840 ns, Total: 18516717 ns
[11.676s][info][gc       ] GC(452) Pause Young (Mixed) (G1 Evacuation Pause) 224M->178M(324M) 10.639ms
[11.680s][info][safepoint] Safepoint "G1CollectForAllocation", Time since last: 12626440 ns, Reaching safepoint: 2869 ns, Cleanup: 3096 ns, At safepoint: 10670045 ns, Leaving safepoint: 4714521 ns, Total: 15390531 ns
[11.711s][info][gc       ] GC(453) Pause Young (Normal) (G1 Evacuation Pause) 237M->204M(400M) 10.788ms
[11.716s][info][safepoint] Safepoint "G1CollectForAllocation", Time since last: 19540221 ns, Reaching safepoint: 3198 ns, Cleanup: 3438 ns, At safepoint: 10820826 ns, Leaving safepoint: 5635046 ns, Total: 16462508 ns
[11.744s][info][gc       ] GC(454) Pause Young (Normal) (G1 Evacuation Pause) 291M->237M(400M) 9.352ms
[11.744s][info][safepoint] Safepoint "G1CollectForAllocation", Time since last: 17939303 ns, Reaching safepoint: 2979 ns, Cleanup: 3586 ns, At safepoint: 9384148 ns, Leaving safepoint: 1770 ns, Total: 9392483 ns
[11.766s][info][gc       ] GC(455) Pause Young (Normal) (G1 Evacuation Pause) 306M->266M(400M) 9.092ms
[11.770s][info][safepoint] Safepoint "G1CollectForAllocation", Time since last: 13150463 ns, Reaching safepoint: 3324 ns, Cleanup: 3537 ns, At safepoint: 9120291 ns, Leaving safepoint: 4503414 ns, Total: 13630566 ns
[11.793s][info][gc       ] GC(456) Pause Young (Normal) (G1 Evacuation Pause) 319M->291M(400M) 13.844ms
[11.796s][info][safepoint] Safepoint "G1CollectForAllocation", Time since last: 8757953 ns, Reaching safepoint: 2868 ns, Cleanup: 3585 ns, At safepoint: 13875406 ns, Leaving safepoint: 3230813 ns, Total: 17112672 ns
[11.814s][info][gc       ] GC(457) Pause Young (Normal) (G1 Evacuation Pause) 331M->314M(445M) 11.333ms
[11.820s][info][safepoint] Safepoint "G1CollectForAllocation", Time since last: 6605484 ns, Reaching safepoint: 2951 ns, Cleanup: 3655 ns, At safepoint: 11362009 ns, Leaving safepoint: 6045635 ns, Total: 17414250 ns
[11.845s][info][gc       ] GC(458) Pause Young (Normal) (G1 Evacuation Pause) 364M->342M(445M) 16.774ms
[11.848s][info][safepoint] Safepoint "G1CollectForAllocation", Time since last: 7721506 ns, Reaching safepoint: 2742 ns, Cleanup: 3038 ns, At safepoint: 16811188 ns, Leaving safepoint: 3459929 ns, Total: 20276897 ns
[11.874s][info][gc       ] GC(459) Pause Young (Normal) (G1 Evacuation Pause) 379M->365M(445M) 16.623ms
[11.876s][info][safepoint] Safepoint "G1CollectForAllocation", Time since last: 9070903 ns, Reaching safepoint: 2828 ns, Cleanup: 3963 ns, At safepoint: 16650912 ns, Leaving safepoint: 2256499 ns, Total: 18914202 ns
[11.886s][info][gc       ] GC(460) Pause Young (Normal) (G1 Evacuation Pause) 393M->384M(445M) 5.421ms
[11.888s][info][safepoint] Safepoint "G1CollectForAllocation", Time since last: 4373664 ns, Reaching safepoint: 3281 ns, Cleanup: 2867 ns, At safepoint: 5443442 ns, Leaving safepoint: 2171046 ns, Total: 7620636 ns
[11.901s][info][gc       ] GC(461) Pause Young (Normal) (G1 Evacuation Pause) 404M->399M(472M) 4.569ms
[11.901s][info][safepoint] Safepoint "G1CollectForAllocation", Time since last: 8030909 ns, Reaching safepoint: 6872 ns, Cleanup: 2811 ns, At safepoint: 4591989 ns, Leaving safepoint: 3088 ns, Total: 4604760 ns
[11.919s][info][gc       ] GC(462) Pause Young (Normal) (G1 Evacuation Pause) 423M->415M(472M) 10.731ms
[11.919s][info][safepoint] Safepoint "G1CollectForAllocation", Time since last: 7387369 ns, Reaching safepoint: 6690 ns, Cleanup: 2420 ns, At safepoint: 10754208 ns, Leaving safepoint: 13300 ns, Total: 10776618 ns
[11.936s][info][gc       ] GC(463) Pause Young (Concurrent Start) (G1 Evacuation Pause) 434M->430M(472M) 9.162ms
[11.936s][info][gc       ] GC(464) Concurrent Mark Cycle
[11.944s][info][safepoint] Safepoint "G1CollectForAllocation", Time since last: 7329945 ns, Reaching safepoint: 8055 ns, Cleanup: 2976 ns, At safepoint: 9280987 ns, Leaving safepoint: 8587091 ns, Total: 17879109 ns
[11.953s][info][gc       ] GC(465) Pause Young (Normal) (G1 Evacuation Pause) 450M->446M(472M) 4.271ms
[11.953s][info][safepoint] Safepoint "G1CollectForAllocation", Time since last: 4010172 ns, Reaching safepoint: 7655 ns, Cleanup: 2316 ns, At safepoint: 4297218 ns, Leaving safepoint: 3019 ns, Total: 4310208 ns
[11.970s][info][gc       ] GC(466) Pause Young (Normal) (G1 Evacuation Pause) 466M->462M(497M) 11.158ms
[11.970s][info][safepoint] Safepoint "G1CollectForAllocation", Time since last: 6398161 ns, Reaching safepoint: 9049 ns, Cleanup: 2275 ns, At safepoint: 11181717 ns, Leaving safepoint: 15688 ns, Total: 11208729 ns
[11.971s][info][gc       ] GC(464) Pause Remark 462M->148M(494M) 0.540ms
[11.972s][info][safepoint] Safepoint "G1PauseRemark", Time since last: 20058 ns, Reaching safepoint: 408910 ns, Cleanup: 9620 ns, At safepoint: 562429 ns, Leaving safepoint: 1085240 ns, Total: 2066199 ns
[11.974s][info][gc       ] GC(464) Pause Cleanup 148M->148M(494M) 0.151ms
[11.974s][info][safepoint] Safepoint "G1PauseCleanup", Time since last: 1602527 ns, Reaching safepoint: 7623 ns, Cleanup: 2152 ns, At safepoint: 165220 ns, Leaving safepoint: 5447 ns, Total: 180442 ns
[11.979s][info][gc       ] GC(464) Concurrent Mark Cycle 42.848ms
[11.986s][info][gc       ] GC(467) Pause Young (Prepare Mixed) (G1 Evacuation Pause) 168M->165M(494M) 5.955ms
[11.986s][info][safepoint] Safepoint "G1CollectForAllocation", Time since last: 5500941 ns, Reaching safepoint: 2190 ns, Cleanup: 2148 ns, At safepoint: 5976188 ns, Leaving safepoint: 24178 ns, Total: 6004704 ns
[12.022s][info][gc       ] GC(468) Pause Young (Mixed) (G1 Evacuation Pause) 288M->158M(494M) 9.927ms
[12.024s][info][safepoint] Safepoint "G1CollectForAllocation", Time since last: 26619457 ns, Reaching safepoint: 2449 ns, Cleanup: 3921 ns, At safepoint: 9955958 ns, Leaving safepoint: 2107996 ns, Total: 12070324 ns
[12.058s][info][gc       ] GC(469) Pause Young (Normal) (G1 Evacuation Pause) 291M->190M(494M) 11.044ms
[12.058s][info][safepoint] Safepoint "G1CollectForAllocation", Time since last: 23073492 ns, Reaching safepoint: 3229 ns, Cleanup: 3302 ns, At safepoint: 11088735 ns, Leaving safepoint: 1496 ns, Total: 11096762 ns
[12.093s][info][gc       ] GC(470) Pause Young (Normal) (G1 Evacuation Pause) 317M->219M(494M) 10.507ms
[12.096s][info][safepoint] Safepoint "G1CollectForAllocation", Time since last: 23552324 ns, Reaching safepoint: 3521 ns, Cleanup: 3754 ns, At safepoint: 10565043 ns, Leaving safepoint: 3735602 ns, Total: 14307920 ns
[12.129s][info][gc       ] GC(471) Pause Young (Normal) (G1 Evacuation Pause) 339M->247M(502M) 10.892ms
[12.129s][info][safepoint] Safepoint "G1CollectForAllocation", Time since last: 21835238 ns, Reaching safepoint: 3527 ns, Cleanup: 4249 ns, At safepoint: 10925699 ns, Leaving safepoint: 1539 ns, Total: 10935014 ns
[12.165s][info][gc       ] GC(472) Pause Young (Normal) (G1 Evacuation Pause) 362M->277M(502M) 10.356ms
[12.168s][info][safepoint] Safepoint "G1CollectForAllocation", Time since last: 25110655 ns, Reaching safepoint: 4276 ns, Cleanup: 4428 ns, At safepoint: 10391396 ns, Leaving safepoint: 3686978 ns, Total: 14087078 ns
[12.198s][info][gc       ] GC(473) Pause Young (Normal) (G1 Evacuation Pause) 378M->306M(502M) 10.526ms
[12.200s][info][safepoint] Safepoint "G1CollectForAllocation", Time since last: 18952291 ns, Reaching safepoint: 3720 ns, Cleanup: 3719 ns, At safepoint: 10560227 ns, Leaving safepoint: 2501712 ns, Total: 13069378 ns
[12.227s][info][gc       ] GC(474) Pause Young (Normal) (G1 Evacuation Pause) 392M->335M(502M) 10.350ms
[12.227s][info][safepoint] Safepoint "G1CollectForAllocation", Time since last: 15822075 ns, Reaching safepoint: 3381 ns, Cleanup: 3282 ns, At safepoint: 10386385 ns, Leaving safepoint: 2496 ns, Total: 10395544 ns
[12.248s][info][gc       ] GC(475) Pause Young (Normal) (G1 Evacuation Pause) 405M->362M(506M) 8.579ms
[12.248s][info][safepoint] Safepoint "G1CollectForAllocation", Time since last: 12570332 ns, Reaching safepoint: 3732 ns, Cleanup: 3657 ns, At safepoint: 8615507 ns, Leaving safepoint: 1461 ns, Total: 8624357 ns
[12.273s][info][gc       ] GC(476) Pause Young (Normal) (G1 Evacuation Pause) 420M->390M(506M) 8.816ms
[12.276s][info][safepoint] Safepoint "G1CollectForAllocation", Time since last: 15989994 ns, Reaching safepoint: 3235 ns, Cleanup: 3633 ns, At safepoint: 8848678 ns, Leaving safepoint: 3731982 ns, Total: 12587528 ns
[12.290s][info][gc       ] GC(477) Pause Young (Concurrent Start) (G1 Evacuation Pause) 433M->414M(506M) 6.896ms
[12.290s][info][gc       ] GC(478) Concurrent Mark Cycle
[12.298s][info][safepoint] Safepoint "G1CollectForAllocation", Time since last: 6828812 ns, Reaching safepoint: 3152 ns, Cleanup: 3132 ns, At safepoint: 7047721 ns, Leaving safepoint: 7693561 ns, Total: 14747566 ns
[12.301s][info][gc       ] GC(478) Pause Remark 428M->114M(337M) 0.638ms
[12.304s][info][safepoint] Safepoint "G1PauseRemark", Time since last: 2446560 ns, Reaching safepoint: 126827 ns, Cleanup: 3520 ns, At safepoint: 664333 ns, Leaving safepoint: 3181390 ns, Total: 3976070 ns
[12.305s][info][gc       ] GC(478) Pause Cleanup 114M->114M(337M) 0.081ms
[12.305s][info][safepoint] Safepoint "G1PauseCleanup", Time since last: 1012602 ns, Reaching safepoint: 7989 ns, Cleanup: 1859 ns, At safepoint: 94248 ns, Leaving safepoint: 3561 ns, Total: 107657 ns
[12.308s][info][gc       ] GC(478) Concurrent Mark Cycle 18.238ms
[12.315s][info][gc       ] GC(479) Pause Young (Prepare Mixed) (G1 Evacuation Pause) 132M->121M(337M) 6.129ms
[12.315s][info][safepoint] Safepoint "G1CollectForAllocation", Time since last: 3854680 ns, Reaching safepoint: 2380 ns, Cleanup: 1719 ns, At safepoint: 6149835 ns, Leaving safepoint: 2849 ns, Total: 6156783 ns
[12.343s][info][gc       ] GC(480) Pause Young (Mixed) (G1 Evacuation Pause) 217M->126M(337M) 9.270ms
[12.344s][info][safepoint] Safepoint "G1CollectForAllocation", Time since last: 17858546 ns, Reaching safepoint: 3068 ns, Cleanup: 2040 ns, At safepoint: 9292720 ns, Leaving safepoint: 1760074 ns, Total: 11057902 ns
[12.374s][info][gc       ] GC(481) Pause Young (Mixed) (G1 Evacuation Pause) 221M->154M(407M) 10.341ms
[12.375s][info][safepoint] Safepoint "G1CollectForAllocation", Time since last: 19719792 ns, Reaching safepoint: 3174 ns, Cleanup: 2807 ns, At safepoint: 10376295 ns, Leaving safepoint: 20294 ns, Total: 10402570 ns
[12.406s][info][gc       ] GC(482) Pause Young (Normal) (G1 Evacuation Pause) 273M->186M(407M) 9.742ms
[12.406s][info][safepoint] Safepoint "G1CollectForAllocation", Time since last: 21595382 ns, Reaching safepoint: 3031 ns, Cleanup: 3299 ns, At safepoint: 9773891 ns, Leaving safepoint: 3290 ns, Total: 9783511 ns
[12.436s][info][gc       ] GC(483) Pause Young (Normal) (G1 Evacuation Pause) 290M->215M(407M) 9.204ms
[12.440s][info][safepoint] Safepoint "G1CollectForAllocation", Time since last: 20721735 ns, Reaching safepoint: 2400 ns, Cleanup: 2127 ns, At safepoint: 9234821 ns, Leaving safepoint: 4488345 ns, Total: 13727693 ns
[12.463s][info][gc       ] GC(484) Pause Young (Normal) (G1 Evacuation Pause) 303M->243M(407M) 8.778ms
[12.468s][info][safepoint] Safepoint "G1CollectForAllocation", Time since last: 13724765 ns, Reaching safepoint: 2730 ns, Cleanup: 3313 ns, At safepoint: 8803490 ns, Leaving safepoint: 5471864 ns, Total: 14281397 ns
[12.488s][info][gc       ] GC(485) Pause Young (Normal) (G1 Evacuation Pause) 314M->270M(445M) 8.820ms
[12.488s][info][safepoint] Safepoint "G1CollectForAllocation", Time since last: 11023472 ns, Reaching safepoint: 2674 ns, Cleanup: 2542 ns, At safepoint: 8846390 ns, Leaving safepoint: 1259 ns, Total: 8852865 ns
[12.529s][info][gc       ] GC(486) Pause Young (Normal) (G1 Evacuation Pause) 347M->300M(445M) 8.813ms
[12.529s][info][safepoint] Safepoint "G1CollectForAllocation", Time since last: 31653691 ns, Reaching safepoint: 3207 ns, Cleanup: 9358 ns, At safepoint: 8846696 ns, Leaving safepoint: 15347 ns, Total: 8874608 ns
[12.546s][info][gc       ] GC(487) Pause Young (Normal) (G1 Evacuation Pause) 359M->327M(445M) 7.881ms
[12.552s][info][safepoint] Safepoint "G1CollectForAllocation", Time since last: 9819781 ns, Reaching safepoint: 2772 ns, Cleanup: 3288 ns, At safepoint: 7918611 ns, Leaving safepoint: 5835603 ns, Total: 13760274 ns
[12.571s][info][gc       ] GC(488) Pause Young (Normal) (G1 Evacuation Pause) 372M->351M(445M) 8.540ms
[12.571s][info][safepoint] Safepoint "G1CollectForAllocation", Time since last: 10363591 ns, Reaching safepoint: 9204 ns, Cleanup: 3149 ns, At safepoint: 8569752 ns, Leaving safepoint: 15055 ns, Total: 8597160 ns
[12.583s][info][gc       ] GC(489) Pause Young (Normal) (G1 Evacuation Pause) 385M->372M(471M) 5.357ms
[12.588s][info][safepoint] Safepoint "G1CollectForAllocation", Time since last: 5899341 ns, Reaching safepoint: 2043 ns, Cleanup: 2012 ns, At safepoint: 5390177 ns, Leaving safepoint: 5777638 ns, Total: 11171870 ns
[12.609s][info][gc       ] GC(490) Pause Young (Normal) (G1 Evacuation Pause) 408M->393M(471M) 7.055ms
[12.612s][info][safepoint] Safepoint "G1CollectForAllocation", Time since last: 13530034 ns, Reaching safepoint: 3979 ns, Cleanup: 3036 ns, At safepoint: 7080402 ns, Leaving safepoint: 3350209 ns, Total: 10437626 ns
[12.622s][info][gc       ] GC(491) Pause Young (Normal) (G1 Evacuation Pause) 420M->411M(471M) 5.014ms
[12.622s][info][safepoint] Safepoint "G1CollectForAllocation", Time since last: 4885283 ns, Reaching safepoint: 2099 ns, Cleanup: 1794 ns, At safepoint: 5036691 ns, Leaving safepoint: 13719 ns, Total: 5054303 ns
[12.630s][info][gc       ] GC(492) Pause Young (Concurrent Start) (G1 Evacuation Pause) 430M->426M(471M) 4.693ms
[12.630s][info][gc       ] GC(493) Concurrent Mark Cycle
[12.636s][info][safepoint] Safepoint "G1CollectForAllocation", Time since last: 2945396 ns, Reaching safepoint: 1861 ns, Cleanup: 2179 ns, At safepoint: 4823261 ns, Leaving safepoint: 6286112 ns, Total: 11113413 ns
[12.644s][info][gc       ] GC(494) Pause Young (Normal) (G1 Evacuation Pause) 446M->442M(488M) 3.494ms
[12.644s][info][safepoint] Safepoint "G1CollectForAllocation", Time since last: 4350489 ns, Reaching safepoint: 7808 ns, Cleanup: 1936 ns, At safepoint: 3514566 ns, Leaving safepoint: 13361 ns, Total: 3537671 ns
[12.645s][info][gc       ] GC(493) Pause Remark 442M->136M(457M) 0.343ms
[12.648s][info][safepoint] Safepoint "G1PauseRemark", Time since last: 15845 ns, Reaching safepoint: 106182 ns, Cleanup: 1539 ns, At safepoint: 355779 ns, Leaving safepoint: 3645296 ns, Total: 4108796 ns
[12.650s][info][gc       ] GC(493) Pause Cleanup 137M->137M(457M) 0.106ms
[12.650s][info][safepoint] Safepoint "G1PauseCleanup", Time since last: 1261690 ns, Reaching safepoint: 9147 ns, Cleanup: 1668 ns, At safepoint: 117325 ns, Leaving safepoint: 4374 ns, Total: 132514 ns
[12.654s][info][gc       ] GC(493) Concurrent Mark Cycle 23.659ms
[12.657s][info][gc       ] GC(495) Pause Young (Prepare Mixed) (G1 Evacuation Pause) 157M->152M(457M) 3.763ms
[12.660s][info][safepoint] Safepoint "G1CollectForAllocation", Time since last: 3967531 ns, Reaching safepoint: 1421 ns, Cleanup: 1254 ns, At safepoint: 3779184 ns, Leaving safepoint: 2852534 ns, Total: 6634393 ns
[12.694s][info][gc       ] GC(496) Pause Young (Mixed) (G1 Evacuation Pause) 291M->149M(457M) 10.511ms
[12.700s][info][safepoint] Safepoint "G1CollectForAllocation", Time since last: 23442735 ns, Reaching safepoint: 2364 ns, Cleanup: 3062 ns, At safepoint: 10534339 ns, Leaving safepoint: 6007192 ns, Total: 16546957 ns
[12.734s][info][gc       ] GC(497) Pause Young (Mixed) (G1 Evacuation Pause) 295M->171M(457M) 10.264ms
[12.736s][info][safepoint] Safepoint "G1CollectForAllocation", Time since last: 23208986 ns, Reaching safepoint: 2923 ns, Cleanup: 2517 ns, At safepoint: 10292413 ns, Leaving safepoint: 2542304 ns, Total: 12840157 ns
[12.770s][info][gc       ] GC(498) Pause Young (Normal) (G1 Evacuation Pause) 310M->198M(457M) 9.453ms
[12.774s][info][safepoint] Safepoint "G1CollectForAllocation", Time since last: 24365679 ns, Reaching safepoint: 3163 ns, Cleanup: 3536 ns, At safepoint: 9481245 ns, Leaving safepoint: 4013688 ns, Total: 13501632 ns
[12.805s][info][gc       ] GC(499) Pause Young (Normal) (G1 Evacuation Pause) 324M->226M(478M) 9.355ms
[12.808s][info][safepoint] Safepoint "G1CollectForAllocation", Time since last: 21727078 ns, Reaching safepoint: 3269 ns, Cleanup: 2879 ns, At safepoint: 9386953 ns, Leaving safepoint: 2992783 ns, Total: 12385884 ns
[12.845s][info][gc       ] GC(500) Pause Young (Normal) (G1 Evacuation Pause) 351M->254M(478M) 9.635ms
[12.845s][info][safepoint] Safepoint "G1CollectForAllocation", Time since last: 27398526 ns, Reaching safepoint: 3133 ns, Cleanup: 3056 ns, At safepoint: 9666055 ns, Leaving safepoint: 2096 ns, Total: 9674340 ns
[12.875s][info][gc       ] GC(501) Pause Young (Normal) (G1 Evacuation Pause) 362M->282M(478M) 8.793ms
[12.875s][info][safepoint] Safepoint "G1CollectForAllocation", Time since last: 20906176 ns, Reaching safepoint: 2686 ns, Cleanup: 2965 ns, At safepoint: 8820834 ns, Leaving safepoint: 19518 ns, Total: 8846003 ns
[12.901s][info][gc       ] GC(502) Pause Young (Normal) (G1 Evacuation Pause) 371M->311M(478M) 11.870ms
[12.908s][info][safepoint] Safepoint "G1CollectForAllocation", Time since last: 13905923 ns, Reaching safepoint: 2682 ns, Cleanup: 2748 ns, At safepoint: 11900766 ns, Leaving safepoint: 7359948 ns, Total: 19266144 ns
[12.931s][info][gc       ] GC(503) Pause Young (Normal) (G1 Evacuation Pause) 384M->339M(491M) 8.773ms
[12.931s][info][safepoint] Safepoint "G1CollectForAllocation", Time since last: 13724155 ns, Reaching safepoint: 2869 ns, Cleanup: 2660 ns, At safepoint: 8797909 ns, Leaving safepoint: 1184 ns, Total: 8804622 ns
[12.955s][info][gc       ] GC(504) Pause Young (Normal) (G1 Evacuation Pause) 402M->367M(491M) 8.068ms
[12.955s][info][safepoint] Safepoint "G1CollectForAllocation", Time since last: 15670583 ns, Reaching safepoint: 2760 ns, Cleanup: 3255 ns, At safepoint: 8095408 ns, Leaving safepoint: 1088 ns, Total: 8102511 ns
[12.969s][info][gc       ] GC(505) Pause Young (Normal) (G1 Evacuation Pause) 416M->392M(491M) 6.767ms
[12.972s][info][safepoint] Safepoint "G1CollectForAllocation", Time since last: 8033013 ns, Reaching safepoint: 2474 ns, Cleanup: 2408 ns, At safepoint: 6791018 ns, Leaving safepoint: 2855642 ns, Total: 9651542 ns
[12.984s][info][gc       ] GC(506) Pause Young (Concurrent Start) (G1 Evacuation Pause) 429M->414M(491M) 6.001ms
[12.984s][info][gc       ] GC(507) Concurrent Mark Cycle
[12.992s][info][safepoint] Safepoint "G1CollectForAllocation", Time since last: 5915912 ns, Reaching safepoint: 2284 ns, Cleanup: 2728 ns, At safepoint: 6043193 ns, Leaving safepoint: 7472401 ns, Total: 13520606 ns
[13.005s][info][gc       ] GC(508) Pause Young (Normal) (G1 Evacuation Pause) 441M->432M(500M) 5.023ms
[13.005s][info][safepoint] Safepoint "G1CollectForAllocation", Time since last: 8561916 ns, Reaching safepoint: 5565 ns, Cleanup: 2623 ns, At safepoint: 5043598 ns, Leaving safepoint: 15502 ns, Total: 5067288 ns
[13.011s][info][gc       ] GC(507) Pause Remark 437M->125M(400M) 0.394ms
[13.011s][info][safepoint] Safepoint "G1PauseRemark", Time since last: 5444903 ns, Reaching safepoint: 8993 ns, Cleanup: 2608 ns, At safepoint: 412381 ns, Leaving safepoint: 10551 ns, Total: 434533 ns
[13.013s][info][gc       ] GC(507) Pause Cleanup 125M->125M(400M) 0.092ms
[13.013s][info][safepoint] Safepoint "G1PauseCleanup", Time since last: 1175329 ns, Reaching safepoint: 1200 ns, Cleanup: 1805 ns, At safepoint: 104523 ns, Leaving safepoint: 621 ns, Total: 108149 ns
[13.013s][info][gc       ] GC(507) Concurrent Mark Cycle 29.022ms
[13.021s][info][gc       ] GC(509) Pause Young (Prepare Mixed) (G1 Evacuation Pause) 142M->136M(400M) 3.915ms
[13.021s][info][safepoint] Safepoint "G1CollectForAllocation", Time since last: 4144582 ns, Reaching safepoint: 1573 ns, Cleanup: 1379 ns, At safepoint: 3935191 ns, Leaving safepoint: 1021 ns, Total: 3939164 ns
[13.047s][info][gc       ] GC(510) Pause Young (Mixed) (G1 Evacuation Pause) 246M->141M(400M) 9.270ms
[13.047s][info][safepoint] Safepoint "G1CollectForAllocation", Time since last: 16651968 ns, Reaching safepoint: 1735 ns, Cleanup: 2307 ns, At safepoint: 9293681 ns, Leaving safepoint: 5397 ns, Total: 9303120 ns
[13.081s][info][gc       ] GC(511) Pause Young (Normal) (G1 Evacuation Pause) 253M->172M(400M) 10.099ms
[13.081s][info][safepoint] Safepoint "G1CollectForAllocation", Time since last: 24668872 ns, Reaching safepoint: 3176 ns, Cleanup: 3150 ns, At safepoint: 10132942 ns, Leaving safepoint: 9411 ns, Total: 10148679 ns
[13.107s][info][gc       ] GC(512) Pause Young (Normal) (G1 Evacuation Pause) 273M->203M(400M) 9.357ms
[13.115s][info][safepoint] Safepoint "G1CollectForAllocation", Time since last: 16066608 ns, Reaching safepoint: 2732 ns, Cleanup: 3016 ns, At safepoint: 9386320 ns, Leaving safepoint: 8295110 ns, Total: 17687178 ns
[13.139s][info][gc       ] GC(513) Pause Young (Normal) (G1 Evacuation Pause) 289M->233M(445M) 9.584ms
[13.144s][info][safepoint] Safepoint "G1CollectForAllocation", Time since last: 14720117 ns, Reaching safepoint: 3288 ns, Cleanup: 3250 ns, At safepoint: 9611557 ns, Leaving safepoint: 4824158 ns, Total: 14442253 ns
[13.183s][info][gc       ] GC(514) Pause Young (Normal) (G1 Evacuation Pause) 330M->264M(445M) 8.882ms
[13.183s][info][safepoint] Safepoint "G1CollectForAllocation", Time since last: 30110956 ns, Reaching safepoint: 3450 ns, Cleanup: 3607 ns, At safepoint: 8917579 ns, Leaving safepoint: 7041 ns, Total: 8931677 ns
[13.211s][info][gc       ] GC(515) Pause Young (Normal) (G1 Evacuation Pause) 343M->293M(445M) 8.950ms
[13.212s][info][safepoint] Safepoint "G1CollectForAllocation", Time since last: 18335693 ns, Reaching safepoint: 3176 ns, Cleanup: 3800 ns, At safepoint: 8981524 ns, Leaving safepoint: 1620292 ns, Total: 10608792 ns
[13.231s][info][gc       ] GC(516) Pause Young (Normal) (G1 Evacuation Pause) 356M->321M(445M) 8.329ms
[13.236s][info][safepoint] Safepoint "G1CollectForAllocation", Time since last: 9923801 ns, Reaching safepoint: 3358 ns, Cleanup: 2875 ns, At safepoint: 8362115 ns, Leaving safepoint: 5705138 ns, Total: 14073486 ns
[13.251s][info][gc       ] GC(517) Pause Young (Normal) (G1 Evacuation Pause) 369M->346M(469M) 7.478ms
[13.252s][info][safepoint] Safepoint "G1CollectForAllocation", Time since last: 6941805 ns, Reaching safepoint: 2826 ns, Cleanup: 3526 ns, At safepoint: 7506526 ns, Leaving safepoint: 1559360 ns, Total: 9072238 ns
[13.274s][info][gc       ] GC(518) Pause Young (Normal) (G1 Evacuation Pause) 394M->371M(469M) 6.428ms
[13.274s][info][safepoint] Safepoint "G1CollectForAllocation", Time since last: 15371022 ns, Reaching safepoint: 2597 ns, Cleanup: 3230 ns, At safepoint: 6472174 ns, Leaving safepoint: 2474 ns, Total: 6480475 ns
[13.287s][info][gc       ] GC(519) Pause Young (Normal) (G1 Evacuation Pause) 407M->393M(469M) 5.282ms
[13.288s][info][safepoint] Safepoint "G1CollectForAllocation", Time since last: 7199866 ns, Reaching safepoint: 2195 ns, Cleanup: 2155 ns, At safepoint: 5307089 ns, Leaving safepoint: 1626054 ns, Total: 6937493 ns
[13.299s][info][gc       ] GC(520) Pause Young (Normal) (G1 Evacuation Pause) 419M->411M(469M) 4.944ms
[13.300s][info][safepoint] Safepoint "G1CollectForAllocation", Time since last: 5554117 ns, Reaching safepoint: 2480 ns, Cleanup: 2171 ns, At safepoint: 4966681 ns, Leaving safepoint: 1474763 ns, Total: 6446095 ns
[13.307s][info][gc       ] GC(521) Pause Young (Concurrent Start) (G1 Evacuation Pause) 430M->425M(487M) 3.932ms
[13.307s][info][gc       ] GC(522) Concurrent Mark Cycle
[13.310s][info][safepoint] Safepoint "G1CollectForAllocation", Time since last: 2396727 ns, Reaching safepoint: 9186 ns, Cleanup: 1775 ns, At safepoint: 4030971 ns, Leaving safepoint: 3679362 ns, Total: 7721294 ns
[13.317s][info][gc       ] GC(522) Pause Remark 438M->130M(394M) 0.382ms
[13.320s][info][safepoint] Safepoint "G1PauseRemark", Time since last: 5918295 ns, Reaching safepoint: 93349 ns, Cleanup: 2666 ns, At safepoint: 400637 ns, Leaving safepoint: 3467288 ns, Total: 3963940 ns
[13.322s][info][gc       ] GC(522) Pause Cleanup 130M->130M(394M) 0.093ms
[13.322s][info][safepoint] Safepoint "G1PauseCleanup", Time since last: 1286972 ns, Reaching safepoint: 9180 ns, Cleanup: 1820 ns, At safepoint: 106833 ns, Leaving safepoint: 3807 ns, Total: 121640 ns
[13.324s][info][gc       ] GC(522) Concurrent Mark Cycle 17.259ms
[13.328s][info][gc       ] GC(523) Pause Young (Prepare Mixed) (G1 Evacuation Pause) 138M->133M(394M) 3.982ms
[13.328s][info][safepoint] Safepoint "G1CollectForAllocation", Time since last: 2243672 ns, Reaching safepoint: 1854 ns, Cleanup: 1365 ns, At safepoint: 4002292 ns, Leaving safepoint: 2259 ns, Total: 4007770 ns
[13.358s][info][gc       ] GC(524) Pause Young (Mixed) (G1 Evacuation Pause) 238M->134M(394M) 9.313ms
[13.364s][info][safepoint] Safepoint "G1CollectForAllocation", Time since last: 20673844 ns, Reaching safepoint: 2232 ns, Cleanup: 2686 ns, At safepoint: 9337612 ns, Leaving safepoint: 6320326 ns, Total: 15662856 ns
[13.392s][info][gc       ] GC(525) Pause Young (Mixed) (G1 Evacuation Pause) 244M->149M(394M) 9.848ms
[13.392s][info][safepoint] Safepoint "G1CollectForAllocation", Time since last: 18168554 ns, Reaching safepoint: 3439 ns, Cleanup: 2597 ns, At safepoint: 9877504 ns, Leaving safepoint: 1714 ns, Total: 9885254 ns
[13.422s][info][gc       ] GC(526) Pause Young (Normal) (G1 Evacuation Pause) 256M->179M(394M) 9.651ms
[13.422s][info][safepoint] Safepoint "G1CollectForAllocation", Time since last: 20185872 ns, Reaching safepoint: 2451 ns, Cleanup: 3020 ns, At safepoint: 9680464 ns, Leaving safepoint: 4477 ns, Total: 9690412 ns
[13.452s][info][gc       ] GC(527) Pause Young (Normal) (G1 Evacuation Pause) 274M->208M(442M) 8.709ms
[13.452s][info][safepoint] Safepoint "G1CollectForAllocation", Time since last: 21441372 ns, Reaching safepoint: 2549 ns, Cleanup: 3100 ns, At safepoint: 8738960 ns, Leaving safepoint: 4012 ns, Total: 8748621 ns
[13.495s][info][gc       ] GC(528) Pause Young (Normal) (G1 Evacuation Pause) 316M->239M(442M) 9.287ms
[13.500s][info][safepoint] Safepoint "G1CollectForAllocation", Time since last: 33071341 ns, Reaching safepoint: 3289 ns, Cleanup: 3918 ns, At safepoint: 9323509 ns, Leaving safepoint: 5477199 ns, Total: 14807915 ns
[13.526s][info][gc       ] GC(529) Pause Young (Normal) (G1 Evacuation Pause) 331M->268M(442M) 9.598ms
[13.526s][info][safepoint] Safepoint "G1CollectForAllocation", Time since last: 15648753 ns, Reaching safepoint: 3419 ns, Cleanup: 3044 ns, At safepoint: 9633003 ns, Leaving safepoint: 17730 ns, Total: 9657196 ns
[13.547s][info][gc       ] GC(530) Pause Young (Normal) (G1 Evacuation Pause) 343M->296M(442M) 9.265ms
[13.548s][info][safepoint] Safepoint "G1CollectForAllocation", Time since last: 11929449 ns, Reaching safepoint: 3332 ns, Cleanup: 3032 ns, At safepoint: 9298425 ns, Leaving safepoint: 1464374 ns, Total: 10769163 ns
[13.566s][info][gc       ] GC(531) Pause Young (Normal) (G1 Evacuation Pause) 356M->323M(467M) 7.549ms
[13.566s][info][safepoint] Safepoint "G1CollectForAllocation", Time since last: 10420341 ns, Reaching safepoint: 3327 ns, Cleanup: 2876 ns, At safepoint: 7577210 ns, Leaving safepoint: 1503 ns, Total: 7584916 ns
[13.594s][info][gc       ] GC(532) Pause Young (Normal) (G1 Evacuation Pause) 382M->351M(467M) 8.159ms
[13.596s][info][safepoint] Safepoint "G1CollectForAllocation", Time since last: 19618815 ns, Reaching safepoint: 2449 ns, Cleanup: 2980 ns, At safepoint: 8191139 ns, Leaving safepoint: 2187490 ns, Total: 10384058 ns
[13.610s][info][gc       ] GC(533) Pause Young (Normal) (G1 Evacuation Pause) 395M->375M(467M) 6.566ms
[13.610s][info][safepoint] Safepoint "G1CollectForAllocation", Time since last: 6947330 ns, Reaching safepoint: 2367 ns, Cleanup: 2333 ns, At safepoint: 6591134 ns, Leaving safepoint: 2076 ns, Total: 6597910 ns
[13.622s][info][gc       ] GC(534) Pause Young (Normal) (G1 Evacuation Pause) 408M->394M(467M) 4.687ms
[13.622s][info][safepoint] Safepoint "G1CollectForAllocation", Time since last: 7410557 ns, Reaching safepoint: 1939 ns, Cleanup: 2492 ns, At safepoint: 4741570 ns, Leaving safepoint: 2139 ns, Total: 4748140 ns
[13.636s][info][gc       ] GC(535) Pause Young (Normal) (G1 Evacuation Pause) 419M->412M(485M) 5.006ms
[13.636s][info][safepoint] Safepoint "G1CollectForAllocation", Time since last: 8566537 ns, Reaching safepoint: 8244 ns, Cleanup: 2405 ns, At safepoint: 5028677 ns, Leaving safepoint: 10825 ns, Total: 5050151 ns
[13.652s][info][gc       ] GC(536) Pause Young (Concurrent Start) (G1 Evacuation Pause) 437M->429M(485M) 6.234ms
[13.652s][info][gc       ] GC(537) Concurrent Mark Cycle
[13.660s][info][safepoint] Safepoint "G1CollectForAllocation", Time since last: 10268198 ns, Reaching safepoint: 2465 ns, Cleanup: 2169 ns, At safepoint: 6352567 ns, Leaving safepoint: 8054067 ns, Total: 14411268 ns
[13.668s][info][gc       ] GC(538) Pause Young (Normal) (G1 Evacuation Pause) 449M->445M(485M) 3.513ms
[13.668s][info][safepoint] Safepoint "G1CollectForAllocation", Time since last: 3998957 ns, Reaching safepoint: 6876 ns, Cleanup: 2517 ns, At safepoint: 3534192 ns, Leaving safepoint: 2213 ns, Total: 3545798 ns
[13.680s][info][gc       ] GC(539) Pause Young (Normal) (G1 Evacuation Pause) 466M->461M(486M) 4.809ms
[13.680s][info][safepoint] Safepoint "G1CollectForAllocation", Time since last: 7162862 ns, Reaching safepoint: 10343 ns, Cleanup: 2157 ns, At safepoint: 4830146 ns, Leaving safepoint: 10423 ns, Total: 4853069 ns
[13.698s][info][gc       ] GC(540) Pause Young (Normal) (G1 Evacuation Pause) 482M->477M(506M) 10.956ms
[13.704s][info][safepoint] Safepoint "G1CollectForAllocation", Time since last: 6944180 ns, Reaching safepoint: 7990 ns, Cleanup: 2142 ns, At safepoint: 10977039 ns, Leaving safepoint: 6631332 ns, Total: 17618503 ns
[13.705s][info][gc       ] GC(537) Pause Remark 478M->165M(506M) 0.432ms
[13.705s][info][safepoint] Safepoint "G1PauseRemark", Time since last: 43401 ns, Reaching safepoint: 143114 ns, Cleanup: 2311 ns, At safepoint: 446517 ns, Leaving safepoint: 6247 ns, Total: 598189 ns
[13.710s][info][gc       ] GC(537) Pause Cleanup 180M->180M(506M) 0.123ms
[13.711s][info][safepoint] Safepoint "G1PauseCleanup", Time since last: 4525728 ns, Reaching safepoint: 187378 ns, Cleanup: 4332 ns, At safepoint: 141930 ns, Leaving safepoint: 652349 ns, Total: 985989 ns
[13.714s][info][gc       ] GC(537) Concurrent Mark Cycle 61.714ms
[13.719s][info][gc       ] GC(541) Pause Young (Prepare Mixed) (G1 Evacuation Pause) 186M->181M(506M) 4.079ms
[13.720s][info][safepoint] Safepoint "G1CollectForAllocation", Time since last: 4012180 ns, Reaching safepoint: 9675 ns, Cleanup: 2084 ns, At safepoint: 4099071 ns, Leaving safepoint: 1592845 ns, Total: 5703675 ns
[13.750s][info][gc       ] GC(542) Pause Young (Mixed) (G1 Evacuation Pause) 304M->175M(506M) 9.925ms
[13.750s][info][safepoint] Safepoint "G1CollectForAllocation", Time since last: 20143094 ns, Reaching safepoint: 2218 ns, Cleanup: 2545 ns, At safepoint: 9951235 ns, Leaving safepoint: 8138 ns, Total: 9964136 ns
[13.783s][info][gc       ] GC(543) Pause Young (Normal) (G1 Evacuation Pause) 308M->207M(506M) 10.554ms
[13.787s][info][safepoint] Safepoint "G1CollectForAllocation", Time since last: 22198333 ns, Reaching safepoint: 2705 ns, Cleanup: 2660 ns, At safepoint: 10583740 ns, Leaving safepoint: 3994368 ns, Total: 14583473 ns
[13.817s][info][gc       ] GC(544) Pause Young (Normal) (G1 Evacuation Pause) 334M->235M(506M) 8.933ms
[13.820s][info][safepoint] Safepoint "G1CollectForAllocation", Time since last: 20685630 ns, Reaching safepoint: 2362 ns, Cleanup: 2520 ns, At safepoint: 8961376 ns, Leaving safepoint: 3466112 ns, Total: 12432370 ns
[13.848s][info][gc       ] GC(545) Pause Young (Normal) (G1 Evacuation Pause) 355M->264M(509M) 8.669ms
[13.852s][info][safepoint] Safepoint "G1CollectForAllocation", Time since last: 18737623 ns, Reaching safepoint: 2311 ns, Cleanup: 2425 ns, At safepoint: 8695140 ns, Leaving safepoint: 4556726 ns, Total: 13256602 ns
[13.881s][info][gc       ] GC(546) Pause Young (Normal) (G1 Evacuation Pause) 374M->292M(509M) 8.743ms
[13.881s][info][safepoint] Safepoint "G1CollectForAllocation", Time since last: 19849885 ns, Reaching safepoint: 2223 ns, Cleanup: 2693 ns, At safepoint: 8770651 ns, Leaving safepoint: 2269 ns, Total: 8777836 ns
[13.909s][info][gc       ] GC(547) Pause Young (Normal) (G1 Evacuation Pause) 390M->321M(509M) 9.474ms
[13.912s][info][safepoint] Safepoint "G1CollectForAllocation", Time since last: 18273602 ns, Reaching safepoint: 2329 ns, Cleanup: 2788 ns, At safepoint: 9501581 ns, Leaving safepoint: 3589349 ns, Total: 13096047 ns
[13.935s][info][gc       ] GC(548) Pause Young (Normal) (G1 Evacuation Pause) 403M->349M(509M) 8.206ms
[13.935s][info][safepoint] Safepoint "G1CollectForAllocation", Time since last: 13957884 ns, Reaching safepoint: 2574 ns, Cleanup: 2913 ns, At safepoint: 8236273 ns, Leaving safepoint: 2605 ns, Total: 8244365 ns
[13.953s][info][gc       ] GC(549) Pause Young (Normal) (G1 Evacuation Pause) 416M->376M(511M) 8.059ms
[13.953s][info][safepoint] Safepoint "G1CollectForAllocation", Time since last: 10388378 ns, Reaching safepoint: 2021 ns, Cleanup: 2651 ns, At safepoint: 8107731 ns, Leaving safepoint: 1251 ns, Total: 8113654 ns
[13.969s][info][gc       ] GC(550) Pause Young (Concurrent Start) (G1 Evacuation Pause) 430M->402M(511M) 6.973ms
[13.969s][info][gc       ] GC(551) Concurrent Mark Cycle
[13.976s][info][safepoint] Safepoint "G1CollectForAllocation", Time since last: 8770260 ns, Reaching safepoint: 2096 ns, Cleanup: 1843 ns, At safepoint: 7085984 ns, Leaving safepoint: 7448241 ns, Total: 14538164 ns
[13.977s][info][gc       ] GC(551) Pause Remark 403M->95M(317M) 0.355ms
[13.977s][info][safepoint] Safepoint "G1PauseRemark", Time since last: 28916 ns, Reaching safepoint: 92277 ns, Cleanup: 2006 ns, At safepoint: 365090 ns, Leaving safepoint: 9169 ns, Total: 468542 ns
[13.978s][info][gc       ] GC(551) Pause Cleanup 95M->95M(317M) 0.091ms
[13.978s][info][safepoint] Safepoint "G1PauseCleanup", Time since last: 1152079 ns, Reaching safepoint: 1165 ns, Cleanup: 1209 ns, At safepoint: 101791 ns, Leaving safepoint: 603 ns, Total: 104768 ns
[13.979s][info][gc       ] GC(551) Concurrent Mark Cycle 9.797ms
[13.991s][info][gc       ] GC(552) Pause Young (Prepare Mixed) (G1 Evacuation Pause) 135M->119M(317M) 6.434ms
[13.991s][info][safepoint] Safepoint "G1CollectForAllocation", Time since last: 6770784 ns, Reaching safepoint: 1774 ns, Cleanup: 1451 ns, At safepoint: 6449577 ns, Leaving safepoint: 16066 ns, Total: 6468868 ns
[14.013s][info][gc       ] GC(553) Pause Young (Mixed) (G1 Evacuation Pause) 201M->122M(317M) 9.216ms
[14.016s][info][safepoint] Safepoint "G1CollectForAllocation", Time since last: 12194925 ns, Reaching safepoint: 2005 ns, Cleanup: 1375 ns, At safepoint: 9233680 ns, Leaving safepoint: 3559990 ns, Total: 12797050 ns
[14.039s][info][gc       ] GC(554) Pause Young (Mixed) (G1 Evacuation Pause) 205M->154M(317M) 9.075ms
[14.044s][info][safepoint] Safepoint "G1CollectForAllocation", Time since last: 13389952 ns, Reaching safepoint: 2428 ns, Cleanup: 2988 ns, At safepoint: 9102588 ns, Leaving safepoint: 5515791 ns, Total: 14623795 ns
[14.062s][info][gc       ] GC(555) Pause Young (Normal) (G1 Evacuation Pause) 221M->182M(395M) 7.757ms
[14.062s][info][safepoint] Safepoint "G1CollectForAllocation", Time since last: 9854696 ns, Reaching safepoint: 2408 ns, Cleanup: 2316 ns, At safepoint: 7788092 ns, Leaving safepoint: 17755 ns, Total: 7810571 ns
[14.090s][info][gc       ] GC(556) Pause Young (Normal) (G1 Evacuation Pause) 276M->216M(395M) 9.207ms
[14.092s][info][safepoint] Safepoint "G1CollectForAllocation", Time since last: 18514040 ns, Reaching safepoint: 542388 ns, Cleanup: 3027 ns, At safepoint: 9230825 ns, Leaving safepoint: 2036856 ns, Total: 11813096 ns
[14.113s][info][gc       ] GC(557) Pause Young (Normal) (G1 Evacuation Pause) 293M->245M(395M) 8.100ms
[14.113s][info][safepoint] Safepoint "G1CollectForAllocation", Time since last: 12819500 ns, Reaching safepoint: 2699 ns, Cleanup: 3019 ns, At safepoint: 8121595 ns, Leaving safepoint: 1807 ns, Total: 8129120 ns
[14.134s][info][gc       ] GC(558) Pause Young (Normal) (G1 Evacuation Pause) 306M->273M(395M) 8.560ms
[14.136s][info][safepoint] Safepoint "G1CollectForAllocation", Time since last: 12438667 ns, Reaching safepoint: 2467 ns, Cleanup: 2890 ns, At safepoint: 8586261 ns, Leaving safepoint: 2019755 ns, Total: 10611373 ns
[14.151s][info][gc       ] GC(559) Pause Young (Normal) (G1 Evacuation Pause) 320M->295M(442M) 6.700ms
[14.152s][info][safepoint] Safepoint "G1CollectForAllocation", Time since last: 7750172 ns, Reaching safepoint: 1946 ns, Cleanup: 2401 ns, At safepoint: 6721330 ns, Leaving safepoint: 1531686 ns, Total: 8257363 ns
[14.189s][info][gc       ] GC(560) Pause Young (Normal) (G1 Evacuation Pause) 356M->325M(442M) 8.425ms
[14.192s][info][safepoint] Safepoint "G1CollectForAllocation", Time since last: 28221073 ns, Reaching safepoint: 2651 ns, Cleanup: 3435 ns, At safepoint: 8484765 ns, Leaving safepoint: 3293895 ns, Total: 11784746 ns
[14.208s][info][gc       ] GC(561) Pause Young (Normal) (G1 Evacuation Pause) 370M->348M(442M) 7.371ms
[14.208s][info][safepoint] Safepoint "G1CollectForAllocation", Time since last: 7822227 ns, Reaching safepoint: 2916 ns, Cleanup: 3109 ns, At safepoint: 7396591 ns, Leaving safepoint: 1384 ns, Total: 7404000 ns
[14.218s][info][gc       ] GC(562) Pause Young (Normal) (G1 Evacuation Pause) 382M->370M(442M) 4.759ms
[14.224s][info][safepoint] Safepoint "G1CollectForAllocation", Time since last: 5802403 ns, Reaching safepoint: 2290 ns, Cleanup: 2146 ns, At safepoint: 4783793 ns, Leaving safepoint: 6187941 ns, Total: 10976170 ns
[14.233s][info][gc       ] GC(563) Pause Young (Normal) (G1 Evacuation Pause) 394M->387M(470M) 4.181ms
[14.233s][info][safepoint] Safepoint "G1CollectForAllocation", Time since last: 3993188 ns, Reaching safepoint: 8726 ns, Cleanup: 2678 ns, At safepoint: 4201784 ns, Leaving safepoint: 2367 ns, Total: 4215555 ns
[14.256s][info][gc       ] GC(564) Pause Young (Normal) (G1 Evacuation Pause) 416M->405M(470M) 4.741ms
[14.260s][info][safepoint] Safepoint "G1CollectForAllocation", Time since last: 18594058 ns, Reaching safepoint: 3011 ns, Cleanup: 2832 ns, At safepoint: 4767245 ns, Leaving safepoint: 4400154 ns, Total: 9173242 ns
[14.273s][info][gc       ] GC(565) Pause Young (Normal) (G1 Evacuation Pause) 427M->421M(470M) 4.216ms
[14.273s][info][safepoint] Safepoint "G1CollectForAllocation", Time since last: 8029575 ns, Reaching safepoint: 6862 ns, Cleanup: 2535 ns, At safepoint: 4241938 ns, Leaving safepoint: 2555 ns, Total: 4253890 ns
[14.284s][info][gc       ] GC(566) Pause Young (Concurrent Start) (G1 Evacuation Pause) 440M->436M(470M) 3.462ms
[14.284s][info][safepoint] Safepoint "G1CollectForAllocation", Time since last: 7727863 ns, Reaching safepoint: 6285 ns, Cleanup: 2444 ns, At safepoint: 3498862 ns, Leaving safepoint: 1971 ns, Total: 3509562 ns
[14.284s][info][gc       ] GC(567) Concurrent Mark Cycle
[14.291s][info][gc       ] GC(567) Pause Remark 450M->139M(420M) 0.391ms
[14.291s][info][safepoint] Safepoint "G1PauseRemark", Time since last: 6259062 ns, Reaching safepoint: 1980 ns, Cleanup: 2251 ns, At safepoint: 407943 ns, Leaving safepoint: 1373 ns, Total: 413547 ns
[14.295s][info][gc       ] GC(568) Pause Young (Normal) (G1 Evacuation Pause) 145M->141M(420M) 4.062ms
[14.295s][info][safepoint] Safepoint "G1CollectForAllocation", Time since last: 812145 ns, Reaching safepoint: 1696 ns, Cleanup: 1960 ns, At safepoint: 4077856 ns, Leaving safepoint: 1923 ns, Total: 4083435 ns
[14.298s][info][gc       ] GC(567) Pause Cleanup 148M->148M(420M) 0.099ms
[14.298s][info][safepoint] Safepoint "G1PauseCleanup", Time since last: 2902484 ns, Reaching safepoint: 1368 ns, Cleanup: 1185 ns, At safepoint: 111309 ns, Leaving safepoint: 618 ns, Total: 114480 ns
[14.302s][info][gc       ] GC(567) Concurrent Mark Cycle 17.701ms
[14.327s][info][gc       ] GC(569) Pause Young (Prepare Mixed) (G1 Evacuation Pause) 263M->183M(420M) 9.382ms
[14.328s][info][safepoint] Safepoint "G1CollectForAllocation", Time since last: 18846501 ns, Reaching safepoint: 2161 ns, Cleanup: 2195 ns, At safepoint: 9406107 ns, Leaving safepoint: 1653545 ns, Total: 11064008 ns
[14.354s][info][gc       ] GC(570) Pause Young (Mixed) (G1 Evacuation Pause) 288M->171M(448M) 8.465ms
[14.356s][info][safepoint] Safepoint "G1CollectForAllocation", Time since last: 16892877 ns, Reaching safepoint: 2408 ns, Cleanup: 2361 ns, At safepoint: 8490366 ns, Leaving safepoint: 2645089 ns, Total: 11140224 ns
[14.385s][info][gc       ] GC(571) Pause Young (Mixed) (G1 Evacuation Pause) 299M->182M(448M) 9.513ms
[14.388s][info][safepoint] Safepoint "G1CollectForAllocation", Time since last: 19558806 ns, Reaching safepoint: 2576 ns, Cleanup: 2299 ns, At safepoint: 9539718 ns, Leaving safepoint: 2862292 ns, Total: 12406885 ns
[14.420s][info][gc       ] GC(572) Pause Young (Normal) (G1 Evacuation Pause) 308M->213M(448M) 9.555ms
[14.420s][info][safepoint] Safepoint "G1CollectForAllocation", Time since last: 22240291 ns, Reaching safepoint: 2604 ns, Cleanup: 3604 ns, At safepoint: 9584888 ns, Leaving safepoint: 1448 ns, Total: 9592544 ns
[14.450s][info][gc       ] GC(573) Pause Young (Normal) (G1 Evacuation Pause) 324M->242M(448M) 11.908ms
[14.450s][info][safepoint] Safepoint "G1CollectForAllocation", Time since last: 17872311 ns, Reaching safepoint: 2839 ns, Cleanup: 3621 ns, At safepoint: 11936722 ns, Leaving safepoint: 7923 ns, Total: 11951105 ns
[14.478s][info][gc       ] GC(574) Pause Young (Normal) (G1 Evacuation Pause) 336M->270M(472M) 9.480ms
[14.478s][info][safepoint] Safepoint "G1CollectForAllocation", Time since last: 18511258 ns, Reaching safepoint: 2554 ns, Cleanup: 2985 ns, At safepoint: 9553956 ns, Leaving safepoint: 1572 ns, Total: 9561067 ns
[14.519s][info][gc       ] GC(575) Pause Young (Normal) (G1 Evacuation Pause) 363M->299M(472M) 9.803ms
[14.519s][info][safepoint] Safepoint "G1CollectForAllocation", Time since last: 31380076 ns, Reaching safepoint: 2935 ns, Cleanup: 4360 ns, At safepoint: 9837139 ns, Leaving safepoint: 1479 ns, Total: 9845913 ns
[14.540s][info][gc       ] GC(576) Pause Young (Normal) (G1 Evacuation Pause) 374M->327M(472M) 8.099ms
[14.540s][info][safepoint] Safepoint "G1CollectForAllocation", Time since last: 12559878 ns, Reaching safepoint: 2245 ns, Cleanup: 3523 ns, At safepoint: 8129933 ns, Leaving safepoint: 1437 ns, Total: 8137138 ns
[14.558s][info][gc       ] GC(577) Pause Young (Normal) (G1 Evacuation Pause) 386M->353M(472M) 9.322ms
[14.564s][info][safepoint] Safepoint "G1CollectForAllocation", Time since last: 8873978 ns, Reaching safepoint: 2750 ns, Cleanup: 4227 ns, At safepoint: 9352224 ns, Leaving safepoint: 6131304 ns, Total: 15490505 ns
[14.583s][info][gc       ] GC(578) Pause Young (Normal) (G1 Evacuation Pause) 398M->379M(488M) 7.446ms
[14.583s][info][safepoint] Safepoint "G1CollectForAllocation", Time since last: 11592367 ns, Reaching safepoint: 2621 ns, Cleanup: 3073 ns, At safepoint: 7481066 ns, Leaving safepoint: 17346 ns, Total: 7504106 ns
[14.603s][info][gc       ] GC(579) Pause Young (Normal) (G1 Evacuation Pause) 419M->403M(488M) 6.626ms
[14.608s][info][safepoint] Safepoint "G1CollectForAllocation", Time since last: 13358580 ns, Reaching safepoint: 2521 ns, Cleanup: 2934 ns, At safepoint: 6658228 ns, Leaving safepoint: 4865703 ns, Total: 11529386 ns
[14.618s][info][gc       ] GC(580) Pause Young (Concurrent Start) (G1 Evacuation Pause) 432M->422M(488M) 5.221ms
[14.618s][info][gc       ] GC(581) Concurrent Mark Cycle
[14.620s][info][safepoint] Safepoint "G1CollectForAllocation", Time since last: 4600362 ns, Reaching safepoint: 2546 ns, Cleanup: 2597 ns, At safepoint: 5248572 ns, Leaving safepoint: 2135345 ns, Total: 7389060 ns
[14.635s][info][gc       ] GC(582) Pause Young (Normal) (G1 Evacuation Pause) 443M->437M(488M) 3.912ms
[14.635s][info][safepoint] Safepoint "G1CollectForAllocation", Time since last: 10857925 ns, Reaching safepoint: 9917 ns, Cleanup: 2184 ns, At safepoint: 3935678 ns, Leaving safepoint: 2474 ns, Total: 3950253 ns
[14.637s][info][gc       ] GC(581) Pause Remark 445M->131M(417M) 0.428ms
[14.640s][info][safepoint] Safepoint "G1PauseRemark", Time since last: 1213742 ns, Reaching safepoint: 101169 ns, Cleanup: 2127 ns, At safepoint: 441641 ns, Leaving safepoint: 3455320 ns, Total: 4000257 ns
[14.642s][info][gc       ] GC(581) Pause Cleanup 132M->132M(417M) 0.112ms
[14.642s][info][safepoint] Safepoint "G1PauseCleanup", Time since last: 1233882 ns, Reaching safepoint: 10122 ns, Cleanup: 1958 ns, At safepoint: 125503 ns, Leaving safepoint: 5252 ns, Total: 142835 ns
[14.645s][info][gc       ] GC(581) Concurrent Mark Cycle 26.619ms
[14.649s][info][gc       ] GC(583) Pause Young (Prepare Mixed) (G1 Evacuation Pause) 144M->138M(417M) 4.424ms
[14.652s][info][safepoint] Safepoint "G1CollectForAllocation", Time since last: 3122350 ns, Reaching safepoint: 6216 ns, Cleanup: 1543 ns, At safepoint: 4440973 ns, Leaving safepoint: 3026255 ns, Total: 7474987 ns
[14.681s][info][gc       ] GC(584) Pause Young (Mixed) (G1 Evacuation Pause) 252M->138M(455M) 10.690ms
[14.684s][info][safepoint] Safepoint "G1CollectForAllocation", Time since last: 18045659 ns, Reaching safepoint: 2014 ns, Cleanup: 2553 ns, At safepoint: 10715904 ns, Leaving safepoint: 3250593 ns, Total: 13971064 ns
[14.719s][info][gc       ] GC(585) Pause Young (Mixed) (G1 Evacuation Pause) 274M->166M(455M) 10.138ms
[14.724s][info][safepoint] Safepoint "G1CollectForAllocation", Time since last: 24198139 ns, Reaching safepoint: 3601 ns, Cleanup: 3548 ns, At safepoint: 10173462 ns, Leaving safepoint: 5630452 ns, Total: 15811063 ns
[14.760s][info][gc       ] GC(586) Pause Young (Normal) (G1 Evacuation Pause) 296M->196M(455M) 10.775ms
[14.760s][info][safepoint] Safepoint "G1CollectForAllocation", Time since last: 24901465 ns, Reaching safepoint: 3786 ns, Cleanup: 4998 ns, At safepoint: 10813409 ns, Leaving safepoint: 1364 ns, Total: 10823557 ns
[14.791s][info][gc       ] GC(587) Pause Young (Normal) (G1 Evacuation Pause) 315M->224M(455M) 10.248ms
[14.792s][info][safepoint] Safepoint "G1CollectForAllocation", Time since last: 20599853 ns, Reaching safepoint: 3998 ns, Cleanup: 3493 ns, At safepoint: 10282308 ns, Leaving safepoint: 1409096 ns, Total: 11698895 ns
[14.822s][info][gc       ] GC(588) Pause Young (Normal) (G1 Evacuation Pause) 331M->253M(475M) 10.355ms
[14.824s][info][safepoint] Safepoint "G1CollectForAllocation", Time since last: 18951663 ns, Reaching safepoint: 2598 ns, Cleanup: 3222 ns, At safepoint: 10382970 ns, Leaving safepoint: 2641749 ns, Total: 13030539 ns
[14.858s][info][gc       ] GC(589) Pause Young (Normal) (G1 Evacuation Pause) 356M->283M(475M) 10.211ms
[14.864s][info][safepoint] Safepoint "G1CollectForAllocation", Time since last: 23893214 ns, Reaching safepoint: 3073 ns, Cleanup: 2898 ns, At safepoint: 10246865 ns, Leaving safepoint: 5878799 ns, Total: 16131635 ns
[14.889s][info][gc       ] GC(590) Pause Young (Normal) (G1 Evacuation Pause) 369M->312M(475M) 9.301ms
[14.889s][info][safepoint] Safepoint "G1CollectForAllocation", Time since last: 14898631 ns, Reaching safepoint: 2712 ns, Cleanup: 3152 ns, At safepoint: 9329327 ns, Leaving safepoint: 19056 ns, Total: 9354247 ns
[14.908s][info][gc       ] GC(591) Pause Young (Normal) (G1 Evacuation Pause) 380M->338M(475M) 8.532ms
[14.912s][info][safepoint] Safepoint "G1CollectForAllocation", Time since last: 10745238 ns, Reaching safepoint: 2600 ns, Cleanup: 2956 ns, At safepoint: 8558476 ns, Leaving safepoint: 4416586 ns, Total: 12980618 ns
[14.929s][info][gc       ] GC(592) Pause Young (Normal) (G1 Evacuation Pause) 392M->365M(490M) 8.479ms
[14.929s][info][safepoint] Safepoint "G1CollectForAllocation", Time since last: 8518646 ns, Reaching safepoint: 2598 ns, Cleanup: 3514 ns, At safepoint: 8503198 ns, Leaving safepoint: 18134 ns, Total: 8527444 ns
[14.951s][info][gc       ] GC(593) Pause Young (Normal) (G1 Evacuation Pause) 414M->390M(490M) 7.668ms
[14.956s][info][safepoint] Safepoint "G1CollectForAllocation", Time since last: 14140733 ns, Reaching safepoint: 3063 ns, Cleanup: 2798 ns, At safepoint: 7692433 ns, Leaving safepoint: 5115083 ns, Total: 12813377 ns
[14.969s][info][gc       ] GC(594) Pause Young (Concurrent Start) (G1 Evacuation Pause) 426M->411M(490M) 6.701ms
[14.969s][info][gc       ] GC(595) Concurrent Mark Cycle
[14.976s][info][safepoint] Safepoint "G1CollectForAllocation", Time since last: 5430462 ns, Reaching safepoint: 2782 ns, Cleanup: 2553 ns, At safepoint: 6845234 ns, Leaving safepoint: 7046525 ns, Total: 13897094 ns
[14.989s][info][gc       ] GC(596) Pause Young (Normal) (G1 Evacuation Pause) 438M->429M(490M) 5.051ms
[14.989s][info][safepoint] Safepoint "G1CollectForAllocation", Time since last: 8688340 ns, Reaching safepoint: 8036 ns, Cleanup: 3036 ns, At safepoint: 5074616 ns, Leaving safepoint: 2888 ns, Total: 5088576 ns
[14.996s][info][gc       ] GC(595) Pause Remark 447M->144M(424M) 0.388ms
[14.996s][info][safepoint] Safepoint "G1PauseRemark", Time since last: 5758964 ns, Reaching safepoint: 42119 ns, Cleanup: 1979 ns, At safepoint: 402944 ns, Leaving safepoint: 10937 ns, Total: 457979 ns
[14.997s][info][gc       ] GC(595) Pause Cleanup 144M->144M(424M) 0.103ms
[14.997s][info][safepoint] Safepoint "G1PauseCleanup", Time since last: 1210362 ns, Reaching safepoint: 1610 ns, Cleanup: 1399 ns, At safepoint: 137056 ns, Leaving safepoint: 727 ns, Total: 140792 ns
[14.998s][info][gc       ] GC(595) Concurrent Mark Cycle 29.877ms
[15.003s][info][gc       ] GC(597) Pause Young (Prepare Mixed) (G1 Evacuation Pause) 146M->141M(424M) 4.336ms
[15.003s][info][safepoint] Safepoint "G1CollectForAllocation", Time since last: 1398716 ns, Reaching safepoint: 2286 ns, Cleanup: 1849 ns, At safepoint: 4356773 ns, Leaving safepoint: 25861 ns, Total: 4386769 ns
[15.032s][info][gc       ] GC(598) Pause Young (Mixed) (G1 Evacuation Pause) 250M->140M(460M) 10.503ms
[15.036s][info][safepoint] Safepoint "G1CollectForAllocation", Time since last: 18556639 ns, Reaching safepoint: 2517 ns, Cleanup: 2779 ns, At safepoint: 10533827 ns, Leaving safepoint: 4418242 ns, Total: 14957365 ns
[15.068s][info][gc       ] GC(599) Pause Young (Normal) (G1 Evacuation Pause) 269M->173M(460M) 11.326ms
[15.072s][info][safepoint] Safepoint "G1CollectForAllocation", Time since last: 20282546 ns, Reaching safepoint: 3608 ns, Cleanup: 2973 ns, At safepoint: 11363943 ns, Leaving safepoint: 4341717 ns, Total: 15712241 ns
[15.104s][info][gc       ] GC(600) Pause Young (Normal) (G1 Evacuation Pause) 296M->201M(460M) 10.614ms
[15.108s][info][safepoint] Safepoint "G1CollectForAllocation", Time since last: 21447324 ns, Reaching safepoint: 3031 ns, Cleanup: 3244 ns, At safepoint: 10649164 ns, Leaving safepoint: 3931144 ns, Total: 14586583 ns
[15.138s][info][gc       ] GC(601) Pause Young (Normal) (G1 Evacuation Pause) 315M->230M(460M) 10.461ms
[15.138s][info][safepoint] Safepoint "G1CollectForAllocation", Time since last: 19600024 ns, Reaching safepoint: 3040 ns, Cleanup: 2979 ns, At safepoint: 10494666 ns, Leaving safepoint: 1220 ns, Total: 10501905 ns
[15.169s][info][gc       ] GC(602) Pause Young (Normal) (G1 Evacuation Pause) 333M->260M(479M) 10.507ms
[15.169s][info][safepoint] Safepoint "G1CollectForAllocation", Time since last: 20394859 ns, Reaching safepoint: 2877 ns, Cleanup: 3220 ns, At safepoint: 10536217 ns, Leaving safepoint: 10389 ns, Total: 10552703 ns
[15.202s][info][gc       ] GC(603) Pause Young (Normal) (G1 Evacuation Pause) 359M->290M(479M) 9.994ms
[15.204s][info][safepoint] Safepoint "G1CollectForAllocation", Time since last: 22664760 ns, Reaching safepoint: 3283 ns, Cleanup: 4211 ns, At safepoint: 10034727 ns, Leaving safepoint: 2270858 ns, Total: 12313079 ns
[15.228s][info][gc       ] GC(604) Pause Young (Normal) (G1 Evacuation Pause) 373M->318M(479M) 9.159ms
[15.228s][info][safepoint] Safepoint "G1CollectForAllocation", Time since last: 14023812 ns, Reaching safepoint: 2880 ns, Cleanup: 3212 ns, At safepoint: 9189537 ns, Leaving safepoint: 2874 ns, Total: 9198503 ns
[15.248s][info][gc       ] GC(605) Pause Young (Normal) (G1 Evacuation Pause) 385M->345M(479M) 8.713ms
[15.248s][info][safepoint] Safepoint "G1CollectForAllocation", Time since last: 11298125 ns, Reaching safepoint: 3382 ns, Cleanup: 2896 ns, At safepoint: 8741539 ns, Leaving safepoint: 1046 ns, Total: 8748863 ns
[15.271s][info][gc       ] GC(606) Pause Young (Normal) (G1 Evacuation Pause) 397M->370M(493M) 8.221ms
[15.271s][info][safepoint] Safepoint "G1CollectForAllocation", Time since last: 14844853 ns, Reaching safepoint: 2432 ns, Cleanup: 2633 ns, At safepoint: 8248309 ns, Leaving safepoint: 1908 ns, Total: 8255282 ns
[15.292s][info][gc       ] GC(607) Pause Young (Normal) (G1 Evacuation Pause) 417M->396M(493M) 7.667ms
[15.296s][info][safepoint] Safepoint "G1CollectForAllocation", Time since last: 13955805 ns, Reaching safepoint: 3051 ns, Cleanup: 2883 ns, At safepoint: 7693558 ns, Leaving safepoint: 3524210 ns, Total: 11223702 ns
[15.308s][info][gc       ] GC(608) Pause Young (Concurrent Start) (G1 Evacuation Pause) 431M->418M(493M) 6.085ms
[15.308s][info][gc       ] GC(609) Concurrent Mark Cycle
[15.316s][info][safepoint] Safepoint "G1CollectForAllocation", Time since last: 5627664 ns, Reaching safepoint: 2858 ns, Cleanup: 2682 ns, At safepoint: 6225150 ns, Leaving safepoint: 8526402 ns, Total: 14757092 ns
[15.330s][info][gc       ] GC(610) Pause Young (Normal) (G1 Evacuation Pause) 443M->436M(493M) 5.233ms
[15.330s][info][safepoint] Safepoint "G1CollectForAllocation", Time since last: 8008829 ns, Reaching safepoint: 5635 ns, Cleanup: 3263 ns, At safepoint: 5258613 ns, Leaving safepoint: 2410 ns, Total: 5269921 ns
[15.337s][info][gc       ] GC(609) Pause Remark 455M->143M(417M) 0.409ms
[15.337s][info][safepoint] Safepoint "G1PauseRemark", Time since last: 6746193 ns, Reaching safepoint: 100864 ns, Cleanup: 3422 ns, At safepoint: 432790 ns, Leaving safepoint: 12853 ns, Total: 549929 ns
[15.338s][info][gc       ] GC(609) Pause Cleanup 143M->143M(417M) 0.108ms
[15.338s][info][safepoint] Safepoint "G1PauseCleanup", Time since last: 1363817 ns, Reaching safepoint: 2955 ns, Cleanup: 2156 ns, At safepoint: 124741 ns, Leaving safepoint: 911 ns, Total: 130763 ns
[15.340s][info][gc       ] GC(609) Concurrent Mark Cycle 32.040ms
[15.344s][info][gc       ] GC(611) Pause Young (Prepare Mixed) (G1 Evacuation Pause) 144M->139M(417M) 4.057ms
[15.344s][info][safepoint] Safepoint "G1CollectForAllocation", Time since last: 1362572 ns, Reaching safepoint: 1643 ns, Cleanup: 1851 ns, At safepoint: 4075878 ns, Leaving safepoint: 2330 ns, Total: 4081702 ns
[15.379s][info][gc       ] GC(612) Pause Young (Mixed) (G1 Evacuation Pause) 261M->140M(455M) 10.711ms
[15.380s][info][safepoint] Safepoint "G1CollectForAllocation", Time since last: 24734928 ns, Reaching safepoint: 2877 ns, Cleanup: 3116 ns, At safepoint: 10748496 ns, Leaving safepoint: 1007898 ns, Total: 11762387 ns
[15.422s][info][gc       ] GC(613) Pause Young (Normal) (G1 Evacuation Pause) 285M->172M(455M) 10.970ms
[15.422s][info][safepoint] Safepoint "G1CollectForAllocation", Time since last: 30184384 ns, Reaching safepoint: 3255 ns, Cleanup: 5043 ns, At safepoint: 11031738 ns, Leaving safepoint: 1943 ns, Total: 11041979 ns
[15.458s][info][gc       ] GC(614) Pause Young (Normal) (G1 Evacuation Pause) 306M->198M(455M) 12.120ms
[15.460s][info][safepoint] Safepoint "G1CollectForAllocation", Time since last: 24114520 ns, Reaching safepoint: 3785 ns, Cleanup: 8939 ns, At safepoint: 12157363 ns, Leaving safepoint: 2497894 ns, Total: 14667981 ns
[15.492s][info][gc       ] GC(615) Pause Young (Normal) (G1 Evacuation Pause) 321M->225M(455M) 10.692ms
[15.496s][info][safepoint] Safepoint "G1CollectForAllocation", Time since last: 21236467 ns, Reaching safepoint: 4343 ns, Cleanup: 4290 ns, At safepoint: 10750113 ns, Leaving safepoint: 4021693 ns, Total: 14780439 ns
[15.525s][info][gc       ] GC(616) Pause Young (Normal) (G1 Evacuation Pause) 334M->254M(475M) 10.828ms
[15.525s][info][safepoint] Safepoint "G1CollectForAllocation", Time since last: 18138287 ns, Reaching safepoint: 2820 ns, Cleanup: 5472 ns, At safepoint: 10863139 ns, Leaving safepoint: 2165 ns, Total: 10873596 ns
[15.565s][info][gc       ] GC(617) Pause Young (Normal) (G1 Evacuation Pause) 360M->283M(475M) 10.700ms
[15.565s][info][safepoint] Safepoint "G1CollectForAllocation", Time since last: 29372994 ns, Reaching safepoint: 3648 ns, Cleanup: 3562 ns, At safepoint: 10736459 ns, Leaving safepoint: 1771 ns, Total: 10745440 ns
[15.596s][info][gc       ] GC(618) Pause Young (Normal) (G1 Evacuation Pause) 370M->312M(475M) 10.587ms
[15.596s][info][safepoint] Safepoint "G1CollectForAllocation", Time since last: 19843194 ns, Reaching safepoint: 4222 ns, Cleanup: 4652 ns, At safepoint: 10632351 ns, Leaving safepoint: 2198 ns, Total: 10643423 ns
[15.622s][info][gc       ] GC(619) Pause Young (Normal) (G1 Evacuation Pause) 383M->339M(475M) 9.280ms
[15.622s][info][safepoint] Safepoint "G1CollectForAllocation", Time since last: 17155344 ns, Reaching safepoint: 2927 ns, Cleanup: 3929 ns, At safepoint: 9315048 ns, Leaving safepoint: 19549 ns, Total: 9341453 ns
[15.641s][info][gc       ] GC(620) Pause Young (Normal) (G1 Evacuation Pause) 394M->363M(489M) 8.412ms
[15.644s][info][safepoint] Safepoint "G1CollectForAllocation", Time since last: 10282986 ns, Reaching safepoint: 2442 ns, Cleanup: 3621 ns, At safepoint: 8444347 ns, Leaving safepoint: 3193286 ns, Total: 11643696 ns
[15.666s][info][gc       ] GC(621) Pause Young (Normal) (G1 Evacuation Pause) 412M->390M(489M) 7.635ms
[15.668s][info][safepoint] Safepoint "G1CollectForAllocation", Time since last: 13516126 ns, Reaching safepoint: 2937 ns, Cleanup: 2664 ns, At safepoint: 7661590 ns, Leaving safepoint: 2744271 ns, Total: 10411462 ns
[15.681s][info][gc       ] GC(622) Pause Young (Concurrent Start) (G1 Evacuation Pause) 426M->411M(489M) 6.954ms
[15.681s][info][gc       ] GC(623) Concurrent Mark Cycle
[15.687s][info][safepoint] Safepoint "G1CollectForAllocation", Time since last: 5541819 ns, Reaching safepoint: 2416 ns, Cleanup: 2636 ns, At safepoint: 7088460 ns, Leaving safepoint: 6525388 ns, Total: 13618900 ns
[15.688s][info][gc       ] GC(623) Pause Remark 412M->106M(354M) 0.416ms
[15.688s][info][safepoint] Safepoint "G1PauseRemark", Time since last: 40786 ns, Reaching safepoint: 158684 ns, Cleanup: 2353 ns, At safepoint: 431398 ns, Leaving safepoint: 5382 ns, Total: 597817 ns
[15.691s][info][gc       ] GC(623) Pause Cleanup 106M->106M(354M) 1.043ms
[15.691s][info][safepoint] Safepoint "G1PauseCleanup", Time since last: 1432861 ns, Reaching safepoint: 2117 ns, Cleanup: 2125 ns, At safepoint: 1067706 ns, Leaving safepoint: 2408 ns, Total: 1074356 ns
[15.693s][info][gc       ] GC(623) Concurrent Mark Cycle 12.503ms
[15.702s][info][gc       ] GC(624) Pause Young (Prepare Mixed) (G1 Evacuation Pause) 132M->123M(354M) 5.233ms
[15.704s][info][safepoint] Safepoint "G1CollectForAllocation", Time since last: 6524872 ns, Reaching safepoint: 1760 ns, Cleanup: 2282 ns, At safepoint: 5255145 ns, Leaving safepoint: 1982784 ns, Total: 7241971 ns
[15.732s][info][gc       ] GC(625) Pause Young (Mixed) (G1 Evacuation Pause) 220M->126M(418M) 9.355ms
[15.736s][info][safepoint] Safepoint "G1CollectForAllocation", Time since last: 18314752 ns, Reaching safepoint: 2836 ns, Cleanup: 2641 ns, At safepoint: 9380341 ns, Leaving safepoint: 4242791 ns, Total: 13628609 ns
[15.782s][info][gc       ] GC(626) Pause Young (Mixed) (G1 Evacuation Pause) 255M->152M(418M) 16.645ms
[15.782s][info][safepoint] Safepoint "G1CollectForAllocation", Time since last: 28956710 ns, Reaching safepoint: 3170 ns, Cleanup: 3865 ns, At safepoint: 16681190 ns, Leaving safepoint: 2305 ns, Total: 16690530 ns
[15.829s][info][gc       ] GC(627) Pause Young (Normal) (G1 Evacuation Pause) 273M->182M(418M) 15.875ms
[15.832s][info][safepoint] Safepoint "G1CollectForAllocation", Time since last: 31519960 ns, Reaching safepoint: 4070 ns, Cleanup: 4164 ns, At safepoint: 15916259 ns, Leaving safepoint: 2903506 ns, Total: 18827999 ns
[15.869s][info][gc       ] GC(628) Pause Young (Normal) (G1 Evacuation Pause) 291M->211M(418M) 16.602ms
[15.872s][info][safepoint] Safepoint "G1CollectForAllocation", Time since last: 19549058 ns, Reaching safepoint: 3824 ns, Cleanup: 4162 ns, At safepoint: 16641042 ns, Leaving safepoint: 3809492 ns, Total: 20458520 ns
[15.902s][info][gc       ] GC(629) Pause Young (Normal) (G1 Evacuation Pause) 305M->239M(456M) 10.943ms
[15.902s][info][safepoint] Safepoint "G1CollectForAllocation", Time since last: 18973604 ns, Reaching safepoint: 3544 ns, Cleanup: 3860 ns, At safepoint: 10976989 ns, Leaving safepoint: 7461 ns, Total: 10991854 ns
[15.951s][info][gc       ] GC(630) Pause Young (Normal) (G1 Evacuation Pause) 340M->270M(456M) 12.219ms
[15.951s][info][safepoint] Safepoint "G1CollectForAllocation", Time since last: 36028582 ns, Reaching safepoint: 3715 ns, Cleanup: 4261 ns, At safepoint: 12260489 ns, Leaving safepoint: 8326 ns, Total: 12276791 ns
[15.976s][info][gc       ] GC(631) Pause Young (Normal) (G1 Evacuation Pause) 353M->298M(456M) 9.962ms
[15.980s][info][safepoint] Safepoint "G1CollectForAllocation", Time since last: 15244024 ns, Reaching safepoint: 3725 ns, Cleanup: 3298 ns, At safepoint: 9997021 ns, Leaving safepoint: 4495485 ns, Total: 14499529 ns
[16.008s][info][gc       ] GC(632) Pause Young (Normal) (G1 Evacuation Pause) 365M->326M(456M) 13.030ms
[16.012s][info][safepoint] Safepoint "G1CollectForAllocation", Time since last: 14511821 ns, Reaching safepoint: 4009 ns, Cleanup: 3888 ns, At safepoint: 13060182 ns, Leaving safepoint: 4397407 ns, Total: 17465486 ns
[16.031s][info][gc       ] GC(633) Pause Young (Normal) (G1 Evacuation Pause) 377M->352M(479M) 8.465ms
[16.031s][info][safepoint] Safepoint "G1CollectForAllocation", Time since last: 10222607 ns, Reaching safepoint: 3144 ns, Cleanup: 3017 ns, At safepoint: 8491069 ns, Leaving safepoint: 20378 ns, Total: 8517608 ns
